contractSymbol,strike,lastPrice,bid,ask,impliedVolatility,expiry,option_type,market_price,spot_price,sigma,ticker,bs_price,mispricing,mispricing_pct
AAPL260803C00255000,255.0,67.45,76.45,80.2,0.8398453515625,2026-08-03,call,78.325,333.0199890136719,0.2480367173288849,AAPL,78.27137187297936,-0.053628127020644456,-0.06846872265642445
AAPL260803C00290000,290.0,32.52,41.75,44.85,0.7148466015625,2026-08-03,call,43.3,333.0199890136719,0.2480367173288849,AAPL,43.306074831364015,0.006074831364017541,0.014029633635144438
AAPL260803C00295000,295.0,37.97,37.05,40.35,0.5046436254882812,2026-08-03,call,38.7,333.0199890136719,0.2480367173288849,AAPL,38.312119381573666,-0.3878806184263368,-1.0022754998096557
AAPL260803C00297500,297.5,35.59,34.45,37.9,0.6682162084960939,2026-08-03,call,36.175,333.0199890136719,0.2480367173288849,AAPL,35.81637445054969,-0.3586255494503092,-0.9913629563242826
AAPL260803C00300000,300.0,33.58,32.6,35.25,0.6202430554199221,2026-08-03,call,33.925,333.0199890136719,0.2480367173288849,AAPL,33.322686815517045,-0.6023131844829521,-1.77542574644938
AAPL260803C00305000,305.0,29.29,27.5,30.9,0.6032754516601564,2026-08-03,call,29.2,333.0199890136719,0.2480367173288849,AAPL,28.350583907457633,-0.8494160925423664,-2.9089592210355018
AAPL260803C00307500,307.5,26.77,25.6,28.25,0.5554243676757813,2026-08-03,call,26.925,333.0199890136719,0.2480367173288849,AAPL,25.880841024803487,-1.0441589751965132,-3.878027763032547
AAPL260803C00310000,310.0,23.6,23.25,26.3,0.5579878186035157,2026-08-03,call,24.775,333.0199890136719,0.2480367173288849,AAPL,23.431901087824258,-1.3430989121757406,-5.421186325633666
AAPL260803C00312500,312.5,22.4,21.05,23.7,0.5129443237304687,2026-08-03,call,22.375,333.0199890136719,0.2480367173288849,AAPL,21.015406337377613,-1.3595936626223875,-6.076396257530224
AAPL260803C00315000,315.0,20.38,19.2,21.55,0.4968312036132813,2026-08-03,call,20.375,333.0199890136719,0.2480367173288849,AAPL,18.64699272202978,-1.728007277970221,-8.481017315191268
AAPL260803C00317500,317.5,18.1,16.8,19.4,0.4779104943847656,2026-08-03,call,18.1,333.0199890136719,0.2480367173288849,AAPL,16.346360029743096,-1.7536399702569057,-9.688618620203899
AAPL260803C00320000,320.0,16.15,14.8,17.45,0.4676566906738281,2026-08-03,call,16.125,333.0199890136719,0.2480367173288849,AAPL,14.136727805841815,-1.988272194158185,-12.33037019632983
AAPL260803C00322500,322.5,14.46,12.9,14.8,0.4154111193847656,2026-08-03,call,13.85,333.0199890136719,0.2480367173288849,AAPL,12.043579085001682,-1.8064209149983181,-13.04275028879652
AAPL260803C00325000,325.0,12.27,12.15,12.9,0.4017393811035156,2026-08-03,call,12.525,333.0199890136719,0.2480367173288849,AAPL,10.092741150134628,-2.432258849865372,-19.419232334254467
AAPL260803C00327500,327.5,10.62,10.5,11.5,0.4086973193359374,2026-08-03,call,11.0,333.0199890136719,0.2480367173288849,AAPL,8.308022061537713,-2.691977938462287,-24.47252671329352
AAPL260803C00330000,330.0,9.2,8.65,9.55,0.3828186718749999,2026-08-03,call,9.1,333.0199890136719,0.2480367173288849,AAPL,6.70876301928277,-2.3912369807172293,-26.277329458431094
AAPL260803C00332500,332.5,7.35,7.65,8.1,0.375982802734375,2026-08-03,call,7.875,333.0199890136719,0.2480367173288849,AAPL,5.307731001270213,-2.567268998729787,-32.60024125371158
AAPL260803C00335000,335.0,6.55,6.4,6.8,0.3703676245117187,2026-08-03,call,6.6,333.0199890136719,0.2480367173288849,AAPL,4.109736113729838,-2.490263886270162,-37.731271004093365
AAPL260803C00337500,337.5,5.46,5.3,5.7,0.3682924499511719,2026-08-03,call,5.5,333.0199890136719,0.2480367173288849,AAPL,3.111219697124511,-2.388780302875489,-43.432369143190705
AAPL260803C00340000,340.0,4.12,4.3,4.7,0.3648745153808594,2026-08-03,call,4.5,333.0199890136719,0.2480367173288849,AAPL,2.3008607890089365,-2.1991392109910635,-48.86976024424585
AAPL260803C00342500,342.5,3.7,3.5,3.85,0.3629214099121094,2026-08-03,call,3.675,333.0199890136719,0.2480367173288849,AAPL,1.6610467047821231,-2.0139532952178767,-54.80145021001025
AAPL260803C00345000,345.0,2.99,2.76,3.2,0.3656069299316406,2026-08-03,call,2.98,333.0199890136719,0.2480367173288849,AAPL,1.1699026237335346,-1.8100973762664654,-60.741522693505544
AAPL260803C00347500,347.5,2.26,2.17,2.54,0.3619448571777344,2026-08-03,call,2.355,333.0199890136719,0.2480367173288849,AAPL,0.8035091022461742,-1.5514908977538258,-65.88071752670173
AAPL260803C00350000,350.0,1.8,1.69,2.0,0.3592593371582031,2026-08-03,call,1.845,333.0199890136719,0.2480367173288849,AAPL,0.5379602648972224,-1.3070397351027776,-70.84226206519119
AAPL260803C00352500,352.5,1.37,1.29,1.63,0.3625552026367187,2026-08-03,call,1.46,333.0199890136719,0.2480367173288849,AAPL,0.3510078314104845,-1.1089921685895154,-75.95836771161065
AAPL260803C00355000,355.0,1.17,1.01,1.15,0.3505924316406249,2026-08-03,call,1.08,333.0199890136719,0.2480367173288849,AAPL,0.22316123611933847,-0.8568387638806616,-79.33692258154274
AAPL260803C00357500,357.5,1.0,0.75,1.01,0.3632876171875,2026-08-03,call,0.88,333.0199890136719,0.2480367173288849,AAPL,0.13823529831832815,-0.7417647016816719,-84.29144337291726
AAPL260803C00360000,360.0,0.69,0.57,0.8,0.3654848608398438,2026-08-03,call,0.685,333.0199890136719,0.2480367173288849,AAPL,0.08342780250854709,-0.601572197491453,-87.82075875787633
AAPL260803C00362500,362.5,0.51,0.43,0.65,0.3703676245117187,2026-08-03,call,0.54,333.0199890136719,0.2480367173288849,AAPL,0.04905850207860629,-0.49094149792139374,-90.91509220766551
AAPL260803C00365000,365.0,0.41,0.38,0.52,0.3737855590820312,2026-08-03,call,0.45,333.0199890136719,0.2480367173288849,AAPL,0.02811074298661831,-0.4218892570133817,-93.75316822519592
AAPL260803C00367500,367.5,0.11,0.21,0.42,0.3784241845703124,2026-08-03,call,0.315,333.0199890136719,0.2480367173288849,AAPL,0.015698117323835303,-0.2993018826761647,-95.01647069084594
AAPL260803C00370000,370.0,0.24,0.15,0.35,0.3847717773437499,2026-08-03,call,0.25,333.0199890136719,0.2480367173288849,AAPL,0.008545145855300196,-0.2414548541446998,-96.58194165787992
AAPL260803C00375000,375.0,0.09,0.09,0.25,0.399420068359375,2026-08-03,call,0.1699999999999999,333.0199890136719,0.2480367173288849,AAPL,0.0023471461289156226,-0.16765285387108428,-98.61932580652022
AAPL260803C00380000,380.0,0.15,0.03,0.19,0.4169980175781249,2026-08-03,call,0.11,333.0199890136719,0.2480367173288849,AAPL,0.0005837358502785717,-0.10941626414972143,-99.4693310452013
AAPL260803C00385000,385.0,0.09,0.0,0.17,0.4438532177734374,2026-08-03,call,0.085,333.0199890136719,0.2480367173288849,AAPL,0.00013175437377726043,-0.08486824562622275,-99.84499485437969
AAPL260803C00405000,405.0,0.03,0.0,0.28,0.5566450585937501,2026-08-03,call,0.14,333.0199890136719,0.2480367173288849,AAPL,1.3661933357390403e-07,-0.13999986338066644,-99.99990241476173
AAPL260805C00260000,260.0,64.48,71.35,75.3,0.710940390625,2026-08-05,call,73.32499999999999,333.0199890136719,0.2480367173288849,AAPL,73.34033944330724,0.015339443307254896,0.0209197999417046
AAPL260805C00265000,265.0,59.54,66.4,70.3,0.6723665576171877,2026-08-05,call,68.35,333.0199890136719,0.2480367173288849,AAPL,68.34650004985747,-0.0034999501425261315,-0.0051206293233740045
AAPL260805C00270000,270.0,54.62,61.6,65.1,0.6250037500000001,2026-08-05,call,63.35,333.0199890136719,0.2480367173288849,AAPL,63.352660920366304,0.0026609203663028325,0.00420034785525309
AAPL260805C00280000,280.0,41.7,51.55,55.2,0.5385788330078126,2026-08-05,call,53.375,333.0199890136719,0.2480367173288849,AAPL,53.365009979246565,-0.009990020753434692,-0.01871666651697366
AAPL260805C00282500,282.5,39.15,49.05,52.7,0.5151415673828125,2026-08-05,call,50.875,333.0199890136719,0.2480367173288849,AAPL,50.868138196228756,-0.006861803771244013,-0.013487574980332212
AAPL260805C00285000,285.0,41.85,46.6,50.5,0.5302781347656251,2026-08-05,call,48.55,333.0199890136719,0.2480367173288849,AAPL,48.371337608028796,-0.17866239197120137,-0.367996687891249
AAPL260805C00300000,300.0,32.32,32.35,36.0,0.6187782263183594,2026-08-05,call,34.175,333.0199890136719,0.2480367173288849,AAPL,33.41027509400055,-0.7647249059994436,-2.2376734630561628
AAPL260805C00302500,302.5,21.05,29.95,33.65,0.5964395825195312,2026-08-05,call,31.8,333.0199890136719,0.2480367173288849,AAPL,30.931312977677294,-0.8686870223227068,-2.7317201959833546
AAPL260805C00305000,305.0,26.81,27.45,30.85,0.5422409057617189,2026-08-05,call,29.15,333.0199890136719,0.2480367173288849,AAPL,28.46518467523771,-0.6848153247622903,-2.3492807024435347
AAPL260805C00310000,310.0,25.15,23.1,26.3,0.504765694580078,2026-08-05,call,24.700000000000003,333.0199890136719,0.2480367173288849,AAPL,23.602405045576802,-1.0975949544232009,-4.443704268919841
AAPL260805C00312500,312.5,23.49,21.45,24.1,0.4880422290039063,2026-08-05,call,22.775,333.0199890136719,0.2480367173288849,AAPL,21.228085339680092,-1.5469146603199064,-6.792160967376098
AAPL260805C00315000,315.0,20.45,19.35,22.0,0.4749198016357422,2026-08-05,call,20.675,333.0199890136719,0.2480367173288849,AAPL,18.911606839004037,-1.7633931609959639,-8.529108396594747
AAPL260805C00317500,317.5,17.14,17.3,19.95,0.4617973742675781,2026-08-05,call,18.625,333.0199890136719,0.2480367173288849,AAPL,16.67119810384071,-1.9538018961592911,-10.490211523002905
AAPL260805C00320000,320.0,15.85,15.35,18.0,0.4509332250976562,2026-08-05,call,16.675,333.0199890136719,0.2480367173288849,AAPL,14.526995328195028,-2.148004671804973,-12.881587237211232
AAPL260805C00322500,322.5,14.5,13.5,15.85,0.4272518212890626,2026-08-05,call,14.675,333.0199890136719,0.2480367173288849,AAPL,12.499902518065767,-2.175097481934234,-14.821788633282685
AAPL260805C00325000,325.0,11.6,11.75,13.45,0.3892883337402344,2026-08-05,call,12.6,333.0199890136719,0.2480367173288849,AAPL,10.610139195789145,-1.9898608042108545,-15.792546065165514
AAPL260805C00327500,327.5,11.0,10.1,12.85,0.4304866522216797,2026-08-05,call,11.475,333.0199890136719,0.2480367173288849,AAPL,8.875642292941961,-2.5993577070580383,-22.65235474560382
AAPL260805C00330000,330.0,9.64,9.05,11.25,0.4210262976074219,2026-08-05,call,10.15,333.0199890136719,0.2480367173288849,AAPL,7.310536560278308,-2.8394634397216922,-27.975009258341792
AAPL260805C00332500,332.5,7.9,7.1,9.2,0.3878845391845703,2026-08-05,call,8.149999999999999,333.0199890136719,0.2480367173288849,AAPL,5.923894371595225,-2.226105628404774,-27.314179489629133
AAPL260805C00335000,335.0,7.15,6.0,8.4,0.4045469702148437,2026-08-05,call,7.2,333.0199890136719,0.2480367173288849,AAPL,4.718967040073807,-2.4810329599261935,-34.458791110086025
AAPL260805C00337500,337.5,5.94,4.65,7.25,0.4014342083740234,2026-08-05,call,5.95,333.0199890136719,0.2480367173288849,AAPL,3.692993604524176,-2.257006395475824,-37.93288059623234
AAPL260805C00340000,340.0,5.05,3.65,5.55,0.3687807263183594,2026-08-05,call,4.6,333.0199890136719,0.2480367173288849,AAPL,2.8375971973107994,-1.7624028026892002,-38.31310440628696
AAPL260805C00342500,342.5,4.1,3.35,5.45,0.4037535211181641,2026-08-05,call,4.4,333.0199890136719,0.2480367173288849,AAPL,2.139685720487634,-2.2603142795123663,-51.3707790798265
AAPL260805C00345000,345.0,3.34,3.05,4.3,0.3858703991699218,2026-08-05,call,3.675,333.0199890136719,0.2480367173288849,AAPL,1.5827027187972078,-2.092297281202792,-56.933259352456936
AAPL260805C00347500,347.5,2.76,1.43,4.1,0.4101621484375,2026-08-05,call,2.765,333.0199890136719,0.2480367173288849,AAPL,1.1480387645662518,-1.6169612354337484,-58.47961068476486
AAPL260805C00350000,350.0,2.25,0.89,2.56,0.3586489916992187,2026-08-05,call,1.725,333.0199890136719,0.2480367173288849,AAPL,0.8164161847703326,-0.9085838152296675,-52.67152552056042
AAPL260805C00352500,352.5,1.4,0.6,2.04,0.355353126220703,2026-08-05,call,1.32,333.0199890136719,0.2480367173288849,AAPL,0.569094194824487,-0.7509058051755131,-56.88680342238735
AAPL260805C00355000,355.0,1.45,1.05,2.68,0.4232235412597656,2026-08-05,call,1.865,333.0199890136719,0.2480367173288849,AAPL,0.38879507399969526,-1.4762049260003047,-79.1530791421075
AAPL260805C00357500,357.5,1.14,0.1,2.16,0.416875948486328,2026-08-05,call,1.13,333.0199890136719,0.2480367173288849,AAPL,0.2603107618376903,-0.8696892381623096,-76.96364939489466
AAPL260805C00360000,360.0,0.94,0.64,1.15,0.364264169921875,2026-08-05,call,0.895,333.0199890136719,0.2480367173288849,AAPL,0.17080104089417425,-0.7241989591058258,-80.91608481629338
AAPL260805C00365000,365.0,0.5,0.31,0.63,0.3527896752929687,2026-08-05,call,0.47,333.0199890136719,0.2480367173288849,AAPL,0.06921976893589665,-0.4007802310641033,-85.27238958810709
AAPL260805C00370000,370.0,0.37,0.07,1.02,0.4389704541015625,2026-08-05,call,0.545,333.0199890136719,0.2480367173288849,AAPL,0.02589509873163176,-0.5191049012683683,-95.24860573731527
AAPL260805C00375000,375.0,0.19,0.01,0.3,0.37305314453125,2026-08-05,call,0.155,333.0199890136719,0.2480367173288849,AAPL,0.00895229005554754,-0.14604770994445246,-94.22432899642094
AAPL260805C00380000,380.0,0.11,0.01,0.28,0.4018614501953125,2026-08-05,call,0.145,333.0199890136719,0.2480367173288849,AAPL,0.002864253806924122,-0.14213574619307587,-98.02465254694887
AAPL260807C00155000,155.0,154.0,176.35,180.2,1.74609501953125,2026-08-07,call,178.27499999999998,333.0199890136719,0.2480367173288849,AAPL,178.24913453546276,-0.02586546453721894,-0.014508744656973185
AAPL260807C00170000,170.0,142.28,161.4,165.3,1.60547072265625,2026-08-07,call,163.35000000000002,333.0199890136719,0.2480367173288849,AAPL,163.2713099085393,-0.07869009146071448,-0.04817269143600519
AAPL260807C00190000,190.0,133.52,141.7,145.2,1.4150419873046878,2026-08-07,call,143.45,333.0199890136719,0.2480367173288849,AAPL,143.30087707264136,-0.14912292735863275,-0.10395463740580882
AAPL260807C00195000,195.0,138.47,136.45,140.25,1.3046909765624997,2026-08-07,call,138.35,333.0199890136719,0.2480367173288849,AAPL,138.30826886366688,-0.04173113633311232,-0.030163452354978186
AAPL260807C00200000,200.0,108.96,131.7,135.05,1.2626989990234374,2026-08-07,call,133.375,333.0199890136719,0.2480367173288849,AAPL,133.31566065469238,-0.059339345307620306,-0.044490605666444465
AAPL260807C00210000,210.0,105.15,121.75,125.3,1.2177773486328125,2026-08-07,call,123.525,333.0199890136719,0.2480367173288849,AAPL,123.3304442367434,-0.19455576325660218,-0.1575031477487166
AAPL260807C00215000,215.0,106.46,116.75,120.35,1.171879140625,2026-08-07,call,118.55,333.0199890136719,0.2480367173288849,AAPL,118.33783602776893,-0.21216397223106753,-0.17896581377567908
AAPL260807C00220000,220.0,113.22,111.75,115.3,1.109379453125,2026-08-07,call,113.525,333.0199890136719,0.2480367173288849,AAPL,113.34522781879443,-0.17977218120557836,-0.15835470707384133
AAPL260807C00225000,225.0,107.95,106.55,110.35,1.0297900073242188,2026-08-07,call,108.45,333.0199890136719,0.2480367173288849,AAPL,108.35261960981995,-0.0973803901800494,-0.08979289089907735
AAPL260807C00230000,230.0,91.78,101.8,105.15,0.9877930908203124,2026-08-07,call,103.475,333.0199890136719,0.2480367173288849,AAPL,103.36001140084542,-0.1149885991545716,-0.1111269380570878
AAPL260807C00235000,235.0,81.47,96.8,99.75,0.85937640625,2026-08-07,call,98.275,333.0199890136719,0.2480367173288849,AAPL,98.367403191871,0.09240319187099999,0.0940251252821165
AAPL260807C00240000,240.0,81.2,91.8,94.75,0.813478427734375,2026-08-07,call,93.275,333.0199890136719,0.2480367173288849,AAPL,93.37479498289667,0.09979498289666822,0.10699006475118544
AAPL260807C00245000,245.0,76.25,86.6,90.2,0.8159198095703124,2026-08-07,call,88.4,333.0199890136719,0.2480367173288849,AAPL,88.38218677392834,-0.017813226071666577,-0.02015070822586717
AAPL260807C00250000,250.0,71.32,81.85,84.75,0.7334011035156249,2026-08-07,call,83.3,333.0199890136719,0.2480367173288849,AAPL,83.38957856508958,0.08957856508958173,0.10753729302470796
AAPL260807C00255000,255.0,70.53,76.85,80.0,0.7309597216796875,2026-08-07,call,78.425,333.0199890136719,0.2480367173288849,AAPL,78.39697035847198,-0.028029641528021898,-0.035740696879849404
AAPL260807C00260000,260.0,61.43,71.9,75.25,0.7236355761718749,2026-08-07,call,73.575,333.0199890136719,0.2480367173288849,AAPL,73.40436218174506,-0.17063781825494573,-0.23192364016982092
AAPL260807C00265000,265.0,68.25,67.3,70.0,0.692385888671875,2026-08-07,call,68.65,333.0199890136719,0.2480367173288849,AAPL,68.41175432497283,-0.23824567502717287,-0.3470439548829903
AAPL260807C00270000,270.0,63.33,62.0,65.35,0.6499058447265625,2026-08-07,call,63.675,333.0199890136719,0.2480367173288849,AAPL,63.41914922439781,-0.25585077560218394,-0.4018072643929077
AAPL260807C00275000,275.0,57.7,57.4,60.05,0.6113320117187502,2026-08-07,call,58.725,333.0199890136719,0.2480367173288849,AAPL,58.42656344017007,-0.29843655982993056,-0.5081933756150371
AAPL260807C00280000,280.0,54.0,52.1,55.5,0.5759319750976561,2026-08-07,call,53.8,333.0199890136719,0.2480367173288849,AAPL,53.4340889194155,-0.36591108058449606,-0.6801321200455317
AAPL260807C00285000,285.0,48.15,47.2,50.35,0.524418818359375,2026-08-07,call,48.775000000000006,333.0199890136719,0.2480367173288849,AAPL,48.44214617990889,-0.33285382009111686,-0.682427104236016
AAPL260807C00290000,290.0,43.25,42.35,45.35,0.6381872119140625,2026-08-07,call,43.85,333.0199890136719,0.2480367173288849,AAPL,43.45233133198644,-0.3976686680135586,-0.9068840775679786
AAPL260807C00295000,295.0,38.44,38.2,40.45,0.5886271606445312,2026-08-07,call,39.325,333.0199890136719,0.2480367173288849,AAPL,38.46970517181438,-0.8552948281856203,-2.1749391689399116
AAPL260807C00300000,300.0,33.9,32.8,36.05,0.5725140405273439,2026-08-07,call,34.425,333.0199890136719,0.2480367173288849,AAPL,33.50774537504634,-0.9172546249536566,-2.664501452298204
AAPL260807C00305000,305.0,28.58,28.5,31.15,0.5178270874023438,2026-08-07,call,29.825,333.0199890136719,0.2480367173288849,AAPL,28.59672142278498,-1.2282785772150184,-4.118285254702492
AAPL260807C00307500,307.5,26.84,26.25,28.15,0.4558159887695313,2026-08-07,call,27.2,333.0199890136719,0.2480367173288849,AAPL,26.176946306718378,-1.0230536932816214,-3.761226813535373
AAPL260807C00310000,310.0,25.35,24.45,27.15,0.5119067364501952,2026-08-07,call,25.8,333.0199890136719,0.2480367173288849,AAPL,23.7940836477714,-2.005916352228599,-7.774869582281392
AAPL260807C00312500,312.5,23.03,21.95,24.55,0.4731497998046875,2026-08-07,call,23.25,333.0199890136719,0.2480367173288849,AAPL,21.460803827756138,-1.7891961722438623,-7.695467407500484
AAPL260807C00315000,315.0,21.0,20.4,21.65,0.4186459503173828,2026-08-07,call,21.025,333.0199890136719,0.2480367173288849,AAPL,19.191888522112777,-1.833111477887222,-8.718722843696657
AAPL260807C00317500,317.5,18.97,18.15,19.95,0.424810439453125,2026-08-07,call,19.05,333.0199890136719,0.2480367173288849,AAPL,17.00378238245861,-2.046217617541391,-10.7412998296136
AAPL260807C00320000,320.0,17.13,16.4,17.45,0.389105230102539,2026-08-07,call,16.924999999999997,333.0199890136719,0.2480367173288849,AAPL,14.913875106674936,-2.0111248933250607,-11.882569532201247
AAPL260807C00322500,322.5,15.3,14.7,16.1,0.4040586938476562,2026-08-07,call,15.4,333.0199890136719,0.2480367173288849,AAPL,12.939554402690703,-2.460445597309297,-15.976919463047384
AAPL260807C00325000,325.0,13.7,13.3,13.9,0.3774476318359374,2026-08-07,call,13.6,333.0199890136719,0.2480367173288849,AAPL,11.097113339408764,-2.502886660591235,-18.40357838670026
AAPL260807C00327500,327.5,11.7,11.7,12.25,0.3712221081542969,2026-08-07,call,11.975,333.0199890136719,0.2480367173288849,AAPL,9.400628715008764,-2.5743712849912352,-21.497881294290067
AAPL260807C00330000,330.0,10.4,10.25,10.5,0.3569400244140625,2026-08-07,call,10.375,333.0199890136719,0.2480367173288849,AAPL,7.860942327777451,-2.514057672222549,-24.231881178048663
AAPL260807C00332500,332.5,9.18,8.8,9.2,0.3568179553222655,2026-08-07,call,9.0,333.0199890136719,0.2480367173288849,AAPL,6.48487002074026,-2.51512997925974,-27.945888658441554
AAPL260807C00335000,335.0,7.69,7.6,7.9,0.3521793298339843,2026-08-07,call,7.75,333.0199890136719,0.2480367173288849,AAPL,5.274734656241407,-2.4752653437585934,-31.938907661401206
AAPL260807C00337500,337.5,6.55,6.45,6.75,0.349066567993164,2026-08-07,call,6.6,333.0199890136719,0.2480367173288849,AAPL,4.22827421542604,-2.371725784573959,-35.93523916021151
AAPL260807C00340000,340.0,5.61,5.5,5.7,0.3454655297851562,2026-08-07,call,5.6,333.0199890136719,0.2480367173288849,AAPL,3.338923937897036,-2.2610760621029637,-40.37635825183864
AAPL260807C00342500,342.5,4.65,4.55,4.75,0.3413151806640625,2026-08-07,call,4.65,333.0199890136719,0.2480367173288849,AAPL,2.5964219210511885,-2.053578078948812,-44.162969439759394
AAPL260807C00345000,345.0,3.95,3.75,4.0,0.3413151806640625,2026-08-07,call,3.875,333.0199890136719,0.2480367173288849,AAPL,1.9876497036736254,-1.8873502963263746,-48.70581409874515
AAPL260807C00347500,347.5,3.05,3.05,3.4,0.3440617352294921,2026-08-07,call,3.225,333.0199890136719,0.2480367173288849,AAPL,1.4975986834855135,-1.7274013165144866,-53.56283151982903
AAPL260807C00350000,350.0,2.61,2.55,2.72,0.3383855224609374,2026-08-07,call,2.635,333.0199890136719,0.2480367173288849,AAPL,1.1103512894540302,-1.5246487105459696,-57.86143114026451
AAPL260807C00352500,352.5,2.13,2.01,2.21,0.3367986242675781,2026-08-07,call,2.11,333.0199890136719,0.2480367173288849,AAPL,0.8099803078487824,-1.3000196921512175,-61.61230768489183
AAPL260807C00355000,355.0,1.73,1.64,1.8,0.3366765551757812,2026-08-07,call,1.72,333.0199890136719,0.2480367173288849,AAPL,0.5812955604724941,-1.1387044395275059,-66.20374648415732
AAPL260807C00357500,357.5,1.41,1.27,1.49,0.3391179370117187,2026-08-07,call,1.38,333.0199890136719,0.2480367173288849,AAPL,0.4103979840922598,-0.9696020159077401,-70.26101564548843
AAPL260807C00360000,360.0,1.08,1.04,1.16,0.335944140625,2026-08-07,call,1.1,333.0199890136719,0.2480367173288849,AAPL,0.28503113269198366,-0.8149688673080164,-74.08807884618331
AAPL260807C00365000,365.0,0.72,0.63,0.75,0.33789724609375,2026-08-07,call,0.69,333.0199890136719,0.2480367173288849,AAPL,0.13090185591928094,-0.559098144080719,-81.02871653343755
AAPL260807C00370000,370.0,0.47,0.37,0.46,0.33789724609375,2026-08-07,call,0.415,333.0199890136719,0.2480367173288849,AAPL,0.05633277411887505,-0.35866722588112493,-86.42583756171686
AAPL260807C00375000,375.0,0.28,0.18,0.29,0.3410710424804687,2026-08-07,call,0.235,333.0199890136719,0.2480367173288849,AAPL,0.02273526537792314,-0.21226473462207684,-90.32541898811782
AAPL260807C00380000,380.0,0.16,0.14,0.24,0.3603579589843749,2026-08-07,call,0.19,333.0199890136719,0.2480367173288849,AAPL,0.00861477299895641,-0.1813852270010436,-95.46590894791768
AAPL260807C00385000,385.0,0.06,0.05,0.17,0.36914693359375,2026-08-07,call,0.11,333.0199890136719,0.2480367173288849,AAPL,0.003068755227020714,-0.10693124477297929,-97.21022252089026
AAPL260807C00390000,390.0,0.06,0.05,0.14,0.3857483300781249,2026-08-07,call,0.095,333.0199890136719,0.2480367173288849,AAPL,0.0010291725724903694,-0.09397082742750963,-98.91666045001014
AAPL260807C00395000,395.0,0.06,0.01,0.14,0.41211525390625,2026-08-07,call,0.075,333.0199890136719,0.2480367173288849,AAPL,0.00032546038673493885,-0.07467453961326506,-99.56605281768675
AAPL260807C00400000,400.0,0.05,0.01,0.05,0.3847717773437499,2026-08-07,call,0.03,333.0199890136719,0.2480367173288849,AAPL,9.720677073124344e-05,-0.029902793229268754,-99.67597743089584
AAPL260803P00260000,260.0,0.11,0.01,0.15,0.6543003320312502,2026-08-03,put,0.08,333.0199890136719,0.2480367173288849,AAPL,1.004418506560786e-11,-0.07999999998995581,-99.99999998744477
AAPL260803P00270000,270.0,0.1,0.01,0.19,0.5800823242187501,2026-08-03,put,0.1,333.0199890136719,0.2480367173288849,AAPL,8.609665237869746e-09,-0.09999999139033476,-99.99999139033476
AAPL260803P00275000,275.0,0.18,0.05,0.23,0.56055126953125,2026-08-03,put,0.14,333.0199890136719,0.2480367173288849,AAPL,1.595720802595712e-07,-0.13999984042791974,-99.99988601994266
AAPL260803P00280000,280.0,0.18,0.1,0.26,0.5336960693359375,2026-08-03,put,0.18,333.0199890136719,0.2480367173288849,AAPL,2.230765816266559e-06,-0.17999776923418373,-99.99876068565763
AAPL260803P00285000,285.0,0.48,0.14,0.32,0.50586431640625,2026-08-03,put,0.23,333.0199890136719,0.2480367173288849,AAPL,2.3904768231330052e-05,-0.22997609523176868,-99.98960662250812
AAPL260803P00287500,287.5,0.22,0.18,0.34,0.514653291015625,2026-08-03,put,0.26,333.0199890136719,0.2480367173288849,AAPL,7.117290318742198e-05,-0.2599288270968126,-99.97262580646637
AAPL260803P00290000,290.0,0.33,0.22,0.4,0.5039112109375,2026-08-03,put,0.31,333.0199890136719,0.2480367173288849,AAPL,0.00019942867607995046,-0.30980057132392,-99.93566816900646
AAPL260803P00292500,292.5,0.99,0.23,0.45,0.4892629199218751,2026-08-03,put,0.34,333.0199890136719,0.2480367173288849,AAPL,0.000526882271207535,-0.3394731177287925,-99.84503462611544
AAPL260803P00295000,295.0,0.39,0.33,0.48,0.4687553125,2026-08-03,put,0.405,333.0199890136719,0.2480367173288849,AAPL,0.001314903213029267,-0.40368509678697073,-99.67533253999277
AAPL260803P00297500,297.5,0.51,0.35,0.58,0.4604546142578125,2026-08-03,put,0.4649999999999999,333.0199890136719,0.2480367173288849,AAPL,0.0031054343526906725,-0.46189456564730924,-99.33216465533535
AAPL260803P00300000,300.0,0.55,0.49,0.58,0.4331111376953125,2026-08-03,put,0.5349999999999999,333.0199890136719,0.2480367173288849,AAPL,0.006953261483718665,-0.5280467385162813,-98.70032495631426
AAPL260803P00302500,302.5,0.81,0.56,0.78,0.4348201049804688,2026-08-03,put,0.67,333.0199890136719,0.2480367173288849,AAPL,0.014786965356763826,-0.6552130346432362,-97.79299024525912
AAPL260803P00305000,305.0,0.85,0.75,0.93,0.4245663012695312,2026-08-03,put,0.8400000000000001,333.0199890136719,0.2480367173288849,AAPL,0.029921277751637554,-0.8100787222483625,-96.43794312480506
AAPL260803P00307500,307.5,1.1,0.85,1.14,0.4177304321289062,2026-08-03,put,0.995,333.0199890136719,0.2480367173288849,AAPL,0.05771385726109113,-0.9372861427389089,-94.19961233556873
AAPL260803P00310000,310.0,1.25,1.15,1.34,0.4060117993164062,2026-08-03,put,1.245,333.0199890136719,0.2480367173288849,AAPL,0.1063093824455299,-1.1386906175544702,-91.4610937794755
AAPL260803P00312500,312.5,1.63,1.35,1.66,0.4010069665527344,2026-08-03,put,1.505,333.0199890136719,0.2480367173288849,AAPL,0.187350094162559,-1.317649905837441,-87.55148875996287
AAPL260803P00315000,315.0,1.86,1.74,1.99,0.3920959228515625,2026-08-03,put,1.865,333.0199890136719,0.2480367173288849,AAPL,0.3164719409783743,-1.5485280590216257,-83.03099512180299
AAPL260803P00317500,317.5,2.33,2.11,2.44,0.3872131591796874,2026-08-03,put,2.275,333.0199890136719,0.2480367173288849,AAPL,0.5133747108553237,-1.7616252891446762,-77.43407864372203
AAPL260803P00320000,320.0,2.76,2.7,3.05,0.3870910900878905,2026-08-03,put,2.875,333.0199890136719,0.2480367173288849,AAPL,0.8012779491177042,-2.0737220508822958,-72.1294626393842
AAPL260803P00322500,322.5,3.55,3.2,3.6,0.3775697009277343,2026-08-03,put,3.4000000000000004,333.0199890136719,0.2480367173288849,AAPL,1.2056646904411892,-2.194335309558811,-64.53927381055327
AAPL260803P00325000,325.0,4.3,3.95,4.35,0.373907628173828,2026-08-03,put,4.15,333.0199890136719,0.2480367173288849,AAPL,1.7523622177378257,-2.3976377822621746,-57.774404391859626
AAPL260803P00327500,327.5,4.9,4.8,5.2,0.3696352099609374,2026-08-03,put,5.0,333.0199890136719,0.2480367173288849,AAPL,2.4651785913045643,-2.5348214086954357,-50.696428173908714
AAPL260803P00330000,330.0,5.95,5.8,6.2,0.3667055517578125,2026-08-03,put,6.0,333.0199890136719,0.2480367173288849,AAPL,3.36345501121329,-2.63654498878671,-43.9424164797785
AAPL260803P00335000,335.0,8.15,8.1,8.4,0.3521793298339843,2026-08-03,put,8.25,333.0199890136719,0.2480367173288849,AAPL,5.759499029987666,-2.4905009700123344,-30.187890545604052
AAPL260803P00337500,337.5,13.4,9.15,10.15,0.3668886553955078,2026-08-03,put,9.65,333.0199890136719,0.2480367173288849,AAPL,7.258518075545965,-2.3914819244540357,-24.782196108331974
AAPL260803P00340000,340.0,11.3,10.8,12.35,0.3986876538085938,2026-08-03,put,11.575,333.0199890136719,0.2480367173288849,AAPL,8.945694629594101,-2.6293053704058984,-22.71538116981338
AAPL260803P00345000,345.0,15.0,13.35,15.85,0.4032042102050781,2026-08-03,put,14.6,333.0199890136719,0.2480367173288849,AAPL,12.809807388645993,-1.7901926113540068,-12.261593228452101
AAPL260803P00347500,347.5,16.55,15.1,17.8,0.4089414575195312,2026-08-03,put,16.45,333.0199890136719,0.2480367173288849,AAPL,14.940949329322223,-1.5090506706777767,-9.17356030807159
AAPL260803P00350000,350.0,18.85,16.8,20.25,0.4408014904785156,2026-08-03,put,18.525,333.0199890136719,0.2480367173288849,AAPL,17.17293595413696,-1.3520640458630382,-7.298591340691164
AAPL260803P00352500,352.5,23.03,18.95,22.35,0.4489801196289062,2026-08-03,put,20.65,333.0199890136719,0.2480367173288849,AAPL,19.483518982813848,-1.1664810171861504,-5.648818485162956
AAPL260803P00355000,355.0,25.25,21.1,24.5,0.4570366796875,2026-08-03,put,22.8,333.0199890136719,0.2480367173288849,AAPL,21.853207849686385,-0.9467921503136161,-4.152597150498316
AAPL260803P00367500,367.5,46.9,32.9,36.45,0.5551802294921876,2026-08-03,put,34.675,333.0199890136719,0.2480367173288849,AAPL,34.133422041709196,-0.5415779582908016,-1.561868661256818
AAPL260805P00245000,245.0,0.16,0.0,1.04,0.9340826904296876,2026-08-05,put,0.52,333.0199890136719,0.2480367173288849,AAPL,4.5888524633064494e-14,-0.5199999999999542,-99.99999999999119
AAPL260805P00250000,250.0,0.2,0.0,0.97,0.8706067626953125,2026-08-05,put,0.485,333.0199890136719,0.2480367173288849,AAPL,1.8776364262199097e-12,-0.4849999999981224,-99.99999999961287
AAPL260805P00255000,255.0,0.12,0.01,1.03,0.8291032714843749,2026-08-05,put,0.52,333.0199890136719,0.2480367173288849,AAPL,5.689475953887359e-11,-0.5199999999431053,-99.99999998905871
AAPL260805P00260000,260.0,0.15,0.01,1.02,0.7763694238281251,2026-08-05,put,0.515,333.0199890136719,0.2480367173288849,AAPL,1.2986273153158637e-09,-0.5149999987013727,-99.99999974783935
AAPL260805P00265000,265.0,0.17,0.01,1.05,0.729494892578125,2026-08-05,put,0.53,333.0199890136719,0.2480367173288849,AAPL,2.2688522393150646e-08,-0.5299999773114776,-99.99999571914671
AAPL260805P00275000,275.0,0.3,0.01,1.0,0.6235389208984375,2026-08-05,put,0.505,333.0199890136719,0.2480367173288849,AAPL,3.296811600876474e-06,-0.5049967031883992,-99.99934716601963
AAPL260805P00280000,280.0,0.46,0.1,0.33,0.532231240234375,2026-08-05,put,0.215,333.0199890136719,0.2480367173288849,AAPL,2.8196596715940846e-05,-0.21497180340328406,-99.98688530385306
AAPL260805P00285000,285.0,0.26,0.09,0.63,0.549076774902344,2026-08-05,put,0.36,333.0199890136719,0.2480367173288849,AAPL,0.00019524021860047036,-0.35980475978139953,-99.94576660594431
AAPL260805P00290000,290.0,0.4,0.27,0.52,0.4797415307617187,2026-08-05,put,0.395,333.0199890136719,0.2480367173288849,AAPL,0.0011082960121148039,-0.3938917039878852,-99.71941873111018
AAPL260805P00295000,295.0,0.5,0.38,0.63,0.4489801196289062,2026-08-05,put,0.505,333.0199890136719,0.2480367173288849,AAPL,0.005220712679954775,-0.49977928732004523,-98.96619550891985
AAPL260805P00297500,297.5,0.63,0.36,0.77,0.4436090795898437,2026-08-05,put,0.565,333.0199890136719,0.2480367173288849,AAPL,0.010604734950558359,-0.5543952650494416,-98.12305576096311
AAPL260805P00300000,300.0,0.75,0.7,0.94,0.4387263159179688,2026-08-05,put,0.82,333.0199890136719,0.2480367173288849,AAPL,0.020650970709343186,-0.7993490292906568,-97.48158893788498
AAPL260805P00302500,302.5,0.95,0.73,1.02,0.4207821594238281,2026-08-05,put,0.875,333.0199890136719,0.2480367173288849,AAPL,0.03860856180597594,-0.8363914381940241,-95.5875929364599
AAPL260805P00305000,305.0,1.35,0.85,1.24,0.4154111193847656,2026-08-05,put,1.045,333.0199890136719,0.2480367173288849,AAPL,0.06939996678624727,-0.9756000332137527,-93.35885485299069
AAPL260805P00307500,307.5,3.6,1.07,1.64,0.4216366430664062,2026-08-05,put,1.355,333.0199890136719,0.2480367173288849,AAPL,0.12011491522820528,-1.2348850847717947,-91.13543061046455
AAPL260805P00310000,310.0,1.55,1.5,1.75,0.4000304138183594,2026-08-05,put,1.625,333.0199890136719,0.2480367173288849,AAPL,0.2004597519650435,-1.4245402480349565,-87.66401526368963
AAPL260805P00312500,312.5,2.73,0.7,3.05,0.456060126953125,2026-08-05,put,1.875,333.0199890136719,0.2480367173288849,AAPL,0.3230597534880637,-1.5519402465119363,-82.7701464806366
AAPL260805P00315000,315.0,2.36,2.01,2.66,0.3977111010742187,2026-08-05,put,2.335,333.0199890136719,0.2480367173288849,AAPL,0.5035009602319072,-1.8314990397680928,-78.43678971169562
AAPL260805P00320000,320.0,3.29,2.26,3.55,0.3770814245605468,2026-08-05,put,2.905,333.0199890136719,0.2480367173288849,AAPL,1.1127288642625501,-1.7922711357374497,-61.696080404043016
AAPL260805P00322500,322.5,4.0,2.6,4.75,0.3990538610839844,2026-08-05,put,3.675,333.0199890136719,0.2480367173288849,AAPL,1.5825557615531523,-2.0924442384468476,-56.93725818902987
AAPL260805P00325000,325.0,4.58,3.45,5.75,0.40430283203125,2026-08-05,put,4.6,333.0199890136719,0.2480367173288849,AAPL,2.1897121466963654,-2.4102878533036343,-52.397562028339884
AAPL260805P00327500,327.5,7.31,4.2,6.85,0.4089414575195312,2026-08-05,put,5.525,333.0199890136719,0.2480367173288849,AAPL,2.952134951269045,-2.5728650487309555,-46.56769318970055
AAPL260805P00330000,330.0,6.87,5.65,7.8,0.4022276574707031,2026-08-05,put,6.725,333.0199890136719,0.2480367173288849,AAPL,3.883948926025198,-2.8410510739748016,-42.24611262416062
AAPL260805P00332500,332.5,7.51,6.5,9.0,0.401800415649414,2026-08-05,put,7.75,333.0199890136719,0.2480367173288849,AAPL,4.994226444761978,-2.7557735552380223,-35.55836845468416
AAPL260805P00335000,335.0,8.5,7.85,9.5,0.3663393444824219,2026-08-05,put,8.675,333.0199890136719,0.2480367173288849,AAPL,6.286218820660395,-2.388781179339606,-27.536382470773557
AAPL260805P00337500,337.5,10.6,8.7,11.55,0.393560751953125,2026-08-05,put,10.125,333.0199890136719,0.2480367173288849,AAPL,7.7571650925306415,-2.3678349074693585,-23.386023777475145
AAPL260805P00340000,340.0,12.0,10.45,12.95,0.3877624700927734,2026-08-05,put,11.7,333.0199890136719,0.2480367173288849,AAPL,9.398688392737085,-2.301311607262914,-19.669329976606104
AAPL260805P00342500,342.5,18.8,11.9,14.6,0.3884338500976562,2026-08-05,put,13.25,333.0199890136719,0.2480367173288849,AAPL,11.19769662333377,-2.052303376666231,-15.489082088047027
AAPL260805P00350000,350.0,18.9,17.65,20.7,0.4229794030761719,2026-08-05,put,19.175,333.0199890136719,0.2480367173288849,AAPL,17.3651862098759,-1.8098137901240996,-9.438403077570271
AAPL260805P00355000,355.0,27.5,21.7,24.4,0.4071104211425781,2026-08-05,put,23.05,333.0199890136719,0.2480367173288849,AAPL,21.931404513944983,-1.1185954860550176,-4.852908833210488
AAPL260807P00110000,110.0,0.06,0.0,0.23,2.253910615234375,2026-08-07,put,0.115,333.0199890136719,0.2480367173288849,AAPL,4.6099558647730505e-135,-0.115,-100.0
AAPL260807P00145000,145.0,0.02,0.0,0.45,1.857422587890625,2026-08-07,put,0.225,333.0199890136719,0.2480367173288849,AAPL,3.724614332899817e-77,-0.225,-100.0
AAPL260807P00175000,175.0,0.03,0.0,0.45,1.4658229833984375,2026-08-07,put,0.225,333.0199890136719,0.2480367173288849,AAPL,4.653057668278904e-47,-0.225,-100.0
AAPL260807P00185000,185.0,0.03,0.0,0.45,1.3496126269531248,2026-08-07,put,0.225,333.0199890136719,0.2480367173288849,AAPL,1.3184563740185262e-39,-0.225,-100.0
AAPL260807P00195000,195.0,0.05,0.0,0.43,1.2324257128906249,2026-08-07,put,0.215,333.0199890136719,0.2480367173288849,AAPL,3.7597942743691864e-33,-0.215,-100.0
AAPL260807P00200000,200.0,0.05,0.0,0.07,0.960937890625,2026-08-07,put,0.035,333.0199890136719,0.2480367173288849,AAPL,2.9540182792521465e-30,-0.035,-100.0
AAPL260807P00205000,205.0,0.02,0.0,0.4,1.1171919140625,2026-08-07,put,0.2,333.0199890136719,0.2480367173288849,AAPL,1.4571781644939668e-27,-0.2,-100.0
AAPL260807P00210000,210.0,0.05,0.0,0.38,1.0605515722656251,2026-08-07,put,0.19,333.0199890136719,0.2480367173288849,AAPL,4.650441492624245e-25,-0.19,-100.0
AAPL260807P00215000,215.0,0.03,0.0,0.36,1.00391123046875,2026-08-07,put,0.18,333.0199890136719,0.2480367173288849,AAPL,9.870441162218024e-23,-0.18,-100.0
AAPL260807P00220000,220.0,0.07,0.01,0.07,0.804689453125,2026-08-07,put,0.04,333.0199890136719,0.2480367173288849,AAPL,1.4291391032777612e-20,-0.04,-100.0
AAPL260807P00225000,225.0,0.02,0.02,0.25,0.87695435546875,2026-08-07,put,0.135,333.0199890136719,0.2480367173288849,AAPL,1.445089120556564e-18,-0.135,-100.0
AAPL260807P00230000,230.0,0.08,0.01,0.26,0.8320329296874999,2026-08-07,put,0.135,333.0199890136719,0.2480367173288849,AAPL,1.0428469508945696e-16,-0.1349999999999999,-99.99999999999993
AAPL260807P00235000,235.0,0.04,0.01,0.13,0.7304714453125,2026-08-07,put,0.07,333.0199890136719,0.2480367173288849,AAPL,5.4801022170384675e-15,-0.06999999999999452,-99.99999999999217
AAPL260807P00240000,240.0,0.06,0.01,0.1,0.6718782812500002,2026-08-07,put,0.055,333.0199890136719,0.2480367173288849,AAPL,2.1365624825556735e-13,-0.054999999999786345,-99.99999999961153
AAPL260807P00245000,245.0,0.08,0.01,0.12,0.6445348046875,2026-08-07,put,0.065,333.0199890136719,0.2480367173288849,AAPL,6.2886777733409424e-12,-0.06499999999371132,-99.99999999032511
AAPL260807P00250000,250.0,0.1,0.03,0.12,0.6171913281250001,2026-08-07,put,0.075,333.0199890136719,0.2480367173288849,AAPL,1.4202803804676904e-10,-0.07499999985797196,-99.99999981062928
AAPL260807P00255000,255.0,0.09,0.08,0.13,0.6025430371093752,2026-08-07,put,0.105,333.0199890136719,0.2480367173288849,AAPL,2.4989660483944702e-09,-0.10499999750103395,-99.99999762003233
AAPL260807P00260000,260.0,0.12,0.1,0.17,0.5820354296875,2026-08-07,put,0.135,333.0199890136719,0.2480367173288849,AAPL,3.4746490908258755e-08,-0.1349999652535091,-99.9999742618586
AAPL260807P00265000,265.0,0.16,0.11,0.17,0.5449264257812501,2026-08-07,put,0.14,333.0199890136719,0.2480367173288849,AAPL,3.869488242656089e-07,-0.13999961305117575,-99.99972360798267
AAPL260807P00270000,270.0,0.15,0.12,0.24,0.523442265625,2026-08-07,put,0.18,333.0199890136719,0.2480367173288849,AAPL,3.4953483282663023e-06,-0.17999650465167172,-99.99805813981763
AAPL260807P00275000,275.0,0.21,0.2,0.21,0.495122236328125,2026-08-07,put,0.205,333.0199890136719,0.2480367173288849,AAPL,2.5920094978171184e-05,-0.2049740799050218,-99.98735605123017
AAPL260807P00280000,280.0,0.27,0.25,0.29,0.4790091162109374,2026-08-07,put,0.27,333.0199890136719,0.2480367173288849,AAPL,0.000159608314867438,-0.2698403916851326,-99.94088580930836
AAPL260807P00285000,285.0,0.35,0.29,0.4,0.4626518579101563,2026-08-07,put,0.345,333.0199890136719,0.2480367173288849,AAPL,0.0008250777828180678,-0.34417492221718193,-99.76084701947303
AAPL260807P00290000,290.0,0.47,0.44,0.5,0.4379939013671875,2026-08-07,put,0.47,333.0199890136719,0.2480367173288849,AAPL,0.003618438834819049,-0.4663815611651809,-99.23011939684702
AAPL260807P00295000,295.0,0.67,0.54,0.7,0.4226131958007812,2026-08-07,put,0.62,333.0199890136719,0.2480367173288849,AAPL,0.013600487637255299,-0.6063995123627447,-97.80637296173302
AAPL260807P00300000,300.0,0.83,0.86,0.92,0.401373173828125,2026-08-07,put,0.89,333.0199890136719,0.2480367173288849,AAPL,0.0442488998436974,-0.8457511001563026,-95.02821350070816
AAPL260807P00302500,302.5,1.13,0.96,1.15,0.3996642065429688,2026-08-07,put,1.055,333.0199890136719,0.2480367173288849,AAPL,0.0758391530019189,-0.979160846998081,-92.81145469176124
AAPL260807P00305000,305.0,1.31,1.15,1.37,0.3933166137695312,2026-08-07,put,1.26,333.0199890136719,0.2480367173288849,AAPL,0.12583315655679517,-1.1341668434432048,-90.0132415431115
AAPL260807P00310000,310.0,1.75,1.71,1.87,0.3763490100097656,2026-08-07,put,1.79,333.0199890136719,0.2480367173288849,AAPL,0.3158035905177634,-1.4741964094822366,-82.35734131185679
AAPL260807P00312500,312.5,2.11,2.05,2.23,0.3708559008789062,2026-08-07,put,2.14,333.0199890136719,0.2480367173288849,AAPL,0.4788278749896868,-1.6611721250103133,-77.62486565468754
AAPL260807P00315000,315.0,2.59,2.47,2.64,0.3647524462890625,2026-08-07,put,2.555,333.0199890136719,0.2480367173288849,AAPL,0.7062166738336444,-1.8487833261663558,-72.35942568165775
AAPL260807P00317500,317.5,3.11,2.96,3.2,0.3630434790039062,2026-08-07,put,3.08,333.0199890136719,0.2480367173288849,AAPL,1.0144146386666861,-2.065585361333314,-67.06445978354915
AAPL260807P00320000,320.0,3.6,3.5,3.75,0.3566958862304687,2026-08-07,put,3.625,333.0199890136719,0.2480367173288849,AAPL,1.4208114673702,-2.2041885326298,-60.80520090013242
AAPL260807P00322500,322.5,4.45,4.1,4.45,0.3534000207519531,2026-08-07,put,4.275,333.0199890136719,0.2480367173288849,AAPL,1.9427948678732605,-2.33220513212674,-54.554506014660575
AAPL260807P00325000,325.0,5.0,4.95,5.2,0.3482120843505859,2026-08-07,put,5.075,333.0199890136719,0.2480367173288849,AAPL,2.596657909078573,-2.4783420909214273,-48.83432691470793
AAPL260807P00327500,327.5,6.0,5.8,6.1,0.3450993225097656,2026-08-07,put,5.949999999999999,333.0199890136719,0.2480367173288849,AAPL,3.3964773891657956,-2.5535226108342037,-42.91634640057486
AAPL260807P00330000,330.0,6.95,6.8,7.1,0.3416203533935547,2026-08-07,put,6.949999999999999,333.0199890136719,0.2480367173288849,AAPL,4.353095106421705,-2.5969048935782943,-37.365538037097764
AAPL260807P00332500,332.5,8.05,7.75,8.2,0.3376531079101562,2026-08-07,put,7.975,333.0199890136719,0.2480367173288849,AAPL,5.473326903871737,-2.501673096128263,-31.368941644241545
AAPL260807P00335000,335.0,9.33,9.1,9.5,0.3370427624511719,2026-08-07,put,9.3,333.0199890136719,0.2480367173288849,AAPL,6.759495643860191,-2.5405043561398095,-27.317251141288274
AAPL260807P00337500,337.5,10.7,10.45,10.95,0.3377751770019531,2026-08-07,put,10.7,333.0199890136719,0.2480367173288849,AAPL,8.209339307532048,-2.4906606924679515,-23.27720273334534
AAPL260807P00340000,340.0,12.25,11.7,12.4,0.3338689660644531,2026-08-07,put,12.05,333.0199890136719,0.2480367173288849,AAPL,9.81629313449028,-2.2337068655097205,-18.536986435765314
AAPL260807P00342500,342.5,13.85,13.35,14.1,0.3357610369873046,2026-08-07,put,13.725,333.0199890136719,0.2480367173288849,AAPL,11.570095222131727,-2.154904777868273,-15.700581259513829
AAPL260807P00345000,345.0,16.21,14.85,16.3,0.355902437133789,2026-08-07,put,15.575,333.0199890136719,0.2480367173288849,AAPL,13.457627109241372,-2.1173728907586273,-13.594689507278506
AAPL260807P00347500,347.5,17.9,16.15,18.35,0.3665834826660156,2026-08-07,put,17.25,333.0199890136719,0.2480367173288849,AAPL,15.46388019354049,-1.78611980645951,-10.354317718605856
AAPL260807P00350000,350.0,21.0,18.05,20.45,0.3767762518310547,2026-08-07,put,19.25,333.0199890136719,0.2480367173288849,AAPL,17.572936903996265,-1.6770630960037352,-8.712016083136287
AAPL260807P00352500,352.5,28.5,19.9,22.9,0.4024717956542969,2026-08-07,put,21.4,333.0199890136719,0.2480367173288849,AAPL,19.76887002687829,-1.631129973121709,-7.622102678138829
AAPL260807P00355000,355.0,23.6,21.55,25.05,0.4110166320800781,2026-08-07,put,23.3,333.0199890136719,0.2480367173288849,AAPL,22.03648938398925,-1.2635106160107519,-5.422792343393785
AAPL260807P00360000,360.0,29.45,26.45,29.6,0.4359187268066406,2026-08-07,put,28.025,333.0199890136719,0.2480367173288849,AAPL,26.732833165183195,-1.292166834816804,-4.610764798632664
AAPL260807P00370000,370.0,40.2,35.85,39.0,0.4870656762695313,2026-08-07,put,37.425,333.0199890136719,0.2480367173288849,AAPL,36.489351224559016,-0.9356487754409812,-2.500063528232415
NVDA260803C00110000,110.0,98.0,92.55,99.85,3.026369621582031,2026-08-03,call,96.2,206.83999633789065,0.358649993896326,NVDA,96.94843600268986,0.7484360026898571,0.7780000027961093
NVDA260803C00160000,160.0,53.15,43.0,49.95,1.5200219311523435,2026-08-03,call,46.475,206.83999633789065,0.358649993896326,NVDA,46.99772787414966,0.522727874149659,1.1247506705748447
NVDA260803C00170000,170.0,37.2,33.05,40.05,1.2707555993652342,2026-08-03,call,36.55,206.83999633789065,0.358649993896326,NVDA,37.007829496468275,0.4578294964682783,1.2526114814453582
NVDA260803C00172500,172.5,37.36,30.65,37.55,1.2055703784179688,2026-08-03,call,34.099999999999994,206.83999633789065,0.358649993896326,NVDA,34.5107988395217,0.4107988395217035,1.2046886789492772
NVDA260803C00175000,175.0,35.35,28.15,35.1,1.1469769213867185,2026-08-03,call,31.625,206.83999633789065,0.358649993896326,NVDA,32.01462807652371,0.38962807652370657,1.2320255384148824
NVDA260803C00177500,177.5,32.45,25.8,32.7,1.0944869494628908,2026-08-03,call,29.25,206.83999633789065,0.358649993896326,NVDA,29.520492154607837,0.2704921546078367,0.9247595029327751
NVDA260803C00180000,180.0,28.65,23.35,30.2,1.0290575891113285,2026-08-03,call,26.775,206.83999633789065,0.358649993896326,NVDA,27.030789294507883,0.2557892945078848,0.9553288310285146
NVDA260803C00182500,182.5,28.07,24.4,25.45,0.5576216113281252,2026-08-03,call,24.925,206.83999633789065,0.358649993896326,NVDA,24.55000631347852,-0.37499368652148135,-1.5044882107180797
NVDA260803C00185000,185.0,25.3,22.0,23.2,0.5459029785156251,2026-08-03,call,22.6,206.83999633789065,0.358649993896326,NVDA,22.085850700498668,-0.5141492995013337,-2.274996900448379
NVDA260803C00187500,187.5,18.77,19.8,20.85,0.534184345703125,2026-08-03,call,20.325000000000003,206.83999633789065,0.358649993896326,NVDA,19.650493073640007,-0.6745069263599959,-3.3186072637638167
NVDA260803C00190000,190.0,17.77,17.35,18.75,0.514653291015625,2026-08-03,call,18.05,206.83999633789065,0.358649993896326,NVDA,17.261606271861154,-0.7883937281388462,-4.367832288857874
NVDA260803C00192500,192.5,18.15,15.1,16.3,0.5502974658203126,2026-08-03,call,15.7,206.83999633789065,0.358649993896326,NVDA,14.942772705383902,-0.7572272946160972,-4.823103787363676
NVDA260803C00195000,195.0,12.46,13.3,14.05,0.5151415673828125,2026-08-03,call,13.675,206.83999633789065,0.358649993896326,NVDA,12.722840647738508,-0.9521593522614928,-6.962774056756802
NVDA260803C00197500,197.5,10.85,11.3,12.1,0.5031787963867188,2026-08-03,call,11.7,206.83999633789065,0.358649993896326,NVDA,10.633993383775532,-1.0660066162244668,-9.111167660038179
NVDA260803C00200000,200.0,9.57,9.5,9.8,0.4508111560058594,2026-08-03,call,9.65,206.83999633789065,0.358649993896326,NVDA,8.708630898972274,-0.9413691010277265,-9.755120217903901
NVDA260803C00202500,202.5,7.79,7.4,8.05,0.4379939013671875,2026-08-03,call,7.725,206.83999633789065,0.358649993896326,NVDA,6.975548633755551,-0.7494513662444486,-9.701635808989627
NVDA260803C00205000,205.0,6.1,6.1,6.45,0.4249325085449219,2026-08-03,call,6.275,206.83999633789065,0.358649993896326,NVDA,5.456183310965457,-0.8188166890345432,-13.048871538399093
NVDA260803C00207500,207.5,4.86,4.75,5.05,0.414068359375,2026-08-03,call,4.9,206.83999633789065,0.358649993896326,NVDA,4.161757370847809,-0.7382426291521913,-15.066176105146761
NVDA260803C00210000,210.0,3.8,3.7,3.85,0.4045469702148437,2026-08-03,call,3.775,206.83999633789065,0.358649993896326,NVDA,3.091953204142584,-0.683046795857416,-18.093954857150095
NVDA260803C00212500,212.5,2.78,2.75,2.85,0.3957579956054688,2026-08-03,call,2.8,206.83999633789065,0.358649993896326,NVDA,2.235355336981911,-0.5646446630180888,-20.165880822074598
NVDA260803C00215000,215.0,1.96,1.96,2.06,0.3892883337402344,2026-08-03,call,2.01,206.83999633789065,0.358649993896326,NVDA,1.5714559647781385,-0.43854403522186125,-21.818111205067726
NVDA260803C00217500,217.5,1.42,1.35,1.44,0.3830628100585937,2026-08-03,call,1.395,206.83999633789065,0.358649993896326,NVDA,1.0736770006963425,-0.3213229993036575,-23.033906760118818
NVDA260803C00220000,220.0,0.93,0.9,0.99,0.3794007373046875,2026-08-03,call,0.945,206.83999633789065,0.358649993896326,NVDA,0.7127149872676561,-0.2322850127323438,-24.580424627761253
NVDA260803C00222500,222.5,0.52,0.59,0.67,0.3776917700195312,2026-08-03,call,0.63,206.83999633789065,0.358649993896326,NVDA,0.4595746499451927,-0.1704253500548073,-27.051642865842428
NVDA260803C00225000,225.0,0.4,0.38,0.43,0.3735414208984374,2026-08-03,call,0.405,206.83999633789065,0.358649993896326,NVDA,0.2878618071296444,-0.11713819287035565,-28.923010585272994
NVDA260803C00227500,227.5,0.22,0.24,0.28,0.3735414208984374,2026-08-03,call,0.26,206.83999633789065,0.358649993896326,NVDA,0.17516341422546233,-0.08483658577453768,-32.62945606712987
NVDA260803C00230000,230.0,0.19,0.15,0.19,0.3779359082031249,2026-08-03,call,0.1699999999999999,206.83999633789065,0.358649993896326,NVDA,0.10356736721504856,-0.06643263278495135,-39.07801928526552
NVDA260803C00232500,232.5,0.13,0.11,0.13,0.3828186718749999,2026-08-03,call,0.12,206.83999633789065,0.358649993896326,NVDA,0.059518100413794794,-0.0604818995862052,-50.40158298850434
NVDA260803C00235000,235.0,0.09,0.08,0.11,0.401373173828125,2026-08-03,call,0.095,206.83999633789065,0.358649993896326,NVDA,0.033256689506291126,-0.061743310493708875,-64.99295841443039
NVDA260803C00240000,240.0,0.04,0.03,0.08,0.43555251953125,2026-08-03,call,0.055,206.83999633789065,0.358649993896326,NVDA,0.009560901090382212,-0.04543909890961779,-82.61654347203235
NVDA260803C00245000,245.0,0.04,0.01,0.06,0.4687553125,2026-08-03,call,0.0349999999999999,206.83999633789065,0.358649993896326,NVDA,0.0024703125109065693,-0.03252968748909333,-92.94196425455263
NVDA260803C00250000,250.0,0.02,0.01,0.05,0.5039112109375,2026-08-03,call,0.03,206.83999633789065,0.358649993896326,NVDA,0.0005761039142838098,-0.02942389608571619,-98.07965361905396
NVDA260803C00255000,255.0,0.03,0.02,0.05,0.5273484765625001,2026-08-03,call,0.035,206.83999633789065,0.358649993896326,NVDA,0.00012181725010474743,-0.03487818274989526,-99.65195071398644
NVDA260803C00260000,260.0,0.02,0.0,0.04,0.5390671093750001,2026-08-03,call,0.02,206.83999633789065,0.358649993896326,NVDA,2.34625486940079e-05,-0.01997653745130599,-99.88268725652996
NVDA260803C00265000,265.0,0.03,0.0,0.04,0.57812921875,2026-08-03,call,0.02,206.83999633789065,0.358649993896326,NVDA,4.135153572194946e-06,-0.019995864846427805,-99.97932423213902
NVDA260805C00160000,160.0,53.25,44.6,49.5,0.7460962890625,2026-08-05,call,47.05,206.83999633789065,0.358649993896326,NVDA,47.03715079304956,-0.012849206950434677,-0.02730968533567413
NVDA260805C00165000,165.0,49.38,38.15,45.2,1.2880894970703125,2026-08-05,call,41.675,206.83999633789065,0.358649993896326,NVDA,42.04346133632308,0.36846133632307954,0.8841303810991711
NVDA260805C00170000,170.0,44.02,33.2,40.25,1.1743205346679688,2026-08-05,call,36.725,206.83999633789065,0.358649993896326,NVDA,37.05074346148473,0.325743461484727,0.8869801538045664
NVDA260805C00175000,175.0,34.47,29.9,33.25,0.7905294384765625,2026-08-05,call,31.575,206.83999633789065,0.358649993896326,NVDA,32.06320688653659,0.4882068865365916,1.546181746750884
NVDA260805C00177500,177.5,32.49,25.9,32.9,1.0122119702148438,2026-08-05,call,29.4,206.83999633789065,0.358649993896326,NVDA,29.57545641618438,0.17545641618438168,0.5967905312393935
NVDA260805C00180000,180.0,28.27,26.85,28.35,0.5830119824218749,2026-08-05,call,27.6,206.83999633789065,0.358649993896326,NVDA,27.09665789588942,-0.5033421041105797,-1.8237032757629699
NVDA260805C00182500,182.5,27.1,24.45,25.7,0.5336960693359375,2026-08-05,call,25.075,206.83999633789065,0.358649993896326,NVDA,24.63349396388776,-0.4415060361122407,-1.7607419186928843
NVDA260805C00185000,185.0,21.25,22.1,23.65,0.5378464184570313,2026-08-05,call,22.875,206.83999633789065,0.358649993896326,NVDA,22.196012295460747,-0.678987704539253,-2.968252260280887
NVDA260805C00187500,187.5,21.03,19.8,21.55,0.5310105493164063,2026-08-05,call,20.675,206.83999633789065,0.358649993896326,NVDA,19.79830260277035,-0.8766973972296519,-4.2403743517758254
NVDA260805C00195000,195.0,14.0,13.35,14.9,0.5427291821289064,2026-08-05,call,14.125,206.83999633789065,0.358649993896326,NVDA,13.047013015640033,-1.077986984359967,-7.6317662609555175
NVDA260805C00197500,197.5,11.22,11.45,13.15,0.5417526293945314,2026-08-05,call,12.3,206.83999633789065,0.358649993896326,NVDA,11.026582041319756,-1.2734179586802448,-10.35299153398573
NVDA260805C00200000,200.0,9.45,10.3,11.1,0.5089160437011719,2026-08-05,call,10.7,206.83999633789065,0.358649993896326,NVDA,9.163809200404074,-1.536190799595925,-14.356923360709581
NVDA260805C00202500,202.5,7.4,8.0,9.0,0.4660697924804688,2026-08-05,call,8.5,206.83999633789065,0.358649993896326,NVDA,7.4800741021666965,-1.0199258978333035,-11.999128209803569
NVDA260805C00205000,205.0,7.0,6.8,7.25,0.4409235595703125,2026-08-05,call,7.025,206.83999633789065,0.358649993896326,NVDA,5.990653414594064,-1.0343465854059364,-14.723794810048915
NVDA260805C00207500,207.5,5.4,5.3,5.9,0.4338435522460938,2026-08-05,call,5.6,206.83999633789065,0.358649993896326,NVDA,4.703116491524256,-0.896883508475744,-16.015776937066857
NVDA260805C00210000,210.0,4.5,4.45,4.6,0.4191952612304687,2026-08-05,call,4.525,206.83999633789065,0.358649993896326,NVDA,3.61667729361632,-0.9083227063836805,-20.073429975329955
NVDA260805C00212500,212.5,3.08,3.4,3.55,0.4104062866210937,2026-08-05,call,3.475,206.83999633789065,0.358649993896326,NVDA,2.7225769168221206,-0.7524230831778795,-21.65246282526272
NVDA260805C00215000,215.0,2.55,2.53,2.67,0.4019835192871094,2026-08-05,call,2.6,206.83999633789065,0.358649993896326,NVDA,2.0053644514527846,-0.5946355485472155,-22.87059802104675
NVDA260805C00217500,217.5,1.9,1.85,1.97,0.395513857421875,2026-08-05,call,1.91,206.83999633789065,0.358649993896326,NVDA,1.4447882410489328,-0.46521175895106714,-24.35663659429671
NVDA260805C00220000,220.0,1.35,1.31,1.43,0.3908752319335937,2026-08-05,call,1.37,206.83999633789065,0.358649993896326,NVDA,1.0179381784613923,-0.35206182153860777,-25.697943178000564
NVDA260805C00222500,222.5,0.87,0.92,1.01,0.3862366064453124,2026-08-05,call,0.965,206.83999633789065,0.358649993896326,NVDA,0.7012963258576157,-0.26370367414238427,-27.32680561060977
NVDA260805C00225000,225.0,0.6,0.63,0.72,0.3857483300781249,2026-08-05,call,0.675,206.83999633789065,0.358649993896326,NVDA,0.47243671200906334,-0.2025632879909367,-30.00937599865729
NVDA260805C00227500,227.5,0.42,0.43,0.51,0.3862366064453124,2026-08-05,call,0.47,206.83999633789065,0.358649993896326,NVDA,0.3112313217182212,-0.15876867828177876,-33.780569847186975
NVDA260805C00230000,230.0,0.3,0.29,0.37,0.3901428173828125,2026-08-05,call,0.3299999999999999,206.83999633789065,0.358649993896326,NVDA,0.2005338160742145,-0.1294661839257854,-39.232176947207705
NVDA260805C00232500,232.5,0.21,0.2,0.27,0.3945373046875,2026-08-05,call,0.235,206.83999633789065,0.358649993896326,NVDA,0.12640091212511262,-0.10859908787488737,-46.21237781910101
NVDA260805C00235000,235.0,0.18,0.14,0.2,0.40039662109375,2026-08-05,call,0.17,206.83999633789065,0.358649993896326,NVDA,0.07796268604585332,-0.09203731395414669,-54.13959644361569
NVDA260805C00240000,240.0,0.11,0.08,0.13,0.422857333984375,2026-08-05,call,0.105,206.83999633789065,0.358649993896326,NVDA,0.027824826163310723,-0.07717517383668927,-73.50016555875169
NVDA260805C00245000,245.0,0.09,0.04,0.1,0.454107021484375,2026-08-05,call,0.07,206.83999633789065,0.358649993896326,NVDA,0.009142307049622156,-0.06085769295037785,-86.93956135768263
NVDA260805C00250000,250.0,0.08,0.02,0.08,0.48438015625,2026-08-05,call,0.05,206.83999633789065,0.358649993896326,NVDA,0.0027742028109123407,-0.04722579718908766,-94.45159437817532
NVDA260805C00255000,255.0,0.03,0.01,0.07,0.51758294921875,2026-08-05,call,0.04,206.83999633789065,0.358649993896326,NVDA,0.0007800908041270191,-0.03921990919587298,-98.04977298968245
NVDA260805C00260000,260.0,0.05,0.01,0.06,0.51562984375,2026-08-05,call,0.0349999999999999,206.83999633789065,0.358649993896326,NVDA,0.0002039758007185994,-0.0347960241992813,-99.41721199794686
NVDA260807C00065000,65.0,140.31,138.1,144.85,4.279301525878906,2026-08-07,call,141.475,206.83999633789065,0.358649993896326,NVDA,141.93608962122232,0.4610896212223281,0.32591597188360355
NVDA260807C00075000,75.0,139.29,128.1,134.95,3.824219189453125,2026-08-07,call,131.52499999999998,206.83999633789065,0.358649993896326,NVDA,131.95087320327335,0.42587320327336897,0.3237963910080738
NVDA260807C00085000,85.0,123.74,118.15,124.95,3.401856964111328,2026-08-07,call,121.55,206.83999633789065,0.358649993896326,NVDA,121.96565678532437,0.4156567853243729,0.3419636242898995
NVDA260807C00090000,90.0,124.23,113.15,119.9,3.1967793518066405,2026-08-07,call,116.525,206.83999633789065,0.358649993896326,NVDA,116.97304857634988,0.44804857634987627,0.3845085400985851
NVDA260807C00100000,100.0,115.06,103.15,109.95,2.857913011474609,2026-08-07,call,106.55,206.83999633789065,0.358649993896326,NVDA,106.9878321584009,0.4378321584009086,0.4109170890670189
NVDA260807C00110000,110.0,103.51,93.2,99.95,2.540042712402343,2026-08-07,call,96.575,206.83999633789065,0.358649993896326,NVDA,97.00261574045193,0.42761574045192674,0.442780989336709
NVDA260807C00115000,115.0,94.6,88.4,94.2,2.227543493652343,2026-08-07,call,91.3,206.83999633789065,0.358649993896326,NVDA,92.01000753147744,0.7100075314774443,0.7776643280147255
NVDA260807C00120000,120.0,84.5,83.25,90.0,2.258793415527343,2026-08-07,call,86.625,206.83999633789065,0.358649993896326,NVDA,87.01739932250297,0.3923993225029676,0.45298623088365664
NVDA260807C00125000,125.0,81.61,78.5,84.8,2.083745025024414,2026-08-07,call,81.65,206.83999633789065,0.358649993896326,NVDA,82.02479111352848,0.37479111352847383,0.45902157198833293
NVDA260807C00130000,130.0,80.05,73.5,79.8,1.953125234375,2026-08-07,call,76.65,206.83999633789065,0.358649993896326,NVDA,77.03218290455456,0.38218290455455417,0.49860783373066425
NVDA260807C00135000,135.0,72.81,68.35,74.65,1.800293967285156,2026-08-07,call,71.5,206.83999633789065,0.358649993896326,NVDA,72.0395746956157,0.5395746956156984,0.7546499239380396
NVDA260807C00140000,140.0,66.85,65.1,69.9,1.19922275390625,2026-08-07,call,67.5,206.83999633789065,0.358649993896326,NVDA,67.046966488084,-0.4530335119160043,-0.6711607583940804
NVDA260807C00145000,145.0,64.75,58.6,64.7,1.5693380908203125,2026-08-07,call,61.650000000000006,206.83999633789065,0.358649993896326,NVDA,62.054358317584786,0.40435831758478,0.6558934591805028
NVDA260807C00150000,150.0,55.95,53.6,59.85,1.4765651171875,2026-08-07,call,56.725,206.83999633789065,0.358649993896326,NVDA,57.06175081127736,0.33675081127736206,0.5936550220843756
NVDA260807C00155000,155.0,54.75,48.6,55.05,1.390628046875,2026-08-07,call,51.825,206.83999633789065,0.358649993896326,NVDA,52.0691516971786,0.24415169717859442,0.47110795403491446
NVDA260807C00160000,160.0,45.85,43.7,49.85,1.2514685864257813,2026-08-07,call,46.775000000000006,206.83999633789065,0.358649993896326,NVDA,47.07662951541991,0.30162951541990424,0.6448519837945574
NVDA260807C00165000,165.0,42.06,39.0,44.65,1.1164594958496092,2026-08-07,call,41.825,206.83999633789065,0.358649993896326,NVDA,42.08463259461999,0.2596325946199869,0.6207593415899268
NVDA260807C00170000,170.0,36.08,36.95,39.15,0.7866232275390624,2026-08-07,call,38.05,206.83999633789065,0.358649993896326,NVDA,37.09537007681712,-0.9546299231828783,-2.5088828467355544
NVDA260807C00175000,175.0,31.64,31.8,33.95,0.6684603466796877,2026-08-07,call,32.875,206.83999633789065,0.358649993896326,NVDA,32.11719234450052,-0.7578076554994766,-2.3051183437246436
NVDA260807C00180000,180.0,27.85,27.45,28.5,0.596683720703125,2026-08-07,call,27.975,206.83999633789065,0.358649993896326,NVDA,27.17467866431332,-0.8003213356866823,-2.8608448103187927
NVDA260807C00182500,182.5,23.74,25.1,25.95,0.559574716796875,2026-08-07,call,25.525,206.83999633789065,0.358649993896326,NVDA,24.732853751979746,-0.7921462480202521,-3.103413312518128
NVDA260807C00185000,185.0,22.55,22.8,23.6,0.5373581420898439,2026-08-07,call,23.200000000000003,206.83999633789065,0.358649993896326,NVDA,22.32481659759179,-0.8751834024082115,-3.772342251759532
NVDA260807C00187500,187.5,19.6,20.55,21.25,0.514653291015625,2026-08-07,call,20.9,206.83999633789065,0.358649993896326,NVDA,19.965328133910873,-0.9346718660891256,-4.472114191813998
NVDA260807C00190000,190.0,17.46,18.4,19.05,0.5007374145507812,2026-08-07,call,18.725,206.83999633789065,0.358649993896326,NVDA,17.67237353643921,-1.0526264635607916,-5.621503143181797
NVDA260807C00192500,192.5,16.35,16.3,16.95,0.5167284655761719,2026-08-07,call,16.625,206.83999633789065,0.358649993896326,NVDA,15.466541418933701,-1.1584585810662986,-6.968171916188262
NVDA260807C00195000,195.0,13.25,14.5,14.95,0.5033008654785156,2026-08-07,call,14.725,206.83999633789065,0.358649993896326,NVDA,13.369898414588903,-1.3551015854110968,-9.202727235389451
NVDA260807C00197500,197.5,12.45,12.55,12.95,0.4835256726074219,2026-08-07,call,12.75,206.83999633789065,0.358649993896326,NVDA,11.40444391538253,-1.3455560846174706,-10.553381055823298
NVDA260807C00200000,200.0,10.1,10.75,11.1,0.4681449670410156,2026-08-07,call,10.925,206.83999633789065,0.358649993896326,NVDA,9.590329308420877,-1.3346706915791238,-12.216665369145296
NVDA260807C00202500,202.5,9.2,9.05,9.4,0.4555718505859375,2026-08-07,call,9.225,206.83999633789065,0.358649993896326,NVDA,7.944093565676226,-1.2809064343237733,-13.885164599715699
NVDA260807C00205000,205.0,7.8,7.65,7.8,0.4412897668457031,2026-08-07,call,7.725,206.83999633789065,0.358649993896326,NVDA,6.477182028885977,-1.2478179711140225,-16.152983444841716
NVDA260807C00207500,207.5,6.35,6.2,6.45,0.4344538977050781,2026-08-07,call,6.325,206.83999633789065,0.358649993896326,NVDA,5.1949720324532365,-1.1300279675467637,-17.866054822873735
NVDA260807C00210000,210.0,5.2,5.05,5.2,0.4245663012695312,2026-08-07,call,5.125,206.83999633789065,0.358649993896326,NVDA,4.09643860631877,-1.0285613936812297,-20.069490608414238
NVDA260807C00212500,212.5,4.1,4.0,4.15,0.4179745703124999,2026-08-07,call,4.075,206.83999633789065,0.358649993896326,NVDA,3.1744794629593116,-0.9005205370406886,-22.098663485661067
NVDA260807C00215000,215.0,3.15,3.1,3.2,0.4080869738769531,2026-08-07,call,3.1500000000000004,206.83999633789065,0.358649993896326,NVDA,2.416808951588969,-0.7331910484110313,-23.275906298762898
NVDA260807C00217500,217.5,2.43,2.37,2.44,0.401373173828125,2026-08-07,call,2.405,206.83999633789065,0.358649993896326,NVDA,1.8072497367353222,-0.5977502632646776,-24.8544808010261
NVDA260807C00220000,220.0,1.8,1.76,1.83,0.3958800646972656,2026-08-07,call,1.795,206.83999633789065,0.358649993896326,NVDA,1.327212394058094,-0.46778760594190594,-26.060590860273315
NVDA260807C00222500,222.5,1.31,1.3,1.35,0.3913635083007812,2026-08-07,call,1.3250000000000002,206.83999633789065,0.358649993896326,NVDA,0.9571582668722378,-0.36784173312776236,-27.761640236057534
NVDA260807C00225000,225.0,0.94,0.94,0.98,0.387701435546875,2026-08-07,call,0.96,206.83999633789065,0.358649993896326,NVDA,0.6778806807391646,-0.28211931926083533,-29.38742908967035
NVDA260807C00227500,227.5,0.7,0.67,0.72,0.387701435546875,2026-08-07,call,0.6950000000000001,206.83999633789065,0.358649993896326,NVDA,0.4714989229052904,-0.22350107709470968,-32.15842835895103
NVDA260807C00230000,230.0,0.49,0.49,0.52,0.3872131591796874,2026-08-07,call,0.505,206.83999633789065,0.358649993896326,NVDA,0.3221223925095842,-0.18287760749041582,-36.21338762186452
NVDA260807C00232500,232.5,0.36,0.35,0.38,0.3889221264648437,2026-08-07,call,0.365,206.83999633789065,0.358649993896326,NVDA,0.21619636760119754,-0.14880363239880245,-40.76811846542533
NVDA260807C00235000,235.0,0.26,0.25,0.29,0.3945373046875,2026-08-07,call,0.27,206.83999633789065,0.358649993896326,NVDA,0.14257856930392876,-0.12742143069607126,-47.19312248002639
NVDA260807C00237500,237.5,0.21,0.19,0.22,0.3999083447265625,2026-08-07,call,0.205,206.83999633789065,0.358649993896326,NVDA,0.09241521151885923,-0.11258478848114076,-54.91940901519061
NVDA260807C00240000,240.0,0.17,0.15,0.18,0.4101621484375,2026-08-07,call,0.1649999999999999,206.83999633789065,0.358649993896326,NVDA,0.05888875590840703,-0.10611124409159287,-64.30984490399571
NVDA260807C00245000,245.0,0.1,0.1,0.13,0.4335994140625,2026-08-07,call,0.115,206.83999633789065,0.358649993896326,NVDA,0.022746731811958076,-0.09225326818804193,-80.22023320699297
NVDA260807C00250000,250.0,0.08,0.06,0.1,0.45898978515625,2026-08-07,call,0.08,206.83999633789065,0.358649993896326,NVDA,0.008237532953440763,-0.07176246704655924,-89.70308380819904
NVDA260807C00255000,255.0,0.08,0.05,0.07,0.476567734375,2026-08-07,call,0.06,206.83999633789065,0.358649993896326,NVDA,0.0028042701026856354,-0.05719572989731436,-95.32621649552394
NVDA260807C00260000,260.0,0.05,0.04,0.06,0.5039112109375,2026-08-07,call,0.05,206.83999633789065,0.358649993896326,NVDA,0.0008998570610356457,-0.04910014293896436,-98.2002858779287
NVDA260807C00265000,265.0,0.05,0.02,0.06,0.51562984375,2026-08-07,call,0.04,206.83999633789065,0.358649993896326,NVDA,0.0002729303381027691,-0.039727069661897235,-99.31767415474309
NVDA260807C00270000,270.0,0.02,0.02,0.05,0.5429733203125001,2026-08-07,call,0.035,206.83999633789065,0.358649993896326,NVDA,7.845788875860283e-05,-0.0349215421112414,-99.77583460354684
NVDA260807C00275000,275.0,0.03,0.01,0.05,0.5664105859375,2026-08-07,call,0.03,206.83999633789065,0.358649993896326,NVDA,2.1433108358283456e-05,-0.029978566891641717,-99.9285563054724
NVDA260807C00280000,280.0,0.02,0.01,0.03,0.5742230078125,2026-08-07,call,0.02,206.83999633789065,0.358649993896326,NVDA,5.578547676337935e-06,-0.019994421452323663,-99.97210726161832
NVDA260807C00285000,285.0,0.03,0.01,0.04,0.6171913281250001,2026-08-07,call,0.025,206.83999633789065,0.358649993896326,NVDA,1.3868487254946321e-06,-0.024998613151274506,-99.99445260509802
NVDA260807C00290000,290.0,0.02,0.01,0.03,0.632816171875,2026-08-07,call,0.02,206.83999633789065,0.358649993896326,NVDA,3.301040577988887e-07,-0.0199996698959422,-99.998349479711
NVDA260807C00295000,295.0,0.02,0.0,0.03,0.64062859375,2026-08-07,call,0.015,206.83999633789065,0.358649993896326,NVDA,7.540218334329751e-08,-0.014999924597816657,-99.99949731877771
NVDA260807C00300000,300.0,0.02,0.0,0.03,0.6718782812500002,2026-08-07,call,0.015,206.83999633789065,0.358649993896326,NVDA,1.6564590429282926e-08,-0.014999983435409571,-99.99988956939714
NVDA260807C00305000,305.0,0.03,0.0,0.03,0.6953155468750001,2026-08-07,call,0.015,206.83999633789065,0.358649993896326,NVDA,3.5071056113734424e-09,-0.014999996492894388,-99.99997661929592
NVDA260807C00310000,310.0,0.02,0.0,0.03,0.726565234375,2026-08-07,call,0.015,206.83999633789065,0.358649993896326,NVDA,7.170542346486832e-10,-0.014999999282945764,-99.99999521963842
NVDA260807C00315000,315.0,0.02,0.0,0.02,0.7187528125,2026-08-07,call,0.01,206.83999633789065,0.358649993896326,NVDA,1.4184403327308416e-10,-0.009999999858155967,-99.99999858155967
NVDA260807C00320000,320.0,0.03,0.0,0.02,0.7500025,2026-08-07,call,0.01,206.83999633789065,0.358649993896326,NVDA,2.719603793945402e-11,-0.009999999972803963,-99.99999972803964
NVDA260807C00325000,325.0,0.05,0.0,0.02,0.7656273437500001,2026-08-07,call,0.01,206.83999633789065,0.358649993896326,NVDA,5.062623656947465e-12,-0.009999999994937376,-99.99999994937376
NVDA260807C00330000,330.0,0.04,0.0,0.02,0.79687703125,2026-08-07,call,0.01,206.83999633789065,0.358649993896326,NVDA,9.164802388784184e-13,-0.00999999999908352,-99.99999999083519
NVDA260807C00335000,335.0,0.07,0.0,0.02,0.8125018749999999,2026-08-07,call,0.01,206.83999633789065,0.358649993896326,NVDA,1.6158977748034327e-13,-0.00999999999983841,-99.9999999983841
NVDA260807C00340000,340.0,0.01,0.0,0.02,0.8437515624999999,2026-08-07,call,0.01,206.83999633789065,0.358649993896326,NVDA,2.7789418234338205e-14,-0.00999999999997221,-99.9999999997221
NVDA260807C00345000,345.0,0.02,0.0,0.02,0.85937640625,2026-08-07,call,0.01,206.83999633789065,0.358649993896326,NVDA,4.6678689975908496e-15,-0.009999999999995332,-99.99999999995332
NVDA260807C00350000,350.0,0.01,0.0,0.02,0.8906260937499999,2026-08-07,call,0.01,206.83999633789065,0.358649993896326,NVDA,7.668305261151635e-16,-0.009999999999999233,-99.99999999999233
NVDA260807C00360000,360.0,0.01,0.0,0.02,0.92187578125,2026-08-07,call,0.01,206.83999633789065,0.358649993896326,NVDA,1.9454144188548084e-17,-0.009999999999999981,-99.99999999999982
NVDA260807C00370000,370.0,0.01,0.0,0.02,0.9687503125,2026-08-07,call,0.01,206.83999633789065,0.358649993896326,NVDA,4.579339132316668e-19,-0.01,-100.0
NVDA260807C00380000,380.0,0.02,0.0,0.02,1.015629921875,2026-08-07,call,0.01,206.83999633789065,0.358649993896326,NVDA,1.0084620732143329e-20,-0.01,-100.0
NVDA260807C00400000,400.0,0.01,0.0,0.02,1.078129609375,2026-08-07,call,0.01,206.83999633789065,0.358649993896326,NVDA,4.1227732865161855e-24,-0.01,-100.0
NVDA260803P00135000,135.0,0.02,0.01,0.05,1.015629921875,2026-08-03,put,0.03,206.83999633789065,0.358649993896326,NVDA,4.273961211953196e-16,-0.029999999999999572,-99.99999999999858
NVDA260803P00140000,140.0,0.05,0.01,0.05,0.9335944140625,2026-08-03,put,0.03,206.83999633789065,0.358649993896326,NVDA,1.0147916960262067e-13,-0.02999999999989852,-99.99999999966174
NVDA260803P00150000,150.0,0.03,0.03,0.05,0.8085956640624999,2026-08-03,put,0.04,206.83999633789065,0.358649993896326,NVDA,9.374418376025609e-10,-0.03999999906255816,-99.99999765639541
NVDA260803P00155000,155.0,0.06,0.05,0.09,0.7832052929687501,2026-08-03,put,0.07,206.83999633789065,0.358649993896326,NVDA,4.0769225848385826e-08,-0.06999995923077416,-99.9999417582488
NVDA260803P00160000,160.0,0.07,0.07,0.12,0.73437765625,2026-08-03,put,0.095,206.83999633789065,0.358649993896326,NVDA,1.1147329067394922e-06,-0.09499888526709326,-99.99882659694028
NVDA260803P00165000,165.0,0.09,0.11,0.15,0.6865265722656251,2026-08-03,put,0.13,206.83999633789065,0.358649993896326,NVDA,1.999544517790417e-05,-0.1299800045548221,-99.98461888832469
NVDA260803P00170000,170.0,0.1,0.16,0.2,0.63867548828125,2026-08-03,put,0.18,206.83999633789065,0.358649993896326,NVDA,0.00024458570610706026,-0.17975541429389294,-99.86411905216275
NVDA260803P00172500,172.5,0.24,0.19,0.24,0.6162147753906251,2026-08-03,put,0.215,206.83999633789065,0.358649993896326,NVDA,0.0007493909231888057,-0.2142506090768112,-99.65144608223777
NVDA260803P00175000,175.0,0.23,0.23,0.28,0.5927775097656252,2026-08-03,put,0.255,206.83999633789065,0.358649993896326,NVDA,0.0021140900888828307,-0.25288590991111715,-99.1709450631832
NVDA260803P00177500,177.5,0.21,0.29,0.33,0.5712933496093751,2026-08-03,put,0.31,206.83999633789065,0.358649993896326,NVDA,0.005513630336649034,-0.30448636966335096,-98.22140956882289
NVDA260803P00180000,180.0,0.2,0.36,0.4,0.5502974658203126,2026-08-03,put,0.38,206.83999633789065,0.358649993896326,NVDA,0.01334623240036148,-0.3666537675996385,-96.48783357885225
NVDA260803P00182500,182.5,0.49,0.44,0.49,0.5288133056640626,2026-08-03,put,0.4649999999999999,206.83999633789065,0.358649993896326,NVDA,0.030098713534656207,-0.4349012864653437,-93.52715837964382
NVDA260803P00185000,185.0,0.61,0.55,0.61,0.5092822509765625,2026-08-03,put,0.5800000000000001,206.83999633789065,0.358649993896326,NVDA,0.06347856271843755,-0.5165214372815625,-89.05542022095905
NVDA260803P00187500,187.5,0.74,0.7,0.76,0.4960987890625,2026-08-03,put,0.73,206.83999633789065,0.358649993896326,NVDA,0.12565639802344197,-0.604343601976558,-82.78679479130932
NVDA260803P00190000,190.0,0.98,0.89,0.96,0.4782767016601562,2026-08-03,put,0.925,206.83999633789065,0.358649993896326,NVDA,0.23430505840823734,-0.6906949415917627,-74.66972341532569
NVDA260803P00192500,192.5,1.36,1.15,1.24,0.4636284106445312,2026-08-03,put,1.1949999999999998,206.83999633789065,0.358649993896326,NVDA,0.41300695409464794,-0.7819930459053519,-65.43874861132653
NVDA260803P00195000,195.0,1.56,1.5,1.56,0.4448297705078124,2026-08-03,put,1.53,206.83999633789065,0.358649993896326,NVDA,0.6906103586128829,-0.8393896413871171,-54.86206806451746
NVDA260803P00197500,197.5,2.21,1.93,2.04,0.4338435522460938,2026-08-03,put,1.985,206.83999633789065,0.358649993896326,NVDA,1.0992985568135794,-0.8857014431864207,-44.6197200597693
NVDA260803P00200000,200.0,2.62,2.5,2.61,0.41992767578125,2026-08-03,put,2.555,206.83999633789065,0.358649993896326,NVDA,1.6714715341739534,-0.8835284658260467,-34.58037048242844
NVDA260803P00202500,202.5,3.45,3.2,3.35,0.4084531811523437,2026-08-03,put,3.2750000000000004,206.83999633789065,0.358649993896326,NVDA,2.435924731120892,-0.8390752688791085,-25.620618897072013
NVDA260803P00205000,205.0,4.45,4.15,4.25,0.3967345483398438,2026-08-03,put,4.2,206.83999633789065,0.358649993896326,NVDA,3.4140948704944662,-0.7859051295055339,-18.712026892988902
NVDA260803P00207500,207.5,6.0,5.25,5.65,0.4095518029785155,2026-08-03,put,5.45,206.83999633789065,0.358649993896326,NVDA,4.617204392540486,-0.8327956074595138,-15.280653347880985
NVDA260803P00210000,210.0,7.39,6.5,7.0,0.4036924865722656,2026-08-03,put,6.75,206.83999633789065,0.358649993896326,NVDA,6.044935687998915,-0.7050643120010847,-10.445397214830884
NVDA260803P00212500,212.5,8.75,7.8,8.55,0.3991759301757813,2026-08-03,put,8.175,206.83999633789065,0.358649993896326,NVDA,7.685873283001882,-0.4891267169981184,-5.983201431169643
NVDA260803P00215000,215.0,10.83,9.5,10.25,0.3920959228515625,2026-08-03,put,9.875,206.83999633789065,0.358649993896326,NVDA,9.519509372961778,-0.3554906270382219,-3.599905083931361
NVDA260803P00217500,217.5,13.04,11.2,12.55,0.4294490649414063,2026-08-03,put,11.875,206.83999633789065,0.358649993896326,NVDA,11.519265871043615,-0.3557341289563851,-2.9956558227906114
NVDA260803P00220000,220.0,14.68,13.25,14.15,0.3796448754882812,2026-08-03,put,13.7,206.83999633789065,0.358649993896326,NVDA,13.655839319778607,-0.04416068022139186,-0.3223407315430063
NVDA260803P00222500,222.5,16.93,15.4,16.85,0.4506890869140625,2026-08-03,put,16.125,206.83999633789065,0.358649993896326,NVDA,15.90023444461977,-0.22476555538023035,-1.3938949170866999
NVDA260803P00227500,227.5,18.2,20.4,21.5,0.4858449853515625,2026-08-03,put,20.95,206.83999633789065,0.358649993896326,NVDA,20.61089413322736,-0.33910586677263765,-1.6186437554779842
NVDA260803P00230000,230.0,20.86,20.4,27.25,0.9057626611328125,2026-08-03,put,23.825,206.83999633789065,0.358649993896326,NVDA,23.0368335483806,-0.7881664516194,-3.308148800081427
NVDA260803P00235000,235.0,25.73,26.45,30.7,0.5097705273437501,2026-08-03,put,28.575,206.83999633789065,0.358649993896326,NVDA,27.961593794999146,-0.6134062050008531,-2.146653385829757
NVDA260803P00240000,240.0,32.0,30.3,37.3,0.629886513671875,2026-08-03,put,33.8,206.83999633789065,0.358649993896326,NVDA,32.93296893091056,-0.8670310690894354,-2.565180677779395
NVDA260805P00135000,135.0,0.2,0.02,0.08,0.9687503125,2026-08-05,put,0.05,206.83999633789065,0.358649993896326,NVDA,3.762340119990951e-13,-0.04999999999962377,-99.99999999924754
NVDA260805P00140000,140.0,0.06,0.03,0.09,0.91211025390625,2026-08-05,put,0.06,206.83999633789065,0.358649993896326,NVDA,3.108172657185119e-11,-0.05999999996891827,-99.99999994819711
NVDA260805P00150000,150.0,0.07,0.06,0.11,0.79883013671875,2026-08-05,put,0.0849999999999999,206.83999633789065,0.358649993896326,NVDA,5.007021199344788e-08,-0.0849999499297879,-99.99994109386824
NVDA260805P00155000,155.0,0.11,0.08,0.14,0.75195560546875,2026-08-05,put,0.11,206.83999633789065,0.358649993896326,NVDA,1.0676853456838042e-06,-0.10999893231465431,-99.99902937695846
NVDA260805P00160000,160.0,0.11,0.11,0.18,0.7050810742187501,2026-08-05,put,0.145,206.83999633789065,0.358649993896326,NVDA,1.5730028636371093e-05,-0.14498426997136363,-99.98915170438872
NVDA260805P00165000,165.0,0.2,0.16,0.23,0.6611362011718751,2026-08-05,put,0.195,206.83999633789065,0.358649993896326,NVDA,0.0001656881418117609,-0.19483431185818825,-99.91503172214782
NVDA260805P00170000,170.0,0.26,0.23,0.3,0.6171913281250001,2026-08-05,put,0.265,206.83999633789065,0.358649993896326,NVDA,0.0012872281431474814,-0.26371277185685255,-99.51425353088776
NVDA260805P00175000,175.0,0.38,0.35,0.41,0.57812921875,2026-08-05,put,0.38,206.83999633789065,0.358649993896326,NVDA,0.007590068034685371,-0.37240993196531463,-98.0026136750828
NVDA260805P00177500,177.5,0.27,0.43,0.49,0.5600629931640625,2026-08-05,put,0.4599999999999999,206.83999633789065,0.358649993896326,NVDA,0.016759305102291955,-0.44324069489770795,-96.35667280384958
NVDA260805P00180000,180.0,0.6,0.52,0.6,0.5419967675781252,2026-08-05,put,0.56,206.83999633789065,0.358649993896326,NVDA,0.03488049222720013,-0.5251195077727999,-93.77134067371426
NVDA260805P00182500,182.5,0.61,0.65,0.73,0.52539537109375,2026-08-05,put,0.69,206.83999633789065,0.358649993896326,NVDA,0.06863626764537534,-0.6213637323546246,-90.05271483400358
NVDA260805P00185000,185.0,0.82,0.81,0.89,0.508793974609375,2026-08-05,put,0.8500000000000001,206.83999633789065,0.358649993896326,NVDA,0.1280743066382124,-0.7219256933617877,-84.93243451315149
NVDA260805P00187500,187.5,1.15,1.0,1.11,0.5009815527343751,2026-08-05,put,1.0550000000000002,206.83999633789065,0.358649993896326,NVDA,0.2272843213676321,-0.8277156786323681,-78.45646242960834
NVDA260805P00190000,190.0,1.41,1.26,1.37,0.485356708984375,2026-08-05,put,1.315,206.83999633789065,0.358649993896326,NVDA,0.3846898068874989,-0.9303101931125011,-70.74602228992404
NVDA260805P00192500,192.5,1.69,1.6,1.72,0.4729056616210937,2026-08-05,put,1.66,206.83999633789065,0.358649993896326,NVDA,0.622725061521038,-1.037274938478962,-62.4864420770459
NVDA260805P00195000,195.0,2.2,2.01,2.13,0.4585015087890626,2026-08-05,put,2.07,206.83999633789065,0.358649993896326,NVDA,0.9667538564968439,-1.103246143503156,-53.29691514508001
NVDA260805P00197500,197.5,2.65,2.53,2.68,0.4483697741699218,2026-08-05,put,2.605,206.83999633789065,0.358649993896326,NVDA,1.4432425895964016,-1.1617574104035984,-44.597213451193795
NVDA260805P00200000,200.0,3.66,3.15,3.3,0.4346980358886719,2026-08-05,put,3.225,206.83999633789065,0.358649993896326,NVDA,2.077389456100569,-1.147610543899431,-35.58482306664902
NVDA260805P00202500,202.5,4.19,3.95,4.1,0.4250545776367188,2026-08-05,put,4.025,206.83999633789065,0.358649993896326,NVDA,2.8905740652830474,-1.134425934716953,-28.184495272470876
NVDA260805P00205000,205.0,5.6,4.85,5.05,0.4155331884765625,2026-08-05,put,4.949999999999999,206.83999633789065,0.358649993896326,NVDA,3.8980730851302496,-1.0519269148697497,-21.25104878524747
NVDA260805P00207500,207.5,6.5,5.95,6.5,0.429693203125,2026-08-05,put,6.225,206.83999633789065,0.358649993896326,NVDA,5.107455869480276,-1.1175441305197236,-17.952516152927288
NVDA260805P00210000,210.0,8.2,7.2,7.8,0.4220028503417968,2026-08-05,put,7.5,206.83999633789065,0.358649993896326,NVDA,6.517936378992147,-0.9820636210078533,-13.094181613438044
NVDA260805P00212500,212.5,9.75,8.55,9.35,0.4206600903320313,2026-08-05,put,8.95,206.83999633789065,0.358649993896326,NVDA,8.12075570961781,-0.8292442903821886,-9.265299333879202
NVDA260805P00215000,215.0,10.55,10.2,11.0,0.4155331884765625,2026-08-05,put,10.6,206.83999633789065,0.358649993896326,NVDA,9.900462951668317,-0.699537048331683,-6.599406116336631
NVDA260805P00217500,217.5,13.4,12.0,12.85,0.4149228430175781,2026-08-05,put,12.425,206.83999633789065,0.358649993896326,NVDA,11.836806448684314,-0.5881935513156868,-4.733952123265086
NVDA260805P00220000,220.0,13.0,14.0,15.2,0.450200810546875,2026-08-05,put,14.6,206.83999633789065,0.358649993896326,NVDA,13.906876093516587,-0.6931239064834127,-4.747424017009676
NVDA260805P00222500,222.5,15.0,16.1,17.4,0.4665580688476562,2026-08-05,put,16.75,206.83999633789065,0.358649993896326,NVDA,16.087153948332656,-0.6628460516673442,-3.9572898607005627
NVDA260805P00230000,230.0,20.28,22.25,24.25,0.5107470800781251,2026-08-05,put,23.25,206.83999633789065,0.358649993896326,NVDA,23.077150560808775,-0.17284943919122497,-0.7434384481343009
NVDA260805P00232500,232.5,22.64,24.95,29.8,0.6264685791015626,2026-08-05,put,27.375,206.83999633789065,0.358649993896326,NVDA,25.499937364279504,-1.8750626357204965,-6.849543874778069
NVDA260805P00275000,275.0,68.23,65.25,72.3,0.9345709667968748,2026-08-05,put,68.775,206.83999633789065,0.358649993896326,NVDA,67.82117391817727,-0.95382608182274,-1.3868790720795927
NVDA260807P00050000,50.0,0.01,0.0,0.02,2.3750040624999995,2026-08-07,put,0.01,206.83999633789065,0.358649993896326,NVDA,9.909051487520999e-107,-0.01,-100.0
NVDA260807P00055000,55.0,0.04,0.0,0.02,2.2187544531249994,2026-08-07,put,0.01,206.83999633789065,0.358649993896326,NVDA,3.333017466245592e-93,-0.01,-100.0
NVDA260807P00060000,60.0,0.01,0.0,0.02,2.0937547656249995,2026-08-07,put,0.01,206.83999633789065,0.358649993896326,NVDA,1.1510209862484175e-81,-0.01,-100.0
NVDA260807P00065000,65.0,0.04,0.0,0.03,2.031254921875,2026-08-07,put,0.015,206.83999633789065,0.358649993896326,NVDA,9.824881308744011e-72,-0.015,-100.0
NVDA260807P00070000,70.0,0.01,0.0,0.03,1.90625046875,2026-08-07,put,0.015,206.83999633789065,0.358649993896326,NVDA,4.019952451700912e-63,-0.015,-100.0
NVDA260807P00075000,75.0,0.02,0.0,0.03,1.78125109375,2026-08-07,put,0.015,206.83999633789065,0.358649993896326,NVDA,1.3130208541177084e-55,-0.015,-100.0
NVDA260807P00080000,80.0,0.02,0.0,0.03,1.671876640625,2026-08-07,put,0.015,206.83999633789065,0.358649993896326,NVDA,5.107150628680047e-49,-0.015,-100.0
NVDA260807P00085000,85.0,0.03,0.0,0.04,1.609376953125,2026-08-07,put,0.02,206.83999633789065,0.358649993896326,NVDA,3.2531967452279458e-43,-0.02,-100.0
NVDA260807P00090000,90.0,0.15,0.0,0.04,1.515627421875,2026-08-07,put,0.02,206.83999633789065,0.358649993896326,NVDA,4.3895242555875533e-38,-0.02,-100.0
NVDA260807P00095000,95.0,0.01,0.01,0.04,1.453127734375,2026-08-07,put,0.025,206.83999633789065,0.358649993896326,NVDA,1.5483073771473173e-33,-0.025,-100.0
NVDA260807P00100000,100.0,0.02,0.01,0.04,1.359378203125,2026-08-07,put,0.025,206.83999633789065,0.358649993896326,NVDA,1.6987419959173782e-29,-0.025,-100.0
NVDA260807P00105000,105.0,0.03,0.02,0.04,1.2968785156249998,2026-08-07,put,0.03,206.83999633789065,0.358649993896326,NVDA,6.702382932532618e-26,-0.03,-100.0
NVDA260807P00110000,110.0,0.05,0.02,0.05,1.234378828125,2026-08-07,put,0.035,206.83999633789065,0.358649993896326,NVDA,1.074483523373867e-22,-0.035,-100.0
NVDA260807P00115000,115.0,0.05,0.02,0.04,1.1328168359375002,2026-08-07,put,0.03,206.83999633789065,0.358649993896326,NVDA,7.763322308845994e-20,-0.03,-100.0
NVDA260807P00120000,120.0,0.04,0.02,0.04,1.0546922265625,2026-08-07,put,0.03,206.83999633789065,0.358649993896326,NVDA,2.7621742534781198e-17,-0.02999999999999997,-99.99999999999991
NVDA260807P00125000,125.0,0.04,0.04,0.05,1.0234423828125,2026-08-07,put,0.045,206.83999633789065,0.358649993896326,NVDA,5.223139406646915e-15,-0.04499999999999477,-99.99999999998839
NVDA260807P00130000,130.0,0.04,0.04,0.07,0.9726565234375,2026-08-07,put,0.055,206.83999633789065,0.358649993896326,NVDA,5.607684221791293e-13,-0.054999999999439234,-99.99999999898043
NVDA260807P00135000,135.0,0.07,0.04,0.08,0.9101571484375,2026-08-07,put,0.06,206.83999633789065,0.358649993896326,NVDA,3.6209126254187325e-11,-0.05999999996379087,-99.99999993965145
NVDA260807P00140000,140.0,0.08,0.06,0.09,0.86132951171875,2026-08-07,put,0.075,206.83999633789065,0.358649993896326,NVDA,1.47898837285839e-09,-0.07499999852101162,-99.9999980280155
NVDA260807P00145000,145.0,0.08,0.08,0.11,0.8164080859374999,2026-08-07,put,0.095,206.83999633789065,0.358649993896326,NVDA,3.9954260421210564e-08,-0.09499996004573957,-99.99995794288375
NVDA260807P00150000,150.0,0.09,0.1,0.14,0.7695335546875001,2026-08-07,put,0.12,206.83999633789065,0.358649993896326,NVDA,7.426212913945799e-07,-0.1199992573787086,-99.99938114892385
NVDA260807P00155000,155.0,0.14,0.14,0.17,0.725588681640625,2026-08-07,put,0.155,206.83999633789065,0.358649993896326,NVDA,9.837497049432382e-06,-0.15499016250295056,-99.99365322771003
NVDA260807P00160000,160.0,0.19,0.18,0.22,0.6816438085937502,2026-08-07,put,0.2,206.83999633789065,0.358649993896326,NVDA,9.586471284711746e-05,-0.1999041352871529,-99.95206764357644
NVDA260807P00165000,165.0,0.27,0.25,0.29,0.641605146484375,2026-08-07,put,0.27,206.83999633789065,0.358649993896326,NVDA,0.0007071528874074209,-0.2692928471125926,-99.73809152318243
NVDA260807P00170000,170.0,0.38,0.35,0.38,0.6020547607421877,2026-08-07,put,0.365,206.83999633789065,0.358649993896326,NVDA,0.0040528440590373305,-0.36094715594096266,-98.8896317646473
NVDA260807P00175000,175.0,0.51,0.49,0.52,0.5644574804687501,2026-08-07,put,0.505,206.83999633789065,0.358649993896326,NVDA,0.018483320716876972,-0.48651667928312303,-96.33993649170753
NVDA260807P00180000,180.0,0.73,0.7,0.74,0.5293015820312501,2026-08-07,put,0.72,206.83999633789065,0.358649993896326,NVDA,0.06857784950420998,-0.65142215049579,-90.47529867997083
NVDA260807P00182500,182.5,0.94,0.85,0.89,0.5131884619140624,2026-08-07,put,0.87,206.83999633789065,0.358649993896326,NVDA,0.1230570416578658,-0.7469429583421342,-85.85551245311888
NVDA260807P00185000,185.0,1.05,1.03,1.08,0.5009815527343751,2026-08-07,put,1.0550000000000002,206.83999633789065,0.358649993896326,NVDA,0.21132399175714855,-0.8436760082428516,-79.969289880839
NVDA260807P00187500,187.5,1.39,1.27,1.32,0.4868215380859375,2026-08-07,put,1.295,206.83999633789065,0.358649993896326,NVDA,0.34813963256349645,-0.9468603674365035,-73.11663069007749
NVDA260807P00190000,190.0,1.68,1.57,1.62,0.4735160070800781,2026-08-07,put,1.5950000000000002,206.83999633789065,0.358649993896326,NVDA,0.5514891395790826,-1.0435108604209176,-65.42387839629576
NVDA260807P00192500,192.5,2.03,1.94,2.01,0.4626518579101563,2026-08-07,put,1.975,206.83999633789065,0.358649993896326,NVDA,0.841961126560836,-1.133038873439164,-57.36905688299565
NVDA260807P00195000,195.0,2.49,2.41,2.49,0.4525201232910156,2026-08-07,put,2.45,206.83999633789065,0.358649993896326,NVDA,1.2416222267032353,-1.2083777732967649,-49.32154176721489
NVDA260807P00197500,197.5,3.05,2.96,3.05,0.4411676977539062,2026-08-07,put,3.005,206.83999633789065,0.358649993896326,NVDA,1.772471831984106,-1.232528168015894,-41.01591241317451
NVDA260807P00200000,200.0,3.65,3.65,3.75,0.4321345849609375,2026-08-07,put,3.7,206.83999633789065,0.358649993896326,NVDA,2.454661329509733,-1.2453386704902671,-33.65780190514236
NVDA260807P00202500,202.5,4.77,4.45,4.6,0.4246883703613281,2026-08-07,put,4.525,206.83999633789065,0.358649993896326,NVDA,3.3047296912522626,-1.2202703087477378,-26.967299640833982
NVDA260807P00205000,205.0,5.6,5.4,5.55,0.4148007739257812,2026-08-07,put,5.475,206.83999633789065,0.358649993896326,NVDA,4.334122258949307,-1.1408777410506925,-20.837949608231828
NVDA260807P00207500,207.5,6.6,6.5,6.65,0.4049131774902343,2026-08-07,put,6.575,206.83999633789065,0.358649993896326,NVDA,5.548216367003803,-1.0267836329961968,-15.616481110208316
NVDA260807P00210000,210.0,7.9,7.8,8.05,0.4045469702148437,2026-08-07,put,7.925000000000001,206.83999633789065,0.358649993896326,NVDA,6.945987045356588,-0.9790129546434123,-12.353475768371132
NVDA260807P00212500,212.5,10.2,9.2,9.7,0.4106504248046875,2026-08-07,put,9.45,206.83999633789065,0.358649993896326,NVDA,8.520332006484352,-0.9296679935156469,-9.837756545139122
NVDA260807P00215000,215.0,10.95,10.75,11.05,0.3858703991699218,2026-08-07,put,10.9,206.83999633789065,0.358649993896326,NVDA,10.258965599601254,-0.6410344003987465,-5.881049544942628
NVDA260807P00217500,217.5,10.5,12.35,13.2,0.4091855957031249,2026-08-07,put,12.775,206.83999633789065,0.358649993896326,NVDA,12.145710489234858,-0.6292895107651422,-4.92594528974671
NVDA260807P00220000,220.0,15.88,14.45,15.0,0.3967345483398438,2026-08-07,put,14.725,206.83999633789065,0.358649993896326,NVDA,14.161977251044874,-0.5630227489551256,-3.8235840336511075
NVDA260807P00222500,222.5,18.19,16.15,17.25,0.415044912109375,2026-08-07,put,16.7,206.83999633789065,0.358649993896326,NVDA,16.288227228346273,-0.4117727716537267,-2.4657052194833935
NVDA260807P00225000,225.0,19.8,18.3,19.45,0.422857333984375,2026-08-07,put,18.875,206.83999633789065,0.358649993896326,NVDA,18.50525374670042,-0.36974625329958144,-1.9589205472825506
NVDA260807P00230000,230.0,20.71,22.9,24.05,0.4438532177734374,2026-08-07,put,23.475,206.83999633789065,0.358649993896326,NVDA,23.142103667445355,-0.3328963325546468,-1.4180887435767702
NVDA260807P00235000,235.0,28.17,27.75,30.1,0.6351354846191408,2026-08-07,put,28.925,206.83999633789065,0.358649993896326,NVDA,27.95516805321418,-0.9698319467858205,-3.352919435733174
NVDA260807P00240000,240.0,37.65,32.65,34.8,0.5097705273437501,2026-08-07,put,33.724999999999994,206.83999633789065,0.358649993896326,NVDA,32.8640864487931,-0.8609135512068917,-2.552745889419991
NVDA260807P00245000,245.0,40.8,36.1,40.0,0.7551294018554688,2026-08-07,put,38.05,206.83999633789065,0.358649993896326,NVDA,37.820552633671156,-0.22944736632884144,-0.6030154174213967
NVDA260807P00250000,250.0,36.37,41.4,45.0,0.8159198095703124,2026-08-07,put,43.2,206.83999633789065,0.358649993896326,NVDA,42.79865164378711,-0.40134835621289255,-0.9290471208631771
NVDA260807P00260000,260.0,56.7,52.65,55.0,0.735354208984375,2026-08-07,put,53.825,206.83999633789065,0.358649993896326,NVDA,52.7765303858437,-1.0484696141563035,-1.9479231103693515
NVDA260807P00285000,285.0,78.0,77.6,79.75,0.9145516357421876,2026-08-07,put,78.675,206.83999633789065,0.358649993896326,NVDA,77.73867296050383,-0.9363270394961631,-1.1901201645963306
NVDA260807P00290000,290.0,92.6,82.65,85.0,0.99804689453125,2026-08-07,put,83.825,206.83999633789065,0.358649993896326,NVDA,82.73128011273369,-1.0937198872663174,-1.304765746813382
NVDA260807P00390000,390.0,182.58,181.2,185.0,1.9624025317382812,2026-08-07,put,183.1,206.83999633789065,0.358649993896326,NVDA,182.58344396211933,-0.5165560378806617,-0.28211689671254053
JNJ260821C00150000,150.0,81.2,0.0,0.0,1.0000000000000004e-05,2026-08-21,call,81.2,263.3999938964844,0.1811112471439543,JNJ,113.88004600465976,32.68004600465976,40.24636207470414
JNJ260821C00155000,155.0,76.4,0.0,0.0,1.0000000000000004e-05,2026-08-21,call,76.4,263.3999938964844,0.1811112471439543,JNJ,108.89604774159895,32.49604774159894,42.53409390261641
JNJ260821C00160000,160.0,73.25,86.05,89.65,1.0000000000000004e-05,2026-08-21,call,87.85,263.3999938964844,0.1811112471439543,JNJ,103.91204947853811,16.062049478538114,18.283493999474235
JNJ260821C00165000,165.0,68.25,80.95,84.75,1.0000000000000004e-05,2026-08-21,call,82.85,263.3999938964844,0.1811112471439543,JNJ,98.9280512154773,16.078051215477302,19.406217520189863
JNJ260821C00170000,170.0,63.35,76.15,79.65,1.0000000000000004e-05,2026-08-21,call,77.9,263.3999938964844,0.1811112471439543,JNJ,93.94405295241648,16.04405295241648,20.5957034048992
JNJ260821C00175000,175.0,75.56,87.55,90.8,0.8522963989257812,2026-08-21,call,89.175,263.3999938964844,0.1811112471439543,JNJ,88.96005468935567,-0.21494531064432465,-0.2410376345885334
JNJ260821C00180000,180.0,63.54,82.6,85.25,0.7475611181640626,2026-08-21,call,83.925,263.3999938964844,0.1811112471439543,JNJ,83.97605642629483,0.05105642629483498,0.060835777533315434
JNJ260821C00185000,185.0,58.64,77.6,80.25,0.70117486328125,2026-08-21,call,78.925,263.3999938964844,0.1811112471439543,JNJ,78.99205816323413,0.06705816323413671,0.0849644133470215
JNJ260821C00190000,190.0,68.03,72.65,75.9,0.7216824707031251,2026-08-21,call,74.275,263.3999938964844,0.1811112471439543,JNJ,74.00805990017997,-0.2669400998200331,-0.35939427777857025
JNJ260821C00195000,195.0,62.55,66.95,71.0,0.6210975390625001,2026-08-21,call,68.975,263.3999938964844,0.1811112471439543,JNJ,69.0240616373818,0.04906163738181135,0.07112959388446735
JNJ260821C00200000,200.0,55.6,62.0,65.95,0.5766643896484375,2026-08-21,call,63.975,263.3999938964844,0.1811112471439543,JNJ,64.04006338157944,0.06506338157944214,0.10170126077286773
JNJ260821C00210000,210.0,41.42,52.45,55.25,0.639652041015625,2026-08-21,call,53.85,263.3999938964844,0.1811112471439543,JNJ,54.07206905905986,0.22206905905985508,0.4123845107889602
JNJ260821C00220000,220.0,43.62,42.95,44.85,0.5031787963867188,2026-08-21,call,43.900000000000006,263.3999938964844,0.1811112471439543,JNJ,44.10427568466312,0.2042756846631164,0.46532046620299855
JNJ260821C00230000,230.0,33.87,33.15,35.0,0.4184628466796875,2026-08-21,call,34.075,263.3999938964844,0.1811112471439543,JNJ,34.1431682929674,0.06816829296739968,0.20005368442377014
JNJ260821C00235000,235.0,18.12,28.35,30.6,0.4093076647949218,2026-08-21,call,29.475,263.3999938964844,0.1811112471439543,JNJ,29.182211996576967,-0.2927880034230341,-0.993343523063729
JNJ260821C00237500,237.5,14.8,26.0,28.15,0.3862366064453124,2026-08-21,call,27.075,263.3999938964844,0.1811112471439543,JNJ,26.717784073961553,-0.357215926038446,-1.3193570675473536
JNJ260821C00240000,240.0,24.5,24.15,25.7,0.3626772717285156,2026-08-21,call,24.925,263.3999938964844,0.1811112471439543,JNJ,24.27358999104996,-0.651410008950041,-2.6134804772318594
JNJ260821C00242500,242.5,21.97,21.6,23.0,0.3248358532714843,2026-08-21,call,22.3,263.3999938964844,0.1811112471439543,JNJ,21.860670775054643,-0.4393292249453573,-1.9700862105172974
JNJ260821C00245000,245.0,17.29,19.2,21.65,0.3565738171386718,2026-08-21,call,20.425,263.3999938964844,0.1811112471439543,JNJ,19.493724130717254,-0.9312758692827465,-4.559490180086886
JNJ260821C00247500,247.5,18.0,16.35,20.3,0.3786683227539062,2026-08-21,call,18.325000000000003,263.3999938964844,0.1811112471439543,JNJ,17.191139251091244,-1.1338607489087593,-6.187507497455711
JNJ260821C00250000,250.0,16.13,16.3,16.8,0.3040841076660155,2026-08-21,call,16.55,263.3999938964844,0.1811112471439543,JNJ,14.974495216289029,-1.5755047837109721,-9.519666366833668
JNJ260821C00252500,252.5,14.0,13.4,14.9,0.2981027221679687,2026-08-21,call,14.15,263.3999938964844,0.1811112471439543,JNJ,12.86745069052543,-1.28254930947457,-9.06395271713477
JNJ260821C00255000,255.0,11.84,12.15,13.0,0.2887034020996093,2026-08-21,call,12.575,263.3999938964844,0.1811112471439543,JNJ,10.89407455776194,-1.6809254422380597,-13.367200335889143
JNJ260821C00257500,257.5,10.85,10.5,11.4,0.2870554693603515,2026-08-21,call,10.95,263.3999938964844,0.1811112471439543,JNJ,9.07680231397157,-1.8731976860284298,-17.106828182908036
JNJ260821C00260000,260.0,9.45,9.15,9.7,0.2776561492919921,2026-08-21,call,9.425,263.3999938964844,0.1811112471439543,JNJ,7.434312648667088,-1.9906873513329124,-21.121351207776257
JNJ260821C00262500,262.5,8.0,7.75,8.15,0.2695995892333984,2026-08-21,call,7.95,263.3999938964844,0.1811112471439543,JNJ,5.979667336139812,-1.9703326638601881,-24.784058664908027
JNJ260821C00265000,265.0,6.75,6.5,6.95,0.2694775201416015,2026-08-21,call,6.725,263.3999938964844,0.1811112471439543,JNJ,4.719026732638881,-2.005973267361119,-29.828598771169055
JNJ260821C00267500,267.5,5.2,4.5,5.9,0.2700878656005859,2026-08-21,call,5.2,263.3999938964844,0.1811112471439543,JNJ,3.651148471107007,-1.5488515288929934,-29.785606324865256
JNJ260821C00270000,270.0,4.6,4.45,4.8,0.2644726873779296,2026-08-21,call,4.625,263.3999938964844,0.1811112471439543,JNJ,2.7677264695851562,-1.8572735304148438,-40.15726552248311
JNJ260821C00272500,272.5,3.74,3.6,4.2,0.2729564892578124,2026-08-21,call,3.9,263.3999938964844,0.1811112471439543,JNJ,2.054471670014962,-1.8455283299850378,-47.321239230385586
JNJ260821C00275000,275.0,3.01,2.87,3.2,0.2616040637207031,2026-08-21,call,3.035,263.3999938964844,0.1811112471439543,JNJ,1.4927140891657018,-1.5422859108342983,-50.81666922024047
JNJ260821C00277500,277.5,2.28,2.02,2.66,0.2643506182861328,2026-08-21,call,2.34,263.3999938964844,0.1811112471439543,JNJ,1.0612433660999514,-1.2787566339000485,-54.64771939743797
JNJ260821C00280000,280.0,1.95,1.82,2.0,0.2570875073242187,2026-08-21,call,1.91,263.3999938964844,0.1811112471439543,JNJ,0.738108145547109,-1.171891854452891,-61.355594473973355
JNJ260821C00285000,285.0,1.1,0.89,1.24,0.2567213000488281,2026-08-21,call,1.065,263.3999938964844,0.1811112471439543,JNJ,0.3341457875536875,-0.7308542124463124,-68.62480868040493
JNJ260821C00290000,290.0,0.69,0.48,0.85,0.26563234375,2026-08-21,call,0.665,263.3999938964844,0.1811112471439543,JNJ,0.13846896488356375,-0.5265310351164363,-79.17759926562951
JNJ260821C00295000,295.0,0.5,0.01,0.65,0.2810130493164062,2026-08-21,call,0.33,263.3999938964844,0.1811112471439543,JNJ,0.05256735433531334,-0.2774326456646867,-84.07049868626868
JNJ260821C00300000,300.0,0.27,0.0,0.56,0.3022530712890625,2026-08-21,call,0.28,263.3999938964844,0.1811112471439543,JNJ,0.018309787923044052,-0.261690212076956,-93.46079002748426
JNJ260821C00305000,305.0,0.22,0.0,0.4,0.3105537695312499,2026-08-21,call,0.2,263.3999938964844,0.1811112471439543,JNJ,0.0058631486801073995,-0.1941368513198926,-97.0684256599463
JNJ260821C00310000,310.0,0.18,0.0,0.58,0.3627993408203125,2026-08-21,call,0.29,263.3999938964844,0.1811112471439543,JNJ,0.001730162088493109,-0.28826983791150684,-99.40339238327823
JNJ260821C00320000,320.0,0.07,0.0,0.49,0.40430283203125,2026-08-21,call,0.245,263.3999938964844,0.1811112471439543,JNJ,0.00011914758746782092,-0.24488085241253219,-99.9513683316458
JNJ260821C00330000,330.0,0.16,0.0,0.39,0.4370173486328125,2026-08-21,call,0.195,263.3999938964844,0.1811112471439543,JNJ,6.112474301287331e-06,-0.1949938875256987,-99.99686539779421
JNJ260821C00340000,340.0,0.43,0.0,0.66,0.5297898583984376,2026-08-21,call,0.33,263.3999938964844,0.1811112471439543,JNJ,2.3888483496305803e-07,-0.32999976111516505,-99.99992761065607
JNJ260828C00190000,190.0,63.25,72.55,75.35,0.5888712988281251,2026-08-28,call,73.94999999999999,263.3999938964844,0.1811112471439543,JNJ,74.17143722624314,0.22143722624315387,0.2994418204775577
JNJ260828C00195000,195.0,58.4,67.6,70.4,0.5578657495117189,2026-08-28,call,69.0,263.3999938964844,0.1811112471439543,JNJ,69.19173838806435,0.19173838806435128,0.2778817218323932
JNJ260828C00200000,200.0,53.5,62.7,65.45,0.5300339965820313,2026-08-28,call,64.075,263.3999938964844,0.1811112471439543,JNJ,64.21203983293879,0.13703983293878252,0.21387410524975814
JNJ260828C00210000,210.0,43.6,52.8,55.55,0.5937540625000001,2026-08-28,call,54.175,263.3999938964844,0.1811112471439543,JNJ,54.2526731737008,0.07767317370080207,0.14337457074444312
JNJ260828C00215000,215.0,38.7,47.85,50.6,0.5504195349121095,2026-08-28,call,49.225,263.3999938964844,0.1811112471439543,JNJ,49.27316018539858,0.04816018539857936,0.09783684184576812
JNJ260828C00220000,220.0,34.15,43.0,45.7,0.5105029418945313,2026-08-28,call,44.35,263.3999938964844,0.1811112471439543,JNJ,44.29446458127944,-0.05553541872055945,-0.12522078629212954
JNJ260828C00230000,230.0,26.89,33.2,35.95,0.4315242395019532,2026-08-28,call,34.575,263.3999938964844,0.1811112471439543,JNJ,34.35574355832861,-0.2192564416713907,-0.6341473367213034
JNJ260828C00235000,235.0,16.84,27.75,31.8,0.426885614013672,2026-08-28,call,29.775,263.3999938964844,0.1811112471439543,JNJ,29.426122476989804,-0.34887752301019503,-1.1717129236278592
JNJ260828C00240000,240.0,18.4,23.8,26.6,0.3667665863037109,2026-08-28,call,25.200000000000003,263.3999938964844,0.1811112471439543,JNJ,24.577904088719833,-0.6220959112801694,-2.4686345685721007
JNJ260828C00245000,245.0,10.8,19.4,22.15,0.3388127642822265,2026-08-28,call,20.775,263.3999938964844,0.1811112471439543,JNJ,19.895881528949616,-0.8791184710503828,-4.231617189171518
JNJ260828C00250000,250.0,16.66,16.05,17.1,0.2825999475097656,2026-08-28,call,16.575000000000003,263.3999938964844,0.1811112471439543,JNJ,15.504471186872877,-1.070528813127126,-6.4586957051410305
JNJ260828C00255000,255.0,12.2,12.2,13.55,0.2761302856445312,2026-08-28,call,12.875,263.3999938964844,0.1811112471439543,JNJ,11.552072741408267,-1.3229272585917329,-10.275163173528021
JNJ260828C00260000,260.0,9.6,8.9,10.0,0.2569654382324219,2026-08-28,call,9.45,263.3999938964844,0.1811112471439543,JNJ,8.177252481262457,-1.2727475187375425,-13.468227711508387
JNJ260828C00265000,265.0,6.85,6.15,7.7,0.2634961346435547,2026-08-28,call,6.925000000000001,263.3999938964844,0.1811112471439543,JNJ,5.469222388575545,-1.4557776114244554,-21.022059370750256
JNJ260828C00270000,270.0,4.6,4.35,5.6,0.2616650982666015,2026-08-28,call,4.975,263.3999938964844,0.1811112471439543,JNJ,3.4414457925830675,-1.5335542074169322,-30.825210199335324
JNJ260828C00275000,275.0,3.32,2.64,3.95,0.2601392346191406,2026-08-28,call,3.295,263.3999938964844,0.1811112471439543,JNJ,2.0310019189068456,-1.2639980810931544,-38.3610950255889
JNJ260828C00280000,280.0,2.17,1.9,2.63,0.2559888854980469,2026-08-28,call,2.265,263.3999938964844,0.1811112471439543,JNJ,1.1219971543613951,-1.143002845638605,-50.46370179419889
JNJ260828C00285000,285.0,1.4,1.02,1.81,0.258796474609375,2026-08-28,call,1.415,263.3999938964844,0.1811112471439543,JNJ,0.5796700995758712,-0.8353299004241288,-59.033915224320054
JNJ260828C00290000,290.0,0.98,0.75,1.15,0.2569654382324219,2026-08-28,call,0.95,263.3999938964844,0.1811112471439543,JNJ,0.2800494612063513,-0.6699505387936486,-70.52110934669986
JNJ260828C00295000,295.0,0.52,0.38,0.88,0.2692944165039062,2026-08-28,call,0.63,263.3999938964844,0.1811112471439543,JNJ,0.12658893043951114,-0.5034110695604889,-79.90651897785538
JNJ260828C00300000,300.0,0.5,0.16,0.61,0.274421318359375,2026-08-28,call,0.385,263.3999938964844,0.1811112471439543,JNJ,0.05359495292422389,-0.3314050470757761,-86.07923300669509
JNJ260828C00305000,305.0,0.39,0.0,0.66,0.3060372131347656,2026-08-28,call,0.33,263.3999938964844,0.1811112471439543,JNJ,0.02128333268880489,-0.3087166673111951,-93.5505052458167
JNJ260828C00310000,310.0,0.08,0.03,0.75,0.3410710424804687,2026-08-28,call,0.39,263.3999938964844,0.1811112471439543,JNJ,0.007941040233677477,-0.38205895976632254,-97.9638358375186
JNJ260828C00320000,320.0,0.43,0.0,0.32,0.3342351733398437,2026-08-28,call,0.16,263.3999938964844,0.1811112471439543,JNJ,0.0009238810575556977,-0.1590761189424443,-99.42257433902769
JNJ260904C00195000,195.0,64.55,66.95,70.95,0.500005,2026-09-04,call,68.95,263.3999938964844,0.1811112471439543,JNJ,69.35927087674656,0.40927087674656093,0.5935763259558534
JNJ260904C00235000,235.0,29.49,28.05,32.0,0.397466962890625,2026-09-04,call,30.025,263.3999938964844,0.1811112471439543,JNJ,29.68746124917385,-0.33753875082614826,-1.1241923424684372
JNJ260904C00250000,250.0,16.8,16.35,17.9,0.2848582257080078,2026-09-04,call,17.125,263.3999938964844,0.1811112471439543,JNJ,16.02643649856134,-1.0985635014386617,-6.414969351466637
JNJ260904C00260000,260.0,10.35,9.4,11.2,0.2687451055908203,2026-09-04,call,10.3,263.3999938964844,0.1811112471439543,JNJ,8.8596608008217,-1.4403391991783003,-13.983875720177672
JNJ260904C00265000,265.0,7.11,6.8,8.85,0.2726513165283203,2026-09-04,call,7.824999999999999,263.3999938964844,0.1811112471439543,JNJ,6.155728684394973,-1.6692713156050267,-21.332540774505134
JNJ260904C00280000,280.0,2.51,1.97,3.15,0.2520826745605469,2026-09-04,call,2.56,263.3999938964844,0.1811112471439543,JNJ,1.5228253840378017,-1.0371746159621984,-40.514633436023374
JNJ260821P00145000,145.0,0.05,0.0,1.06,1.1108442895507813,2026-08-21,put,0.53,263.3999938964844,0.1811112471439543,JNJ,8.054594515812514e-36,-0.53,-100.0
JNJ260821P00150000,150.0,0.1,0.0,0.4,0.914063359375,2026-08-21,put,0.2,263.3999938964844,0.1811112471439543,JNJ,4.3433165170935115e-32,-0.2,-100.0
JNJ260821P00160000,160.0,0.49,0.0,0.0,0.500005,2026-08-21,put,0.49,263.3999938964844,0.1811112471439543,JNJ,1.4453736928066962e-25,-0.49,-100.0
JNJ260821P00165000,165.0,0.13,0.0,2.13,1.0161182006835938,2026-08-21,put,1.065,263.3999938964844,0.1811112471439543,JNJ,1.0038152271329566e-22,-1.065,-100.0
JNJ260821P00170000,170.0,0.59,0.0,2.13,0.960693752441406,2026-08-21,put,1.065,263.3999938964844,0.1811112471439543,JNJ,3.92226473487057e-20,-1.065,-100.0
JNJ260821P00175000,175.0,0.15,0.0,0.08,0.5664105859375,2026-08-21,put,0.04,263.3999938964844,0.1811112471439543,JNJ,9.020171743985947e-18,-0.039999999999999994,-99.99999999999997
JNJ260821P00180000,180.0,0.03,0.0,0.1,0.5429733203125001,2026-08-21,put,0.05,263.3999938964844,0.1811112471439543,JNJ,1.2717207686842383e-15,-0.04999999999999873,-99.99999999999746
JNJ260821P00185000,185.0,0.15,0.0,0.3,0.579105771484375,2026-08-21,put,0.15,263.3999938964844,0.1811112471439543,JNJ,1.1405818679887616e-13,-0.14999999999988595,-99.99999999992397
JNJ260821P00190000,190.0,0.39,0.0,0.31,0.5429733203125001,2026-08-21,put,0.155,263.3999938964844,0.1811112471439543,JNJ,6.730315518427481e-12,-0.1549999999932697,-99.99999999565786
JNJ260821P00195000,195.0,0.09,0.0,0.38,0.5190477783203125,2026-08-21,put,0.19,263.3999938964844,0.1811112471439543,JNJ,2.6944498555781713e-10,-0.189999999730555,-99.99999985818685
JNJ260821P00200000,200.0,0.02,0.0,0.1,0.43945873046875,2026-08-21,put,0.05,263.3999938964844,0.1811112471439543,JNJ,7.52787586939423e-09,-0.04999999247212413,-99.99998494424825
JNJ260821P00205000,205.0,0.11,0.05,0.37,0.4926808544921875,2026-08-21,put,0.21,263.3999938964844,0.1811112471439543,JNJ,1.5063048946279323e-07,-0.20999984936951052,-99.99992827119549
JNJ260821P00210000,210.0,0.07,0.02,0.31,0.438482177734375,2026-08-21,put,0.165,263.3999938964844,0.1811112471439543,JNJ,2.211129923068787e-06,-0.16499778887007693,-99.99865992125875
JNJ260821P00215000,215.0,0.1,0.0,0.37,0.41211525390625,2026-08-21,put,0.185,263.3999938964844,0.1811112471439543,JNJ,2.434807730600317e-05,-0.184975651922694,-99.98683887713189
JNJ260821P00220000,220.0,0.17,0.01,0.52,0.3979552392578125,2026-08-21,put,0.265,263.3999938964844,0.1811112471439543,JNJ,0.0002053628548402582,-0.2647946371451598,-99.92250458307915
JNJ260821P00225000,225.0,0.26,0.18,0.53,0.358404853515625,2026-08-21,put,0.355,263.3999938964844,0.1811112471439543,JNJ,0.001353043174981361,-0.3536469568250186,-99.61886107747004
JNJ260821P00230000,230.0,0.33,0.26,0.73,0.3410710424804687,2026-08-21,put,0.495,263.3999938964844,0.1811112471439543,JNJ,0.007094497280774437,-0.48790550271922556,-98.56676822610618
JNJ260821P00232500,232.5,0.41,0.01,0.82,0.3288641333007812,2026-08-21,put,0.415,263.3999938964844,0.1811112471439543,JNJ,0.01499561311347597,-0.400004386886524,-96.38659924976483
JNJ260821P00235000,235.0,0.53,0.36,0.83,0.3079903186035155,2026-08-21,put,0.595,263.3999938964844,0.1811112471439543,JNJ,0.030136463951166315,-0.5648635360488337,-94.93504807543424
JNJ260821P00237500,237.5,0.69,0.48,0.94,0.2956613403320312,2026-08-21,put,0.71,263.3999938964844,0.1811112471439543,JNJ,0.05770767286613676,-0.6522923271338632,-91.87215875124835
JNJ260821P00240000,240.0,0.9,0.85,1.12,0.2871165039062499,2026-08-21,put,0.985,263.3999938964844,0.1811112471439543,JNJ,0.10551272148492874,-0.8794872785150712,-89.28804858021027
JNJ260821P00242500,242.5,1.09,0.91,1.23,0.27149166015625,2026-08-21,put,1.07,263.3999938964844,0.1811112471439543,JNJ,0.1845926370200779,-0.8854073629799222,-82.74835168036655
JNJ260821P00245000,245.0,1.38,1.31,1.52,0.2655102746582031,2026-08-21,put,1.415,263.3999938964844,0.1811112471439543,JNJ,0.3096451242130769,-1.1053548757869232,-78.11695235243273
JNJ260821P00247500,247.5,1.78,1.65,1.88,0.2601392346191406,2026-08-21,put,1.765,263.3999938964844,0.1811112471439543,JNJ,0.49905937611748996,-1.26594062388251,-71.72468123980227
JNJ260821P00250000,250.0,2.25,2.2,2.35,0.2563550927734375,2026-08-21,put,2.2750000000000004,263.3999938964844,0.1811112471439543,JNJ,0.774414472845681,-1.5005855271543194,-65.95980339139864
JNJ260821P00252500,252.5,3.04,2.7,2.95,0.2541578491210938,2026-08-21,put,2.825,263.3999938964844,0.1811112471439543,JNJ,1.1593690786125137,-1.6656309213874865,-58.96038659778713
JNJ260821P00255000,255.0,3.54,3.35,3.7,0.253486469116211,2026-08-21,put,3.5250000000000004,263.3999938964844,0.1811112471439543,JNJ,1.6779920773794572,-1.8470079226205431,-52.39738787576008
JNJ260821P00257500,257.5,4.3,4.15,4.5,0.2499464654541015,2026-08-21,put,4.325,263.3999938964844,0.1811112471439543,JNJ,2.352718965119493,-1.972281034880507,-45.60187363885566
JNJ260821P00260000,260.0,5.3,5.05,5.45,0.2472609454345703,2026-08-21,put,5.25,263.3999938964844,0.1811112471439543,JNJ,3.202228431345361,-2.047771568654639,-39.00517273627884
JNJ260821P00262500,262.5,6.27,6.1,6.7,0.2503737072753906,2026-08-21,put,6.4,263.3999938964844,0.1811112471439543,JNJ,4.239582250348477,-2.1604177496515238,-33.75652733830506
JNJ260821P00265000,265.0,8.75,6.6,8.55,0.2695385546875,2026-08-21,put,7.575,263.3999938964844,0.1811112471439543,JNJ,5.4709407783779795,-2.1040592216220206,-27.77635936134681
JNJ260821P00267500,267.5,10.17,8.0,9.9,0.266608896484375,2026-08-21,put,8.95,263.3999938964844,0.1811112471439543,JNJ,6.895061648376554,-2.054938351623445,-22.960205046072012
JNJ260821P00270000,270.0,10.5,10.0,10.7,0.2386550744628906,2026-08-21,put,10.35,263.3999938964844,0.1811112471439543,JNJ,8.503638778385096,-1.8463612216149041,-17.83923885618265
JNJ260821P00280000,280.0,27.75,16.8,19.95,0.3195258477783202,2026-08-21,put,18.375,263.3999938964844,0.1811112471439543,JNJ,16.44201698046865,-1.932983019531349,-10.519635480442716
JNJ260821P00290000,290.0,37.19,25.1,28.25,0.321173780517578,2026-08-21,put,26.675,263.3999938964844,0.1811112471439543,JNJ,25.8103743259268,-0.8646256740731992,-3.2413333610991537
JNJ260821P00300000,300.0,46.5,35.3,37.95,0.3734193518066406,2026-08-21,put,36.625,263.3999938964844,0.1811112471439543,JNJ,35.658211675087955,-0.966788324912045,-2.639695085084082
JNJ260821P00310000,310.0,57.95,44.65,48.65,0.4909718872070313,2026-08-21,put,46.65,263.3999938964844,0.1811112471439543,JNJ,45.609628575374984,-1.0403714246250146,-2.2301638255627325
JNJ260828P00185000,185.0,0.66,0.0,0.51,0.5566450585937501,2026-08-28,put,0.255,263.3999938964844,0.1811112471439543,JNJ,4.6264855456015594e-11,-0.2549999999537351,-99.99999998185692
JNJ260828P00190000,190.0,0.49,0.0,0.32,0.5380905566406251,2026-08-28,put,0.16,263.3999938964844,0.1811112471439543,JNJ,1.1959591373042423e-09,-0.15999999880404087,-99.99999925252554
JNJ260828P00195000,195.0,0.42,0.0,0.4,0.5195360546875,2026-08-28,put,0.2,263.3999938964844,0.1811112471439543,JNJ,2.2791836548240008e-08,-0.19999997720816345,-99.99998860408172
JNJ260828P00200000,200.0,0.83,0.01,0.28,0.454107021484375,2026-08-28,put,0.145,263.3999938964844,0.1811112471439543,JNJ,3.274408807339173e-07,-0.14499967255911925,-99.99977417870294
JNJ260828P00205000,205.0,1.14,0.0,0.58,0.4760794580078125,2026-08-28,put,0.29,263.3999938964844,0.1811112471439543,JNJ,3.6199778922031472e-06,-0.28999638002210776,-99.9987517317613
JNJ260828P00210000,210.0,0.92,0.03,0.86,0.47461462890625,2026-08-28,put,0.445,263.3999938964844,0.1811112471439543,JNJ,3.138775227176042e-05,-0.44496861224772827,-99.9929465725232
JNJ260828P00215000,215.0,1.05,0.15,0.72,0.4182187084960937,2026-08-28,put,0.435,263.3999938964844,0.1811112471439543,JNJ,0.0002172592247084333,-0.43478274077529155,-99.95005535064175
JNJ260828P00220000,220.0,0.39,0.03,0.75,0.3828186718749999,2026-08-28,put,0.39,263.3999938964844,0.1811112471439543,JNJ,0.0012205148802572063,-0.3887794851197428,-99.68704746660072
JNJ260828P00225000,225.0,0.32,0.0,0.57,0.3242255078124999,2026-08-28,put,0.285,263.3999938964844,0.1811112471439543,JNJ,0.0056521370898159895,-0.279347862910184,-98.01679400357334
JNJ260828P00230000,230.0,0.65,0.31,0.84,0.3143379113769531,2026-08-28,put,0.575,263.3999938964844,0.1811112471439543,JNJ,0.02189721147871193,-0.553102788521288,-96.1917893080501
JNJ260828P00235000,235.0,0.92,0.82,1.15,0.2992013439941405,2026-08-28,put,0.985,263.3999938964844,0.1811112471439543,JNJ,0.07197498991455742,-0.9130250100854426,-92.69289442491802
JNJ260828P00240000,240.0,1.36,1.22,1.62,0.2866282275390625,2026-08-28,put,1.42,263.3999938964844,0.1811112471439543,JNJ,0.2034554614192583,-1.2165445385807416,-85.67215060427759
JNJ260828P00245000,245.0,2.08,1.85,2.34,0.2773509765624999,2026-08-28,put,2.095,263.3999938964844,0.1811112471439543,JNJ,0.501131761423725,-1.5938682385762752,-76.07962952631385
JNJ260828P00250000,250.0,3.78,2.3,3.5,0.2749095947265625,2026-08-28,put,2.9,263.3999938964844,0.1811112471439543,JNJ,1.08942027912164,-1.8105797208783598,-62.43378347856413
JNJ260828P00255000,255.0,4.6,3.55,4.8,0.2642285491943359,2026-08-28,put,4.175,263.3999938964844,0.1811112471439543,JNJ,2.116720693431695,-2.0582793065683047,-49.30010315133664
JNJ260828P00260000,260.0,6.19,5.35,6.75,0.2618482019042969,2026-08-28,put,6.05,263.3999938964844,0.1811112471439543,JNJ,3.721599293060578,-2.328400706939422,-38.485962098172266
JNJ260828P00265000,265.0,8.72,7.8,9.35,0.2651440673828125,2026-08-28,put,8.575,263.3999938964844,0.1811112471439543,JNJ,5.993268060148324,-2.581731939851675,-30.107661106141986
JNJ260828P00270000,270.0,15.22,10.85,12.9,0.2843089147949218,2026-08-28,put,11.875,263.3999938964844,0.1811112471439543,JNJ,8.94519032393049,-2.9298096760695103,-24.672081482690615
JNJ260828P00290000,290.0,37.9,26.55,29.35,0.3407048352050781,2026-08-28,put,27.950000000000003,263.3999938964844,0.1811112471439543,JNJ,25.702589431652342,-2.247410568347661,-8.040824931476424
JNJ260828P00300000,300.0,42.3,36.0,38.85,0.3861145373535155,2026-08-28,put,37.425,263.3999938964844,0.1811112471439543,JNJ,35.43553264291961,-1.989467357080386,-5.315878041630959
JNJ260904P00200000,200.0,0.84,0.02,0.4,0.4389704541015625,2026-09-04,put,0.21,263.3999938964844,0.1811112471439543,JNJ,3.989094835166662e-06,-0.20999601090516481,-99.99810043103086
JNJ260904P00210000,210.0,0.95,0.05,0.88,0.4343318286132813,2026-09-04,put,0.465,263.3999938964844,0.1811112471439543,JNJ,0.00018426891917948385,-0.4648157310808205,-99.96037227544527
JNJ260904P00235000,235.0,1.09,0.74,2.03,0.3234930932617186,2026-09-04,put,1.3849999999999998,263.3999938964844,0.1811112471439543,JNJ,0.13141612328484698,-1.2535838767151528,-90.51147124297133
JNJ260904P00240000,240.0,1.75,1.16,2.07,0.2835765002441405,2026-09-04,put,1.6149999999999998,263.3999938964844,0.1811112471439543,JNJ,0.322331740645156,-1.2926682593548438,-80.04137828822563
JNJ260904P00255000,255.0,5.43,3.95,5.55,0.2639233764648437,2026-09-04,put,4.75,263.3999938964844,0.1811112471439543,JNJ,2.518151932578462,-2.231848067421538,-46.98627510361133
JNJ260904P00260000,260.0,6.93,5.9,7.75,0.2674023455810547,2026-09-04,put,6.825,263.3999938964844,0.1811112471439543,JNJ,4.180631501591719,-2.644368498408281,-38.74532598400411
JNJ260904P00295000,295.0,36.85,30.8,34.8,0.3626772717285156,2026-09-04,put,32.8,263.3999938964844,0.1811112471439543,JNJ,30.38224838185124,-2.417751618148756,-7.371193957770599
