Date,PG,KO,WMT,PEP,COST
2014-01-02 05:00:00,56.17314529418945,27.532833099365234,20.726396560668945,56.275840759277344,93.46676635742188
2014-01-03 05:00:00,56.11041259765625,27.39739990234375,20.658109664916992,56.37181091308594,93.05420684814453
2014-01-06 05:00:00,56.24292755126953,27.268739700317383,20.54253578186035,56.39923858642578,92.3481216430664
2014-01-07 05:00:00,56.78695297241211,27.350004196166992,20.605573654174805,57.22176742553711,91.91968536376953
2014-01-08 05:00:00,55.96394348144531,27.045286178588867,20.442724227905273,57.05726623535156,90.48368835449219
2014-01-09 05:00:00,56.08949279785156,26.903079986572266,20.511014938354492,56.78993606567383,94.02210235595703
2014-01-10 05:00:00,56.005794525146484,27.173946380615234,20.49788475036621,57.23549270629883,93.49846649169922
2014-01-13 05:00:00,55.803558349609375,26.767650604248047,20.353424072265625,56.46091079711914,91.05493927001953
2014-01-14 05:00:00,56.403358459472656,26.875980377197266,20.476869583129883,56.46091079711914,92.21324920654297
2014-01-15 05:00:00,56.3475456237793,26.92338752746582,20.3980712890625,56.81733703613281,92.22118377685547
2014-01-16 05:00:00,56.1871223449707,26.88953399658203,20.16167640686035,56.79679489135742,91.68170166015625
2014-01-17 05:00:00,55.71287155151367,26.598363876342773,20.011964797973633,56.34436798095703,92.26084899902344
2014-01-21 05:00:00,55.9221076965332,27.031734466552734,19.920034408569336,56.83791732788086,91.181884765625
2014-01-22 05:00:00,55.67755889892578,27.018199920654297,19.791324615478516,56.78993606567383,90.24569702148438
2014-01-23 05:00:00,54.981868743896484,26.5712890625,19.68889617919922,56.50204086303711,89.49200439453125
2014-01-24 05:00:00,55.64242172241211,26.300416946411133,19.547056198120117,55.81659698486328,88.96044921875
2014-01-27 05:00:00,55.14346694946289,26.225950241088867,19.47614097595215,56.24842071533203,89.7141342163086
2014-01-28 05:00:00,55.59321212768555,26.320735931396484,19.612730026245117,56.426631927490234,90.74552917480469
2014-01-29 05:00:00,54.56019973754883,25.663904190063477,19.463008880615234,54.987205505371094,89.03975677490234
2014-01-30 05:00:00,54.01912307739258,25.846729278564453,19.63373565673828,55.57668685913086,89.43645477294922
2014-01-31 05:00:00,53.84342575073242,25.6097354888916,19.615352630615234,55.08314514160156,89.14290618896484
2014-02-03 05:00:00,53.19686508178711,25.189891815185547,19.084779739379883,53.85617446899414,87.41336059570312
2014-02-04 05:00:00,53.47097396850586,25.379507064819336,19.103168487548828,54.02755355834961,87.97666931152344
2014-02-05 05:00:00,53.72393798828125,25.467533111572266,19.139934539794922,54.4388313293457,87.67516326904297
2014-02-06 05:00:00,54.040164947509766,25.751928329467773,19.12681007385254,54.418251037597656,90.65030670166016
2014-02-07 05:00:00,54.32829284667969,25.69776153564453,19.37107276916504,54.987205505371094,90.47577667236328
2014-02-10 05:00:00,54.83427047729492,26.117586135864258,19.373703002929688,55.24766159057617,90.32504272460938
2014-02-11 05:00:00,55.403472900390625,26.164979934692383,19.64686393737793,55.693199157714844,91.2294692993164
2014-02-12 05:00:00,54.454811096191406,26.076961517333984,19.68889617919922,55.85771179199219,91.3328857421875
2014-02-13 05:00:00,54.67264175415039,26.171770095825195,19.793954849243164,54.6239013671875,92.12840270996094
2014-02-14 05:00:00,55.79701232910156,26.36136245727539,19.906896591186523,53.52717208862305,92.35912322998047
2014-02-18 05:00:00,54.7921142578125,25.372722625732422,19.786073684692383,53.588829040527344,91.77041625976562
2014-02-19 05:00:00,54.911563873291016,25.12217903137207,19.660005569458008,52.84858703613281,91.41246032714844
2014-02-20 05:00:00,54.75695037841797,25.257614135742188,19.3106689453125,53.47232437133789,91.53178405761719
2014-02-21 05:00:00,54.7921142578125,25.176353454589844,19.205602645874023,53.61626434326172,90.04415893554688
2014-02-24 05:00:00,54.71479415893555,25.39303970336914,19.266014099121094,54.06867218017578,90.64078521728516
2014-02-25 05:00:00,54.897525787353516,25.575876235961914,19.266014099121094,54.30857467651367,91.8499526977539
2014-02-26 05:00:00,54.71479415893555,25.643587112426758,19.641616821289062,53.91102981567383,92.18405151367188
2014-02-27 05:00:00,54.946712493896484,25.77901840209961,19.583829879760742,54.19890594482422,92.45457458496094
2014-02-28 05:00:00,55.27699661254883,25.867053985595703,19.620607376098633,54.88438034057617,92.91596221923828
2014-03-03 05:00:00,54.44776916503906,25.81287384033203,19.468263626098633,54.507362365722656,92.08065032958984
2014-03-04 05:00:00,55.12941360473633,25.9415225982666,19.733545303344727,55.41901397705078,92.79661560058594
2014-03-05 05:00:00,54.686702728271484,25.96861457824707,19.64686393737793,55.9906005859375,92.65342712402344
2014-03-06 05:00:00,54.85535430908203,26.04987907409668,19.667879104614258,56.14244842529297,90.09983825683594
2014-03-07 05:00:00,55.08021926879883,26.10405158996582,19.715463638305664,56.301212310791016,90.29076385498047
2014-03-10 04:00:00,55.18563461303711,26.171770095825195,19.675811767578125,56.41857147216797,91.15790557861328
2014-03-11 04:00:00,55.480770111083984,26.27332878112793,19.805339813232422,57.16410827636719,91.25334167480469
2014-03-12 04:00:00,55.6845703125,26.256275177001953,19.966604232788086,56.70851516723633,91.65109252929688
2014-03-13 04:00:00,55.649436950683594,25.91501235961914,19.80799102783203,56.46691131591797,91.01470184326172
2014-03-14 04:00:00,55.50186538696289,26.051515579223633,19.63616180419922,55.91466522216797,90.25096893310547
2014-03-17 04:00:00,56.10620880126953,26.11977195739746,19.741899490356445,56.63948440551758,90.25894165039062
2014-03-18 04:00:00,56.0570182800293,26.208499908447266,19.765687942504883,56.5704345703125,90.56920623779297
2014-03-19 04:00:00,55.361331939697266,26.031034469604492,19.66259002685547,56.17008972167969,89.77369689941406
2014-03-20 04:00:00,55.038055419921875,26.242626190185547,19.926944732666016,56.508331298828125,90.02027130126953
2014-03-21 04:00:00,54.728858947753906,26.235795974731445,20.117280960083008,56.701629638671875,90.55329132080078
2014-03-24 04:00:00,55.72676086425781,26.208499908447266,20.291757583618164,56.52902603149414,90.18738555908203
2014-03-25 04:00:00,56.08512496948242,26.358640670776367,20.320833206176758,56.881103515625,90.63279724121094
2014-03-26 04:00:00,55.867279052734375,26.351823806762695,20.15164566040039,57.20553207397461,89.4872817993164
2014-03-27 04:00:00,55.972694396972656,26.495149612426758,20.12785530090332,56.977725982666016,89.121337890625
2014-03-28 04:00:00,56.05001449584961,26.58387565612793,20.09348487854004,57.260746002197266,88.8270492553711
2014-03-31 04:00:00,56.640289306640625,26.385944366455078,20.204519271850586,57.64043426513672,88.84294891357422
2014-04-01 04:00:00,56.45756912231445,26.215316772460938,20.294395446777344,57.21244430541992,88.98615264892578
2014-04-02 04:00:00,56.31001281738281,26.160715103149414,20.402790069580078,57.108890533447266,88.73951721191406
2014-04-03 04:00:00,56.28893280029297,25.983266830444336,20.476795196533203,57.23313522338867,88.85884094238281
2014-04-04 04:00:00,56.0570182800293,26.085649490356445,20.437156677246094,57.012245178222656,88.0235595703125
2014-04-07 04:00:00,56.562992095947266,26.358640670776367,20.437156677246094,57.9234619140625,88.1349105834961
2014-04-08 04:00:00,57.167320251464844,26.54975128173828,20.667137145996094,57.619728088378906,89.62251281738281
2014-04-09 04:00:00,57.265724182128906,26.611175537109375,20.611621856689453,57.9234619140625,89.93280029296875
2014-04-10 04:00:00,56.98462677001953,26.54293441772461,20.32611656188965,57.72324752807617,89.16116333007812
2014-04-11 04:00:00,56.75272750854492,26.365474700927734,20.2230224609375,57.39881896972656,89.16116333007812
2014-04-14 04:00:00,56.78786849975586,26.433734893798828,20.455652236938477,57.67495346069336,89.5429916381836
2014-04-15 04:00:00,56.808956146240234,27.423362731933594,20.3234806060791,57.95797348022461,89.1452407836914
2014-04-16 04:00:00,57.378173828125,27.703201293945312,20.41335678100586,58.51712417602539,90.28280639648438
2014-04-17 04:00:00,57.455467224121094,27.79193115234375,20.529674530029297,59.055538177490234,90.29076385498047
2014-04-21 04:00:00,57.31490707397461,27.812402725219727,20.513803482055664,59.3040657043457,90.76809692382812
2014-04-22 04:00:00,57.097076416015625,27.785099029541016,20.503231048583984,58.77251052856445,90.3385238647461
2014-04-23 04:00:00,56.922813415527344,27.798751831054688,20.630130767822266,58.95891571044922,91.31697845458984
2014-04-24 04:00:00,57.48241424560547,27.778284072875977,20.701499938964844,59.03482437133789,91.50790405273438
2014-04-25 04:00:00,57.66658020019531,27.98984718322754,20.783447265625,58.848445892333984,91.49200439453125
2014-04-28 04:00:00,58.75035095214844,28.00351905822754,21.084808349609375,59.93223190307617,91.9533920288086
2014-04-29 04:00:00,58.39617156982422,27.689556121826172,21.061025619506836,59.20050048828125,91.80225372314453
2014-04-30 04:00:00,58.47408676147461,27.839704513549805,21.07159423828125,59.29024887084961,92.02497863769531
2014-05-01 04:00:00,58.32535171508789,27.832874298095703,21.068952560424805,59.06932830810547,91.9295425415039
2014-05-02 04:00:00,58.02784729003906,27.948902130126953,20.915632247924805,59.03482437133789,91.60335540771484
2014-05-05 04:00:00,57.872005462646484,27.819231033325195,20.783447265625,59.3040657043457,91.07832336425781
2014-05-06 04:00:00,57.4682502746582,27.634950637817383,20.6221981048584,58.931304931640625,89.75775146484375
2014-05-07 04:00:00,58.148284912109375,27.921592712402344,20.736570358276367,59.91844940185547,89.08155822753906
2014-05-08 04:00:00,58.19784927368164,27.798751831054688,20.93073844909668,59.8217887878418,91.26924896240234
2014-05-09 04:00:00,58.36075210571289,27.894302368164062,21.06639862060547,60.17385482788086,91.79428100585938
2014-05-12 04:00:00,57.89326858520508,27.860177993774414,21.053098678588867,60.00815963745117,92.68528747558594
2014-05-13 04:00:00,57.80825424194336,28.05810546875,21.050439834594727,60.215267181396484,92.51025390625
2014-05-14 04:00:00,57.49657440185547,27.9079532623291,20.944042205810547,59.946022033691406,91.86791229248047
2014-05-15 04:00:00,57.04324722290039,27.655424118041992,20.436002731323242,59.186702728271484,91.24547576904297
2014-05-16 04:00:00,56.90156936645508,27.9079532623291,20.48387908935547,59.73892593383789,92.25092315673828
2014-05-19 04:00:00,56.618247985839844,27.785099029541016,20.377483367919922,59.43519973754883,92.85730743408203
2014-05-20 04:00:00,56.83072280883789,27.696378707885742,20.132776260375977,59.12459182739258,91.86791229248047
2014-05-21 04:00:00,57.0148811340332,27.894302368164062,20.124788284301758,59.43519973754883,91.38114166259766
2014-05-22 04:00:00,57.12825012207031,27.696378707885742,20.052980422973633,59.076263427734375,91.54872131347656
2014-05-23 04:00:00,57.03615951538086,27.696378707885742,20.11149787902832,59.24883270263672,91.7162857055664
2014-05-27 04:00:00,56.724491119384766,27.82605743408203,20.10617446899414,59.73204040527344,90.86250305175781
2014-05-28 04:00:00,56.73866271972656,27.696378707885742,20.090219497680664,60.10481262207031,91.1577377319336
2014-05-29 04:00:00,56.95115280151367,27.75098991394043,20.209909439086914,60.56041717529297,91.07793426513672
2014-05-30 04:00:00,57.227420806884766,27.921592712402344,20.420042037963867,60.97459030151367,92.57807159423828
2014-06-02 04:00:00,56.922813415527344,27.887483596801758,20.41738510131836,60.65707778930664,92.3067855834961
2014-06-03 04:00:00,56.618247985839844,27.90113067626953,20.404083251953125,60.898658752441406,92.17111206054688
2014-06-04 04:00:00,56.56863784790039,27.839704513549805,20.51579475402832,60.804771423339844,92.80945587158203
2014-06-05 04:00:00,56.7457389831543,27.9079532623291,20.566335678100586,61.034278869628906,93.95855712890625
2014-06-06 04:00:00,56.68906021118164,27.976215362548828,20.537080764770508,61.13858413696289,94.34154510498047
2014-06-09 04:00:00,56.7315559387207,27.921592712402344,20.48387908935547,61.20117950439453,93.98245239257812
2014-06-10 04:00:00,56.77407455444336,28.03080940246582,20.380142211914062,61.49326705932617,93.4398422241211
2014-06-11 04:00:00,56.710323333740234,27.887483596801758,20.257789611816406,61.048160552978516,92.75362396240234
2014-06-12 04:00:00,56.49781799316406,27.79463768005371,20.143417358398438,60.65873336791992,92.1152572631836
2014-06-13 04:00:00,56.412818908691406,27.760255813598633,20.023719787597656,60.63785934448242,92.00354766845703
2014-06-16 04:00:00,56.44822311401367,27.959678649902344,20.039676666259766,60.88825225830078,92.1072769165039
2014-06-17 04:00:00,56.370296478271484,28.138465881347656,19.946578979492188,60.700443267822266,92.12323760986328
2014-06-18 04:00:00,56.519073486328125,28.578569412231445,20.13544273376465,61.82709884643555,92.77754974365234
2014-06-19 04:00:00,56.83782958984375,28.73672866821289,20.180654525756836,62.66167449951172,92.76958465576172
2014-06-20 04:00:00,56.618247985839844,28.66794776916504,20.130111694335938,61.966182708740234,92.05143737792969
2014-06-23 04:00:00,56.32780456542969,28.695459365844727,20.15937042236328,61.472412109375,91.939697265625
2014-06-24 04:00:00,55.9665641784668,28.77798080444336,20.20725440979004,61.23596954345703,92.80945587158203
2014-06-25 04:00:00,56.18614196777344,28.853628158569336,20.114151000976562,61.604557037353516,92.77754974365234
2014-06-26 04:00:00,55.69028854370117,28.901750564575195,19.925304412841797,61.625404357910156,92.27484130859375
2014-06-27 04:00:00,55.973628997802734,29.011775970458984,20.039676666259766,61.729736328125,92.1551513671875
2014-06-30 04:00:00,55.66904067993164,29.128684997558594,19.96785545349121,62.133113861083984,91.89185333251953
2014-07-01 04:00:00,56.15779495239258,29.08054542541504,20.023719787597656,61.98706817626953,92.1152572631836
2014-07-02 04:00:00,56.35615539550781,29.08054542541504,20.114151000976562,62.36263656616211,92.3626480102539
2014-07-03 04:00:00,56.65364456176758,29.039291381835938,20.148731231689453,62.606021881103516,92.8414077758789
2014-07-07 04:00:00,56.80241012573242,28.977397918701172,20.233850479125977,62.49473190307617,92.81746673583984
2014-07-08 04:00:00,57.0644645690918,28.839862823486328,20.38812255859375,62.404354095458984,93.72712707519531
2014-07-09 04:00:00,57.850765228271484,28.84674644470215,20.537080764770508,62.43217468261719,94.37944030761719
2014-07-10 04:00:00,57.80825424194336,29.05992317199707,20.497180938720703,62.66167449951172,94.50749206542969
2014-07-11 04:00:00,57.48949432373047,28.860498428344727,20.4333438873291,62.48784255981445,94.45143127441406
2014-07-14 04:00:00,57.602806091308594,29.14244270324707,20.361522674560547,63.3432502746582,93.93123626708984
2014-07-15 04:00:00,57.560340881347656,28.94988441467285,20.43866539001465,62.828575134277344,94.29940032958984
2014-07-16 04:00:00,57.79167938232422,28.963655471801758,20.44399070739746,62.939842224121094,94.32339477539062
2014-07-17 04:00:00,57.40612030029297,28.89488983154297,20.377483367919922,62.58516311645508,93.47501373291016
2014-07-18 04:00:00,57.513214111328125,29.176815032958984,20.505157470703125,62.65471649169922,94.2353744506836
2014-07-21 04:00:00,57.3204345703125,29.156187057495117,20.420042037963867,62.529541015625,93.67508697509766
2014-07-22 04:00:00,57.1919059753418,28.324127197265625,20.385465621948242,62.014896392822266,94.08329010009766
2014-07-23 04:00:00,57.11334991455078,28.062833786010742,20.478567123413086,63.162410736083984,94.11528778076172
2014-07-24 04:00:00,57.30615234375,28.172861099243164,20.30832862854004,63.92045974731445,94.55549621582031
2014-07-25 04:00:00,56.80632400512695,28.193477630615234,20.20725440979004,63.67008590698242,94.08329010009766
2014-07-28 04:00:00,56.59213638305664,27.97342872619629,20.138092041015625,63.266727447509766,93.73910522460938
2014-07-29 04:00:00,56.156593322753906,27.746517181396484,20.0662841796875,62.68948745727539,95.16377258300781
2014-07-30 04:00:00,55.806739807128906,27.244535446166992,19.890718460083008,61.83406448364258,94.5875015258789
2014-07-31 04:00:00,55.20695495605469,27.01760482788086,19.5715389251709,61.270748138427734,94.07527923583984
2014-08-01 04:00:00,56.8705940246582,27.01760482788086,19.56089210510254,61.27769088745117,94.34740447998047
2014-08-04 04:00:00,56.563575744628906,27.093263626098633,19.56089210510254,62.376522064208984,94.56351470947266
2014-08-05 04:00:00,56.69923400878906,26.941972732543945,19.5076961517334,62.0357551574707,94.48348236083984
2014-08-06 04:00:00,57.89875793457031,27.450820922851562,19.866477966308594,62.946807861328125,95.71602630615234
2014-08-07 04:00:00,57.2204704284668,27.058853149414062,19.799535751342773,62.522560119628906,94.28336334228516
2014-08-08 04:00:00,57.79880905151367,27.12763214111328,19.9923095703125,62.79378128051758,95.37187194824219
2014-08-11 04:00:00,58.17725372314453,27.21014976501465,19.90931510925293,63.837013244628906,95.38787841796875
2014-08-12 04:00:00,58.13438034057617,27.285789489746094,19.871829986572266,63.43362808227539,95.25181579589844
2014-08-13 04:00:00,58.17725372314453,27.464569091796875,19.820955276489258,63.8022346496582,94.95568084716797
2014-08-14 04:00:00,58.5128288269043,27.629606246948242,19.91734504699707,63.837013244628906,95.4519271850586
2014-08-15 04:00:00,58.39142990112305,28.110965728759766,19.786151885986328,63.87870407104492,94.89966583251953
2014-08-18 04:00:00,58.8626708984375,28.434160232543945,19.944114685058594,64.0873794555664,95.61197662353516
2014-08-19 04:00:00,59.04118728637695,28.372270584106445,20.048534393310547,63.88569259643555,96.53241729736328
2014-08-20 04:00:00,59.12686538696289,28.36539649963379,20.06995391845703,64.14303588867188,96.77251434326172
2014-08-21 04:00:00,59.46243667602539,28.475419998168945,20.227930068969727,64.01782989501953,97.34078216552734
2014-08-22 04:00:00,59.54100036621094,28.27597999572754,20.276121139526367,63.704864501953125,97.07666015625
2014-08-25 04:00:00,59.64808654785156,28.475419998168945,20.26540756225586,64.8106689453125,97.15667724609375
2014-08-26 04:00:00,59.5338249206543,28.606061935424805,20.219890594482422,64.40034484863281,96.91658782958984
2014-08-27 04:00:00,59.483882904052734,28.606061935424805,20.308242797851562,64.14303588867188,97.03665924072266
2014-08-28 04:00:00,59.28396224975586,28.626708984375,20.321638107299805,64.38641357421875,96.820556640625
2014-08-29 04:00:00,59.34108352661133,28.68859100341797,20.214536666870117,64.32382202148438,96.90857696533203
2014-09-02 04:00:00,59.24823760986328,28.63356590270996,20.281475067138672,64.31686401367188,97.29277801513672
2014-09-03 04:00:00,59.19110870361328,28.729856491088867,20.351085662841797,64.96475982666016,97.12468719482422
2014-09-04 04:00:00,59.7623291015625,28.791725158691406,20.49834442138672,64.33438110351562,100.16609191894531
2014-09-05 04:00:00,59.81229019165039,28.771100997924805,20.75269317626953,64.26432800292969,101.65478515625
2014-09-08 04:00:00,59.490997314453125,28.729856491088867,20.490312576293945,64.3414077758789,101.32662200927734
2014-09-09 04:00:00,59.2553825378418,28.839862823486328,20.546537399291992,64.03321075439453,100.93443298339844
2014-09-10 04:00:00,59.719478607177734,28.998029708862305,20.484956741333008,64.29236602783203,100.9824447631836
2014-09-11 04:00:00,59.61237335205078,29.056894302368164,20.375185012817383,64.19432067871094,100.79837799072266
2014-09-12 04:00:00,59.448158264160156,28.71750259399414,20.28683090209961,63.64799880981445,100.34217071533203
2014-09-15 04:00:00,59.883689880371094,28.745203018188477,20.29754066467285,63.879150390625,100.61428833007812
2014-09-16 04:00:00,60.033653259277344,28.84217071533203,20.4340877532959,64.83867645263672,101.19055938720703
2014-09-17 04:00:00,60.09077835083008,28.82139778137207,20.412668228149414,65.03482055664062,100.85440063476562
2014-09-18 04:00:00,60.11219787597656,28.94608497619629,20.407310485839844,65.3990707397461,101.23058319091797
2014-09-19 04:00:00,60.31211471557617,29.12616729736328,20.573312759399414,65.69322967529297,101.24657440185547
2014-09-22 04:00:00,60.55488204956055,29.24391746520996,20.431407928466797,65.54615783691406,100.71034240722656
2014-09-23 04:00:00,60.290679931640625,29.015335083007812,20.24131965637207,65.09085845947266,100.45421600341797
2014-09-24 04:00:00,60.86189270019531,29.278549194335938,20.6375675201416,65.49009704589844,102.14301300048828
2014-09-25 04:00:00,60.21216583251953,28.939163208007812,20.38053321838379,64.90872955322266,100.57428741455078
2014-09-26 04:00:00,60.39065933227539,29.230070114135742,20.479602813720703,65.23095703125,100.47820281982422
2014-09-29 04:00:00,60.290679931640625,29.264694213867188,20.369827270507812,65.24495697021484,100.30213928222656
2014-09-30 04:00:00,59.7908821105957,29.548681259155273,20.47425079345703,65.20292663574219,100.30213928222656
2014-10-01 04:00:00,59.36250305175781,29.604108810424805,20.38053321838379,64.89474487304688,99.85395812988281
2014-10-02 04:00:00,59.29821014404297,29.548681259155273,20.40999412536621,64.84571075439453,100.67832946777344
2014-10-03 04:00:00,59.82658767700195,29.78418731689453,20.70182991027832,65.49009704589844,101.71881866455078
2014-10-06 04:00:00,59.66950988769531,30.19978904724121,20.709857940673828,65.3990707397461,101.01449584960938
2014-10-07 04:00:00,59.37675857543945,30.421436309814453,20.696470260620117,65.20991516113281,100.26210021972656
2014-10-08 04:00:00,60.10503005981445,30.857805252075195,20.948152542114258,65.79825592041016,103.0313949584961
2014-10-09 04:00:00,59.7337760925293,30.38679313659668,20.846406936645508,65.53914642333984,102.77529907226562
2014-10-10 04:00:00,60.469173431396484,30.802383422851562,20.9615421295166,66.29559326171875,103.16746520996094
2014-10-13 04:00:00,59.52671432495117,30.525327682495117,20.766082763671875,65.79825592041016,101.62276458740234
2014-10-14 04:00:00,59.65523910522461,30.227493286132812,20.8785400390625,65.14690399169922,101.04647827148438
2014-10-15 04:00:00,59.22681427001953,29.94350242614746,20.13421630859375,64.27836608886719,99.4857406616211
2014-10-16 04:00:00,58.719879150390625,29.47941780090332,19.764732360839844,63.59193801879883,98.40528106689453
2014-10-17 04:00:00,59.45530319213867,29.701072692871094,19.839698791503906,64.09623718261719,99.76593017578125
2014-10-20 04:00:00,60.10503005981445,29.985061645507812,20.11815643310547,65.525146484375,102.78328704833984
2014-10-21 04:00:00,60.41207504272461,28.177228927612305,20.353759765625,65.65119934082031,104.27195739746094
2014-10-22 04:00:00,60.60201644897461,28.135665893554688,20.356443405151367,66.16252899169922,104.48005676269531
2014-10-23 04:00:00,59.882564544677734,28.301916122436523,20.41534423828125,65.6722183227539,104.52006530761719
2014-10-24 04:00:00,61.27116394042969,28.419658660888672,20.450143814086914,66.26056671142578,104.40006256103516
2014-10-27 04:00:00,61.83951950073242,28.232643127441406,20.506376266479492,66.27459716796875,104.78424835205078
2014-10-28 04:00:00,62.21368408203125,28.0941219329834,20.442121505737305,66.72286987304688,104.89622497558594
2014-10-29 04:00:00,62.264034271240234,28.37116813659668,20.452829360961914,66.32360076904297,105.59256744384766
2014-10-30 04:00:00,62.55179214477539,28.675947189331055,20.468891143798828,66.99603271484375,106.44898223876953
2014-10-31 04:00:00,62.78924560546875,29.00841522216797,20.42070198059082,67.36024475097656,106.74510955810547
2014-11-03 05:00:00,62.86837387084961,28.959938049316406,20.423377990722656,67.12211608886719,107.46544647216797
2014-11-04 05:00:00,63.774925231933594,28.96685028076172,20.685758590698242,67.75250244140625,109.29032135009766
2014-11-05 05:00:00,64.03392028808594,29.306259155273438,20.80356788635254,67.86454010009766,109.25025177001953
2014-11-06 05:00:00,63.9620246887207,29.292407989501953,20.833026885986328,67.80852508544922,109.72241973876953
2014-11-07 05:00:00,64.12745666503906,29.313186645507812,21.09005355834961,67.80150604248047,110.21868133544922
2014-11-10 05:00:00,64.35771942138672,29.36166763305664,21.26944351196289,67.92059326171875,110.20269012451172
2014-11-11 05:00:00,64.51599884033203,29.444782257080078,21.15431022644043,67.73147583007812,109.69046783447266
2014-11-12 05:00:00,64.37931060791016,29.58332061767578,21.20518684387207,68.05366516113281,109.85496520996094
2014-11-13 05:00:00,63.74617004394531,29.638731002807617,22.206546783447266,69.02027130126953,111.30741119384766
2014-11-14 05:00:00,63.39359664916992,29.59717559814453,22.211898803710938,68.44590759277344,111.12286376953125
2014-11-17 05:00:00,63.1993522644043,29.72877311706543,22.37521743774414,68.93621826171875,111.11477661132812
2014-11-18 05:00:00,63.278507232666016,30.151309967041016,22.43412208557129,68.60000610351562,111.70860290527344
2014-11-19 05:00:00,63.83968734741211,30.629226684570312,22.75541114807129,68.92919921875,112.3505630493164
2014-11-20 05:00:00,63.65262222290039,30.65001678466797,22.64563751220703,68.68405151367188,111.74069213867188
2014-11-21 05:00:00,63.74617004394531,30.82317352294922,22.66438102722168,69.26541137695312,112.11784362792969
2014-11-24 05:00:00,63.39359664916992,30.663862228393555,22.86518669128418,69.11830139160156,112.18206787109375
2014-11-25 05:00:00,63.89006042480469,30.77468490600586,22.744701385498047,69.29341888427734,111.43580627441406
2014-11-26 05:00:00,63.94760513305664,30.889766693115234,22.75274085998535,69.58760833740234,112.14196014404297
2014-11-28 05:00:00,65.06282806396484,31.266376495361328,23.438152313232422,70.11292266845703,114.04374694824219
2014-12-01 05:00:00,64.81099700927734,31.071090698242188,23.08473777770996,69.81173706054688,113.93138122558594
2014-12-02 05:00:00,65.52326965332031,31.064125061035156,23.132930755615234,70.31605529785156,114.79801940917969
2014-12-03 05:00:00,64.75343322753906,30.54802703857422,22.869081497192383,69.31845092773438,114.50112915039062
2014-12-04 05:00:00,65.17071533203125,30.33878517150879,22.820613861083984,68.91654205322266,114.76594543457031
2014-12-05 05:00:00,65.0268325805664,30.359712600708008,22.64830207824707,68.92362976074219,114.95050048828125
2014-12-08 05:00:00,65.30024719238281,30.087703704833984,22.67791748046875,68.93770599365234,114.21226501464844
2014-12-09 05:00:00,65.26425170898438,29.320518493652344,22.497526168823242,68.47945404052734,114.78199768066406
2014-12-10 05:00:00,64.75343322753906,29.013639450073242,22.341365814208984,67.80966186523438,112.54318237304688
2014-12-11 05:00:00,65.04841613769531,28.96481704711914,22.570222854614258,67.88723754882812,113.47403717041016
2014-12-12 05:00:00,64.42965698242188,28.53240394592285,22.564836502075195,66.79444122314453,110.641357421875
2014-12-15 05:00:00,64.17786407470703,28.295272827148438,22.599842071533203,66.3714370727539,110.89015197753906
2014-12-16 05:00:00,64.29296112060547,28.169734954833984,22.33598518371582,65.27862548828125,110.18399047851562
2014-12-17 05:00:00,65.257080078125,28.978775024414062,22.67791748046875,66.07530212402344,111.8049087524414
2014-12-18 05:00:00,66.19239044189453,29.564620971679688,23.138317108154297,67.23155212402344,113.5943832397461
2014-12-19 05:00:00,66.22837829589844,29.25774574279785,22.928312301635742,67.28794860839844,113.76288604736328
2014-12-22 05:00:00,66.62409210205078,29.536724090576172,23.256776809692383,68.11988830566406,114.91841125488281
2014-12-23 05:00:00,67.12052917480469,29.969131469726562,23.332164764404297,68.64163208007812,115.67274475097656
2014-12-24 05:00:00,67.01260375976562,29.948223114013672,23.27024269104004,68.45124816894531,115.27147674560547
2014-12-26 05:00:00,67.24282836914062,29.9621639251709,23.39946746826172,68.42304229736328,115.10299682617188
2014-12-29 05:00:00,66.65283966064453,29.892427444458008,23.3267822265625,68.19747161865234,115.022705078125
2014-12-30 05:00:00,66.48018646240234,29.822683334350586,23.36717414855957,67.65457916259766,115.14307403564453
2014-12-31 05:00:00,65.53768157958984,29.446054458618164,23.122161865234375,66.66751861572266,113.74686431884766
2015-01-02 05:00:00,65.07000732421875,29.390260696411133,23.127540588378906,66.58291625976562,113.63446807861328
2015-01-05 05:00:00,64.76062774658203,29.390260696411133,23.060232162475586,66.0823974609375,112.34252166748047
2015-01-06 05:00:00,64.46561431884766,29.613445281982422,23.23792839050293,65.581787109375,113.82707214355469
2015-01-07 05:00:00,64.80380249023438,29.983095169067383,23.85448455810547,67.49947357177734,115.80915832519531
2015-01-08 05:00:00,65.54486846923828,30.345767974853516,24.357961654663086,68.72621154785156,116.80414581298828
2015-01-09 05:00:00,64.93328857421875,30.010990142822266,24.056421279907227,68.26089477539062,115.00669860839844
2015-01-12 05:00:00,64.69587707519531,29.738983154296875,24.236801147460938,67.9789047241211,114.3647232055664
2015-01-13 05:00:00,64.96929168701172,29.732011795043945,24.045639038085938,67.92953491210938,113.21721649169922
2015-01-14 05:00:00,64.74622344970703,29.683185577392578,23.318706512451172,68.15513610839844,111.78887176513672
2015-01-15 05:00:00,64.6526870727539,29.557647705078125,23.526018142700195,68.15513610839844,111.78887176513672
2015-01-16 05:00:00,65.65279388427734,29.66227149963379,23.361783981323242,68.59225463867188,112.11784362792969
2015-01-20 05:00:00,65.60960388183594,30.101665496826172,23.34024429321289,68.74735260009766,111.84507751464844
2015-01-21 05:00:00,65.74293518066406,30.24113655090332,23.3267822265625,68.6698226928711,111.6524429321289
2015-01-22 05:00:00,66.3878402709961,30.5340633392334,23.773712158203125,69.72736358642578,113.36165618896484
2015-01-23 05:00:00,65.27195739746094,30.206270217895508,23.83025550842285,69.46649932861328,113.9875717163086
2015-01-26 05:00:00,64.90966033935547,29.990060806274414,23.862560272216797,69.57929992675781,114.67768859863281
2015-01-27 05:00:00,62.67062759399414,29.564620971679688,23.566408157348633,68.19039154052734,113.13697814941406
2015-01-28 05:00:00,61.69968032836914,29.236827850341797,23.375247955322266,67.48535919189453,112.0376205444336
2015-01-29 05:00:00,62.07645797729492,29.362361907958984,23.617563247680664,67.70393371582031,112.8561019897461
2015-01-30 05:00:00,61.076507568359375,28.713741302490234,22.87984848022461,66.11760711669922,114.74185180664062
2015-02-02 05:00:00,61.67793273925781,29.00666046142578,23.076391220092773,67.2104263305664,117.15723419189453
2015-02-03 05:00:00,62.27935028076172,29.034570693969727,23.205617904663086,67.82376861572266,123.37618255615234
2015-02-04 05:00:00,62.16343307495117,29.069440841674805,23.329477310180664,68.10581970214844,125.11747741699219
2015-02-05 05:00:00,62.82279586791992,29.146160125732422,23.499088287353516,68.1128158569336,123.60034942626953
2015-02-06 05:00:00,62.03300476074219,28.909027099609375,23.51255226135254,68.18333435058594,123.27704620361328
2015-02-09 05:00:00,61.627227783203125,28.75559425354004,23.130237579345703,67.66161346435547,122.31533813476562
2015-02-10 05:00:00,61.87357711791992,29.57159423828125,23.50178337097168,69.08576965332031,122.879150390625
2015-02-11 05:00:00,62.05473327636719,29.550668716430664,23.246007919311523,70.78489685058594,122.54258728027344
2015-02-12 05:00:00,62.337337493896484,29.411184310913086,23.124847412109375,70.6932601928711,122.79183197021484
2015-02-13 05:00:00,62.243125915527344,29.285654067993164,23.10331153869629,69.8895263671875,122.24333953857422
2015-02-17 05:00:00,61.946048736572266,29.160110473632812,23.14370346069336,69.34662628173828,122.6007308959961
2015-02-18 05:00:00,62.50395202636719,29.104310989379883,23.232545852661133,70.03052520751953,122.35143280029297
2015-02-19 05:00:00,61.74314498901367,29.369340896606445,22.486751556396484,69.6004409790039,121.8860092163086
2015-02-20 05:00:00,61.49677658081055,29.271696090698242,22.69676399230957,69.84019470214844,122.6090087890625
2015-02-23 05:00:00,61.87357711791992,29.188005447387695,22.777536392211914,70.1151351928711,123.31542205810547
2015-02-24 05:00:00,61.95329666137695,29.383289337158203,22.769458770751953,70.2067642211914,123.1658706665039
2015-02-25 05:00:00,61.92430114746094,29.327495574951172,22.500211715698242,70.15037536621094,122.55921173095703
2015-02-26 05:00:00,61.71416473388672,29.613445281982422,22.56214714050293,69.84722137451172,121.86941528320312
2015-02-27 05:00:00,61.685203552246094,30.199296951293945,22.597145080566406,69.78376770019531,122.12700653076172
2015-03-02 05:00:00,61.88808822631836,30.129558563232422,22.605220794677734,69.79786682128906,122.94142150878906
2015-03-03 05:00:00,61.70694351196289,29.955190658569336,22.44637107849121,69.37484741210938,122.46771240234375
2015-03-04 05:00:00,61.1199836730957,29.64133071899414,22.233675003051758,69.1015853881836,122.30158233642578
2015-03-05 05:00:00,61.32286834716797,29.57159423828125,22.500211715698242,69.0093002319336,125.6256103515625
2015-03-06 05:00:00,59.89542770385742,28.957843780517578,22.236370086669922,68.2569808959961,124.2711181640625
2015-03-09 04:00:00,60.20698165893555,28.867189407348633,22.31444549560547,68.16471099853516,125.21842956542969
2015-03-10 04:00:00,59.083866119384766,28.378965377807617,22.09636116027832,67.02200317382812,123.12429809570312
2015-03-11 04:00:00,58.97517395019531,27.967477798461914,21.855300903320312,66.4542007446289,122.49270629882812
2015-03-12 04:00:00,59.482418060302734,28.53006362915039,22.18303108215332,67.93046569824219,124.18798828125
2015-03-13 04:00:00,59.29400634765625,28.065935134887695,22.18303108215332,66.94393920898438,124.05499267578125
2015-03-16 04:00:00,60.54755783081055,28.333154678344727,22.559526443481445,67.74597930908203,124.64498138427734
2015-03-17 04:00:00,60.0330810546875,28.48786735534668,22.378055572509766,66.80908966064453,124.67829895019531
2015-03-18 04:00:00,60.68522644042969,28.551170349121094,22.353679656982422,67.17107391357422,125.42620086669922
2015-03-19 04:00:00,60.41710662841797,28.143287658691406,22.08011245727539,66.78780364990234,125.74198150634766
2015-03-20 04:00:00,61.4025993347168,28.58632469177246,22.54598045349121,67.66790008544922,126.80567169189453
2015-03-23 04:00:00,61.48951721191406,28.565216064453125,22.564939498901367,68.02989196777344,127.08824920654297
2015-03-24 04:00:00,60.80841827392578,28.45973777770996,22.494518280029297,68.03699493408203,127.2627182006836
2015-03-25 04:00:00,60.14902877807617,28.445676803588867,22.02593994140625,67.61109161376953,125.55917358398438
2015-03-26 04:00:00,59.525875091552734,28.3753604888916,22.18033218383789,67.87371826171875,124.70319366455078
2015-03-27 04:00:00,59.64180374145508,28.185483932495117,22.03406524658203,68.10086822509766,125.04388427734375
2015-03-30 04:00:00,59.93889617919922,28.48786735534668,22.353679656982422,68.50540924072266,126.62287902832031
2015-03-31 04:00:00,59.37369918823242,28.51599884033203,22.27783966064453,67.86661529541016,125.8999252319336
2015-04-01 04:00:00,59.6490478515625,28.607419967651367,21.8607177734375,67.49044036865234,124.852783203125
2015-04-02 04:00:00,59.728755950927734,28.607419967651367,21.866132736206055,67.91630554199219,126.00794219970703
2015-04-06 04:00:00,60.1707649230957,28.952001571655273,21.936559677124023,68.47702026367188,126.7309341430664
2015-04-07 04:00:00,59.69977569580078,28.83948516845703,21.80384063720703,68.28535461425781,126.13253784179688
2015-04-08 04:00:00,59.975120544433594,28.755084991455078,21.947389602661133,68.15765380859375,126.31541442871094
2015-04-09 04:00:00,60.062068939208984,28.86762046813965,21.895923614501953,68.38475036621094,123.66444396972656
2015-04-10 04:00:00,60.395381927490234,28.748069763183594,21.844463348388672,68.27826690673828,124.35416412353516
2015-04-13 04:00:00,60.45336151123047,28.621488571166992,21.746950149536133,67.80272674560547,123.83895874023438
2015-04-14 04:00:00,60.5765495300293,28.48786735534668,21.70903778076172,68.4841079711914,124.25447845458984
2015-04-15 04:00:00,60.511329650878906,28.41051483154297,21.59798812866211,68.58345794677734,123.88053131103516
2015-04-16 04:00:00,60.50409698486328,28.551170349121094,21.46255874633789,68.45572662353516,122.25170135498047
2015-04-17 04:00:00,59.801204681396484,28.340177536010742,21.094196319580078,68.00148010253906,120.14090728759766
2015-04-20 04:00:00,60.047550201416016,28.593355178833008,21.164623260498047,68.49120330810547,121.58686828613281
2015-04-21 04:00:00,60.19977951049805,28.677734375,21.134828567504883,68.68994140625,122.44285583496094
2015-04-22 04:00:00,60.20698165893555,29.05046272277832,21.2431697845459,69.04480743408203,122.14366912841797
2015-04-23 04:00:00,59.12813186645508,28.797300338745117,21.44631004333496,67.94468688964844,122.40955352783203
2015-04-24 04:00:00,59.1646728515625,28.755084991455078,21.625072479248047,67.5472412109375,123.09101867675781
2015-04-27 04:00:00,58.87249755859375,28.712905883789062,21.497777938842773,67.06460571289062,122.12700653076172
2015-04-28 04:00:00,58.741031646728516,28.67070198059082,21.424638748168945,67.01493835449219,121.83617401123047
2015-04-29 04:00:00,58.324676513671875,28.47380828857422,21.094196319580078,66.98652648925781,120.37794494628906
2015-04-30 04:00:00,58.076358795166016,28.523040771484375,21.140241622924805,67.51171875,119.20297241210938
2015-05-01 04:00:00,58.64608383178711,28.769155502319336,21.289209365844727,67.82404327392578,121.15290832519531
2015-05-04 04:00:00,58.68992233276367,28.8043212890625,21.44631004333496,68.10086822509766,121.45287322998047
2015-05-05 04:00:00,58.485374450683594,28.656641006469727,21.16191291809082,67.72467803955078,120.4112777709961
2015-05-06 04:00:00,58.726417541503906,28.593355178833008,21.164636611938477,67.76724243164062,120.6362533569336
2015-05-07 04:00:00,58.5803108215332,28.621488571166992,21.26820945739746,67.53304290771484,120.46121215820312
2015-05-08 04:00:00,59.13547134399414,28.818382263183594,21.404491424560547,68.52667999267578,121.56119537353516
2015-05-11 04:00:00,58.63145065307617,28.79025650024414,21.28729248046875,68.38475036621094,120.21963500976562
2015-05-12 04:00:00,58.39773941040039,28.61444664001465,21.52169418334961,68.27826690673828,120.0529556274414
2015-05-13 04:00:00,58.21513366699219,28.86762046813965,21.30364418029785,68.42731475830078,119.36131286621094
2015-05-14 04:00:00,58.85059356689453,29.184062957763672,21.45627784729004,69.55582427978516,118.82799530029297
2015-05-15 04:00:00,59.201202392578125,29.19812774658203,21.5980167388916,69.71198272705078,120.686279296875
2015-05-18 04:00:00,58.97475814819336,29.05748176574707,21.783355712890625,69.5913314819336,120.87791442871094
2015-05-19 04:00:00,59.04051971435547,29.05046272277832,20.832111358642578,69.52034759521484,120.61128997802734
2015-05-20 04:00:00,58.78483963012695,29.07858657836914,20.687650680541992,69.3357925415039,119.56965637207031
2015-05-21 04:00:00,58.73373031616211,28.99420738220215,20.744888305664062,68.98804473876953,119.94461059570312
2015-05-22 04:00:00,58.39773941040039,28.980140686035156,20.676742553710938,68.32087707519531,119.72793579101562
2015-05-26 04:00:00,57.80607604980469,28.825416564941406,20.415082931518555,67.98726654052734,119.36961364746094
2015-05-27 04:00:00,57.988685607910156,28.91683006286621,20.49412727355957,68.40604400634766,121.17794036865234
2015-05-28 04:00:00,57.94486618041992,28.930892944335938,20.39872932434082,68.88866424560547,120.21125030517578
2015-05-29 04:00:00,57.25825500488281,28.8043212890625,20.243371963500977,68.44154357910156,118.81966400146484
2015-06-01 04:00:00,57.594268798828125,28.79025650024414,20.368749618530273,68.11502838134766,118.65301513671875
2015-06-02 04:00:00,57.3678092956543,28.825416564941406,20.314228057861328,68.17181396484375,117.82801818847656
2015-06-03 04:00:00,57.382423400878906,28.74103546142578,20.4123592376709,68.13821411132812,118.43634033203125
2015-06-04 04:00:00,57.08293914794922,28.54413604736328,20.210662841796875,67.30883026123047,117.20306396484375
2015-06-05 04:00:00,56.55705642700195,28.19954490661621,19.91356658935547,66.52948760986328,115.64479064941406
2015-06-08 04:00:00,56.761566162109375,28.241744995117188,19.79091453552246,66.37933349609375,115.03649139404297
2015-06-09 04:00:00,57.63077163696289,28.269865036010742,19.75275993347168,66.54378509521484,115.02815246582031
2015-06-10 04:00:00,58.098236083984375,28.361295700073242,19.878135681152344,66.9870834350586,116.18644714355469
2015-06-11 04:00:00,58.0033073425293,28.432188034057617,19.880859375,67.2730712890625,116.09480285644531
2015-06-12 04:00:00,57.60886764526367,28.332918167114258,19.741849899291992,67.02284240722656,115.64479064941406
2015-06-15 04:00:00,57.0610466003418,28.070579528808594,19.605571746826172,66.23633575439453,114.3531723022461
2015-06-16 04:00:00,57.776851654052734,28.418006896972656,19.720043182373047,66.88697814941406,114.97817993164062
2015-06-17 04:00:00,58.4926643371582,28.552722930908203,19.8236141204834,67.24446105957031,115.7281494140625
2015-06-18 04:00:00,59.033203125,28.822153091430664,19.891759872436523,68.08817291259766,117.0781021118164
2015-06-19 04:00:00,58.82866287231445,28.644908905029297,19.82634735107422,67.82362365722656,116.91138458251953
2015-06-22 04:00:00,58.7629508972168,28.701627731323242,19.839975357055664,68.35270690917969,116.81974029541016
2015-06-23 04:00:00,58.28085708618164,28.630718231201172,19.78000831604004,68.35270690917969,116.36974334716797
2015-06-24 04:00:00,58.076358795166016,28.49599838256836,19.72822380065918,68.13104248046875,115.27813720703125
2015-06-25 04:00:00,57.988685607910156,28.375469207763672,19.58649444580078,67.8021469116211,114.53655242919922
2015-06-26 04:00:00,57.9521484375,28.36128807067871,19.65735626220703,67.85935974121094,115.0448226928711
2015-06-29 04:00:00,57.207122802734375,27.935880661010742,19.466556549072266,66.9870834350586,113.0699234008789
2015-06-30 04:00:00,57.14870071411133,27.815330505371094,19.333003997802734,66.73683166503906,112.54492950439453
2015-07-01 04:00:00,58.229705810546875,28.006778717041016,19.591941833496094,67.58050537109375,113.7365493774414
2015-07-02 04:00:00,58.38313293457031,27.99968910217285,19.58649444580078,67.68062591552734,113.65322875976562
2015-07-06 04:00:00,58.470760345458984,27.950040817260742,19.769107818603516,67.49472045898438,113.22827911376953
2015-07-07 04:00:00,59.690608978271484,28.538555145263672,20.11254119873047,68.92469787597656,117.0781021118164
2015-07-08 04:00:00,59.15737533569336,28.262025833129883,19.91356658935547,68.35985565185547,116.578125
2015-07-09 04:00:00,58.916343688964844,28.3045654296875,19.837251663208008,67.63057708740234,116.20310974121094
2015-07-10 04:00:00,59.12813186645508,28.637807846069336,19.929922103881836,68.31695556640625,118.92796325683594
2015-07-13 04:00:00,59.82936477661133,28.82925796508789,20.137075424194336,69.510986328125,120.04460906982422
2015-07-14 04:00:00,59.92433166503906,29.19085121154785,20.11254119873047,69.44664001464844,119.93628692626953
2015-07-15 04:00:00,60.00468063354492,29.162490844726562,20.074373245239258,68.88896179199219,119.6862564086914
2015-07-16 04:00:00,60.11423873901367,29.410648345947266,20.123437881469727,69.28217315673828,120.26962280273438
2015-07-17 04:00:00,60.07040023803711,29.247581481933594,20.003507614135742,69.19640350341797,120.56116485595703
2015-07-20 04:00:00,60.03388214111328,29.33974838256836,19.924467086791992,69.57535552978516,120.86124420166016
2015-07-21 04:00:00,59.62482833862305,29.205032348632812,19.82634735107422,69.30364990234375,120.77783203125
2015-07-22 04:00:00,59.523956298828125,28.999414443969727,19.940828323364258,69.4752197265625,121.97786712646484
2015-07-23 04:00:00,59.4282341003418,28.95687484741211,19.763656616210938,69.26072692871094,121.3278579711914
2015-07-24 04:00:00,59.126319885253906,28.673254013061523,19.510169982910156,68.76740264892578,120.81961822509766
2015-07-27 04:00:00,58.89064407348633,28.744163513183594,19.45566177368164,68.3956298828125,120.20292663574219
2015-07-28 04:00:00,59.08209991455078,28.751251220703125,19.65190315246582,68.71733856201172,120.45291137695312
2015-07-29 04:00:00,59.36933135986328,28.779621124267578,19.687341690063477,69.01763916015625,121.14456176757812
2015-07-30 04:00:00,56.990699768066406,28.758350372314453,19.668254852294922,69.0891342163086,121.07789611816406
2015-07-31 04:00:00,56.482574462890625,29.127033233642578,19.619192123413086,68.88896179199219,121.07789611816406
2015-08-03 04:00:00,56.261688232421875,29.45319938659668,19.673709869384766,69.6754379272461,121.2612075805664
2015-08-04 04:00:00,55.90082931518555,29.672990798950195,19.692787170410156,69.9328384399414,120.69454956054688
2015-08-05 04:00:00,55.79771423339844,29.864439010620117,20.17303466796875,70.91952514648438,122.40282440185547
2015-08-06 04:00:00,55.77564239501953,29.722627639770508,19.975452423095703,70.89091491699219,122.02790069580078
2015-08-07 04:00:00,55.584163665771484,29.61627769470215,19.552827835083008,70.85517120361328,121.0445556640625
2015-08-10 04:00:00,56.2469367980957,29.552461624145508,19.615949630737305,70.8479995727539,121.8694839477539
2015-08-11 04:00:00,56.12911605834961,29.410648345947266,19.73944091796875,70.51197814941406,121.56956481933594
2015-08-12 04:00:00,56.25429916381836,29.254667282104492,19.917816162109375,70.3403549194336,122.40513610839844
2015-08-13 04:00:00,55.80510330200195,29.141220092773438,19.78883934020996,70.6335220336914,121.38568115234375
2015-08-14 04:00:00,55.68727493286133,29.247581481933594,19.862932205200195,70.94811248779297,122.07086944580078
2015-08-17 04:00:00,55.62097930908203,29.318483352661133,19.733951568603516,71.3985366821289,122.07086944580078
2015-08-18 04:00:00,55.32642364501953,29.28303337097168,19.06709861755371,71.33418273925781,121.68653106689453
2015-08-19 04:00:00,54.582637786865234,28.914325714111328,18.817367553710938,70.77649688720703,121.3021240234375
2015-08-20 04:00:00,54.42800521850586,28.751251220703125,18.77894401550293,70.05438232421875,120.08219909667969
2015-08-21 04:00:00,52.90362548828125,28.028039932250977,18.260284423828125,68.81745147705078,116.13819885253906
2015-08-24 04:00:00,50.91533660888672,27.212650299072266,17.549528121948242,65.65721893310547,111.10799407958984
2015-08-25 04:00:00,50.38511276245117,26.936140060424805,17.31626319885254,64.0914077758789,110.89073181152344
2015-08-26 04:00:00,52.21141815185547,27.4608154296875,17.791017532348633,66.12909698486328,115.44468688964844
2015-08-27 04:00:00,52.638526916503906,27.843690872192383,18.134050369262695,66.9227294921875,117.15763092041016
2015-08-28 04:00:00,52.43970489501953,27.971317291259766,17.821197509765625,66.8726806640625,116.94036865234375
2015-08-31 04:00:00,52.042049407958984,27.879146575927734,17.763572692871094,66.4437026977539,117.0239486694336
2015-09-01 04:00:00,50.73860549926758,27.47499656677246,17.513851165771484,65.29971313476562,115.5616455078125
2015-09-02 04:00:00,51.408729553222656,27.581350326538086,17.683990478515625,66.02960968017578,117.33311462402344
2015-09-03 04:00:00,51.49708557128906,27.765695571899414,17.799253463745117,66.38268280029297,117.38323211669922
2015-09-04 04:00:00,50.635498046875,27.311927795410156,17.533061981201172,65.51081085205078,115.7120590209961
2015-09-08 04:00:00,51.5339241027832,27.581350326538086,18.216379165649414,66.55561828613281,118.17704772949219
2015-09-09 04:00:00,50.42930221557617,27.155933380126953,17.870603561401367,65.44597625732422,116.71479034423828
2015-09-10 04:00:00,50.31148147583008,27.241016387939453,17.596181869506836,65.61170196533203,116.99053192138672
2015-09-11 04:00:00,50.38511276245117,27.26961898803711,17.74162483215332,66.01520538330078,117.85954284667969
2015-09-14 04:00:00,50.1199951171875,27.2481689453125,17.640085220336914,65.71257019042969,117.9430923461914
2015-09-15 04:00:00,51.14361572265625,27.534238815307617,17.65106201171875,66.33222961425781,119.01261901855469
2015-09-16 04:00:00,51.6223030090332,27.999103546142578,17.752599716186523,67.05997467041016,119.99862670898438
2015-09-17 04:00:00,51.725379943847656,28.163602828979492,17.69222640991211,67.27613067626953,119.7813720703125
2015-09-18 04:00:00,51.50444412231445,27.877519607543945,17.38212013244629,67.04559326171875,118.49456024169922
2015-09-21 04:00:00,52.027313232421875,28.027700424194336,17.486404418945312,67.5211181640625,119.66442108154297
2015-09-22 04:00:00,51.68857192993164,27.74164390563965,17.450727462768555,66.55561828613281,119.19654083251953
2015-09-23 04:00:00,51.7401237487793,27.720170974731445,17.486404418945312,66.57720947265625,121.51939392089844
2015-09-24 04:00:00,52.5501594543457,27.999103546142578,17.51659393310547,66.62764739990234,121.05147552490234
2015-09-25 04:00:00,53.514854431152344,28.335243225097656,17.50287628173828,67.34821319580078,121.61966705322266
2015-09-28 04:00:00,52.85208511352539,28.27086639404297,17.469938278198242,66.62764739990234,119.94850158691406
2015-09-29 04:00:00,53.22764587402344,28.36383628845215,17.50287628173828,67.0383529663086,120.0905532836914
2015-09-30 04:00:00,52.977291107177734,28.692832946777344,17.793760299682617,67.94623565673828,120.80076599121094
2015-10-01 04:00:00,52.98464584350586,28.463958740234375,17.637340545654297,67.62200164794922,120.7924575805664
2015-10-02 04:00:00,53.330753326416016,28.885915756225586,17.83218765258789,67.8453598022461,121.87867736816406
2015-10-05 04:00:00,53.919883728027344,29.329320907592773,18.076425552368164,69.03421783447266,123.7253646850586
2015-10-06 04:00:00,54.052452087402344,29.2935733795166,18.024280548095703,69.94210052490234,124.00946044921875
2015-10-07 04:00:00,54.288089752197266,29.69406509399414,18.210891723632812,70.98687744140625,123.63348388671875
2015-10-08 04:00:00,54.78884506225586,30.023040771484375,18.353593826293945,71.31112670898438,126.72511291503906
2015-10-09 04:00:00,54.84777069091797,30.05165672302246,18.30144500732422,71.67140197753906,128.6553497314453
2015-10-12 04:00:00,54.737300872802734,30.03736114501953,18.367313385009766,71.43360900878906,128.37118530273438
2015-10-13 04:00:00,54.575286865234375,29.787046432495117,18.31243133544922,70.55453491210938,127.24317932128906
2015-10-14 04:00:00,54.64891052246094,29.808494567871094,16.473777770996094,70.24471282958984,125.2043228149414
2015-10-15 04:00:00,54.69309997558594,29.980134963989258,16.281675338745117,70.81391906738281,126.81698608398438
2015-10-16 04:00:00,55.157066345214844,30.05165672302246,16.160926818847656,71.83711242675781,127.05933380126953
2015-10-19 04:00:00,55.348533630371094,30.030202865600586,16.14995002746582,72.18294525146484,128.0286102294922
2015-10-20 04:00:00,54.810951232910156,30.24475860595703,16.122514724731445,72.247802734375,129.14833068847656
2015-10-21 04:00:00,54.67941665649414,30.173234939575195,16.092323303222656,72.23339080810547,129.69143676757812
2015-10-22 04:00:00,55.61565017700195,30.924165725708008,16.163673400878906,74.27249908447266,132.1480255126953
2015-10-23 04:00:00,57.235435485839844,30.602340698242188,15.999024391174316,73.80415344238281,130.1342315673828
2015-10-26 04:00:00,57.57724380493164,30.459314346313477,15.922181129455566,73.88341522216797,130.96151733398438
2015-10-27 04:00:00,57.428627014160156,30.473608016967773,15.773991584777832,74.17164611816406,131.82220458984375
2015-10-28 04:00:00,56.84907913208008,30.5594425201416,15.817899703979492,74.02752685546875,131.82220458984375
2015-10-29 04:00:00,57.228004455566406,30.602340698242188,15.905712127685547,74.07075500488281,132.25674438476562
2015-10-30 04:00:00,56.75245666503906,30.287654876708984,15.708122253417969,73.63124084472656,132.123046875
2015-11-02 05:00:00,56.915931701660156,30.20899772644043,15.809660911560059,73.06200408935547,132.98362731933594
2015-11-03 05:00:00,57.250301361083984,30.151779174804688,15.94687557220459,72.7161636352539,132.691162109375
2015-11-04 05:00:00,57.257728576660156,30.015892028808594,16.018230438232422,72.49999237060547,131.3124237060547
2015-11-05 05:00:00,56.75989532470703,30.273353576660156,16.084089279174805,72.49278259277344,130.57720947265625
2015-11-06 05:00:00,56.15061569213867,30.00874137878418,16.1307373046875,71.85151672363281,131.64674377441406
2015-11-09 05:00:00,56.02431869506836,29.708372116088867,16.051156997680664,71.24627685546875,129.64968872070312
2015-11-10 05:00:00,56.299217224121094,29.87286376953125,16.103300094604492,71.2102279663086,131.03195190429688
2015-11-11 05:00:00,56.44041061401367,30.065961837768555,15.801431655883789,71.64253234863281,131.0152130126953
2015-11-12 05:00:00,55.47446823120117,29.736982345581055,15.628548622131348,70.8788070678711,130.68846130371094
2015-11-13 05:00:00,54.95433807373047,29.593936920166016,15.483098030090332,70.64103698730469,128.7365264892578
2015-11-16 05:00:00,55.950016021728516,30.00874137878418,15.881016731262207,71.73622131347656,131.06541442871094
2015-11-17 05:00:00,55.77910614013672,29.80134391784668,16.443586349487305,71.2102279663086,133.10952758789062
2015-11-18 05:00:00,56.39583206176758,30.237592697143555,16.72075653076172,72.247802734375,135.086669921875
2015-11-19 05:00:00,56.63357925415039,30.83119010925293,16.65764045715332,72.72335052490234,136.4102020263672
2015-11-20 05:00:00,56.336368560791016,30.344873428344727,16.48474884033203,72.12532043457031,136.63645935058594
2015-11-23 05:00:00,56.44782638549805,30.723918914794922,16.536895751953125,72.66573333740234,136.92965698242188
2015-11-24 05:00:00,56.80448913574219,31.00998306274414,16.443586349487305,72.5072021484375,135.87413024902344
2015-11-25 05:00:00,56.39583206176758,31.00998306274414,16.53140640258789,72.41352081298828,136.04165649414062
2015-11-27 05:00:00,56.24720001220703,31.096454620361328,16.435359954833984,72.58646392822266,137.03863525390625
2015-11-30 05:00:00,55.608219146728516,30.714515686035156,16.1472110748291,72.16856384277344,135.22900390625
2015-12-01 05:00:00,56.425533294677734,30.90909194946289,16.18837547302246,72.81700897216797,135.12013244628906
2015-12-02 05:00:00,56.314083099365234,30.822612762451172,16.146865844726562,72.18070220947266,134.95260620117188
2015-12-03 05:00:00,56.27693176269531,30.599206924438477,16.337804794311523,71.897705078125,137.11399841308594
2015-12-04 05:00:00,57.82987976074219,31.19735336303711,16.509374618530273,73.32710266113281,139.73614501953125
2015-12-07 05:00:00,58.2310905456543,31.13251304626465,16.741823196411133,73.04411315917969,140.00416564941406
2015-12-08 05:00:00,57.77042770385742,30.99557876586914,16.49553871154785,72.68136596679688,141.47024536132812
2015-12-09 05:00:00,57.73325729370117,30.743337631225586,16.36271095275879,71.92675018310547,133.80490112304688
2015-12-10 05:00:00,57.80015563964844,30.815412521362305,16.481700897216797,71.75985717773438,135.59765625
2015-12-11 05:00:00,57.79271697998047,30.462291717529297,16.426353454589844,70.94720458984375,134.05624389648438
2015-12-14 05:00:00,58.17165756225586,30.591999053955078,16.71137809753418,71.07054901123047,135.58087158203125
2015-12-15 05:00:00,59.204463958740234,31.03880500793457,16.50383758544922,72.11541748046875,135.12013244628906
2015-12-16 05:00:00,60.17782974243164,31.593717575073242,16.686479568481445,73.34163665771484,136.3515625
2015-12-17 05:00:00,59.65772247314453,31.341489791870117,16.321199417114258,72.7031478881836,134.609130859375
2015-12-18 05:00:00,58.052764892578125,30.628036499023438,16.285228729248047,71.03430938720703,132.11260986328125
2015-12-21 05:00:00,58.66204833984375,30.829814910888672,16.478931427001953,71.55670166015625,133.52842712402344
2015-12-22 05:00:00,59.145015716552734,31.19735336303711,16.752887725830078,72.41289520263672,135.0699005126953
2015-12-23 05:00:00,59.382774353027344,31.47121810913086,16.90508270263672,73.02236938476562,135.4720458984375
2015-12-24 05:00:00,59.286197662353516,31.377527236938477,16.83313751220703,72.9498291015625,135.5054931640625
2015-12-28 05:00:00,59.382774353027344,31.341489791870117,16.810998916625977,73.05139923095703,135.01119995117188
2015-12-29 05:00:00,59.7097282409668,31.500045776367188,17.048988342285156,73.61007690429688,136.26791381835938
2015-12-30 05:00:00,59.49422836303711,31.399133682250977,17.068355560302734,73.3924331665039,136.30970764160156
2015-12-31 05:00:00,59.00382995605469,30.95954132080078,16.96320343017578,72.49993896484375,135.2960662841797
2016-01-04 05:00:00,58.2310905456543,30.55597686767578,17.00747299194336,71.66553497314453,133.654052734375
2016-01-05 05:00:00,58.4168586730957,30.6640567779541,17.4114933013916,72.15895080566406,133.98081970214844
2016-01-06 05:00:00,57.85215759277344,30.498321533203125,17.585830688476562,72.18070220947266,132.74093627929688
2016-01-07 05:00:00,57.34688949584961,29.993846893310547,17.995380401611328,70.79483032226562,129.699951171875
2016-01-08 05:00:00,56.44782638549805,29.914583206176758,17.58306121826172,70.53363037109375,127.42963409423828
2016-01-11 05:00:00,56.96793746948242,29.965038299560547,17.771240234375,70.70052337646484,129.6161346435547
2016-01-12 05:00:00,56.84907913208008,30.35419273376465,17.60519790649414,70.83110046386719,130.73870849609375
2016-01-13 05:00:00,56.35867691040039,30.159603118896484,17.134765625,70.0184555053711,127.43802642822266
2016-01-14 05:00:00,56.58158874511719,30.181230545043945,17.45023536682129,69.517822265625,128.32601928710938
2016-01-15 05:00:00,55.71223449707031,29.90736961364746,17.137537002563477,68.15374755859375,125.98869323730469
2016-01-19 05:00:00,57.012535095214844,30.21005630493164,17.31187629699707,69.4887924194336,126.05573272705078
2016-01-20 05:00:00,56.83491134643555,29.820892333984375,16.835906982421875,68.03760528564453,124.6734619140625
2016-01-21 05:00:00,57.501953125,29.828107833862305,17.123699188232422,68.54554748535156,125.98030853271484
2016-01-22 05:00:00,57.981651306152344,30.310955047607422,17.347843170166016,69.54685974121094,128.75323486328125
2016-01-25 05:00:00,57.599365234375,30.383014678955078,17.55816078186035,69.61215209960938,126.31541442871094
2016-01-26 05:00:00,59.068424224853516,30.325361251831055,17.710350036621094,69.88784790039062,124.40535736083984
2016-01-27 05:00:00,59.06094741821289,30.33255958557129,17.696521759033203,69.61215209960938,123.76028442382812
2016-01-28 05:00:00,59.82542037963867,30.678478240966797,17.771240234375,70.70775604248047,125.31844329833984
2016-01-29 05:00:00,61.226985931396484,30.93071746826172,18.363431930541992,72.05010986328125,126.60026550292969
2016-02-01 05:00:00,60.79977798461914,30.988378524780273,18.678892135620117,71.85416412353516,126.70915222167969
2016-02-02 05:00:00,60.125213623046875,30.584796905517578,18.501789093017578,71.25921630859375,124.40535736083984
2016-02-03 05:00:00,60.78477478027344,30.786584854125977,18.338516235351562,71.6292495727539,122.8974380493164
2016-02-04 05:00:00,60.48497009277344,30.649656295776367,18.380027770996094,70.66423797607422,120.0323486328125
2016-02-05 05:00:00,60.85973358154297,30.584796905517578,18.540529251098633,70.61344146728516,120.62716674804688
2016-02-08 05:00:00,61.92404556274414,30.73613166809082,18.512855529785156,70.75858306884766,123.1655044555664
2016-02-09 05:00:00,61.939029693603516,31.204570770263672,18.211231231689453,71.30998992919922,123.93622589111328
2016-02-10 05:00:00,61.17453384399414,30.6640567779541,18.205698013305664,70.83110046386719,124.36463928222656
2016-02-11 05:00:00,59.88540267944336,30.563169479370117,18.075637817382812,70.30870056152344,123.1885757446289
2016-02-12 05:00:00,60.702354431152344,31.0676326751709,18.313613891601562,71.4623794555664,124.86861419677734
2016-02-16 05:00:00,61.062103271484375,31.247798919677734,18.236135482788086,71.54217529296875,125.25504302978516
2016-02-17 05:00:00,61.79661178588867,31.341489791870117,18.29424285888672,72.23149108886719,126.76708984375
2016-02-18 05:00:00,61.44435501098633,31.4279727935791,17.74357032775879,72.28228759765625,124.86861419677734
2016-02-19 05:00:00,61.30195617675781,31.54327392578125,17.892993927001953,72.2532730102539,124.91063690185547
2016-02-22 05:00:00,61.55678176879883,31.665802001953125,18.161415100097656,72.46367645263672,126.05301666259766
2016-02-23 05:00:00,61.31694412231445,31.485637664794922,18.396629333496094,72.22423553466797,126.30506896972656
2016-02-24 05:00:00,61.12955856323242,31.6441650390625,18.57373809814453,72.32579040527344,129.25355529785156
2016-02-25 05:00:00,61.71417999267578,31.824337005615234,18.828317642211914,73.04411315917969,129.967529296875
2016-02-26 05:00:00,60.78477478027344,31.08926010131836,18.404937744140625,71.36802673339844,125.73388671875
2016-02-29 05:00:00,60.177696228027344,31.082046508789062,18.357891082763672,70.97624206542969,126.02787780761719
2016-03-01 05:00:00,60.88222122192383,31.485637664794922,18.391098022460938,71.897705078125,126.43952178955078
2016-03-02 05:00:00,61.871559143066406,31.54327392578125,18.321918487548828,71.85606384277344,128.34634399414062
2016-03-03 05:00:00,62.08891677856445,31.680194854736328,18.302549362182617,72.46260070800781,127.34668731689453
2016-03-04 05:00:00,62.57611083984375,31.78829002380371,18.47964859008789,73.07644653320312,126.75870513916016
2016-03-07 05:00:00,62.2838020324707,31.71623992919922,18.786815643310547,72.52836608886719,124.46543884277344
2016-03-08 05:00:00,62.25384521484375,31.939640045166016,18.828317642211914,72.88642883300781,126.80070495605469
2016-03-09 05:00:00,62.17888641357422,32.29275894165039,18.82552719116211,73.22258758544922,128.56471252441406
2016-03-10 05:00:00,61.66919708251953,32.595436096191406,18.792078018188477,73.64644622802734,128.41354370117188
2016-03-11 05:00:00,61.2719841003418,32.827850341796875,18.72517967224121,74.03372955322266,128.2790985107422
2016-03-14 04:00:00,60.837257385253906,32.893211364746094,18.77814292907715,73.55144500732422,128.24557495117188
2016-03-15 04:00:00,60.94218444824219,32.856903076171875,18.981645584106445,73.91683197021484,129.51394653320312
2016-03-16 04:00:00,60.96464157104492,32.718902587890625,18.953771591186523,73.68297576904297,129.41314697265625
2016-03-17 04:00:00,62.02146530151367,33.241825103759766,18.80323600769043,74.44298553466797,129.22833251953125
2016-03-18 04:00:00,62.3212776184082,33.11836624145508,18.66383934020996,74.01911163330078,128.6487274169922
2016-03-21 04:00:00,62.448692321777344,33.16919708251953,18.948196411132812,74.20182037353516,129.31234741210938
2016-03-22 04:00:00,62.013980865478516,33.04573059082031,18.920316696166992,73.63912200927734,127.87596893310547
2016-03-23 04:00:00,62.073936462402344,33.016685485839844,18.80602264404297,73.66834259033203,128.951171875
2016-03-24 04:00:00,62.12639236450195,33.103843688964844,18.956560134887695,73.5733642578125,127.20386505126953
2016-03-28 04:00:00,61.92404556274414,33.26361846923828,18.990015029907227,73.7926025390625,128.24557495117188
2016-03-29 04:00:00,62.058963775634766,33.757484436035156,18.964921951293945,74.07760620117188,130.4211883544922
2016-03-30 04:00:00,61.96900177001953,33.830116271972656,19.1795711517334,75.04219818115234,132.38681030273438
2016-03-31 04:00:00,61.69169616699219,33.6921272277832,19.09316062927246,74.88874816894531,132.3699951171875
2016-04-01 04:00:00,62.606082916259766,34.01167297363281,19.25205421447754,75.83873748779297,132.9327850341797
2016-04-04 04:00:00,62.36623764038086,34.05525207519531,19.263208389282227,75.86797332763672,132.49600219726562
2016-04-05 04:00:00,62.32878112792969,33.79380416870117,19.134973526000977,75.34185028076172,131.03439331054688
2016-04-06 04:00:00,62.81593704223633,33.924530029296875,19.246482849121094,75.94104766845703,131.68955993652344
2016-04-07 04:00:00,62.38872528076172,33.670326232910156,19.01789093017578,75.70719146728516,127.70787811279297
2016-04-08 04:00:00,62.3587532043457,34.04073715209961,18.973283767700195,76.78872680664062,127.38870239257812
2016-04-11 04:00:00,62.006500244140625,33.72843933105469,18.78929328918457,76.2187271118164,125.2046890258789
2016-04-12 04:00:00,62.081443786621094,33.8809700012207,19.1795711517334,76.66449737548828,126.43952178955078
2016-04-13 04:00:00,61.8040885925293,33.437931060791016,19.27714729309082,76.08717346191406,127.58190155029297
2016-04-14 04:00:00,61.9703483581543,33.285400390625,19.1795711517334,75.38565063476562,127.17872619628906
2016-04-15 04:00:00,62.189483642578125,33.48149490356445,19.25205421447754,75.83142852783203,128.66555786132812
2016-04-18 04:00:00,62.589988708496094,33.56865310668945,19.47507667541504,75.79489135742188,128.774658203125
2016-04-19 04:00:00,62.93003463745117,33.84463882446289,19.44998550415039,76.23333740234375,129.09388732910156
2016-04-20 04:00:00,61.62275695800781,32.225040435791016,19.293872833251953,74.8595199584961,128.30430603027344
2016-04-21 04:00:00,61.05602264404297,31.709386825561523,19.087581634521484,73.7999267578125,127.19550323486328
2016-04-22 04:00:00,61.16936492919922,32.3484992980957,19.157278060913086,74.52336120605469,125.93544006347656
2016-04-25 04:00:00,61.51697540283203,32.471961975097656,19.366352081298828,75.12257385253906,127.27110290527344
2016-04-26 04:00:00,60.11145782470703,32.34122848510742,19.318960189819336,74.97644805908203,128.18670654296875
2016-04-27 04:00:00,60.368370056152344,32.45018005371094,19.352420806884766,74.99832916259766,127.86661529541016
2016-04-28 04:00:00,60.270164489746094,32.413875579833984,19.21024513244629,75.246826171875,127.58853149414062
2016-04-29 04:00:00,60.54218292236328,32.53733444213867,18.641550064086914,75.23948669433594,124.79989624023438
2016-05-02 04:00:00,61.184478759765625,32.66805648803711,18.84226417541504,75.58295440673828,127.1588363647461
2016-05-03 04:00:00,61.282711029052734,32.56639099121094,18.677785873413086,75.67796325683594,127.56330108642578
2016-05-04 04:00:00,61.660552978515625,32.66805648803711,18.730756759643555,76.01409149169922,127.64752197265625
2016-05-05 04:00:00,61.433860778808594,32.72616958618164,18.736328125,76.15296173095703,124.55549621582031
2016-05-06 04:00:00,62.06102752685547,32.91501235961914,19.0262508392334,76.7010498046875,123.37599182128906
2016-05-09 04:00:00,62.05350112915039,32.856903076171875,19.22139549255371,76.93487548828125,125.18739318847656
2016-05-10 04:00:00,62.32548522949219,33.227298736572266,19.176788330078125,77.87757873535156,126.00457000732422
2016-05-11 04:00:00,62.07615661621094,33.016685485839844,18.648862838745117,77.25641632080078,123.94894409179688
2016-05-12 04:00:00,62.272605895996094,33.285400390625,18.77242088317871,77.53410339355469,123.61189270019531
2016-05-13 04:00:00,61.380943298339844,32.936790466308594,18.23606300354004,76.13107299804688,121.7415542602539
2016-05-16 04:00:00,61.683204650878906,33.13288116455078,18.539337158203125,76.0945053100586,122.82841491699219
2016-05-17 04:00:00,60.92003631591797,32.50101852416992,18.280996322631836,74.8083267211914,120.98329162597656
2016-05-18 04:00:00,60.33816146850586,32.304927825927734,17.7334041595459,73.74144744873047,119.03712463378906
2016-05-19 04:00:00,60.59507751464844,32.188724517822266,19.432331085205078,74.04838562011719,120.22510528564453
2016-05-20 04:00:00,60.46660232543945,31.919998168945312,19.617664337158203,73.1495132446289,120.21665954589844
2016-05-23 04:00:00,60.602638244628906,31.93452262878418,19.51657485961914,73.38335418701172,119.64373016357422
2016-05-24 04:00:00,61.184478759765625,32.225040435791016,19.72437858581543,73.87296295166016,120.11553192138672
2016-05-25 04:00:00,61.56986999511719,32.232303619384766,19.791778564453125,73.87296295166016,121.77527618408203
2016-05-26 04:00:00,61.3734016418457,32.45744705200195,19.895675659179688,74.46489715576172,126.13101959228516
2016-05-27 04:00:00,61.53207778930664,32.52280044555664,19.867589950561523,74.50872039794922,125.60021209716797
2016-05-31 04:00:00,61.23739242553711,32.39208221435547,19.876014709472656,73.93143463134766,125.33905029296875
2016-06-01 04:00:00,61.80409622192383,32.46471405029297,19.797386169433594,74.78031921386719,128.49844360351562
2016-06-02 04:00:00,61.92500686645508,32.47923278808594,19.92375373840332,75.09693908691406,127.64752197265625
2016-06-03 04:00:00,62.31794738769531,32.71163558959961,19.90129280090332,75.48710632324219,127.8160400390625
2016-06-06 04:00:00,62.54463577270508,32.95131301879883,19.95183753967285,75.61228942871094,128.2625732421875
2016-06-07 04:00:00,62.20460510253906,32.91501235961914,19.94622230529785,75.45764923095703,128.5827178955078
2016-06-08 04:00:00,62.45395278930664,33.08205032348633,20.016427993774414,75.96566009521484,129.2145538330078
2016-06-09 04:00:00,62.8469123840332,33.23456573486328,19.963064193725586,76.319091796875,129.78746032714844
2016-06-10 04:00:00,62.869571685791016,33.401611328125,19.977108001708984,76.06139373779297,130.47830200195312
2016-06-13 04:00:00,62.39350509643555,33.02105712890625,19.805816650390625,75.87733459472656,130.54571533203125
2016-06-14 04:00:00,62.98292541503906,32.96249771118164,19.92375373840332,76.00247192382812,131.32081604003906
2016-06-15 04:00:00,62.68064498901367,32.9405403137207,19.971494674682617,75.7300796508789,130.46986389160156
2016-06-16 04:00:00,63.02825164794922,33.16009521484375,20.02203941345215,76.4589614868164,131.7841796875
2016-06-17 04:00:00,62.816680908203125,32.779541015625,19.92375373840332,76.13502502441406,131.33767700195312
2016-06-20 04:00:00,62.7486572265625,32.9185791015625,19.96587562561035,76.10557556152344,131.8347625732422
2016-06-21 04:00:00,63.02825164794922,33.02838134765625,20.066967010498047,76.6282958984375,132.44134521484375
2016-06-22 04:00:00,63.14915084838867,32.83076477050781,20.148406982421875,76.37798309326172,133.2164306640625
2016-06-23 04:00:00,63.632755279541016,32.99177932739258,20.246685028076172,76.89335632324219,132.298095703125
2016-06-24 04:00:00,62.15928268432617,32.150146484375,20.207378387451172,75.08219909667969,131.0596466064453
2016-06-27 04:00:00,61.380943298339844,32.040367126464844,20.078203201293945,75.19261932373047,129.96441650390625
2016-06-28 04:00:00,62.310367584228516,32.333099365234375,20.081012725830078,75.19996643066406,131.0933380126953
2016-06-29 04:00:00,63.40608596801758,32.52339553833008,20.347789764404297,75.9215316772461,132.3402862548828
2016-06-30 04:00:00,63.980369567871094,33.17474365234375,20.50503921508789,77.99769592285156,132.30650329589844
2016-07-01 04:00:00,64.06346130371094,33.02105712890625,20.446069717407227,77.76944732666016,131.52301025390625
2016-07-05 04:00:00,64.56222534179688,33.247920989990234,20.53873634338379,78.35111236572266,130.79844665527344
2016-07-06 04:00:00,64.25239562988281,33.13081741333008,20.72969627380371,77.98297882080078,131.43878173828125
2016-07-07 04:00:00,64.10126495361328,32.99909973144531,20.648252487182617,79.1388931274414,137.9176025390625
2016-07-08 04:00:00,64.81156921386719,33.21133041381836,20.735305786132812,79.71316528320312,139.38356018066406
2016-07-11 04:00:00,64.79646301269531,33.35038375854492,20.797090530395508,80.18435668945312,140.4619903564453
2016-07-12 04:00:00,64.79646301269531,33.35770797729492,20.575241088867188,80.09599304199219,140.09124755859375
2016-07-13 04:00:00,64.9022445678711,33.47479248046875,20.67352867126465,80.92061614990234,140.5124969482422
2016-07-14 04:00:00,64.88715362548828,33.43820571899414,20.69599723815918,80.95742797851562,140.64732360839844
2016-07-15 04:00:00,64.992919921875,33.394287109375,20.68756866455078,80.73653411865234,140.20077514648438
2016-07-18 04:00:00,64.93247985839844,33.394287109375,20.735305786132812,80.40522003173828,141.12754821777344
2016-07-19 04:00:00,65.11384582519531,33.394287109375,20.684757232666016,80.64082336425781,141.6414794921875
2016-07-20 04:00:00,64.9767837524414,33.30646896362305,20.72126007080078,80.19174194335938,141.57408142089844
2016-07-21 04:00:00,64.93106842041016,33.26255798339844,20.645450592041016,79.94141387939453,140.739990234375
2016-07-22 04:00:00,65.2813720703125,33.5406608581543,20.653873443603516,80.3905029296875,141.09384155273438
2016-07-25 04:00:00,65.3423080444336,33.35038375854492,20.710037231445312,80.2653579711914,141.51515197753906
2016-07-26 04:00:00,64.93866729736328,32.84539794921875,20.704416275024414,79.66163635253906,141.17811584472656
2016-07-27 04:00:00,64.32179260253906,31.76227378845215,20.589284896850586,79.13151550292969,139.98171997070312
2016-07-28 04:00:00,64.58833312988281,31.94522476196289,20.566818237304688,79.61009216308594,140.15029907226562
2016-07-29 04:00:00,65.182373046875,31.930593490600586,20.491003036499023,80.19174194335938,140.88327026367188
2016-08-01 04:00:00,65.8068618774414,31.79886817932129,20.718454360961914,80.19908905029297,141.1697235107422
2016-08-02 04:00:00,66.07341003417969,31.857406616210938,20.535930633544922,80.04447174072266,140.27664184570312
2016-08-03 04:00:00,65.47175598144531,31.937915802001953,20.482572555541992,79.54381561279297,139.9564971923828
2016-08-04 04:00:00,65.53268432617188,31.842758178710938,20.58366584777832,79.82360076904297,140.3187713623047
2016-08-05 04:00:00,65.32706451416016,31.820812225341797,20.71284294128418,80.00029754638672,141.2876434326172
2016-08-08 04:00:00,65.31184387207031,31.791553497314453,20.594905853271484,79.61746978759766,141.03485107421875
2016-08-09 04:00:00,65.48698425292969,31.81348991394043,20.651060104370117,79.72051239013672,141.4224395751953
2016-08-10 04:00:00,65.73070526123047,31.915956497192383,20.908355712890625,80.11809539794922,142.16575622558594
2016-08-11 04:00:00,66.05056762695312,32.018409729003906,20.865942001342773,79.86776733398438,141.81944274902344
2016-08-12 04:00:00,66.28662109375,32.22332763671875,20.89139175415039,79.9487533569336,142.7993927001953
2016-08-15 04:00:00,66.27143859863281,32.37702560424805,20.73023223876953,80.04447174072266,142.5374755859375
2016-08-16 04:00:00,65.93630981445312,32.076969146728516,20.608659744262695,79.51437377929688,142.26719665527344
2016-08-17 04:00:00,66.22570037841797,32.24528503417969,20.61996078491211,79.86039733886719,141.88706970214844
2016-08-18 04:00:00,66.59126281738281,32.27454376220703,21.007314682006836,79.72051239013672,141.70965576171875
2016-08-19 04:00:00,66.49224853515625,32.142822265625,20.586034774780273,79.63955688476562,141.93772888183594
2016-08-22 04:00:00,66.14192199707031,32.0110969543457,20.554929733276367,79.48491668701172,141.87017822265625
2016-08-23 04:00:00,66.56080627441406,32.091583251953125,20.34853172302246,79.42601013183594,141.38014221191406
2016-08-24 04:00:00,66.49224853515625,32.091583251953125,20.42205047607422,79.5953598022461,141.5575714111328
2016-08-25 04:00:00,66.94158935546875,31.959869384765625,20.136484146118164,79.42601013183594,139.26829528808594
2016-08-26 04:00:00,66.6978759765625,31.70370864868164,20.113861083984375,79.10945129394531,138.48260498046875
2016-08-29 04:00:00,67.24620056152344,31.864728927612305,20.187374114990234,79.50701904296875,138.52481079101562
2016-08-30 04:00:00,66.66743469238281,31.64516258239746,20.16193389892578,78.93274688720703,136.81846618652344
2016-08-31 04:00:00,66.49224853515625,31.784223556518555,20.19869041442871,79.14997863769531,136.92825317382812
2016-09-01 04:00:00,67.25381469726562,31.725664138793945,20.59451675415039,79.55036926269531,131.9610595703125
2016-09-02 04:00:00,67.17005920410156,31.95255470275879,20.498382568359375,79.98042297363281,133.456298828125
2016-09-06 04:00:00,67.50514221191406,32.04769515991211,20.639753341674805,80.01750183105469,133.52383422851562
2016-09-07 04:00:00,66.97967529296875,31.937915802001953,20.373981475830078,79.49105834960938,131.47950744628906
2016-09-08 04:00:00,66.85018920898438,31.930593490600586,20.30895233154297,79.24636840820312,129.64639282226562
2016-09-09 04:00:00,65.67738342285156,30.935274124145508,19.87636375427246,77.14808654785156,127.30636596679688
2016-09-12 04:00:00,67.2081298828125,31.608591079711914,20.340055465698242,78.60873413085938,128.1427001953125
2016-09-13 04:00:00,66.29426574707031,31.195384979248047,20.20433807373047,77.5484390258789,127.34009552001953
2016-09-14 04:00:00,66.26377868652344,31.069961547851562,20.221303939819336,77.88953399658203,127.29788208007812
2016-09-15 04:00:00,67.06342315673828,31.254432678222656,20.470115661621094,78.20833587646484,128.97056579589844
2016-09-16 04:00:00,67.0558090209961,31.09209442138672,20.602996826171875,78.06005096435547,128.70022583007812
2016-09-19 04:00:00,67.29951477050781,31.062580108642578,20.382463455200195,78.34920501708984,128.22715759277344
2016-09-20 04:00:00,67.45945739746094,31.23965835571289,20.34853172302246,78.81631469726562,128.5481414794922
2016-09-21 04:00:00,66.86543273925781,31.379858016967773,20.410736083984375,79.43173217773438,128.9958953857422
2016-09-22 04:00:00,67.77168273925781,31.69711685180664,20.433353424072266,79.94334411621094,129.37606811523438
2016-09-23 04:00:00,66.83494567871094,31.5347957611084,20.455976486206055,79.58745574951172,128.85231018066406
2016-09-26 04:00:00,66.90348052978516,31.025699615478516,20.249576568603516,79.35758209228516,127.7203140258789
2016-09-27 04:00:00,67.29191589355469,31.42412757873535,20.4503231048584,79.69866180419922,127.09516143798828
2016-09-28 04:00:00,68.12962341308594,31.09947967529297,20.297645568847656,79.61713409423828,126.21658325195312
2016-09-29 04:00:00,67.19290161132812,31.010927200317383,19.997941970825195,79.89884185791016,124.59468078613281
2016-09-30 04:00:00,68.35047912597656,31.224905014038086,20.390945434570312,80.6477279663086,128.83541870117188
2016-10-03 04:00:00,67.5203628540039,31.010927200317383,20.35984230041504,80.26215362548828,127.56822204589844
2016-10-04 04:00:00,67.28427124023438,30.870746612548828,20.286334991455078,79.40950012207031,127.12052154541016
2016-10-05 04:00:00,67.6650619506836,30.848609924316406,20.26371192932129,78.60130310058594,126.6981201171875
2016-10-06 04:00:00,67.9468765258789,30.77482795715332,19.6105899810791,78.8904800415039,126.2673110961914
2016-10-07 04:00:00,68.5408706665039,30.789579391479492,19.42398452758789,78.58647918701172,126.70655059814453
2016-10-10 04:00:00,67.82499694824219,30.789579391479492,19.220413208007812,78.75702667236328,126.95159149169922
2016-10-11 04:00:00,67.4289779663086,30.649404525756836,19.05360221862793,78.27505493164062,127.56822204589844
2016-10-12 04:00:00,67.45182037353516,30.82647705078125,19.073394775390625,78.65321350097656,127.1036605834961
2016-10-13 04:00:00,67.20051574707031,30.811725616455078,19.291101455688477,78.53457641601562,126.90086364746094
2016-10-14 04:00:00,67.34520721435547,30.745315551757812,19.35330581665039,79.20928955078125,126.84175109863281
2016-10-17 04:00:00,66.88825225830078,30.693662643432617,19.28827476501465,79.22412109375,125.61686706542969
2016-10-18 04:00:00,66.59886932373047,30.9666690826416,19.472057342529297,79.29827117919922,125.96321868896484
2016-10-19 04:00:00,65.64724731445312,31.025699615478516,19.477706909179688,78.78668975830078,126.25045776367188
2016-10-20 04:00:00,65.17910766601562,30.937150955200195,19.43246841430664,78.49751281738281,126.74882507324219
2016-10-21 04:00:00,64.7186279296875,31.08472442626953,19.32220458984375,78.3121566772461,125.84496307373047
2016-10-24 04:00:00,64.54212188720703,31.401973724365234,19.562528610229492,79.565185546875,128.50592041015625
2016-10-25 04:00:00,66.74468231201172,31.387226104736328,19.6105899810791,79.50587463378906,127.55137634277344
2016-10-26 04:00:00,67.07469940185547,31.31344223022461,19.675621032714844,79.38726043701172,127.54295349121094
2016-10-27 04:00:00,66.4454116821289,31.07734489440918,19.743486404418945,79.06100463867188,127.44156646728516
2016-10-28 04:00:00,66.64493560791016,31.158506393432617,19.78871726989746,79.38726043701172,126.51225280761719
2016-10-31 04:00:00,66.6142349243164,31.283933639526367,19.79720687866211,79.48365020751953,124.91570281982422
2016-11-01 04:00:00,66.65259552001953,31.07734489440918,19.593631744384766,79.12032318115234,123.89349365234375
2016-11-02 04:00:00,66.56818389892578,31.025699615478516,19.63604164123535,79.12032318115234,123.94434356689453
2016-11-03 04:00:00,66.46075439453125,31.010927200317383,19.686931610107422,79.06100463867188,122.40218353271484
2016-11-04 04:00:00,65.2942123413086,30.76007652282715,19.554046630859375,78.45301055908203,120.52947998046875
2016-11-07 05:00:00,66.4300308227539,31.32820701599121,19.729341506958008,79.30570220947266,121.63106536865234
2016-11-08 05:00:00,67.12074279785156,31.638090133666992,19.73216438293457,80.61064910888672,123.79183959960938
2016-11-09 05:00:00,65.94654846191406,31.188024520874023,20.10255241394043,79.52069854736328,124.38494873046875
2016-11-10 05:00:00,63.66725158691406,30.206703186035156,20.184545516967773,76.55491638183594,124.3087387084961
2016-11-11 05:00:00,64.14305877685547,30.27309799194336,20.139310836791992,76.51042938232422,126.56271362304688
2016-11-14 05:00:00,63.69792938232422,30.37639808654785,19.93008804321289,75.17581939697266,128.7997283935547
2016-11-15 05:00:00,64.17375946044922,30.575624465942383,20.19303321838379,75.51687622070312,128.0795135498047
2016-11-16 05:00:00,63.84374237060547,30.44280242919922,20.184545516967773,75.4130630493164,128.91836547851562
2016-11-17 05:00:00,63.75167465209961,30.339502334594727,19.562528610229492,75.3463363647461,128.12184143066406
2016-11-18 05:00:00,62.930484771728516,30.184558868408203,19.378747940063477,75.11649322509766,127.41009521484375
2016-11-21 05:00:00,63.42164611816406,30.516599655151367,19.613418579101562,75.82087707519531,128.096435546875
2016-11-22 05:00:00,63.51374053955078,30.523967742919922,19.825471878051758,76.28799438476562,129.36752319335938
2016-11-23 05:00:00,63.45235061645508,30.339502334594727,20.02621078491211,75.27957916259766,128.46083068847656
2016-11-25 05:00:00,64.05095672607422,30.642019271850586,20.139310836791992,75.75413513183594,128.6980743408203
2016-11-28 05:00:00,63.75167465209961,30.80436134338379,20.127994537353516,76.21385192871094,128.1642608642578
2016-11-29 05:00:00,63.61350631713867,30.61832618713379,20.178897857666016,76.02848052978516,128.35910034179688
2016-11-30 05:00:00,63.28350830078125,30.023069381713867,19.913118362426758,74.76838684082031,127.19823455810547
2016-12-01 05:00:00,62.82304763793945,29.88915252685547,19.98097801208496,73.96918487548828,128.57949829101562
2016-12-02 05:00:00,63.23748016357422,30.0305118560791,20.04035186767578,75.14186096191406,128.8760223388672
2016-12-05 05:00:00,63.690277099609375,30.223970413208008,19.774581909179688,75.22403717041016,128.60482788085938
2016-12-06 05:00:00,63.62889862060547,30.18675994873047,19.89332389831543,75.85144805908203,127.96084594726562
2016-12-07 05:00:00,64.60353088378906,30.722496032714844,20.10405158996582,76.79258728027344,130.367431640625
2016-12-08 05:00:00,64.0816421508789,30.491846084594727,20.03001594543457,76.29963684082031,133.53659057617188
2016-12-09 05:00:00,64.74934387207031,31.250778198242188,19.955978393554688,77.36026763916016,135.3245086669922
2016-12-12 05:00:00,65.33258056640625,31.176382064819336,20.408740997314453,78.21923828125,135.8583221435547
2016-12-13 05:00:00,65.3709716796875,31.072216033935547,20.445764541625977,78.89893341064453,135.3838653564453
2016-12-14 05:00:00,64.74934387207031,30.662967681884766,20.314775466918945,78.03252410888672,134.72283935546875
2016-12-15 05:00:00,64.98727416992188,30.915956497192383,20.240734100341797,78.65247344970703,135.67190551757812
2016-12-16 05:00:00,64.98727416992188,31.057329177856445,20.212263107299805,79.0782241821289,135.92611694335938
2016-12-19 05:00:00,65.01026916503906,31.00524139404297,20.38311767578125,78.73465728759766,138.51060485839844
2016-12-20 05:00:00,64.90281677246094,30.997802734375,20.451459884643555,78.35369110107422,138.8494873046875
2016-12-21 05:00:00,64.68026733398438,30.93083953857422,20.286298751831055,78.20431518554688,138.15464782714844
2016-12-22 05:00:00,64.82610321044922,30.915956497192383,19.816442489624023,78.68980407714844,137.33277893066406
2016-12-23 05:00:00,65.20214080810547,30.95315933227539,19.80220603942871,78.49562072753906,137.3411865234375
2016-12-27 05:00:00,64.92584228515625,30.96059799194336,19.847766876220703,78.5254898071289,137.3157958984375
2016-12-28 05:00:00,64.51910400390625,30.796903610229492,19.736709594726562,78.14453887939453,136.43450927734375
2016-12-29 05:00:00,64.7339859008789,30.95315933227539,19.722471237182617,78.42089080810547,136.53623962402344
2016-12-30 05:00:00,64.52678680419922,30.848997116088867,19.68260383605957,78.15199279785156,135.67190551757812
2017-01-03 05:00:00,64.61886596679688,31.10196304321289,19.551616668701172,78.16694641113281,135.3499298095703
2017-01-04 05:00:00,64.84909057617188,30.990354537963867,19.66551399230957,78.31633758544922,135.3752899169922
2017-01-05 05:00:00,65.27887725830078,31.064756393432617,19.708229064941406,78.2117691040039,138.0445098876953
2017-01-06 05:00:00,65.25585174560547,31.057329177856445,19.43770980834961,78.09971618652344,137.97674560546875
2017-01-09 05:00:00,64.77235412597656,30.744827270507812,19.565858840942383,77.2780990600586,136.40065002441406
2017-01-10 05:00:00,64.07400512695312,30.53647804260254,19.429162979125977,76.16517639160156,136.98532104492188
2017-01-11 05:00:00,64.27352142333984,30.54391860961914,19.51459503173828,76.04564666748047,136.88363647460938
2017-01-12 05:00:00,64.34259033203125,30.469514846801758,19.355133056640625,76.06806182861328,137.1632843017578
2017-01-13 05:00:00,64.47307586669922,30.417434692382812,19.11592674255371,75.85144805908203,137.1548309326172
2017-01-17 05:00:00,65.39398193359375,30.67040252685547,19.483274459838867,76.32950592041016,138.80712890625
2017-01-18 05:00:00,65.69566345214844,30.722496032714844,19.395000457763672,76.74031066894531,139.1969757080078
2017-01-19 05:00:00,65.51776123046875,30.610876083374023,19.255475997924805,76.45646667480469,138.71401977539062
2017-01-20 05:00:00,67.64496612548828,30.744827270507812,19.13017463684082,77.11376953125,139.1715850830078
2017-01-23 05:00:00,67.26593017578125,30.82666015625,18.979246139526367,77.68891906738281,138.1292724609375
2017-01-24 05:00:00,67.96209716796875,31.176382064819336,19.192819595336914,78.2117691040039,138.6885223388672
2017-01-25 05:00:00,67.42062377929688,31.340076446533203,19.04759407043457,78.13707733154297,139.0867919921875
2017-01-26 05:00:00,66.98746490478516,31.109418869018555,19.002033233642578,77.78602600097656,139.02748107910156
2017-01-27 05:00:00,67.08026885986328,30.841548919677734,18.69733428955078,77.29304504394531,137.32427978515625
2017-01-30 05:00:00,67.10348510742188,30.789470672607422,18.913753509521484,77.44989776611328,138.33265686035156
2017-01-31 05:00:00,67.76097869873047,30.93083953857422,19.004878997802734,77.51712036132812,138.92576599121094
2017-02-01 05:00:00,67.55213165283203,30.700170516967773,18.85965347290039,76.94200134277344,137.1548309326172
2017-02-02 05:00:00,67.88478088378906,30.804357528686523,18.99348258972168,77.70384979248047,142.48475646972656
2017-02-03 05:00:00,67.614013671875,30.908519744873047,18.93653678894043,78.51054382324219,142.62881469726562
2017-02-06 05:00:00,67.60627746582031,30.92339324951172,18.90806007385254,78.1072006225586,141.5356903076172
2017-02-07 05:00:00,68.07814025878906,31.176382064819336,19.04759407043457,78.88402557373047,141.950927734375
2017-02-08 05:00:00,68.3256607055664,31.265661239624023,19.3095703125,78.94376373291016,143.0979461669922
2017-02-09 05:00:00,68.58866119384766,30.692731857299805,19.671226501464844,79.15290832519531,145.25607299804688
2017-02-10 05:00:00,68.04719543457031,30.1942081451416,19.369367599487305,79.25001525878906,146.13967895507812
2017-02-13 05:00:00,68.31019592285156,30.223970413208008,19.298179626464844,79.56370544433594,146.10569763183594
2017-02-14 05:00:00,67.96209716796875,30.157007217407227,19.551616668701172,79.86249542236328,147.52462768554688
2017-02-15 05:00:00,70.48381042480469,30.090036392211914,19.56015968322754,79.72058868408203,148.6886444091797
2017-02-16 05:00:00,70.22853088378906,30.655536651611328,19.611417770385742,80.75882720947266,149.3258514404297
2017-02-17 05:00:00,70.46060180664062,30.67786407470703,19.753799438476562,80.78123474121094,149.4193878173828
2017-02-21 05:00:00,70.90924072265625,30.848997116088867,20.346094131469727,81.68502044677734,150.33694458007812
2017-02-22 05:00:00,70.73131561279297,30.95315933227539,20.42013931274414,81.72238159179688,149.97157287597656
2017-02-23 05:00:00,70.49154663085938,30.997802734375,20.306230545043945,81.81947326660156,149.41087341308594
2017-02-24 05:00:00,70.42967224121094,31.08709716796875,20.613773345947266,82.03608703613281,150.86373901367188
2017-02-27 05:00:00,70.30589294433594,31.00524139404297,20.428678512573242,81.61781311035156,150.9146728515625
2017-02-28 05:00:00,70.44513702392578,31.22101402282715,20.19802474975586,82.44689178466797,150.54086303710938
2017-03-01 05:00:00,70.90149688720703,31.36983871459961,20.061342239379883,82.52436828613281,151.11862182617188
2017-03-02 05:00:00,70.32135009765625,31.600502014160156,20.149614334106445,82.81014251708984,151.22059631347656
2017-03-03 05:00:00,70.00424194335938,31.607927322387695,19.94173812866211,83.14859008789062,144.66127014160156
2017-03-06 05:00:00,69.90364837646484,31.384721755981445,19.899024963378906,82.44916534423828,141.66201782226562
2017-03-07 05:00:00,69.84176635742188,31.243345260620117,19.896177291870117,82.21600341796875,141.8914031982422
2017-03-08 05:00:00,69.72573852539062,31.243345260620117,20.022388458251953,82.20099639892578,141.24569702148438
2017-03-09 05:00:00,69.88045501708984,31.273103713989258,20.039602279663086,81.99041748046875,140.84634399414062
2017-03-10 05:00:00,70.44513702392578,31.46656608581543,20.10845184326172,82.41908264160156,140.5065155029297
2017-03-13 04:00:00,70.63078308105469,31.549135208129883,20.0654239654541,82.28370666503906,139.80975341796875
2017-03-14 04:00:00,70.3909683227539,31.504087448120117,20.28629493713379,82.23107147216797,140.39601135253906
2017-03-15 04:00:00,70.70040130615234,31.6166934967041,20.246139526367188,83.56221771240234,141.5006103515625
2017-03-16 04:00:00,70.73131561279297,31.714271545410156,20.205976486206055,83.58477020263672,141.9423828125
2017-03-17 04:00:00,70.3909683227539,31.549135208129883,20.04820442199707,83.77279663085938,142.5796356201172
2017-03-20 04:00:00,70.5611801147461,31.661739349365234,20.074026107788086,83.5923080444336,142.2653045654297
2017-03-21 04:00:00,70.53797149658203,31.901931762695312,20.051074981689453,84.05859375,141.70449829101562
2017-03-22 04:00:00,70.38322448730469,31.811853408813477,20.15148162841797,84.2466049194336,142.4691925048828
2017-03-23 04:00:00,70.21308135986328,31.654226303100586,20.039602279663086,84.06609344482422,141.80645751953125
2017-03-24 04:00:00,70.05836486816406,31.6166934967041,19.967891693115234,84.32180786132812,141.0587921142578
2017-03-27 04:00:00,69.99646759033203,31.766809463500977,19.982234954833984,84.10370635986328,141.1692657470703
2017-03-28 04:00:00,70.205322265625,31.849380493164062,20.171554565429688,84.56999969482422,141.6959991455078
2017-03-29 04:00:00,70.08157348632812,31.841869354248047,20.292030334472656,84.55494689941406,142.25680541992188
2017-03-30 04:00:00,69.77216339111328,31.97698974609375,20.535858154296875,84.36695098876953,142.64756774902344
2017-03-31 04:00:00,69.5014419555664,31.856884002685547,20.67641830444336,84.12625885009766,142.4777069091797
2017-04-03 04:00:00,69.36992645263672,31.83437728881836,20.604703903198242,84.12625885009766,141.63648986816406
2017-04-04 04:00:00,69.54783630371094,32.03704071044922,20.656333923339844,84.29174041748047,142.10379028320312
2017-04-05 04:00:00,69.59423828125,31.954479217529297,20.553075790405273,84.18644714355469,141.8914031982422
2017-04-06 04:00:00,69.15333557128906,32.02953338623047,20.48996925354004,83.91567993164062,144.45736694335938
2017-04-07 04:00:00,69.02180480957031,31.9845027923584,20.911636352539062,83.93824768066406,144.96719360351562
2017-04-10 04:00:00,69.22293853759766,32.04454803466797,20.957542419433594,84.2466049194336,145.47689819335938
2017-04-11 04:00:00,69.46273803710938,32.02203369140625,21.06367301940918,84.02848815917969,144.9756317138672
2017-04-12 04:00:00,69.85723876953125,32.23220443725586,21.066545486450195,85.4423828125,144.5847930908203
2017-04-13 04:00:00,69.64065551757812,32.11961364746094,20.983352661132812,84.74295043945312,143.45477294921875
2017-04-17 04:00:00,69.91912841796875,32.329795837402344,21.08088493347168,85.22428894042969,144.18553161621094
2017-04-18 04:00:00,70.23628997802734,32.637542724609375,21.19562339782715,85.94629669189453,144.5508575439453
2017-04-19 04:00:00,69.83875274658203,32.449893951416016,21.247268676757812,85.44991302490234,144.49134826660156
2017-04-20 04:00:00,69.6282958984375,32.344791412353516,21.456661224365234,85.4273681640625,144.5677947998047
2017-04-21 04:00:00,69.07490539550781,32.329795837402344,21.496816635131836,85.30702209472656,145.0946044921875
2017-04-24 04:00:00,69.79979705810547,32.487422943115234,21.4509220123291,85.97635650634766,146.42001342773438
2017-04-25 04:00:00,70.15052795410156,32.359806060791016,21.52836799621582,85.85604095458984,146.71737670898438
2017-04-26 04:00:00,68.38896942138672,32.45740509033203,21.63737678527832,85.23180389404297,150.21803283691406
2017-04-27 04:00:00,68.3499984741211,32.28475570678711,21.640249252319336,84.71287536621094,150.77024841308594
2017-04-28 04:00:00,68.06939697265625,32.38984680175781,21.56566619873047,85.1941909790039,150.8297576904297
2017-05-01 04:00:00,67.88231658935547,32.4423942565918,21.580015182495117,84.442138671875,151.11862182617188
2017-05-02 04:00:00,67.20420837402344,32.56999206542969,21.663192749023438,84.44963073730469,151.73886108398438
2017-05-03 04:00:00,67.36788940429688,32.517452239990234,21.732036590576172,84.07362365722656,152.783935546875
2017-05-04 04:00:00,67.38347625732422,32.772674560546875,21.898414611816406,84.95354461669922,155.0184783935547
2017-05-05 04:00:00,67.42244720458984,32.7951774597168,21.944311141967773,85.14909362792969,153.1068115234375
2017-05-08 04:00:00,67.46142578125,32.945308685302734,21.83531379699707,85.14909362792969,152.6117401123047
2017-05-09 04:00:00,67.34452056884766,32.660064697265625,22.007421493530273,84.7730484008789,152.64706420898438
2017-05-10 04:00:00,67.41468811035156,32.705108642578125,22.148921966552734,84.86328887939453,151.9113006591797
2017-05-11 04:00:00,67.16523742675781,32.78016662597656,21.98431968688965,85.01371002197266,151.8314208984375
2017-05-12 04:00:00,67.1808090209961,32.720123291015625,21.863035202026367,84.91596221923828,151.49461364746094
2017-05-15 04:00:00,67.28993225097656,32.82521057128906,22.030521392822266,85.6905746459961,152.1063690185547
2017-05-16 04:00:00,67.21980285644531,32.915287017822266,21.689767837524414,85.57775115966797,151.6009979248047
2017-05-17 04:00:00,67.2353744506836,32.9753303527832,21.692659378051758,85.54017639160156,149.9608612060547
2017-05-18 04:00:00,66.9314193725586,32.87774658203125,22.3914852142334,85.75827026367188,151.352783203125
2017-05-19 04:00:00,67.21980285644531,32.95281982421875,22.74667739868164,85.5025634765625,152.1683807373047
2017-05-22 04:00:00,67.19642639160156,33.16299057006836,22.68314552307129,86.26213836669922,152.8421173095703
2017-05-23 04:00:00,67.09507751464844,33.32062911987305,22.66582489013672,86.52536010742188,152.90423583984375
2017-05-24 04:00:00,67.42244720458984,33.8010368347168,22.567644119262695,87.28495788574219,153.3829345703125
2017-05-25 04:00:00,67.70306396484375,34.08627700805664,22.613845825195312,88.39051055908203,154.90785217285156
2017-05-26 04:00:00,68.0070571899414,34.071258544921875,22.56186866760254,88.67628479003906,157.6827392578125
2017-05-30 04:00:00,68.12397003173828,34.10127639770508,22.567644119262695,88.75147247314453,158.62249755859375
2017-05-31 04:00:00,68.66178131103516,34.13132095336914,22.69758415222168,88.49778747558594,159.96119689941406
2017-06-01 04:00:00,68.69294738769531,34.37150955200195,23.046998977661133,88.77041625976562,160.1385040283203
2017-06-02 04:00:00,69.05152893066406,34.44658660888672,22.99213981628418,89.10358428955078,160.43997192382812
2017-06-05 04:00:00,69.16842651367188,34.521644592285156,23.176952362060547,89.26261901855469,161.42398071289062
2017-06-06 04:00:00,69.21517181396484,34.51414108276367,22.792879104614258,89.12630462646484,160.86546325683594
2017-06-07 04:00:00,69.19180297851562,34.161338806152344,22.856407165527344,88.63411712646484,161.53042602539062
2017-06-08 04:00:00,68.47471618652344,33.876102447509766,22.792879104614258,87.75572204589844,160.830078125
2017-06-09 04:00:00,68.71631622314453,34.01871871948242,22.934385299682617,87.7935791015625,159.9168701171875
2017-06-12 04:00:00,68.7787094116211,34.02622604370117,22.882410049438477,88.01318359375,159.26084899902344
2017-06-13 04:00:00,68.63838958740234,34.07920455932617,22.9632625579834,88.08132934570312,160.0321502685547
2017-06-14 04:00:00,68.93460083007812,34.283538818359375,23.07299041748047,88.87641906738281,161.06053161621094
2017-06-15 04:00:00,69.66727447509766,34.24570083618164,22.787109375,88.7552719116211,159.63314819335938
2017-06-16 04:00:00,69.88551330566406,34.29110336303711,21.727310180664062,88.49022674560547,148.15225219726562
2017-06-19 04:00:00,70.04139709472656,34.344085693359375,21.802391052246094,88.81584167480469,145.696533203125
2017-06-20 04:00:00,69.86212158203125,34.51814270019531,21.81394386291504,89.31562805175781,144.41989135742188
2017-06-21 04:00:00,69.68285369873047,34.222991943359375,22.016082763671875,88.91429901123047,144.6415557861328
2017-06-22 04:00:00,69.39447784423828,34.109474182128906,21.808164596557617,87.9526138305664,141.66268920898438
2017-06-23 04:00:00,69.69845581054688,34.24570083618164,21.611799240112305,88.56595611572266,139.30445861816406
2017-06-26 04:00:00,69.65167236328125,34.381919860839844,21.802391052246094,88.68711853027344,142.02618408203125
2017-06-27 04:00:00,69.06709289550781,34.094337463378906,21.949665069580078,87.7935791015625,141.19281005859375
2017-06-28 04:00:00,68.88002014160156,34.298683166503906,22.094043731689453,88.12675476074219,141.99964904785156
2017-06-29 04:00:00,67.80439758300781,33.92783737182617,21.926559448242188,87.21810150146484,140.6786346435547
2017-06-30 04:00:00,67.92909240722656,33.942970275878906,21.854372024536133,87.45285034179688,141.7867889404297
2017-07-03 04:00:00,68.38896942138672,33.87486267089844,21.761964797973633,87.41497039794922,140.80276489257812
2017-07-05 04:00:00,68.33439636230469,33.92026901245117,21.750410079956055,87.3089599609375,140.0935516357422
2017-07-06 04:00:00,68.10057067871094,33.602420806884766,21.79372787475586,87.18023681640625,139.26898193359375
2017-07-07 04:00:00,68.31880950927734,33.59483337402344,21.753293991088867,87.46797943115234,136.62701416015625
2017-07-10 04:00:00,67.88231658935547,33.5872688293457,21.146873474121094,86.52900695800781,133.86988830566406
2017-07-11 04:00:00,67.63290405273438,33.549442291259766,21.2161865234375,86.12767028808594,133.96742248535156
2017-07-12 04:00:00,67.7809829711914,33.68565368652344,21.35190773010254,86.90762329101562,134.5348358154297
2017-07-13 04:00:00,67.57833862304688,33.62512969970703,21.672439575195312,86.33971405029297,136.17494201660156
2017-07-14 04:00:00,67.89012145996094,33.81431198120117,22.044960021972656,87.02877044677734,135.6429443359375
2017-07-17 04:00:00,68.24087524414062,33.85215377807617,22.053621292114258,87.02877044677734,135.50115966796875
2017-07-18 04:00:00,69.09046936035156,33.8067512512207,22.004528045654297,87.08935546875,134.31314086914062
2017-07-19 04:00:00,69.40470886230469,33.92783737182617,21.909236907958984,87.33924102783203,134.08267211914062
2017-07-20 04:00:00,69.6010971069336,33.92026901245117,21.952558517456055,87.46797943115234,133.86102294921875
2017-07-21 04:00:00,69.60897064208984,34.07920455932617,21.990095138549805,88.31604766845703,133.37339782714844
2017-07-24 04:00:00,69.27117156982422,33.9354133605957,22.203784942626953,87.93744659423828,133.86988830566406
2017-07-25 04:00:00,70.02529907226562,34.23813247680664,22.674480438232422,88.17976379394531,135.79373168945312
2017-07-26 04:00:00,70.1510009765625,34.616546630859375,22.78421974182129,88.74011993408203,134.8362274169922
2017-07-27 04:00:00,71.23506927490234,34.90412521362305,23.0383358001709,88.85370635986328,135.21746826171875
2017-07-28 04:00:00,70.86585235595703,34.820865631103516,23.046998977661133,88.30094146728516,135.54550170898438
2017-07-31 04:00:00,71.34504699707031,34.69220733642578,23.09898567199707,88.30094146728516,140.5279083251953
2017-08-01 04:00:00,71.56499481201172,34.58626937866211,23.246261596679688,87.77845764160156,141.6006317138672
2017-08-02 04:00:00,71.51786804199219,34.503021240234375,23.25492286682129,87.54370880126953,142.983642578125
2017-08-03 04:00:00,71.37646484375,34.56355667114258,23.353107452392578,88.0661849975586,139.99598693847656
2017-08-04 04:00:00,71.22721099853516,34.43490982055664,23.2404842376709,88.11919403076172,138.69276428222656
2017-08-07 04:00:00,71.83208465576172,34.54084777832031,23.47150421142578,88.56595611572266,139.14486694335938
2017-08-08 04:00:00,71.94207000732422,34.51057052612305,23.561023712158203,88.37666320800781,139.8541259765625
2017-08-09 04:00:00,72.20918273925781,34.503021240234375,23.715030670166016,88.31604766845703,139.0650634765625
2017-08-10 04:00:00,72.06777954101562,34.616546630859375,23.438966751098633,88.12675476074219,138.87005615234375
2017-08-11 04:00:00,71.7535629272461,34.503021240234375,23.36341667175293,88.2252197265625,138.87892150878906
2017-08-14 04:00:00,71.9970703125,34.66194152832031,23.450597763061523,89.23230743408203,139.99598693847656
2017-08-15 04:00:00,72.42913818359375,34.95710372924805,23.470937728881836,90.08799743652344,139.08282470703125
2017-08-16 04:00:00,72.61766052246094,34.96466827392578,23.531957626342773,90.1864242553711,142.08892822265625
2017-08-17 04:00:00,72.32701110839844,34.70736312866211,23.160011291503906,89.64881134033203,141.03060913085938
2017-08-18 04:00:00,72.64122009277344,34.56355667114258,23.046676635742188,89.05056762695312,139.7053680419922
2017-08-21 04:00:00,72.9476089477539,34.571136474609375,23.162906646728516,89.55036926269531,139.696533203125
2017-08-22 04:00:00,72.89262390136719,34.51057052612305,23.25299644470215,89.29290008544922,141.146240234375
2017-08-23 04:00:00,72.61766052246094,34.46517562866211,23.235559463500977,88.81584167480469,141.7420654296875
2017-08-24 04:00:00,72.48411560058594,34.36678695678711,22.764802932739258,88.005615234375,134.5913848876953
2017-08-25 04:00:00,72.67266082763672,34.48788070678711,22.84907341003418,87.72543334960938,135.58750915527344
2017-08-28 04:00:00,72.64122009277344,34.37436294555664,22.67472267150879,87.49070739746094,135.6764373779297
2017-08-29 04:00:00,72.52342224121094,34.39706039428711,22.88975715637207,87.7178726196289,136.57473754882812
2017-08-30 04:00:00,72.1698989868164,34.35165023803711,22.82292366027832,87.80555725097656,137.35740661621094
2017-08-31 04:00:00,72.48411560058594,34.47273635864258,22.686342239379883,88.2478256225586,139.4029998779297
2017-09-01 04:00:00,72.6883773803711,34.64680099487305,22.77351951599121,88.33170318603516,140.7371063232422
2017-09-05 04:00:00,72.8376235961914,34.75276565551758,23.189064025878906,88.35456848144531,141.5375213623047
2017-09-06 04:00:00,72.8376235961914,34.78302764892578,23.270429611206055,88.72058868408203,141.28846740722656
2017-09-07 04:00:00,73.03401947021484,35.02522277832031,23.282052993774414,89.2086181640625,141.66209411621094
2017-09-08 04:00:00,72.93189239501953,35.04034423828125,22.921722412109375,87.72168731689453,139.90994262695312
2017-09-11 04:00:00,73.83527374267578,35.20685577392578,22.97984504699707,88.21731567382812,139.95445251464844
2017-09-12 04:00:00,73.45819854736328,35.35823059082031,23.133848190307617,87.69117736816406,142.33799743652344
2017-09-13 04:00:00,73.4896469116211,35.47172164916992,23.206506729125977,87.27176666259766,144.9617156982422
2017-09-14 04:00:00,73.4896469116211,35.174232482910156,23.154193878173828,87.07352447509766,144.41026306152344
2017-09-15 04:00:00,73.26968383789062,35.227630615234375,23.357603073120117,87.57679748535156,144.34800720214844
2017-09-18 04:00:00,73.17542266845703,35.174232482910156,23.247180938720703,87.68355560302734,143.1117706298828
2017-09-19 04:00:00,73.97669982910156,35.07505798339844,23.26171112060547,87.30229187011719,143.68983459472656
2017-09-20 04:00:00,74.1573715209961,34.92249298095703,23.392475128173828,86.60836029052734,144.83717346191406
2017-09-21 04:00:00,72.7747573852539,34.63261413574219,23.250085830688477,86.01361083984375,143.6186981201172
2017-09-22 04:00:00,72.46058654785156,34.701271057128906,23.110605239868164,85.2891845703125,143.44972229003906
2017-09-25 04:00:00,72.8376235961914,34.85383605957031,23.000171661376953,85.35785675048828,144.37478637695312
2017-09-26 04:00:00,72.78263854980469,34.76229476928711,23.069917678833008,85.25870513916016,145.9222412109375
2017-09-27 04:00:00,71.38433837890625,34.052852630615234,23.040863037109375,84.71730041503906,146.23350524902344
2017-09-28 04:00:00,71.40003204345703,34.25883483886719,22.942066192626953,85.1290512084961,145.77099609375
2017-09-29 04:00:00,71.47074890136719,34.33510971069336,22.70669174194336,84.96893310546875,146.1178741455078
2017-10-02 04:00:00,72.09133911132812,34.1749153137207,22.796762466430664,83.20747375488281,147.5408935546875
2017-10-03 04:00:00,72.36629486083984,34.47241973876953,23.020526885986328,83.21512603759766,146.82052612304688
2017-10-04 04:00:00,72.60196685791016,34.70891189575195,22.98274803161621,83.37523651123047,146.9361572265625
2017-10-05 04:00:00,72.29559326171875,34.724159240722656,23.075735092163086,84.22164154052734,148.5904083251953
2017-10-06 04:00:00,72.53126525878906,34.701271057128906,22.956592559814453,84.18352508544922,139.7143096923828
2017-10-09 04:00:00,72.36629486083984,34.64023971557617,23.401195526123047,83.88613891601562,137.5085906982422
2017-10-10 04:00:00,71.97350311279297,34.99114990234375,24.447322845458984,84.47327423095703,139.51861572265625
2017-10-11 04:00:00,71.8478012084961,35.166595458984375,24.91226577758789,85.02994537353516,140.40798950195312
2017-10-12 04:00:00,72.38986206054688,35.174232482910156,25.01978302001953,85.7467041015625,139.8299102783203
2017-10-13 04:00:00,73.0890121459961,35.227630615234375,25.170886993408203,85.87635040283203,142.16900634765625
2017-10-16 04:00:00,73.16754913330078,35.56327438354492,24.915164947509766,86.60076141357422,141.2440185546875
2017-10-17 04:00:00,72.90048217773438,35.486995697021484,24.98491096496582,85.5484619140625,140.8616180419922
2017-10-18 04:00:00,72.87690734863281,35.39543914794922,25.05465316772461,85.36546325683594,140.1233673095703
2017-10-19 04:00:00,72.48908233642578,35.54038619995117,25.106956481933594,85.91445922851562,140.93272399902344
2017-10-20 04:00:00,69.84565734863281,35.38020324707031,25.40917205810547,85.106201171875,142.9872589111328
2017-10-23 04:00:00,69.09378051757812,35.33442687988281,25.760784149169922,85.1672134399414,144.11672973632812
2017-10-24 04:00:00,68.84049987792969,35.227630615234375,25.566091537475586,84.4504165649414,144.339111328125
2017-10-25 04:00:00,68.74552917480469,35.12845230102539,25.711387634277344,83.93187713623047,144.24124145507812
2017-10-26 04:00:00,69.25204467773438,35.26578140258789,25.75206756591797,84.43516540527344,144.4903106689453
2017-10-27 04:00:00,68.88799285888672,35.14371871948242,25.621307373046875,84.33604431152344,144.419189453125
2017-10-30 04:00:00,68.27855682373047,34.9835319519043,25.26678466796875,83.61160278320312,142.50694274902344
2017-10-31 04:00:00,68.33396911621094,35.07505798339844,25.37139320373535,84.05389404296875,143.26296997070312
2017-11-01 04:00:00,68.7692642211914,34.937747955322266,25.554466247558594,83.9776382446289,144.69488525390625
2017-11-02 04:00:00,68.46851348876953,34.998775482177734,25.80437660217285,83.91665649414062,146.7048797607422
2017-11-03 04:00:00,68.52392578125,35.067440032958984,26.06009292602539,84.04627227783203,148.03004455566406
2017-11-06 05:00:00,68.10445404052734,34.686012268066406,25.77531623840332,83.31423950195312,146.79388427734375
2017-11-07 05:00:00,68.84049987792969,35.0445442199707,25.847959518432617,84.23688507080078,147.88778686523438
2017-11-08 05:00:00,69.31537628173828,35.227630615234375,26.2286319732666,85.4035873413086,150.3513946533203
2017-11-09 05:00:00,69.47367095947266,35.26578140258789,26.240259170532227,85.0070571899414,150.40475463867188
2017-11-10 05:00:00,69.7744140625,35.50224685668945,26.420425415039062,85.97547912597656,152.40586853027344
2017-11-13 05:00:00,70.4392318725586,35.63956069946289,26.440765380859375,86.95914459228516,152.4947967529297
2017-11-14 05:00:00,70.33634185791016,36.181156158447266,26.469823837280273,88.27069091796875,152.47706604003906
2017-11-15 05:00:00,69.82982635498047,35.70820999145508,26.103673934936523,87.7674331665039,150.30694580078125
2017-11-16 05:00:00,70.63710021972656,35.5098762512207,28.94855499267578,87.86653137207031,152.5191650390625
2017-11-17 05:00:00,69.98810577392578,34.86908721923828,28.323789596557617,87.44715881347656,152.5191650390625
2017-11-20 05:00:00,69.86145782470703,34.67838668823242,28.326690673828125,87.62254333496094,153.67880249023438
2017-11-21 05:00:00,70.2176284790039,34.92249298095703,28.047725677490234,88.4918212890625,154.69569396972656
2017-11-22 05:00:00,69.90897369384766,34.9682731628418,28.01575469970703,87.75216674804688,153.85723876953125
2017-11-24 05:00:00,70.00392150878906,34.998775482177734,28.076784133911133,88.3774642944336,153.0900115966797
2017-11-27 05:00:00,70.40757751464844,35.01403045654297,28.076784133911133,88.3393325805664,153.97314453125
2017-11-28 05:00:00,70.75582885742188,34.960628509521484,28.12037467956543,89.04084777832031,154.90084838867188
2017-11-29 05:00:00,70.739990234375,34.70891189575195,28.349939346313477,89.09423065185547,158.36192321777344
2017-11-30 05:00:00,71.2227783203125,35.20112228393555,28.254043579101562,89.46661376953125,164.51690673828125
2017-12-01 05:00:00,71.5156021118164,35.35493850708008,28.288917541503906,89.66624450683594,165.1413116455078
2017-12-04 05:00:00,72.34664916992188,35.554901123046875,28.19011878967285,90.18840026855469,169.09304809570312
2017-12-05 05:00:00,72.33872985839844,35.577972412109375,28.42840003967285,90.28819274902344,167.5409393310547
2017-12-06 05:00:00,72.2199935913086,35.724090576171875,28.268571853637695,91.29405212402344,167.00572204589844
2017-12-07 05:00:00,71.30984497070312,35.208805084228516,28.271493911743164,89.62786102294922,166.09584045410156
2017-12-08 05:00:00,71.5235366821289,34.84733200073242,28.204313278198242,89.5050048828125,167.763916015625
2017-12-11 05:00:00,71.4127197265625,34.86272048950195,28.315317153930664,90.13462829589844,168.46861267089844
2017-12-12 05:00:00,71.11197662353516,34.83195877075195,28.248125076293945,90.14232635498047,167.9691162109375
2017-12-13 05:00:00,71.92716217041016,35.30110168457031,28.557769775390625,90.44941711425781,167.9512481689453
2017-12-14 05:00:00,72.02214050292969,35.40107345581055,28.373741149902344,90.61835479736328,166.3902130126953
2017-12-15 05:00:00,72.72654724121094,35.52412796020508,28.367891311645508,91.53974914550781,171.9208221435547
2017-12-18 05:00:00,72.71861267089844,35.32416915893555,28.59867286682129,90.64141082763672,171.54617309570312
2017-12-19 05:00:00,72.560302734375,35.47798156738281,28.86157989501953,91.07136535644531,167.99586486816406
2017-12-20 05:00:00,72.44161224365234,35.43952941894531,28.846975326538086,91.38617706298828,167.26441955566406
2017-12-21 05:00:00,72.55241394042969,35.070369720458984,28.645410537719727,90.8026351928711,166.63107299804688
2017-12-22 05:00:00,72.91648864746094,35.06267547607422,28.689233779907227,91.0636978149414,166.47946166992188
2017-12-26 05:00:00,73.19348907470703,35.231876373291016,28.96674346923828,91.28636932373047,166.40806579589844
2017-12-27 05:00:00,72.89273071289062,35.32416915893555,28.995946884155273,91.6011734008789,166.18504333496094
2017-12-28 05:00:00,72.86898803710938,35.162654876708984,29.036853790283203,91.63955688476562,166.4705352783203
2017-12-29 05:00:00,72.71861267089844,35.28571319580078,28.846975326538086,92.07722473144531,166.0244598388672
2018-01-02 05:00:00,71.74513244628906,35.02423095703125,28.800235748291016,90.64906311035156,167.98692321777344
2018-01-03 05:00:00,71.65807342529297,34.94730758666992,29.05146598815918,90.41104125976562,170.00289916992188
2018-01-04 05:00:00,72.16460418701172,35.43952941894531,29.0777530670166,90.85639953613281,168.6826934814453
2018-01-05 05:00:00,72.21208953857422,35.43184280395508,29.250099182128906,91.11743927001953,167.4784698486328
2018-01-08 05:00:00,72.59200286865234,35.37800598144531,29.68244171142578,90.59530639648438,168.12969970703125
2018-01-09 05:00:00,72.06170654296875,35.554901123046875,29.326053619384766,90.66442108154297,166.17608642578125
2018-01-10 05:00:00,71.60266876220703,35.43184280395508,29.115724563598633,90.20372009277344,165.4000701904297
2018-01-11 05:00:00,71.34939575195312,35.40876388549805,29.217971801757812,89.74305725097656,168.93246459960938
2018-01-12 05:00:00,70.92201232910156,35.49335861206055,29.46626853942871,90.12694549560547,171.12684631347656
2018-01-16 05:00:00,71.40479278564453,35.785614013671875,29.413686752319336,90.4955062866211,170.85037231445312
2018-01-17 05:00:00,72.18041229248047,36.008663177490234,30.0008544921875,91.50904083251953,171.5282745361328
2018-01-18 05:00:00,71.9172592163086,36.054805755615234,30.468250274658203,91.40923309326172,170.83253479003906
2018-01-19 05:00:00,72.62701416015625,36.2701530456543,30.552963256835938,92.2691650390625,171.5282745361328
2018-01-22 05:00:00,73.28096008300781,36.43934631347656,30.804189682006836,93.2980728149414,173.39263916015625
2018-01-23 05:00:00,71.01609802246094,36.49318313598633,30.93563461303711,93.1368179321289,172.53627014160156
2018-01-24 05:00:00,70.42596435546875,36.785430908203125,30.903512954711914,93.01397705078125,173.26771545410156
2018-01-25 05:00:00,70.44989013671875,36.793121337890625,31.140127182006836,92.8296890258789,176.5771942138672
2018-01-26 05:00:00,69.96342468261719,37.32379913330078,31.663022994995117,93.49002075195312,177.4335174560547
2018-01-29 05:00:00,69.26959991455078,36.685462951660156,32.00188446044922,91.88525390625,176.90725708007812
2018-01-30 05:00:00,69.34136199951172,36.462425231933594,31.470224380493164,92.05419921875,176.54151916503906
2018-01-31 05:00:00,68.85491180419922,36.60084533691406,31.140127182006836,92.36898803710938,173.82974243164062
2018-02-01 05:00:00,68.4641342163086,36.49318313598633,30.82463264465332,92.36898803710938,172.5808563232422
2018-02-02 05:00:00,67.18815612792969,35.93943786621094,30.520828247070312,91.11743927001953,170.36862182617188
2018-02-05 05:00:00,64.64418029785156,34.524322509765625,29.238414764404297,87.88490295410156,163.03619384765625
2018-02-06 05:00:00,65.69686126708984,34.355106353759766,29.475038528442383,87.19385528564453,165.03431701660156
2018-02-07 05:00:00,65.26622009277344,34.27052307128906,30.044675827026367,87.14778900146484,163.41085815429688
2018-02-08 05:00:00,63.97430419921875,33.14765548706055,29.217971801757812,84.57560729980469,159.3253936767578
2018-02-09 05:00:00,63.73506164550781,33.17072677612305,29.0280818939209,85.36646270751953,161.20755004882812
2018-02-12 05:00:00,64.8595199584961,33.81676483154297,29.080673217773438,85.94232177734375,161.5108184814453
2018-02-13 05:00:00,64.9950942993164,33.9859619140625,29.49840545654297,86.10356140136719,164.2671661376953
2018-02-14 05:00:00,64.34114837646484,33.916744232177734,29.708728790283203,83.77704620361328,167.1216583251953
2018-02-15 05:00:00,65.72077941894531,34.439720153808594,30.155672073364258,85.20520782470703,171.2628173828125
2018-02-16 05:00:00,65.872314453125,34.593528747558594,30.608463287353516,85.27433776855469,171.3343505859375
2018-02-20 05:00:00,64.86750793457031,33.832149505615234,27.491527557373047,84.0611572265625,168.25758361816406
2018-02-21 05:00:00,63.990264892578125,33.33223342895508,26.73493003845215,82.92477416992188,166.1378173828125
2018-02-22 05:00:00,64.46871948242188,33.470672607421875,27.100086212158203,83.89222717285156,166.88912963867188
2018-02-23 05:00:00,64.63623046875,33.87058639526367,27.135147094726562,84.21470642089844,169.7691650390625
2018-02-26 05:00:00,65.09874725341797,33.86290740966797,27.202333450317383,85.18218994140625,172.45240783691406
2018-02-27 05:00:00,64.22949981689453,33.54758834838867,26.73493003845215,85.14379119873047,170.0285186767578
2018-02-28 05:00:00,62.61857604980469,33.239952087402344,26.29383087158203,84.25313568115234,170.7440643310547
2018-03-01 05:00:00,62.76211929321289,33.40144729614258,26.02215576171875,83.63045501708984,169.07150268554688
2018-03-02 05:00:00,63.40011978149414,33.624488830566406,25.93160057067871,84.3420639038086,169.33984375
2018-03-05 05:00:00,64.03010559082031,33.755218505859375,26.285076141357422,84.64371490478516,171.2628173828125
2018-03-06 05:00:00,63.81480407714844,33.785987854003906,26.016319274902344,84.75975036621094,171.2449493408203
2018-03-07 05:00:00,63.12896728515625,33.701393127441406,25.630720138549805,84.96086120605469,167.57785034179688
2018-03-08 05:00:00,63.77491760253906,34.1859245300293,25.836421966552734,86.69348907470703,166.0841827392578
2018-03-09 05:00:00,64.03010559082031,34.470481872558594,26.071510314941406,87.04930114746094,168.66900634765625
2018-03-12 04:00:00,63.68720626831055,34.24744415283203,25.880496978759766,87.21173858642578,169.37557983398438
2018-03-13 04:00:00,63.575557708740234,34.2782096862793,25.948095321655273,87.86920166015625,167.66726684570312
2018-03-14 04:00:00,63.0013542175293,33.96786880493164,25.762956619262695,87.10345458984375,165.1360626220703
2018-03-15 04:00:00,62.73821258544922,33.882511138916016,25.715940475463867,86.62389373779297,165.9231414794922
2018-03-16 04:00:00,62.97745132446289,33.719573974609375,26.203754425048828,86.35316467285156,166.24514770507812
2018-03-19 04:00:00,62.730247497558594,33.56440734863281,25.69830894470215,85.36309814453125,164.70672607421875
2018-03-20 04:00:00,62.45110321044922,33.486812591552734,25.845237731933594,85.00727081298828,167.5688934326172
2018-03-21 04:00:00,61.43829345703125,33.3626823425293,25.91282844543457,84.11000061035156,166.4240264892578
2018-03-22 04:00:00,60.935890197753906,33.17646026611328,25.607219696044922,83.4912338256836,163.356201171875
2018-03-23 04:00:00,60.537132263183594,32.84284210205078,25.10176658630371,82.10667419433594,161.7462158203125
2018-03-26 04:00:00,60.935890197753906,33.122161865234375,25.713001251220703,82.61717224121094,167.4525604248047
2018-03-27 04:00:00,62.03638458251953,33.277320861816406,25.286897659301758,83.25916290283203,163.81231689453125
2018-03-28 04:00:00,62.87377166748047,33.61095428466797,25.792339324951172,84.45033264160156,164.2237548828125
2018-03-29 04:00:00,63.224666595458984,33.69630432128906,26.14497947692871,84.4271469116211,168.5348358154297
2018-04-02 04:00:00,61.72538375854492,33.10664749145508,25.13996696472168,82.80281829833984,163.45455932617188
2018-04-03 04:00:00,62.57071304321289,33.65750503540039,25.50729751586914,83.68458557128906,163.32937622070312
2018-04-04 04:00:00,63.041255950927734,34.32476043701172,25.630720138549805,85.22386932373047,165.93211364746094
2018-04-05 04:00:00,62.84186935424805,34.44890213012695,25.80409812927246,85.52552032470703,166.58502197265625
2018-04-06 04:00:00,62.54680633544922,34.07646942138672,25.474971771240234,84.54316711425781,164.53680419921875
2018-04-09 04:00:00,62.33148956298828,34.006656646728516,25.3544864654541,84.60504913330078,164.9392852783203
2018-04-10 04:00:00,62.49897384643555,34.13080596923828,25.404447555541992,84.62051391601562,164.1700897216797
2018-04-11 04:00:00,62.419189453125,34.13080596923828,25.245756149291992,84.06359100341797,165.1539306640625
2018-04-12 04:00:00,62.03638458251953,34.161827087402344,25.10470199584961,83.77740478515625,168.8836669921875
2018-04-13 04:00:00,62.49897384643555,34.53424072265625,25.27808380126953,84.5122299194336,168.96414184570312
2018-04-16 04:00:00,62.69035339355469,34.66614532470703,25.51905059814453,85.02276611328125,174.03549194335938
2018-04-17 04:00:00,62.54680633544922,34.82131576538086,25.830551147460938,84.21058654785156,175.30560302734375
2018-04-18 04:00:00,62.363365173339844,34.53424072265625,25.733577728271484,82.74867248535156,175.76173400878906
2018-04-19 04:00:00,60.324642181396484,34.379066467285156,25.82761001586914,81.65802001953125,174.4737548828125
2018-04-20 04:00:00,59.399051666259766,33.93682861328125,25.5601863861084,79.26793670654297,173.12318420410156
2018-04-23 04:00:00,58.755165100097656,34.12303924560547,25.30159568786621,79.34529113769531,172.93540954589844
2018-04-24 04:00:00,58.35275650024414,33.4169921875,25.42795181274414,78.46348571777344,172.1840362548828
2018-04-25 04:00:00,58.1917610168457,32.92042541503906,25.61602783203125,78.23918151855469,173.4898681640625
2018-04-26 04:00:00,58.5539436340332,33.1687126159668,25.842302322387695,79.87126159667969,174.64373779296875
2018-04-27 04:00:00,58.60224914550781,33.60319519042969,25.65129280090332,78.67233276367188,175.82435607910156
2018-04-30 04:00:00,58.22397232055664,33.525604248046875,25.9951114654541,78.07673645019531,176.3430938720703
2018-05-01 04:00:00,57.9181022644043,33.04456329345703,25.686555862426758,76.67671203613281,175.7974090576172
2018-05-02 04:00:00,57.09713363647461,32.63335418701172,25.372119903564453,75.20707702636719,173.51678466796875
2018-05-03 04:00:00,57.43519592285156,32.50144958496094,25.33979606628418,75.49324035644531,172.63125610351562
2018-05-04 04:00:00,58.29639434814453,32.866119384765625,25.72181510925293,76.56843566894531,174.58106994628906
2018-05-07 04:00:00,57.93419647216797,32.6954231262207,25.11646270751953,75.98056030273438,172.67599487304688
2018-05-08 04:00:00,57.49958419799805,32.43938446044922,25.195798873901367,74.86670684814453,173.94606018066406
2018-05-09 04:00:00,58.24810791015625,32.416107177734375,24.40825080871582,74.37943267822266,175.34133911132812
2018-05-10 04:00:00,58.875892639160156,32.72645568847656,24.452608108520508,75.23802947998047,175.32342529296875
2018-05-11 04:00:00,59.05295944213867,32.6954231262207,24.656652450561523,75.3617935180664,175.60147094726562
2018-05-14 04:00:00,58.98054504394531,32.61782455444336,24.955322265625,75.14519500732422,175.70916748046875
2018-05-15 04:00:00,58.71492385864258,32.36955261230469,24.993762969970703,74.87447357177734,175.3502960205078
2018-05-16 04:00:00,59.18174743652344,32.23765182495117,25.469863891601562,75.1761245727539,178.2477264404297
2018-05-17 04:00:00,59.5278434753418,32.81956100463867,24.984895706176758,75.74078369140625,179.0460968017578
2018-05-18 04:00:00,59.11735534667969,32.72645568847656,24.733539581298828,75.42367553710938,178.4719696044922
2018-05-21 04:00:00,59.608333587646484,32.904911041259766,24.990806579589844,76.97065734863281,179.06399536132812
2018-05-22 04:00:00,59.58417892456055,32.78076934814453,24.653690338134766,77.29550170898438,178.4809112548828
2018-05-23 04:00:00,59.70491409301758,32.897159576416016,24.54723358154297,77.69774627685547,177.73641967773438
2018-05-24 04:00:00,59.374916076660156,32.835079193115234,24.499919891357422,77.48888397216797,178.4091339111328
2018-05-25 04:00:00,59.80954360961914,32.897159576416016,24.384599685668945,77.58943939208984,177.9337615966797
2018-05-29 04:00:00,59.60026550292969,33.114402770996094,24.36684799194336,78.20050048828125,176.48057556152344
2018-05-30 04:00:00,60.2763671875,33.463539123535156,24.875476837158203,78.76516723632812,179.08193969726562
2018-05-31 04:00:00,58.89199447631836,33.3626823425293,24.408248901367188,78.25621032714844,177.82615661621094
2018-06-01 04:00:00,59.11735534667969,33.455787658691406,24.541322708129883,78.25621032714844,176.83045959472656
2018-06-04 04:00:00,59.70491409301758,33.742862701416016,25.259910583496094,78.15470123291016,178.16700744628906
2018-06-05 04:00:00,59.53588104248047,33.448020935058594,25.023332595825195,78.22498321533203,177.46730041503906
2018-06-06 04:00:00,59.841732025146484,33.719573974609375,25.00559425354004,78.70895385742188,177.30580139160156
2018-06-07 04:00:00,60.97659683227539,33.70404815673828,25.12091636657715,78.96656036376953,181.71023559570312
2018-06-08 04:00:00,62.119503021240234,34.09976577758789,24.946453094482422,80.0047607421875,182.77769470214844
2018-06-11 04:00:00,62.40119552612305,34.23941421508789,24.9287109375,80.56681060791016,183.44154357910156
2018-06-12 04:00:00,62.16779327392578,34.4566650390625,24.869565963745117,81.55818176269531,183.78237915039062
2018-06-13 04:00:00,61.548057556152344,34.2782096862793,24.866607666015625,82.17484283447266,183.0916290283203
2018-06-14 04:00:00,61.161712646484375,34.11383056640625,24.77788734436035,82.06558990478516,183.9976348876953
2018-06-15 04:00:00,62.28048324584961,34.53651809692383,24.751277923583984,84.00151062011719,185.9711151123047
2018-06-18 04:00:00,61.040977478027344,34.0903434753418,24.544279098510742,82.26071166992188,184.97540283203125
2018-06-19 04:00:00,61.43537521362305,34.12947463989258,24.72467041015625,82.71348571777344,186.15945434570312
2018-06-20 04:00:00,61.04902267456055,33.86333465576172,24.72467041015625,82.59637451171875,186.5631561279297
2018-06-21 04:00:00,61.52391052246094,33.73025894165039,24.902090072631836,83.7126693725586,188.3392791748047
2018-06-22 04:00:00,62.320701599121094,33.855499267578125,25.082473754882812,84.5947494506836,189.36183166503906
2018-06-25 04:00:00,62.610469818115234,34.11383056640625,25.57040786743164,85.0787353515625,189.9448699951172
2018-06-26 04:00:00,62.77946853637695,33.918128967285156,25.42551040649414,84.34496307373047,188.4558563232422
2018-06-27 04:00:00,62.52998352050781,33.714603424072266,25.694602966308594,84.51668548583984,188.4019775390625
2018-06-28 04:00:00,62.81974411010742,34.0277214050293,25.39002227783203,84.83673858642578,187.2179718017578
2018-06-29 04:00:00,62.82779312133789,34.33300018310547,25.327919006347656,84.98506927490234,187.46011352539062
2018-07-02 04:00:00,62.88414001464844,34.24689865112305,24.839996337890625,85.50027465820312,186.5721435546875
2018-07-03 04:00:00,62.699005126953125,34.43476867675781,24.970104217529297,84.93043518066406,185.79171752929688
2018-07-05 04:00:00,63.75340270996094,34.95923614501953,25.0085506439209,85.51589965820312,187.60365295410156
2018-07-06 04:00:00,63.8338508605957,34.943572998046875,24.990806579589844,85.52369689941406,188.03424072265625
2018-07-09 04:00:00,62.66682052612305,34.755714416503906,25.410722732543945,84.11859130859375,189.21829223632812
2018-07-10 04:00:00,64.24435424804688,35.201904296875,25.78923988342285,88.12313079833984,189.90003967285156
2018-07-11 04:00:00,63.71314239501953,35.06099319458008,25.588146209716797,87.84989929199219,189.22726440429688
2018-07-12 04:00:00,63.49582290649414,34.96704864501953,25.58519172668457,87.06147003173828,191.981201171875
2018-07-13 04:00:00,63.8338508605957,35.02185821533203,25.934131622314453,87.96698760986328,194.2416229248047
2018-07-16 04:00:00,64.01094055175781,35.0140266418457,25.91638946533203,88.17776489257812,192.72567749023438
2018-07-17 04:00:00,64.4133529663086,35.421085357666016,26.07903480529785,89.67652130126953,192.86026000976562
2018-07-18 04:00:00,64.16384887695312,35.3193244934082,26.04355239868164,89.63749694824219,192.8333282470703
2018-07-19 04:00:00,63.94214630126953,35.311500549316406,25.940048217773438,90.37125396728516,195.13870239257812
2018-07-20 04:00:00,63.90153121948242,35.44456100463867,26.04059410095215,90.55862426757812,196.1702423095703
2018-07-23 04:00:00,63.7634391784668,35.18625259399414,25.91343116760254,89.29403686523438,196.30477905273438
2018-07-24 04:00:00,64.15328979492188,35.42890930175781,26.011016845703125,89.5672607421875,196.07167053222656
2018-07-25 04:00:00,64.54315185546875,36.07862854003906,25.9932861328125,89.93412780761719,197.97325134277344
2018-07-26 04:00:00,65.04669952392578,36.19603729248047,26.090862274169922,89.77021789550781,198.88824462890625
2018-07-27 04:00:00,65.44467163085938,36.17255401611328,26.061290740966797,89.20817565917969,197.03135681152344
2018-07-30 04:00:00,65.13603210449219,36.18820571899414,26.283079147338867,89.13009643554688,196.5470428466797
2018-07-31 04:00:00,65.6883316040039,36.50132369995117,26.386577606201172,89.77021789550781,196.1881866455078
2018-08-01 04:00:00,65.50151062011719,36.313453674316406,26.093822479248047,88.68515014648438,194.77088928222656
2018-08-02 04:00:00,66.59791564941406,36.14906692504883,26.247591018676758,89.5282211303711,198.35008239746094
2018-08-03 04:00:00,66.865966796875,36.493499755859375,26.495986938476562,90.78498840332031,199.1663360595703
2018-08-06 04:00:00,67.02027130126953,36.5169792175293,26.516695022583008,91.62805938720703,199.7852783203125
2018-08-07 04:00:00,67.11771392822266,36.399566650390625,26.5462646484375,89.16134643554688,200.80787658691406
2018-08-08 04:00:00,66.88219451904297,36.125587463378906,26.629060745239258,88.59146881103516,201.45372009277344
2018-08-09 04:00:00,66.11062622070312,36.282142639160156,26.474401473999023,88.75542449951172,195.76663208007812
2018-08-10 04:00:00,66.13500213623047,36.07079315185547,26.8223934173584,88.10751342773438,197.6234588623047
2018-08-13 04:00:00,66.2081069946289,35.875099182128906,26.661785125732422,88.22457122802734,196.95069885253906
2018-08-14 04:00:00,66.03755950927734,35.922061920166016,27.02167320251465,88.28702545166016,199.13943481445312
2018-08-15 04:00:00,66.84162139892578,36.07079315185547,26.834287643432617,88.56024932861328,198.84339904785156
2018-08-16 04:00:00,67.97048950195312,36.18037796020508,29.33866310119629,89.18474578857422,200.20689392089844
2018-08-17 04:00:00,67.97048950195312,36.47783660888672,29.10369300842285,89.73898315429688,202.44044494628906
2018-08-20 04:00:00,67.92987823486328,36.5796012878418,28.553447723388672,89.64529418945312,203.93844604492188
2018-08-21 04:00:00,68.14107513427734,36.18037796020508,28.57724380493164,88.7710189819336,205.00595092773438
2018-08-22 04:00:00,67.72684478759766,35.953369140625,28.45529556274414,87.61570739746094,205.60693359375
2018-08-23 04:00:00,67.60504150390625,35.77333450317383,28.30954933166504,87.37373352050781,205.8760528564453
2018-08-24 04:00:00,67.70250701904297,35.71853256225586,28.24114227294922,87.54546356201172,207.46380615234375
2018-08-27 04:00:00,67.76747131347656,35.76551055908203,28.119197845458984,87.74842071533203,206.34249877929688
2018-08-28 04:00:00,67.79994201660156,35.51499938964844,28.57427215576172,86.78046417236328,206.54884338378906
2018-08-29 04:00:00,67.80806732177734,35.48370361328125,28.44637107849121,87.46739959716797,206.4860382080078
2018-08-30 04:00:00,67.74309539794922,35.18625259399414,28.583189010620117,87.39714813232422,207.5741424560547
2018-08-31 04:00:00,67.36949157714844,34.8887825012207,28.511808395385742,87.4361801147461,209.6424102783203
2018-09-04 04:00:00,67.16645050048828,35.037506103515625,28.363088607788086,86.64775848388672,211.0362548828125
2018-09-05 04:00:00,67.64564514160156,35.52284240722656,28.73784828186035,88.3026351928711,211.87255859375
2018-09-06 04:00:00,67.12583923339844,35.828125,28.687292098999023,89.3321304321289,212.83474731445312
2018-09-07 04:00:00,66.52483367919922,35.78898620605469,28.50288200378418,88.7339859008789,217.13316345214844
2018-09-10 04:00:00,66.90655517578125,36.055137634277344,28.82113265991211,89.3872299194336,218.67987060546875
2018-09-11 04:00:00,66.60604858398438,36.02382278442383,28.743804931640625,89.19833374023438,219.60610961914062
2018-09-12 04:00:00,67.49944305419922,36.19603729248047,28.544523239135742,89.60762786865234,218.01441955566406
2018-09-13 04:00:00,67.77558898925781,36.18025207519531,28.291706085205078,90.50486755371094,216.9623565673828
2018-09-14 04:00:00,67.90553283691406,36.306549072265625,28.13407325744629,90.17430114746094,211.6657257080078
2018-09-17 04:00:00,68.4253158569336,36.567073822021484,28.202472686767578,90.82755279541016,208.62625122070312
2018-09-18 04:00:00,68.22229766845703,36.25918960571289,28.383913040161133,89.70994567871094,210.739501953125
2018-09-19 04:00:00,68.22229766845703,36.28287124633789,28.327396392822266,89.54464721679688,210.28988647460938
2018-09-20 04:00:00,69.32682800292969,36.8197021484375,28.479087829589844,90.68589782714844,210.35281372070312
2018-09-21 04:00:00,69.70040130615234,36.772335052490234,28.52370262145996,90.44189453125,211.10821533203125
2018-09-24 04:00:00,68.44155883789062,36.369712829589844,28.232221603393555,88.36405181884766,209.83123779296875
2018-09-25 04:00:00,67.507568359375,36.06184005737305,28.285762786865234,88.1279296875,209.46255493164062
2018-09-26 04:00:00,67.62126159667969,36.19602966308594,28.13407325744629,87.75801086425781,210.25389099121094
2018-09-27 04:00:00,67.29641723632812,36.32234573364258,27.997249603271484,87.40383911132812,210.42478942871094
2018-09-28 04:00:00,67.59690856933594,36.464439392089844,27.931814193725586,87.99413299560547,211.21609497070312
2018-10-01 04:00:00,67.9542465209961,36.49602508544922,28.077550888061523,87.13623809814453,211.00926208496094
2018-10-02 04:00:00,68.51467895507812,36.71706771850586,28.300628662109375,85.56995391845703,212.53802490234375
2018-10-03 04:00:00,67.43447875976562,36.21182632446289,27.979400634765625,84.62547302246094,209.70535278320312
2018-10-04 04:00:00,66.5329360961914,36.19602966308594,28.021041870117188,83.90924835205078,208.33847045898438
2018-10-05 04:00:00,66.71975708007812,36.21973419189453,27.75335121154785,83.8148193359375,196.7741241455078
2018-10-08 04:00:00,66.92281341552734,36.693389892578125,28.16381072998047,85.1528091430664,201.36935424804688
2018-10-09 04:00:00,66.76036071777344,36.62233352661133,28.87466812133789,85.09771728515625,201.58514404296875
2018-10-10 04:00:00,66.14310455322266,36.06184005737305,28.4820613861084,84.48381042480469,198.7794952392578
2018-10-11 04:00:00,64.05585479736328,35.24079895019531,27.93478775024414,82.68928527832031,199.471923828125
2018-10-12 04:00:00,64.21016693115234,35.272377014160156,28.199506759643555,82.86243438720703,204.0850372314453
2018-10-15 04:00:00,65.07917022705078,35.45396423339844,27.90504264831543,83.13790893554688,201.8909149169922
2018-10-16 04:00:00,65.79387664794922,35.911834716796875,28.496936798095703,84.52315521240234,204.74147033691406
2018-10-17 04:00:00,66.48422241210938,36.20393753051758,28.720003128051758,85.24727630615234,205.4698944091797
2018-10-18 04:00:00,65.74437713623047,36.006568908691406,28.60400390625,84.94817352294922,205.55084228515625
2018-10-19 04:00:00,71.5289535522461,36.57497024536133,28.895492553710938,86.8056640625,206.53102111816406
2018-10-22 04:00:00,70.95541381835938,36.290767669677734,28.89251708984375,86.10517120361328,205.9824676513672
2018-10-23 04:00:00,71.41424560546875,36.59865188598633,29.088825225830078,86.67971801757812,205.7036895751953
2018-10-24 04:00:00,73.29874420166016,36.89073944091797,29.017444610595703,88.90711212158203,201.21641540527344
2018-10-25 04:00:00,72.92184448242188,36.71706771850586,29.49927520751953,88.820556640625,203.59043884277344
2018-10-26 04:00:00,71.98779296875,36.25130081176758,29.427888870239258,86.93157958984375,196.20758056640625
2018-10-29 04:00:00,72.29914855957031,36.67760467529297,29.683679580688477,88.85202026367188,200.01141357421875
2018-10-30 04:00:00,73.07750701904297,37.60123825073242,30.462961196899414,89.54464721679688,204.9573211669922
2018-10-31 04:00:00,72.65962982177734,37.798606872558594,29.826448440551758,88.45061492919922,205.59580993652344
2018-11-01 04:00:00,73.40525817871094,37.688087463378906,29.915681838989258,87.765869140625,206.4680938720703
2018-11-02 04:00:00,73.58550262451172,37.89333724975586,30.141725540161133,87.49827575683594,206.97164916992188
2018-11-05 05:00:00,74.7243881225586,38.43806457519531,30.608699798583984,90.03264617919922,210.82943725585938
2018-11-06 05:00:00,74.97838592529297,38.769630432128906,30.73362159729004,90.67802429199219,212.86175537109375
2018-11-07 05:00:00,74.7981185913086,38.97488021850586,31.028078079223633,90.99284362792969,216.1529541015625
2018-11-08 05:00:00,74.85548400878906,38.943302154541016,31.19464111328125,91.34703826904297,215.16148376464844
2018-11-09 05:00:00,75.71583557128906,39.219608306884766,31.396896362304688,92.46467590332031,214.29620361328125
2018-11-12 05:00:00,75.95342254638672,39.369598388671875,30.894241333007812,92.06326293945312,211.35755920410156
2018-11-13 05:00:00,76.58433532714844,39.3617057800293,30.617626190185547,92.19706726074219,211.05113220214844
2018-11-14 05:00:00,76.60071563720703,39.28276824951172,30.1982421875,91.81138610839844,210.30303955078125
2018-11-15 05:00:00,76.87928009033203,39.2669792175293,29.606355667114258,91.92948150634766,207.2653045654297
2018-11-16 05:00:00,76.87109375,39.60643768310547,29.056106567382812,93.14939880371094,208.23876953125
2018-11-19 05:00:00,76.43684387207031,39.87484359741211,28.785444259643555,93.66887664794922,206.18360900878906
2018-11-20 05:00:00,75.46180725097656,38.98278045654297,28.00617218017578,91.29978942871094,197.6835479736328
2018-11-21 05:00:00,74.89645385742188,38.46963882446289,28.009140014648438,90.73312377929688,197.0165557861328
2018-11-23 05:00:00,75.00298309326172,38.698585510253906,28.285762786865234,90.83544921875,198.35960388183594
2018-11-26 05:00:00,75.33072662353516,38.58015441894531,28.300628662109375,91.18962097167969,197.80975341796875
2018-11-27 05:00:00,75.96978759765625,38.97488021850586,28.267908096313477,91.64612579345703,201.0186767578125
2018-11-28 05:00:00,76.20741271972656,39.2432746887207,28.987693786621094,93.26748657226562,207.62588500976562
2018-11-29 05:00:00,76.05172729492188,38.97275924682617,28.937131881713867,93.08645629882812,208.2207794189453
2018-11-30 05:00:00,77.43645477294922,40.10263442993164,29.044208526611328,95.97500610351562,208.4731903076172
2018-12-03 05:00:00,76.46141815185547,39.53769302368164,29.371381759643555,93.64527893066406,209.19427490234375
2018-12-04 05:00:00,76.45323944091797,39.45017623901367,28.496936798095703,92.71649932861328,204.029296875
2018-12-06 05:00:00,76.64987182617188,39.29104232788086,28.341428756713867,92.69112396240234,210.2037811279297
2018-12-07 05:00:00,75.74858093261719,39.06027603149414,27.86891746520996,91.88195037841797,202.68624877929688
2018-12-10 05:00:00,76.22380828857422,39.17963409423828,28.09320831298828,92.17550659179688,200.7031707763672
2018-12-11 05:00:00,76.94481658935547,39.4183464050293,28.0662899017334,93.04814147949219,204.1645050048828
2018-12-12 05:00:00,77.04315948486328,39.16373062133789,27.844995498657227,92.81806945800781,205.3363494873047
2018-12-13 05:00:00,79.05876159667969,39.362648010253906,27.80013656616211,93.8890609741211,204.17349243164062
2018-12-14 05:00:00,79.18164825439453,39.25920867919922,27.468189239501953,90.39845275878906,186.6415252685547
2018-12-17 05:00:00,76.01078033447266,38.45556640625,27.145204544067383,89.54168701171875,182.287841796875
2018-12-18 05:00:00,75.78135681152344,38.44760513305664,27.237916946411133,88.72454833984375,182.97288513183594
2018-12-19 05:00:00,75.18321990966797,38.11341857910156,27.07941436767578,87.2966079711914,181.54872131347656
2018-12-20 05:00:00,74.54415130615234,37.826969146728516,26.101503372192383,87.43144989013672,177.69078063964844
2018-12-21 05:00:00,74.53594970703125,37.8508415222168,26.05664825439453,86.80473327636719,175.33811950683594
2018-12-24 05:00:00,71.57810974121094,36.56978225708008,25.664888381958008,84.11540985107422,171.2548370361328
2018-12-26 05:00:00,73.81490325927734,37.34956359863281,27.037551879882812,85.94002532958984,179.04283142089844
2018-12-27 05:00:00,75.39624786376953,37.81901168823242,27.390430450439453,86.80473327636719,181.25125122070312
2018-12-28 05:00:00,74.70803833007812,37.556434631347656,27.551923751831055,87.5504379272461,182.1165771484375
2018-12-31 05:00:00,75.3143310546875,37.67578125,27.856958389282227,87.6456527709961,183.62185668945312
2019-01-02 05:00:00,74.78995513916016,37.34159851074219,27.91377067565918,86.69367980957031,184.56832885742188
2019-01-03 05:00:00,74.26555633544922,37.1108512878418,27.770233154296875,85.88446807861328,180.65628051757812
2019-01-04 05:00:00,75.78135681152344,37.8508415222168,27.943687438964844,87.6456527709961,185.9023895263672
2019-01-07 05:00:00,75.47819519042969,37.35751724243164,28.272647857666016,86.89199829101562,186.58746337890625
2019-01-08 05:00:00,75.75675964355469,37.77922439575195,28.470022201538086,87.72498321533203,187.9845733642578
2019-01-09 05:00:00,74.5195541381836,37.055145263671875,28.37731170654297,85.27363586425781,189.2014923095703
2019-01-10 05:00:00,74.69983673095703,37.4530029296875,28.398244857788086,85.79721069335938,189.8685302734375
2019-01-11 05:00:00,75.19142150878906,37.6678352355957,28.362356185913086,85.80513763427734,189.7512969970703
2019-01-14 05:00:00,74.68342590332031,37.51665496826172,28.39525604248047,85.13878631591797,188.3902587890625
2019-01-15 05:00:00,75.3880615234375,37.8508415222168,28.784025192260742,86.4636001586914,190.2200927734375
2019-01-16 05:00:00,74.86369323730469,37.33364486694336,28.81393051147461,85.94795989990234,189.45387268066406
2019-01-17 05:00:00,74.85294342041016,37.44504165649414,28.930561065673828,86.64607238769531,190.60763549804688
2019-01-18 05:00:00,75.4970932006836,37.88267135620117,29.22662925720215,87.32038116455078,192.52760314941406
2019-01-22 05:00:00,74.68778991699219,37.970191955566406,29.15485382080078,87.1934585571289,191.4549560546875
2019-01-23 05:00:00,78.32142639160156,38.40781784057617,29.51970100402832,87.84397888183594,191.17552185058594
2019-01-24 05:00:00,77.87548065185547,37.946327209472656,29.4150333404541,86.86820220947266,189.57102966308594
2019-01-25 05:00:00,77.29740142822266,37.69170379638672,28.990371704101562,86.74919891357422,188.45333862304688
2019-01-28 05:00:00,77.23133850097656,37.53256607055664,29.02626609802246,86.3287582397461,189.98570251464844
2019-01-29 05:00:00,77.24785614013672,37.715576171875,28.921586990356445,86.4715347290039,189.57102966308594
2019-01-30 05:00:00,78.05715942382812,38.08158874511719,28.35039520263672,87.91539001464844,190.50851440429688
2019-01-31 05:00:00,79.66751861572266,38.296424865722656,28.65842056274414,89.38299560546875,193.46505737304688
2019-02-01 05:00:00,80.49333190917969,38.74995803833008,28.06928253173828,89.00222778320312,189.5349884033203
2019-02-04 05:00:00,80.95581817626953,39.18759536743164,28.341428756713867,89.71621704101562,190.3552703857422
2019-02-05 05:00:00,80.46858215332031,39.195556640625,28.589637756347656,89.56546783447266,190.74285888671875
2019-02-06 05:00:00,80.86498260498047,39.195556640625,28.60160255432129,89.68447875976562,190.73387145996094
2019-02-07 05:00:00,80.2208480834961,39.3228645324707,28.927574157714844,89.71621704101562,188.94430541992188
2019-02-08 05:00:00,80.69153594970703,39.386505126953125,28.583663940429688,89.66065979003906,187.76927185058594
2019-02-11 05:00:00,81.15400695800781,39.47404861450195,28.76907730102539,89.62103271484375,188.6460418701172
2019-02-12 05:00:00,81.97160339355469,39.513832092285156,28.999343872070312,90.27154541015625,191.52017211914062
2019-02-13 05:00:00,81.9550552368164,39.617271423339844,29.289430618286133,90.53333282470703,192.33364868164062
2019-02-14 05:00:00,81.31094360351562,36.2753791809082,29.462875366210938,89.31954956054688,193.2736053466797
2019-02-15 05:00:00,81.32742309570312,35.99689483642578,29.902496337890625,91.95336151123047,195.65065002441406
2019-02-19 05:00:00,82.57443237304688,35.67066192626953,30.563400268554688,91.96922302246094,197.14195251464844
2019-02-20 05:00:00,81.98811340332031,35.88549041748047,29.869598388671875,91.88988494873047,196.22909545898438
2019-02-21 05:00:00,82.40101623535156,36.49022674560547,29.723064422607422,92.10408020019531,194.52987670898438
2019-02-22 05:00:00,82.78913116455078,36.028724670410156,29.770912170410156,92.627685546875,195.4879150390625
2019-02-25 05:00:00,82.22759246826172,35.758182525634766,29.642316818237305,92.0723648071289,196.1748809814453
2019-02-26 05:00:00,82.44229888916016,35.559261322021484,29.513723373413086,92.0009536743164,196.68099975585938
2019-02-27 05:00:00,81.68255615234375,35.758182525634766,29.340267181396484,91.52497100830078,197.07872009277344
2019-02-28 05:00:00,81.38525390625,36.076454162597656,29.60343360900879,92.48307037353516,197.7023468017578
2019-03-01 05:00:00,81.29443359375,36.10829544067383,29.286439895629883,92.9149398803711,198.33499145507812
2019-03-04 05:00:00,81.6495132446289,36.32312774658203,29.26251220703125,92.90693664550781,197.40402221679688
2019-03-05 05:00:00,81.8311767578125,36.2833366394043,29.4090518951416,92.79496765136719,198.6785125732422
2019-03-06 05:00:00,81.69905090332031,36.16398239135742,29.385129928588867,93.29881286621094,198.14520263671875
2019-03-07 05:00:00,81.38525390625,36.028724670410156,29.142894744873047,92.8509292602539,195.93988037109375
2019-03-08 05:00:00,81.26963806152344,35.678611755371094,29.18476104736328,92.1551742553711,205.9090576171875
2019-03-11 04:00:00,82.23583984375,36.74482727050781,29.450912475585938,93.24284362792969,207.59918212890625
2019-03-12 04:00:00,82.62400817871094,36.64138412475586,29.41802406311035,93.22683715820312,210.5546875
2019-03-13 04:00:00,83.55718994140625,36.77665328979492,29.615394592285156,93.2348403930664,213.64576721191406
2019-03-14 04:00:00,83.67277526855469,36.68034362792969,29.531225204467773,92.37109375,211.35009765625
2019-03-15 04:00:00,84.59770965576172,36.359291076660156,29.59134292602539,92.49906921386719,211.1331329345703
2019-03-18 04:00:00,83.82969665527344,36.447566986083984,29.964162826538086,93.78665924072266,213.8355712890625
2019-03-19 04:00:00,84.15177917480469,36.5679817199707,30.02129364013672,94.44245147705078,214.25131225585938
2019-03-20 04:00:00,84.00311279296875,36.54389572143555,29.657493591308594,94.62641906738281,214.18807983398438
2019-03-21 04:00:00,84.63900756835938,36.52784729003906,29.783767700195312,95.52210998535156,216.5018768310547
2019-03-22 04:00:00,83.95355987548828,36.86495590209961,29.54925537109375,96.54579162597656,214.7122802734375
2019-03-25 04:00:00,84.20132446289062,36.94520568847656,29.516183853149414,96.64976501464844,214.17906188964844
2019-03-26 04:00:00,85.07669830322266,37.43482208251953,29.561288833618164,97.5854721069336,216.07704162597656
2019-03-27 04:00:00,84.97758483886719,37.41074752807617,29.2275447845459,97.48152923583984,216.38436889648438
2019-03-28 04:00:00,85.51438903808594,37.38665771484375,29.2034912109375,97.44151306152344,218.020263671875
2019-03-29 04:00:00,85.92729187011719,37.61140060424805,29.323755264282227,98.00933837890625,218.8517608642578
2019-04-01 04:00:00,85.58869171142578,37.4990348815918,29.410945892333984,97.5694808959961,220.70462036132812
2019-04-02 04:00:00,85.6795425415039,37.37863540649414,29.1463623046875,97.31356811523438,217.36953735351562
2019-04-03 04:00:00,85.63001251220703,37.06561279296875,29.221534729003906,97.21757507324219,219.15911865234375
2019-04-04 04:00:00,85.41526794433594,37.306396484375,29.49814224243164,97.14561462402344,220.8944091796875
2019-04-05 04:00:00,85.59695434570312,37.29838180541992,29.714616775512695,97.2656021118164,222.22303771972656
2019-04-08 04:00:00,86.68704986572266,37.362579345703125,29.834890365600586,97.5694808959961,222.81053161621094
2019-04-09 04:00:00,86.43104553222656,37.45889663696289,29.672527313232422,97.7054443359375,221.3553924560547
2019-04-10 04:00:00,86.42279815673828,37.43482208251953,29.94613265991211,97.60147094726562,221.9880828857422
2019-04-11 04:00:00,86.50538635253906,37.490997314453125,30.306922912597656,97.3055648803711,218.0383758544922
2019-04-12 04:00:00,86.76138305664062,37.51509094238281,30.53543472290039,97.75343322753906,218.6800537109375
2019-04-15 04:00:00,87.31468963623047,37.72376251220703,30.797008514404297,98.8970718383789,222.63880920410156
2019-04-16 04:00:00,87.88449096679688,37.68363952636719,30.94734764099121,97.89738464355469,221.7440185546875
2019-04-17 04:00:00,88.0308837890625,37.948509216308594,31.016494750976562,101.57622528076172,221.94285583496094
2019-04-18 04:00:00,88.19721984863281,38.109031677246094,31.022506713867188,101.64020538330078,222.16876220703125
2019-04-22 04:00:00,88.16394805908203,38.04482650756836,30.77897071838379,101.12036895751953,220.0087127685547
2019-04-23 04:00:00,85.79373168945312,38.69495391845703,30.989439010620117,101.64020538330078,221.9609375
2019-04-24 04:00:00,86.23451232910156,38.51034164428711,31.12773895263672,101.5042495727539,224.1120147705078
2019-04-25 04:00:00,85.8935317993164,38.39797592163086,31.12473487854004,100.87245178222656,221.97906494140625
2019-04-26 04:00:00,88.03921508789062,38.73508834838867,30.526412963867188,101.08838653564453,220.37020874023438
2019-04-29 04:00:00,87.14100646972656,38.863502502441406,30.53543472290039,101.3203125,220.7859649658203
2019-04-30 04:00:00,88.5548095703125,39.377201080322266,30.920276641845703,102.40798950195312,221.9157257080078
2019-05-01 04:00:00,87.2657470703125,38.99995040893555,30.475296020507812,101.7601547241211,218.35470581054688
2019-05-02 04:00:00,87.78968811035156,38.83942413330078,30.412160873413086,101.43225860595703,219.34886169433594
2019-05-03 04:00:00,88.22216033935547,39.10429382324219,30.69178009033203,102.10405731201172,221.09323120117188
2019-05-06 04:00:00,87.88949584960938,38.90364074707031,30.806028366088867,101.78416442871094,220.7407989501953
2019-05-07 04:00:00,87.07444763183594,38.526390075683594,30.457256317138672,100.75250244140625,217.08029174804688
2019-05-08 04:00:00,87.38215637207031,38.406002044677734,30.156597137451172,100.78447723388672,218.1287078857422
2019-05-09 04:00:00,86.69190979003906,38.04482650756836,30.087064743041992,100.80847930908203,220.64813232421875
2019-05-10 04:00:00,88.16394805908203,38.678897857666016,30.80343246459961,102.37598419189453,223.8654022216797
2019-05-13 04:00:00,88.24711608886719,38.566532135009766,30.192859649658203,101.69621276855469,219.24346923828125
2019-05-14 04:00:00,87.82295227050781,39.08020782470703,30.31377601623535,101.8961181640625,219.9774932861328
2019-05-15 04:00:00,88.73779296875,39.4735107421875,30.189842224121094,103.44766235351562,221.73568725585938
2019-05-16 04:00:00,89.9104232788086,39.794559478759766,30.622074127197266,104.18339538574219,224.24603271484375
2019-05-17 04:00:00,89.36153411865234,39.48956298828125,30.486055374145508,104.3753433227539,225.07073974609375
2019-05-20 04:00:00,89.26173400878906,39.20864486694336,30.685556411743164,103.95948028564453,225.56919860839844
2019-05-21 04:00:00,88.46332550048828,39.00798797607422,30.56465721130371,103.20772552490234,226.50257873535156
2019-05-22 04:00:00,88.7544174194336,39.85075378417969,30.90015983581543,104.0234603881836,226.12196350097656
2019-05-23 04:00:00,88.78771209716797,40.01127624511719,30.7883243560791,103.9434814453125,225.23387145996094
2019-05-24 04:00:00,88.72945404052734,39.818641662597656,31.03315544128418,103.56761932373047,224.11911010742188
2019-05-28 04:00:00,86.87487030029297,39.409305572509766,30.957592010498047,102.07207489013672,223.22190856933594
2019-05-29 04:00:00,86.65031433105469,39.01600646972656,30.866899490356445,102.50393676757812,218.12872314453125
2019-05-30 04:00:00,87.59840393066406,39.529685974121094,30.8880672454834,102.8558120727539,218.8990478515625
2019-05-31 04:00:00,85.5858154296875,39.43338394165039,30.66136932373047,102.36797332763672,217.122802734375
2019-06-03 04:00:00,86.32598114013672,40.11561584472656,30.818540573120117,103.15172576904297,218.4730987548828
2019-06-04 04:00:00,87.05782318115234,40.13167190551758,30.999902725219727,103.22372436523438,222.5876007080078
2019-06-05 04:00:00,88.76274871826172,40.757720947265625,31.562105178833008,105.0791244506836,224.71726989746094
2019-06-06 04:00:00,89.30330657958984,41.2553596496582,31.77066421508789,106.32382202148438,227.66265869140625
2019-06-07 04:00:00,90.45931243896484,41.32759094238281,32.05781936645508,107.52413940429688,232.01268005371094
2019-06-10 04:00:00,90.417724609375,41.23929977416992,32.49911880493164,107.62081146240234,232.77398681640625
2019-06-11 04:00:00,90.96662902832031,41.19916915893555,32.626068115234375,107.30662536621094,233.0095977783203
2019-06-12 04:00:00,91.21611785888672,41.44797897338867,32.89205551147461,107.25829315185547,233.1183319091797
2019-06-13 04:00:00,92.23905944824219,41.359012603759766,32.84067916870117,107.09716796875,235.3658905029297
2019-06-14 04:00:00,92.48023223876953,41.50461196899414,32.967628479003906,106.927978515625,235.76463317871094
2019-06-17 04:00:00,92.30559539794922,41.1486930847168,32.99482727050781,106.75882720947266,236.92462158203125
2019-06-18 04:00:00,91.14956665039062,40.96263885498047,33.1429328918457,106.38824462890625,238.11183166503906
2019-06-19 04:00:00,91.83154296875,41.35091018676758,33.13386917114258,107.02468872070312,238.9456024169922
2019-06-20 04:00:00,92.92932891845703,41.787715911865234,33.3454475402832,108.08001708984375,242.28976440429688
2019-06-21 04:00:00,92.48023223876953,41.69873809814453,33.590274810791016,107.91887664794922,241.18409729003906
2019-06-24 04:00:00,93.41999816894531,41.99803924560547,33.623538970947266,108.06388092041016,241.76409912109375
2019-06-25 04:00:00,92.9126968383789,41.86861038208008,33.46636199951172,107.79803466796875,241.39251708984375
2019-06-26 04:00:00,91.25769805908203,41.35091018676758,33.297088623046875,106.59771728515625,239.62538146972656
2019-06-27 04:00:00,91.2992935180664,41.318572998046875,33.2789421081543,106.09015655517578,240.68563842773438
2019-06-28 04:00:00,91.19117736816406,41.18914031982422,33.39683151245117,105.6390380859375,239.48941040039062
2019-07-01 04:00:00,91.8897476196289,41.739192962646484,33.436119079589844,106.23517608642578,238.84588623046875
2019-07-02 04:00:00,92.7131118774414,42.046573638916016,33.73234558105469,106.68628692626953,240.58596801757812
2019-07-03 04:00:00,94.87541198730469,42.14364242553711,33.94997024536133,107.94303131103516,243.91197204589844
2019-07-05 04:00:00,94.10195922851562,42.1517219543457,33.84719467163086,107.16162872314453,243.10540771484375
2019-07-08 04:00:00,94.8504638671875,42.0627555847168,34.07088088989258,106.79103088378906,244.14756774902344
2019-07-09 04:00:00,93.9023666381836,41.73110580444336,34.11922836303711,106.13045501708984,244.6641387939453
2019-07-10 04:00:00,94.6009750366211,41.91714096069336,34.149471282958984,108.28143310546875,245.9782257080078
2019-07-11 04:00:00,95.1249008178711,42.09511184692383,34.43357849121094,108.23310089111328,250.61827087402344
2019-07-12 04:00:00,95.63220977783203,42.15982437133789,34.639122009277344,107.37110137939453,253.24647521972656
2019-07-15 04:00:00,96.03972625732422,42.167911529541016,34.75398254394531,108.07195281982422,254.27951049804688
2019-07-16 04:00:00,96.38070678710938,42.17599105834961,34.68749237060547,107.78999328613281,254.3430633544922
2019-07-17 04:00:00,96.42228698730469,42.20834732055664,34.639122009277344,106.9682846069336,255.16783142089844
2019-07-18 04:00:00,96.6281967163086,42.08701705932617,34.67539596557617,107.04882049560547,256.3912048339844
2019-07-19 04:00:00,96.2682876586914,41.56932067871094,34.42754364013672,104.80120849609375,255.12245178222656
2019-07-22 04:00:00,96.5110092163086,41.431819915771484,34.10110855102539,104.95426177978516,253.90797424316406
2019-07-23 04:00:00,95.29731750488281,43.94749450683594,33.88045883178711,105.32484436035156,253.8445281982422
2019-07-24 04:00:00,94.25101470947266,43.502586364746094,33.853248596191406,104.09227752685547,254.50621032714844
2019-07-25 04:00:00,94.39330291748047,42.92827224731445,33.91973876953125,103.9150390625,253.5726776123047
2019-07-26 04:00:00,96.03392028808594,43.81805419921875,34.16155242919922,105.7115249633789,254.9955596923828
2019-07-29 04:00:00,97.09693908691406,43.67246627807617,33.934852600097656,105.96128845214844,253.8717803955078
2019-07-30 04:00:00,100.78832244873047,43.45405960083008,33.87137985229492,105.11537170410156,253.30084228515625
2019-07-31 04:00:00,98.80451202392578,42.572364807128906,33.36357879638672,102.96442413330078,249.79359436035156
2019-08-01 04:00:00,97.70801544189453,42.08701705932617,33.06132125854492,102.42467498779297,248.83294677734375
2019-08-02 04:00:00,97.46526336669922,42.32968521118164,33.0673713684082,103.05303192138672,246.95697021484375
2019-08-05 04:00:00,94.65277862548828,41.779640197753906,31.985273361206055,100.21730041503906,240.2506103515625
2019-08-06 04:00:00,95.65721130371094,42.281150817871094,32.42354965209961,101.86881256103516,244.06597900390625
2019-08-07 04:00:00,96.69517517089844,43.01724624633789,32.70465850830078,102.94025421142578,248.58828735351562
2019-08-08 04:00:00,98.30229187011719,43.42978286743164,32.962852478027344,104.30171966552734,249.0413055419922
2019-08-09 04:00:00,97.74983215332031,43.21138381958008,32.58618927001953,103.60084533691406,248.26206970214844
2019-08-12 04:00:00,97.1220474243164,43.0334358215332,31.960472106933594,103.39944458007812,245.87852478027344
2019-08-13 04:00:00,98.14326477050781,43.276100158691406,32.62568664550781,104.67230224609375,250.36451721191406
2019-08-14 04:00:00,96.92115783691406,42.863555908203125,32.25813293457031,104.01972961425781,243.01470947265625
2019-08-15 04:00:00,98.26043701171875,43.57538986206055,34.229469299316406,105.30874633789062,246.06890869140625
2019-08-16 04:00:00,99.75874328613281,44.01219177246094,34.32060623168945,106.14656066894531,248.40704345703125
2019-08-19 04:00:00,100.64601135253906,44.238685607910156,34.56967544555664,106.7990951538086,249.7754364013672
2019-08-20 04:00:00,99.52439880371094,43.58348083496094,34.03507995605469,106.38824462890625,247.38291931152344
2019-08-21 04:00:00,99.77548217773438,43.761436462402344,34.02596664428711,106.61380004882812,249.83895874023438
2019-08-22 04:00:00,99.95963287353516,44.07691192626953,33.99256134033203,106.8716049194336,253.68154907226562
2019-08-23 04:00:00,98.20183563232422,43.47023391723633,33.66450500488281,104.94621276855469,248.32545471191406
2019-08-26 04:00:00,99.87593841552734,44.11735534667969,34.01685333251953,107.7416763305664,252.35833740234375
2019-08-27 04:00:00,100.90547943115234,44.2629508972168,34.1474609375,108.5633544921875,264.9735107421875
2019-08-28 04:00:00,101.61699676513672,44.57842254638672,34.23859405517578,108.90978240966797,266.8857727050781
2019-08-29 04:00:00,101.43281555175781,44.52988815307617,34.651695251464844,109.57844543457031,269.3653564453125
2019-08-30 04:00:00,100.63764953613281,44.52180099487305,34.70635986328125,110.15040588378906,267.7214050292969
2019-09-03 04:00:00,101.58349609375,44.732120513916016,34.82178497314453,110.73851776123047,265.2598571777344
2019-09-04 04:00:00,103.13204193115234,45.11229705810547,35.207550048828125,112.09999084472656,268.9566650390625
2019-09-05 04:00:00,102.75537109375,44.586509704589844,35.06479263305664,110.30322265625,269.7286071777344
2019-09-06 04:00:00,102.84744262695312,44.67548370361328,34.849124908447266,111.4307632446289,275.895751953125
2019-09-09 04:00:00,102.26151275634766,44.10117721557617,35.33511734008789,110.64391326904297,271.5724182128906
2019-09-10 04:00:00,100.34468078613281,44.00410842895508,35.25007247924805,110.2059097290039,269.75592041015625
2019-09-11 04:00:00,101.50817108154297,44.303409576416016,35.24095153808594,110.6114730834961,264.0246887207031
2019-09-12 04:00:00,102.76371002197266,44.57842254638672,35.51432800292969,111.36588287353516,263.2981262207031
2019-09-13 04:00:00,102.21965026855469,44.21175765991211,35.66925048828125,110.67637634277344,265.1237487792969
2019-09-16 04:00:00,100.2358627319336,43.967323303222656,35.10428237915039,109.41096496582031,262.2081298828125
2019-09-17 04:00:00,101.41610717773438,44.19544982910156,35.38979721069336,110.07611846923828,264.6786193847656
2019-09-18 04:00:00,101.62535858154297,44.18732452392578,35.58723449707031,109.91386413574219,265.6051025390625
2019-09-19 04:00:00,102.03550720214844,44.42360305786133,35.572044372558594,109.89765167236328,261.4270935058594
2019-09-20 04:00:00,102.32007598876953,43.92657470703125,35.53255844116211,109.27304077148438,260.09197998046875
2019-09-23 04:00:00,103.1404037475586,44.11398696899414,35.726959228515625,109.86518859863281,261.1909484863281
2019-09-24 04:00:00,103.46684265136719,44.24435806274414,35.96388626098633,109.80029296875,261.499755859375
2019-09-25 04:00:00,102.97299194335938,44.138423919677734,35.98514938354492,109.58131408691406,262.0447082519531
2019-09-26 04:00:00,104.05278015136719,44.317691802978516,35.933502197265625,110.09233856201172,261.81756591796875
2019-09-27 04:00:00,104.27040100097656,44.25249099731445,35.97907257080078,109.99500274658203,259.7195739746094
2019-09-30 04:00:00,104.1113510131836,44.358421325683594,36.04894256591797,111.21175384521484,261.6814270019531
2019-10-01 04:00:00,103.66773986816406,44.52953338623047,35.79682159423828,111.4307632446289,257.884765625
2019-10-02 04:00:00,101.34913635253906,43.25028610229492,35.271339416503906,108.6484375,258.9565734863281
2019-10-03 04:00:00,101.90155792236328,43.86953353881836,35.32904815673828,111.88500213623047,262.4897155761719
2019-10-04 04:00:00,103.79328918457031,44.439903259277344,35.8909797668457,113.79127502441406,264.9147644042969
2019-10-07 04:00:00,102.82233428955078,43.893985748291016,35.60849380493164,112.21759796142578,266.4952697753906
2019-10-08 04:00:00,101.22356414794922,43.657684326171875,35.71480941772461,111.32530975341797,265.11468505859375
2019-10-09 04:00:00,102.10246276855469,43.86138916015625,36.12487030029297,111.82010650634766,269.6650695800781
2019-10-10 04:00:00,102.06898498535156,43.722877502441406,36.33141326904297,111.8525619506836,269.883056640625
2019-10-11 04:00:00,101.35749816894531,43.429542541503906,36.52278137207031,111.64979553222656,270.30084228515625
2019-10-14 04:00:00,100.48697662353516,43.429542541503906,36.19777297973633,111.49565887451172,270.2281799316406
2019-10-15 04:00:00,98.10138702392578,43.60064697265625,36.30712127685547,110.58714294433594,271.01837158203125
2019-10-16 04:00:00,98.37762451171875,43.5843620300293,36.273712158203125,110.66014862060547,271.37255859375
2019-10-17 04:00:00,98.24788665771484,43.82879638671875,36.40128707885742,111.09819030761719,274.6604919433594
2019-10-18 04:00:00,98.95552062988281,44.63545608520508,36.18865966796875,110.52222442626953,275.078369140625
2019-10-21 04:00:00,100.31175231933594,44.18732452392578,36.37091827392578,110.41680145263672,273.4616394042969
2019-10-22 04:00:00,102.92314910888672,43.87769317626953,36.322303771972656,110.8548583984375,272.453369140625
2019-10-23 04:00:00,103.6139144897461,44.52138137817383,36.252437591552734,111.49565887451172,270.0465087890625
2019-10-24 04:00:00,105.12181091308594,44.49694061279297,36.176509857177734,111.8525619506836,269.8013000488281
2019-10-25 04:00:00,103.82450103759766,43.79621124267578,36.15827560424805,110.83863067626953,269.3017883300781
2019-10-28 04:00:00,104.01825714111328,43.6495475769043,36.21295928955078,110.78184509277344,271.5179443359375
2019-10-29 04:00:00,104.11932373046875,43.519168853759766,35.584197998046875,110.38434600830078,268.7204895019531
2019-10-30 04:00:00,105.2481689453125,43.95101547241211,35.87276077270508,111.04952239990234,272.3352355957031
2019-10-31 04:00:00,104.88591003417969,44.35028076171875,35.61760330200195,111.2685317993164,270.4420166015625
2019-11-01 04:00:00,104.34679412841797,43.91843032836914,35.726959228515625,111.0738525390625,269.5136413574219
2019-11-04 05:00:00,100.30332946777344,43.299171447753906,35.711769104003906,109.63807678222656,270.17803955078125
2019-11-05 05:00:00,100.16014099121094,42.712501525878906,36.10361099243164,108.70519256591797,272.3262634277344
2019-11-06 05:00:00,101.3563232421875,43.02212905883789,36.29801559448242,109.05403137207031,274.501708984375
2019-11-07 05:00:00,100.76664733886719,42.6065788269043,36.51974868774414,108.14550018310547,277.81500244140625
2019-11-08 05:00:00,100.83403778076172,42.54138946533203,36.27976989746094,107.99140930175781,275.4574890136719
2019-11-11 05:00:00,100.52234649658203,42.23991394042969,36.15827560424805,107.3911361694336,273.8373107910156
2019-11-12 05:00:00,100.4718017578125,42.13398742675781,36.18258285522461,107.05856323242188,273.52777099609375
2019-11-13 05:00:00,101.63430786132812,42.7043571472168,36.747562408447266,108.1211929321289,275.7123107910156
2019-11-14 05:00:00,101.50794219970703,42.88362503051758,36.647315979003906,108.15364074707031,277.25067138671875
2019-11-15 05:00:00,101.5416259765625,42.91621398925781,36.10663986206055,108.5429916381836,276.4041442871094
2019-11-18 05:00:00,102.6788558959961,43.209537506103516,36.52582550048828,108.74577331542969,277.2051696777344
2019-11-19 05:00:00,102.282958984375,43.25028610229492,36.41645812988281,109.15950775146484,275.111572265625
2019-11-20 05:00:00,103.01581573486328,43.36436080932617,36.185611724853516,108.48621368408203,273.5915222167969
2019-11-21 05:00:00,101.37315368652344,43.15250778198242,36.4073600769043,108.62410736083984,273.3184509277344
2019-11-22 05:00:00,101.33104705810547,43.209537506103516,36.2554817199707,108.75389862060547,272.4446105957031
2019-11-25 05:00:00,101.51637268066406,43.36436080932617,36.12183380126953,108.55921936035156,272.2078857421875
2019-11-26 05:00:00,102.99055480957031,43.91843032836914,36.2038459777832,110.07611846923828,274.2013244628906
2019-11-27 05:00:00,102.56934356689453,43.95916748046875,36.07323455810547,110.24645233154297,273.7644348144531
2019-11-29 05:00:00,102.82207489013672,43.836036682128906,36.17347717285156,110.18157196044922,272.8996887207031
2019-12-02 05:00:00,103.3780517578125,44.12335205078125,36.231178283691406,110.22212219238281,270.69696044921875
2019-12-03 05:00:00,103.57180786132812,44.164390563964844,36.045894622802734,109.88143157958984,269.1313171386719
2019-12-04 05:00:00,104.90277862548828,44.56663131713867,36.051963806152344,111.37398529052734,269.90496826171875
2019-12-05 05:00:00,104.97857666015625,44.48454284667969,36.204524993896484,111.36988067626953,266.7920227050781
2019-12-06 05:00:00,104.61636352539062,44.6733512878418,36.5462532043457,112.2031021118164,268.4759826660156
2019-12-09 05:00:00,105.18919372558594,44.38603591918945,36.41810989379883,112.03972625732422,268.6670837402344
2019-12-10 05:00:00,104.68374633789062,44.139766693115234,36.35097885131836,111.312744140625,269.23150634765625
2019-12-11 05:00:00,105.01228332519531,44.28752899169922,36.30826187133789,111.99070739746094,268.7945861816406
2019-12-12 05:00:00,104.93646240234375,44.44350814819336,36.5401496887207,112.05603790283203,270.65142822265625
2019-12-13 05:00:00,105.69462585449219,44.6733512878418,36.70185852050781,112.67684936523438,265.6723937988281
2019-12-16 05:00:00,105.77043151855469,44.6733512878418,36.77813720703125,111.95802307128906,267.1561279296875
2019-12-17 05:00:00,105.55982971191406,44.6733512878418,37.00392532348633,111.23101043701172,269.0221252441406
2019-12-18 05:00:00,104.4647445678711,44.254695892333984,36.57065200805664,111.06765747070312,265.6723937988281
2019-12-19 05:00:00,105.2313003540039,44.59126281738281,36.63778305053711,111.47608947753906,267.3472900390625
2019-12-20 05:00:00,105.6019515991211,45.124839782714844,36.70185852050781,112.6604995727539,268.3666687011719
2019-12-23 05:00:00,105.21448516845703,45.075592041015625,36.31741714477539,111.94170379638672,266.983154296875
2019-12-24 05:00:00,105.48402404785156,44.91141128540039,36.463871002197266,111.81914520263672,267.8205261230469
2019-12-26 05:00:00,105.48402404785156,45.1659049987793,36.466915130615234,111.65579986572266,269.18585205078125
2019-12-27 05:00:00,106.21690368652344,45.43678665161133,36.48828887939453,112.35011291503906,267.7113342285156
2019-12-30 05:00:00,104.85221862792969,45.37111282348633,36.4303092956543,111.75382232666016,268.6488952636719
2019-12-31 05:00:00,105.21448516845703,45.43678665161133,36.25944900512695,111.63947296142578,267.5384521484375
2020-01-02 05:00:00,103.95931243896484,45.14126968383789,36.28996276855469,110.94515991210938,265.32647705078125
2020-01-03 05:00:00,103.26012420654297,44.89499282836914,35.969581604003906,110.78992462158203,265.54498291015625
2020-01-06 05:00:00,103.4032974243164,44.878578186035156,35.896358489990234,111.21469116210938,265.6177062988281
2020-01-07 05:00:00,102.76309967041016,44.53380584716797,35.56379318237305,109.46661376953125,265.19903564453125
2020-01-08 05:00:00,103.20114135742188,44.61588668823242,35.44174575805664,110.03025817871094,268.23931884765625
2020-01-09 05:00:00,104.32994842529297,45.428585052490234,35.80787658691406,110.103759765625,272.5447082519531
2020-01-10 05:00:00,104.43104553222656,45.58454895019531,35.50886917114258,109.89139556884766,270.5603332519531
2020-01-13 05:00:00,105.1976089477539,46.077110290527344,35.3563232421875,111.5251235961914,272.9543762207031
2020-01-14 05:00:00,105.03755187988281,45.97036361694336,35.44784927368164,111.78650665283203,272.8450927734375
2020-01-15 05:00:00,106.10738372802734,46.545005798339844,35.173248291015625,113.7060775756836,273.8190612792969
2020-01-16 05:00:00,106.20006561279297,46.64350891113281,35.362422943115234,114.04102325439453,275.8307189941406
2020-01-17 05:00:00,106.4864730834961,46.74202346801758,35.07561492919922,115.38880920410156,277.33251953125
2020-01-21 05:00:00,106.21690368652344,46.93083190917969,35.2678337097168,115.87894439697266,285.1424865722656
2020-01-22 05:00:00,106.40220642089844,47.29203414916992,35.42344665527344,117.12055969238281,283.8955078125
2020-01-23 05:00:00,105.91584014892578,47.47262954711914,35.3349609375,117.34109497070312,284.7966003417969
2020-01-24 05:00:00,106.04293823242188,47.349491119384766,34.89559555053711,116.74480438232422,282.6393737792969
2020-01-27 05:00:00,106.50899505615234,47.185302734375,35.350215911865234,116.10762786865234,281.6744384765625
2020-01-28 05:00:00,106.79711151123047,46.79948043823242,35.57600021362305,116.35269927978516,282.9486999511719
2020-01-29 05:00:00,105.97514343261719,46.79948043823242,35.35936737060547,115.77271270751953,281.7928161621094
2020-01-30 05:00:00,106.72931671142578,48.318153381347656,35.569881439208984,117.48812103271484,281.69268798828125
2020-01-31 05:00:00,105.60227966308594,47.94053268432617,34.93222427368164,116.0096206665039,278.0971984863281
2020-02-03 05:00:00,106.01751708984375,48.08829116821289,34.86507797241211,116.409912109375,274.89312744140625
2020-02-04 05:00:00,106.48358154296875,48.301734924316406,35.17019271850586,116.98987579345703,277.5328369140625
2020-02-05 05:00:00,107.45809173583984,48.3099365234375,35.64006423950195,117.87206268310547,281.2192687988281
2020-02-06 05:00:00,107.73773193359375,48.42486572265625,35.487510681152344,117.89655303955078,283.3264465332031
2020-02-07 05:00:00,106.83949279785156,48.58904266357422,35.53022384643555,118.74610137939453,286.08111572265625
2020-02-10 05:00:00,106.91573333740234,49.048744201660156,35.16408920288086,118.98298645019531,286.2271423339844
2020-02-11 05:00:00,105.21250915527344,48.91741180419922,35.20985794067383,119.3260498046875,283.3902587890625
2020-02-12 05:00:00,104.6108169555664,48.76964569091797,35.34716033935547,119.3260498046875,287.4403076171875
2020-02-13 05:00:00,105.89042663574219,48.93381881713867,35.83229446411133,119.64462280273438,290.249755859375
2020-02-14 05:00:00,106.89031219482422,49.212928771972656,35.969581604003906,120.06941986083984,290.3500671386719
2020-02-18 05:00:00,105.81413269042969,48.8681526184082,36.500484466552734,118.93397521972656,293.761474609375
2020-02-19 05:00:00,106.29715728759766,49.065162658691406,35.9055290222168,118.87677001953125,294.6463928222656
2020-02-20 05:00:00,107.2631607055664,49.02412033081055,35.9085693359375,118.57453918457031,295.6131591796875
2020-02-21 05:00:00,107.3648681640625,49.360694885253906,36.180118560791016,119.13819885253906,293.67041015625
2020-02-24 05:00:00,104.48373413085938,48.145751953125,35.49057388305664,116.51606750488281,286.072021484375
2020-02-25 05:00:00,102.89910125732422,47.46440887451172,34.90169906616211,115.25814056396484,278.0905456542969
2020-02-26 05:00:00,101.82291412353516,47.2838134765625,34.7155876159668,115.97693634033203,278.8386535644531
2020-02-27 05:00:00,96.17925262451172,45.09202194213867,33.68429946899414,111.3944091796875,267.3818664550781
2020-02-28 05:00:00,95.9504623413086,43.9099235534668,32.854408264160156,107.8492431640625,256.4450378417969
2020-03-02 05:00:00,101.31446838378906,45.904693603515625,35.3563232421875,112.3828125,281.98553466796875
2020-03-03 05:00:00,100.13658142089844,46.01963424682617,34.450130462646484,110.74905395507812,276.1385803222656
2020-03-04 05:00:00,105.50057983398438,48.36738967895508,35.627864837646484,116.3118667602539,292.56671142578125
2020-03-05 05:00:00,103.06857299804688,46.57784652709961,35.36851501464844,113.56928253173828,288.0240478515625
2020-03-06 05:00:00,103.09400177001953,45.36290740966797,35.76821517944336,112.87848663330078,283.9923095703125
2020-03-09 04:00:00,98.34857940673828,42.57184982299805,35.74685287475586,107.03966522216797,275.4544982910156
2020-03-10 04:00:00,102.15338897705078,44.049468994140625,36.54929733276367,110.31266784667969,282.2227478027344
2020-03-11 04:00:00,94.56072998046875,42.859161376953125,34.913909912109375,106.70248413085938,271.3041687011719
2020-03-12 04:00:00,86.29865264892578,38.713619232177734,31.746845245361328,94.85212707519531,255.26837158203125
2020-03-13 04:00:00,96.66229248046875,40.137943267822266,34.81321334838867,104.8110122680664,275.71893310546875
2020-03-16 04:00:00,91.94227600097656,37.479759216308594,32.57369613647461,93.00180053710938,258.3058776855469
2020-03-17 04:00:00,100.1959228515625,39.069705963134766,36.38758850097656,105.03306579589844,280.02435302734375
2020-03-18 04:00:00,99.5264663696289,37.14023208618164,37.40055847167969,99.4409408569336,280.4895935058594
2020-03-19 04:00:00,93.91674041748047,34.63937759399414,36.60683059692383,96.49689483642578,278.40985107421875
2020-03-20 04:00:00,86.79861450195312,31.716188430786133,34.927425384521484,85.46888732910156,264.9099426269531
2020-03-23 04:00:00,82.7904281616211,31.1033878326416,35.02242660522461,86.4968490600586,260.4493713378906
2020-03-24 04:00:00,87.51041412353516,32.66850280761719,35.25226974487305,93.61857604980469,259.9112243652344
2020-03-25 04:00:00,85.51903533935547,34.45719528198242,33.52688980102539,92.5166244506836,256.1896057128906
2020-03-26 04:00:00,90.99321746826172,36.67650604248047,33.65559387207031,98.89818572998047,266.62469482421875
2020-03-27 04:00:00,93.35742950439453,35.45092010498047,33.58204650878906,99.06267547607422,259.3548889160156
2020-03-30 04:00:00,97.45035552978516,37.26444625854492,35.30131149291992,103.19095611572266,265.54827880859375
2020-03-31 04:00:00,93.21338653564453,36.643367767333984,34.820159912109375,98.7666015625,260.0845642089844
2020-04-01 04:00:00,92.6456527709961,34.87953186035156,34.979515075683594,97.13831329345703,261.589599609375
2020-04-02 04:00:00,96.9419174194336,36.39494705200195,36.36164093017578,101.85871887207031,265.8768005371094
2020-04-03 04:00:00,97.51814270019531,36.29558563232422,36.61601638793945,102.45904541015625,263.29541015625
2020-04-06 04:00:00,99.83152770996094,38.647369384765625,38.63559341430664,107.86202239990234,278.31866455078125
2020-04-07 04:00:00,95.56065368652344,38.51487731933594,37.3852424621582,107.30280303955078,276.95947265625
2020-04-08 04:00:00,97.53510284423828,39.599693298339844,37.339271545410156,109.05447387695312,279.09393310546875
2020-04-09 04:00:00,97.16224670410156,40.576847076416016,37.32700729370117,109.89330291748047,273.65753173828125
2020-04-13 04:00:00,98.25535583496094,38.86268615722656,38.399627685546875,107.63998413085938,273.3017578125
2020-04-14 04:00:00,102.50083923339844,40.51059341430664,39.53352737426758,113.81598663330078,286.5463562011719
2020-04-15 04:00:00,102.72114562988281,39.42578125,39.459983825683594,111.04458618164062,283.01629638671875
2020-04-16 04:00:00,102.95838928222656,39.00345230102539,40.554039001464844,111.5462417602539,293.3146057128906
2020-04-17 04:00:00,105.66161346435547,39.798431396484375,40.48969268798828,113.11695861816406,289.9943542480469
2020-04-20 04:00:00,102.19576263427734,38.53144073486328,39.79401397705078,110.64984130859375,284.6672668457031
2020-04-21 04:00:00,101.41616821289062,37.57912063598633,39.59788513183594,107.68109893798828,274.8615417480469
2020-04-22 04:00:00,101.17887878417969,37.82756423950195,40.327266693115234,109.06266784667969,282.2409362792969
2020-04-23 04:00:00,101.85364532470703,37.322418212890625,39.38949966430664,107.12188720703125,278.573974609375
2020-04-24 04:00:00,101.32477569580078,37.62052917480469,39.66837692260742,110.49359893798828,283.27166748046875
2020-04-27 04:00:00,100.19019317626953,38.738460540771484,39.319000244140625,110.57584381103516,281.6571044921875
2020-04-28 04:00:00,99.71248626708984,38.70534133911133,39.22706985473633,112.1054458618164,278.1636962890625
2020-04-29 04:00:00,99.87458801269531,39.020015716552734,37.878631591796875,109.67122650146484,280.1155700683594
2020-04-30 04:00:00,100.54850769042969,38.00145721435547,37.25039291381836,108.7912826538086,277.01629638671875
2020-05-01 04:00:00,99.65280151367188,37.76130676269531,37.67024230957031,107.02320098876953,276.02899169921875
2020-05-04 04:00:00,98.75708770751953,37.38039779663086,37.90928649902344,107.66465759277344,278.3785095214844
2020-05-05 04:00:00,98.96183776855469,37.595680236816406,38.22494888305664,108.28143310546875,281.5143737792969
2020-05-06 04:00:00,96.4794692993164,37.05743408203125,37.78669738769531,107.54952239990234,282.4012756347656
2020-05-07 04:00:00,95.6861343383789,36.93320846557617,37.5189094543457,108.18275451660156,278.8447570800781
2020-05-08 04:00:00,98.91062927246094,38.18363952636719,37.842098236083984,110.38668060302734,279.70428466796875
2020-05-11 04:00:00,98.36470794677734,37.71163558959961,38.06681442260742,110.51004028320312,283.7178039550781
2020-05-12 04:00:00,97.71638488769531,37.11538314819336,38.10068130493164,109.32584381103516,278.69854736328125
2020-05-13 04:00:00,97.17893981933594,36.386653900146484,38.07911682128906,109.34229278564453,276.23016357421875
2020-05-14 04:00:00,97.08513641357422,36.18791961669922,37.98984909057617,109.44097137451172,274.0358581542969
2020-05-15 04:00:00,97.76756286621094,35.823551177978516,38.765533447265625,111.80116271972656,273.5513916015625
2020-05-18 04:00:00,99.1324462890625,37.23960494995117,39.29496383666992,111.44756317138672,276.7969055175781
2020-05-19 04:00:00,95.91645812988281,36.88352966308594,38.46080780029297,108.33075714111328,278.5065612792969
2020-05-20 04:00:00,96.63300323486328,38.00145721435547,38.61471176147461,107.94426727294922,278.76263427734375
2020-05-21 04:00:00,95.21694946289062,37.40522003173828,38.47311782836914,107.08077239990234,276.07470703125
2020-05-22 04:00:00,96.05292510986328,37.2892951965332,38.269962310791016,107.30280303955078,276.4951477050781
2020-05-26 04:00:00,95.56668853759766,38.167076110839844,38.12529754638672,106.70248413085938,278.6618957519531
2020-05-27 04:00:00,97.15336608886719,38.69705581665039,37.70051193237305,107.57418060302734,279.7682189941406
2020-05-28 04:00:00,99.00447845458984,38.995182037353516,38.072959899902344,108.7912826538086,283.0137634277344
2020-05-29 04:00:00,98.88505554199219,38.65565872192383,38.186859130859375,108.18275451660156,282.01727294921875
2020-06-01 04:00:00,100.01959991455078,38.91236114501953,38.156070709228516,109.3669662475586,281.85272216796875
2020-06-02 04:00:00,100.7105712890625,38.83784103393555,38.149925231933594,109.07090759277344,280.7555847167969
2020-06-03 04:00:00,101.11148834228516,39.665931701660156,38.00525665283203,109.2271728515625,280.3442687988281
2020-06-04 04:00:00,98.9959487915039,39.6824951171875,37.58662414550781,108.21026611328125,284.1016540527344
2020-06-05 04:00:00,100.9408950805664,40.6513671875,37.41733932495117,109.76004791259766,285.2810363769531
2020-06-08 04:00:00,101.55509948730469,41.28071594238281,37.31882858276367,109.56942749023438,280.8470458984375
2020-06-09 04:00:00,100.94941711425781,40.576847076416016,37.352691650390625,110.19927978515625,279.34759521484375
2020-06-10 04:00:00,101.70864868164062,40.26217269897461,37.29420471191406,111.16062927246094,280.97503662109375
2020-06-11 04:00:00,99.17509460449219,37.71163558959961,36.964847564697266,105.94776153564453,275.0323486328125
2020-06-12 04:00:00,98.62915802001953,38.10436248779297,36.24149703979492,106.90914154052734,273.0849914550781
2020-06-15 04:00:00,99.5418930053711,38.689300537109375,36.346153259277344,108.13568878173828,271.6954345703125
2020-06-16 04:00:00,100.7702865600586,39.08204650878906,36.82941436767578,109.12190246582031,275.5169372558594
2020-06-17 04:00:00,100.59966278076172,38.92326736450195,36.638572692871094,109.19647979736328,273.91705322265625
2020-06-18 04:00:00,101.75128173828125,39.26587677001953,36.31845474243164,110.04180145263672,273.8804626464844
2020-06-19 04:00:00,101.44416046142578,38.4553337097168,36.8909797668457,108.7986831665039,274.1821594238281
2020-06-22 04:00:00,100.44612121582031,38.22135925292969,37.45427322387695,108.6080551147461,274.6849670410156
2020-06-23 04:00:00,100.4290771484375,38.13779067993164,37.266502380371094,108.864990234375,275.4529724121094
2020-06-24 04:00:00,99.31156158447266,37.310516357421875,37.02948760986328,107.37322235107422,272.4633483886719
2020-06-25 04:00:00,100.56555938720703,37.54449462890625,36.84788131713867,108.90643310546875,274.7580871582031
2020-06-26 04:00:00,98.29644012451172,36.40805435180664,36.42003631591797,106.85111236572266,271.12860107421875
2020-06-29 04:00:00,100.36934661865234,37.068199157714844,36.64780044555664,108.63294982910156,275.72723388671875
2020-06-30 04:00:00,101.99867248535156,37.33558654785156,36.86943817138672,109.61087036132812,277.2083740234375
2020-07-01 04:00:00,102.34842681884766,37.452571868896484,36.841732025146484,109.69374084472656,278.6162109375
2020-07-02 04:00:00,103.11618041992188,37.50271224975586,36.693973541259766,110.099853515625,279.52130126953125
2020-07-06 04:00:00,103.75593566894531,37.79518127441406,36.595481872558594,110.47278594970703,284.7782287597656
2020-07-07 04:00:00,104.25923156738281,37.77846908569336,39.07642364501953,110.69656372070312,289.1118469238281
2020-07-08 04:00:00,104.8307876586914,37.6614875793457,38.30381393432617,111.23522186279297,289.19403076171875
2020-07-09 04:00:00,104.48103332519531,36.692169189453125,39.32267379760742,109.98380279541016,297.6233825683594
2020-07-10 04:00:00,105.683837890625,37.72833251953125,40.224544525146484,111.43412017822266,298.25433349609375
2020-07-13 04:00:00,105.82032775878906,37.8119010925293,39.86750030517578,111.80706024169922,295.22808837890625
2020-07-14 04:00:00,106.70748138427734,38.329986572265625,40.63393020629883,112.31260681152344,299.87255859375
2020-07-15 04:00:00,106.20417785644531,38.77286911010742,40.630859375,110.79595947265625,298.6839599609375
2020-07-16 04:00:00,106.42597198486328,38.56395721435547,40.692420959472656,110.95344543457031,298.29083251953125
2020-07-17 04:00:00,107.16813659667969,39.123817443847656,40.55082321166992,111.59986877441406,296.93780517578125
2020-07-20 04:00:00,106.83544921875,38.53888702392578,40.46772766113281,110.31532287597656,298.51031494140625
2020-07-21 04:00:00,106.69042205810547,39.44135665893555,40.73244094848633,111.40923309326172,299.6347351074219
2020-07-22 04:00:00,107.60315704345703,40.510963439941406,40.83403015136719,112.71869659423828,300.14666748046875
2020-07-23 04:00:00,108.29935455322266,40.343833923339844,40.52005386352539,113.60546112060547,298.14447021484375
2020-07-24 04:00:00,108.12767028808594,40.51931381225586,40.39693832397461,112.76011657714844,297.8428039550781
2020-07-27 04:00:00,108.43671417236328,40.510963439941406,40.387691497802734,114.09442138671875,299.5068054199219
2020-07-28 04:00:00,109.77586364746094,40.260276794433594,40.55699157714844,113.85411071777344,299.4793701171875
2020-07-29 04:00:00,110.14498901367188,40.126564025878906,40.22763442993164,114.30988311767578,298.1720275878906
2020-07-30 04:00:00,112.81468963623047,39.850807189941406,40.05218505859375,114.11101531982422,297.60382080078125
2020-07-31 04:00:00,112.55714416503906,39.47478103637695,39.830562591552734,114.08610534667969,298.2544250488281
2020-08-03 04:00:00,112.70310974121094,38.689300537109375,39.799781799316406,113.29052734375,301.7268981933594
2020-08-04 04:00:00,114.84916687011719,39.01519012451172,40.52005386352539,113.92869567871094,311.319580078125
2020-08-05 04:00:00,114.54872131347656,39.458072662353516,39.95676040649414,112.91757202148438,311.4845275878906
2020-08-06 04:00:00,113.92208099365234,39.67532730102539,39.8151741027832,112.59439086914062,314.5447082519531
2020-08-07 04:00:00,114.64317321777344,39.94273376464844,40.006004333496094,113.32369995117188,312.34576416015625
2020-08-10 04:00:00,115.11528778076172,39.875885009765625,40.593929290771484,112.69380950927734,311.5119934082031
2020-08-11 04:00:00,114.36843872070312,40.05137252807617,40.076805114746094,111.98108673095703,304.5762634277344
2020-08-12 04:00:00,116.28272247314453,40.469181060791016,40.59700393676758,114.2021713256836,308.54339599609375
2020-08-13 04:00:00,116.55742645263672,40.427398681640625,40.75153732299805,114.4508056640625,307.5722961425781
2020-08-14 04:00:00,115.97371673583984,40.48589324951172,40.98334884643555,114.0032730102539,308.1036376953125
2020-08-17 04:00:00,116.31709289550781,40.28535079956055,41.910587310791016,114.30158996582031,311.4753112792969
2020-08-18 04:00:00,117.18409729003906,40.46082305908203,41.635501861572266,114.45906066894531,312.19915771484375
2020-08-19 04:00:00,116.5488510131836,39.58341598510742,40.92462921142578,113.08332061767578,312.3365173339844
2020-08-20 04:00:00,117.47598266601562,39.56670379638672,40.35592269897461,113.3071060180664,312.3092041015625
2020-08-21 04:00:00,117.98243713378906,39.50819778442383,40.68354415893555,113.09163665771484,315.7356262207031
2020-08-24 04:00:00,118.9009780883789,40.08479309082031,40.590816497802734,114.06957244873047,315.29595947265625
2020-08-25 04:00:00,119.37310791015625,40.03465270996094,40.37446975708008,113.78777313232422,315.8273620605469
2020-08-26 04:00:00,118.79796600341797,40.24355697631836,40.3961181640625,114.7574234008789,315.42425537109375
2020-08-27 04:00:00,118.6434555053711,40.30204391479492,42.22891616821289,114.69941711425781,317.33917236328125
2020-08-28 04:00:00,119.12416076660156,41.6390495300293,43.36322784423828,115.97569274902344,319.1806640625
2020-08-31 04:00:00,118.74645233154297,41.388362884521484,42.91506576538086,116.07512664794922,318.5301513671875
2020-09-01 04:00:00,118.6176986694336,41.04575729370117,45.61638259887695,115.3541488647461,321.9384765625
2020-09-02 04:00:00,120.6178207397461,42.77549362182617,45.644195556640625,118.75201416015625,328.7917785644531
2020-09-03 04:00:00,118.68633270263672,42.18220138549805,44.67369842529297,116.3338394165039,319.11651611328125
2020-09-04 04:00:00,118.42881774902344,42.650146484375,44.14517593383789,115.82466125488281,317.5315246582031
2020-09-08 04:00:00,116.6948013305664,41.62233352661133,42.79143142700195,113.145263671875,310.467529296875
2020-09-09 04:00:00,118.59192657470703,41.939876556396484,43.23649978637695,114.4474105834961,317.40325927734375
2020-09-10 04:00:00,117.34719848632812,41.78110122680664,42.2845458984375,112.48580169677734,311.08135986328125
2020-09-11 04:00:00,118.5833511352539,42.66686248779297,42.250553131103516,113.36227416992188,310.7149353027344
2020-09-14 04:00:00,119.00398254394531,42.7173957824707,42.44218444824219,114.08013916015625,314.1873779296875
2020-09-15 04:00:00,119.00398254394531,43.003814697265625,42.45454025268555,113.20365905761719,315.0943908691406
2020-09-16 04:00:00,118.20564270019531,42.7848014831543,42.11455535888672,112.66947174072266,314.9294128417969
2020-09-17 04:00:00,118.05110168457031,42.58261489868164,42.247467041015625,111.18367004394531,310.4859313964844
2020-09-18 04:00:00,117.92234802246094,42.498382568359375,41.81475830078125,109.7396240234375,307.8105163574219
2020-09-21 04:00:00,117.35576629638672,41.35273361206055,42.36491775512695,109.5476303100586,311.1180114746094
2020-09-22 04:00:00,118.42881774902344,41.83290100097656,42.7481689453125,110.3072280883789,315.5890808105469
2020-09-23 04:00:00,117.01239776611328,40.611446380615234,42.03110885620117,109.3473129272461,315.75408935546875
2020-09-24 04:00:00,117.5360336303711,41.02420425415039,42.250553131103516,109.83145141601562,317.9254150390625
2020-09-25 04:00:00,118.1369400024414,41.04105758666992,42.426734924316406,111.47583770751953,313.8757629394531
2020-09-28 04:00:00,118.47174072265625,41.51279067993164,42.42055130004883,115.165283203125,320.3258972167969
2020-09-29 04:00:00,117.82792663574219,41.209529876708984,42.38655090332031,114.4891357421875,322.6347961425781
2020-09-30 04:00:00,119.31299591064453,41.58860397338867,43.24267578125,115.6911392211914,325.2551574707031
2020-10-01 04:00:00,119.52761840820312,41.42855453491211,44.22246551513672,117.5274887084961,328.4252014160156
2020-10-02 04:00:00,118.5661392211914,41.580177307128906,43.42504119873047,115.2403793334961,325.2643127441406
2020-10-05 04:00:00,119.65638732910156,41.59703063964844,43.82684326171875,115.1318588256836,328.5351867675781
2020-10-06 04:00:00,119.84522247314453,41.22637939453125,43.46522521972656,113.27046203613281,328.3245544433594
2020-10-07 04:00:00,120.78089141845703,41.74867248535156,43.54558181762695,114.36392211914062,332.6031799316406
2020-10-08 04:00:00,121.59642028808594,42.50680923461914,43.69084548950195,115.06509399414062,334.499755859375
2020-10-09 04:00:00,122.68663787841797,42.80165100097656,44.12972640991211,115.55758666992188,338.5035705566406
2020-10-12 04:00:00,124.03431701660156,43.037513732910156,44.584068298339844,118.63766479492188,344.9353942871094
2020-10-13 04:00:00,123.79399871826172,42.30464172363281,45.19603729248047,119.81459045410156,348.78350830078125
2020-10-14 04:00:00,123.6480712890625,42.22039794921875,44.48825454711914,118.96319580078125,346.6395263671875
2020-10-15 04:00:00,123.46778106689453,42.11088180541992,44.67060852050781,118.05337524414062,345.0270080566406
2020-10-16 04:00:00,123.94853973388672,42.14458084106445,44.72625732421875,118.30377960205078,349.5714111328125
2020-10-19 04:00:00,121.8196029663086,41.7992057800293,44.182273864746094,116.5926284790039,344.092529296875
2020-10-20 04:00:00,122.30890655517578,42.32991409301758,44.47589874267578,116.61766052246094,346.61199951171875
2020-10-21 04:00:00,122.96995544433594,42.11088180541992,44.630428314208984,116.52583312988281,346.1631774902344
2020-10-22 04:00:00,122.09895324707031,42.692134857177734,44.36771011352539,116.53417205810547,344.2665710449219
2020-10-23 04:00:00,122.90174102783203,42.55735778808594,44.46044158935547,116.492431640625,343.21295166015625
2020-10-26 04:00:00,121.96945190429688,41.95082473754883,43.93810272216797,115.2403793334961,339.6488342285156
2020-10-27 04:00:00,122.88446044921875,42.035072326660156,44.15754318237305,116.12518310546875,341.4904479980469
2020-10-28 04:00:00,118.82743072509766,40.40083694458008,43.282867431640625,111.99336242675781,334.38067626953125
2020-10-29 04:00:00,118.74978637695312,40.45138168334961,43.24577331542969,111.84309387207031,334.9314270019531
2020-10-30 04:00:00,118.34404754638672,40.48508071899414,42.88416290283203,111.25879669189453,328.28521728515625
2020-11-02 05:00:00,119.55252838134766,40.95682144165039,43.394134521484375,112.81135559082031,334.5000305175781
2020-11-03 05:00:00,121.90040588378906,41.5717658996582,44.12972640991211,114.38898468017578,341.4490966796875
2020-11-04 05:00:00,121.3998031616211,41.42012405395508,43.87629318237305,115.07344055175781,345.3137512207031
2020-11-05 05:00:00,122.90174102783203,41.647579193115234,44.342994689941406,115.23202514648438,353.63055419921875
2020-11-06 05:00:00,123.63545989990234,41.65599060058594,45.053863525390625,115.50750732421875,354.0252380371094
2020-11-09 05:00:00,119.11231231689453,44.284244537353516,44.36461639404297,115.56591033935547,335.0598449707031
2020-11-10 05:00:00,121.07172393798828,45.47200393676758,44.988956451416016,118.29541778564453,336.547119140625
2020-11-11 05:00:00,122.6341323852539,45.13505172729492,45.73691940307617,120.1151123046875,342.33026123046875
2020-11-12 05:00:00,122.70319366455078,44.654884338378906,45.814186096191406,120.06502532958984,344.8913269042969
2020-11-13 05:00:00,124.54179382324219,45.02554702758789,46.528160095214844,120.79122161865234,347.76458740234375
2020-11-16 05:00:00,122.94483947753906,45.36249542236328,47.11538314819336,121.66767120361328,348.63677978515625
2020-11-17 05:00:00,122.47013092041016,45.21929168701172,46.16654586791992,121.2336196899414,350.592041015625
2020-11-18 05:00:00,120.58837127685547,44.317935943603516,46.08000183105469,119.68103790283203,350.8766174316406
2020-11-19 05:00:00,120.44161224365234,44.7559814453125,47.016483306884766,119.63094329833984,352.07916259765625
2020-11-20 05:00:00,120.24308013916016,44.36848068237305,46.43544387817383,119.7144546508789,349.857666015625
2020-11-23 05:00:00,119.7769546508789,44.37690734863281,46.648704528808594,119.3805923461914,350.39923095703125
2020-11-24 05:00:00,119.38854217529297,44.831787109375,46.7816047668457,120.22361755371094,352.703369140625
2020-11-25 05:00:00,119.70789337158203,44.58749771118164,46.926849365234375,120.3321304321289,355.94378662109375
2020-11-27 05:00:00,119.64747619628906,44.39376449584961,46.855770111083984,120.69940185546875,356.5313415527344
2020-11-30 05:00:00,119.87190246582031,43.807952880859375,47.223567962646484,120.39054107666016,359.6340637207031
2020-12-01 05:00:00,120.3034896850586,44.1815071105957,47.177215576171875,121.92642211914062,365.08837890625
2020-12-02 05:00:00,119.4316635131836,44.24094009399414,46.52197265625,120.71611785888672,361.26373291015625
2020-12-03 05:00:00,118.55120849609375,44.80976104736328,46.144901275634766,121.43321228027344,352.3616638183594
2020-12-04 05:00:00,118.6634292602539,45.718177795410156,46.024356842041016,122.6100845336914,351.7776794433594
2020-12-07 05:00:00,118.84471130371094,44.988040924072266,45.777103424072266,122.20654296875,351.6833801269531
2020-12-08 05:00:00,119.16407775878906,45.149356842041016,46.19125747680664,122.33268737792969,355.7058410644531
2020-12-09 05:00:00,117.74846649169922,45.27670669555664,45.8265495300293,122.4756088256836,352.5877685546875
2020-12-10 05:00:00,116.9715805053711,45.03898239135742,45.61251449584961,121.61813354492188,351.17474365234375
2020-12-11 05:00:00,117.83477020263672,45.29368209838867,45.6001091003418,121.87030792236328,353.350830078125
2020-12-14 05:00:00,117.26508331298828,45.22576904296875,45.18132400512695,121.24818420410156,352.6725158691406
2020-12-15 05:00:00,117.95561218261719,45.70969009399414,45.159610748291016,121.70219421386719,350.3175354003906
2020-12-16 05:00:00,118.49079132080078,45.04747772216797,45.11308670043945,121.8030776977539,348.0189514160156
2020-12-17 05:00:00,119.33673858642578,45.22576904296875,45.320919036865234,122.49239349365234,348.8197021484375
2020-12-18 05:00:00,120.01866149902344,45.62479019165039,45.27437973022461,123.51801300048828,345.7203674316406
2020-12-21 05:00:00,118.70658111572266,44.8352165222168,45.28059005737305,122.23176574707031,343.8081359863281
2020-12-22 05:00:00,117.86927795410156,44.79277801513672,44.73152542114258,121.07169342041016,341.0386657714844
2020-12-23 05:00:00,117.68803405761719,45.064456939697266,44.427528381347656,121.3995590209961,340.9067687988281
2020-12-24 05:00:00,118.87921142578125,45.37009811401367,44.51436996459961,121.94597625732422,343.4408264160156
2020-12-28 05:00:00,119.70789337158203,45.98137283325195,45.047935485839844,123.50117492675781,349.5450744628906
2020-12-29 05:00:00,119.48346710205078,45.955902099609375,44.762550354003906,123.92992401123047,351.1087646484375
2020-12-30 05:00:00,118.92240142822266,46.21908187866211,44.72532653808594,123.8374252319336,352.7384948730469
2020-12-31 05:00:00,120.10497283935547,46.558677673339844,44.71601867675781,124.66970825195312,354.93341064453125
2021-01-04 05:00:00,118.965576171875,44.79277801513672,45.45431137084961,121.28187561035156,358.10797119140625
2021-01-05 05:00:00,119.72516632080078,44.30036544799805,45.212345123291016,121.64334106445312,353.95367431640625
2021-01-06 05:00:00,120.98542785644531,42.89104461669922,45.49463653564453,120.15538024902344,348.56536865234375
2021-01-07 05:00:00,119.85464477539062,42.41559982299805,45.49153137207031,119.7686767578125,346.587158203125
2021-01-08 05:00:00,119.80287170410156,43.366477966308594,45.48533248901367,121.20620727539062,348.489990234375
2021-01-11 05:00:00,118.99141693115234,42.61935043334961,45.6900634765625,119.44921875,342.9037780761719
2021-01-12 05:00:00,118.3008804321289,42.54294967651367,46.21120834350586,118.89437866210938,343.08282470703125
2021-01-13 05:00:00,118.48217010498047,42.58540344238281,45.73969268798828,119.8695297241211,345.67333984375
2021-01-14 05:00:00,117.22187805175781,41.795833587646484,45.59080123901367,119.17179870605469,341.340087890625
2021-01-15 05:00:00,116.34144592285156,41.34587097167969,44.86802673339844,118.86074829101562,341.1610412597656
2021-01-19 05:00:00,115.32286071777344,41.1845588684082,44.48025894165039,119.42402648925781,333.91693115234375
2021-01-20 05:00:00,113.8813247680664,41.328887939453125,45.137901306152344,118.8103256225586,340.3509826660156
2021-01-21 05:00:00,113.769287109375,41.55812454223633,44.933162689208984,117.36439514160156,341.7640380859375
2021-01-22 05:00:00,112.89222717285156,41.16758728027344,45.39227294921875,116.50691223144531,341.29290771484375
2021-01-25 05:00:00,114.83744049072266,41.41379165649414,45.3519401550293,117.84357452392578,340.8973693847656
2021-01-26 05:00:00,115.5755844116211,41.84677505493164,45.758296966552734,119.20542907714844,343.8175964355469
2021-01-27 05:00:00,111.48539733886719,41.20155334472656,44.61985778808594,116.04457092285156,335.7256164550781
2021-01-28 05:00:00,113.2048568725586,41.72792053222656,44.59193801879883,117.01130676269531,336.3567810058594
2021-01-29 05:00:00,111.3377914428711,40.87893295288086,43.58067321777344,114.80879974365234,331.99530029296875
2021-02-01 05:00:00,111.9977798461914,41.15910720825195,43.202213287353516,115.15342712402344,330.196044921875
2021-02-02 05:00:00,111.84147644042969,41.56661605834961,43.66753387451172,116.33039855957031,334.96258544921875
2021-02-03 05:00:00,111.98040771484375,41.40530776977539,43.8009147644043,116.02774810791016,334.6141052246094
2021-02-04 05:00:00,112.04986572265625,41.60905838012695,44.21348190307617,117.42323303222656,335.87890625
2021-02-05 05:00:00,112.5188217163086,42.15242004394531,44.781158447265625,118.49929809570312,335.23699951171875
2021-02-08 05:00:00,112.17146301269531,42.38164520263672,44.98900604248047,118.02849578857422,339.635498046875
2021-02-09 05:00:00,111.73725128173828,42.19486618041992,45.2371711730957,117.35597229003906,339.3806457519531
2021-02-10 05:00:00,111.34646606445312,42.1099739074707,44.70981216430664,115.75872039794922,336.13372802734375
2021-02-11 05:00:00,111.44200134277344,42.704254150390625,44.67569351196289,113.46370697021484,332.43377685546875
2021-02-12 05:00:00,110.82543182373047,43.035362243652344,44.815284729003906,112.53900146484375,332.95281982421875
2021-02-16 05:00:00,111.08597564697266,42.67878723144531,45.18443298339844,112.96775817871094,334.1326904296875
2021-02-17 05:00:00,111.55490112304688,42.5599365234375,45.66214370727539,113.03500366210938,337.94586181640625
2021-02-18 05:00:00,112.48406219482422,43.10328674316406,42.70279312133789,113.79997253417969,336.8888244628906
2021-02-19 05:00:00,110.39124298095703,42.54294967651367,42.913726806640625,111.39570617675781,334.8594970703125
2021-02-22 05:00:00,109.92227172851562,42.984432220458984,42.71209716796875,110.95856475830078,330.5553894042969
2021-02-23 05:00:00,110.73858642578125,42.908016204833984,42.02344512939453,111.62268829345703,322.94769287109375
2021-02-24 05:00:00,110.86016082763672,43.052337646484375,41.32237243652344,111.04263305664062,321.5790710449219
2021-02-25 05:00:00,109.92227172851562,42.593894958496094,40.931522369384766,109.28565979003906,315.1607971191406
2021-02-26 05:00:00,107.27366638183594,41.59208297729492,40.30180740356445,108.60470581054688,312.4234924316406
2021-03-01 05:00:00,107.93365478515625,42.36466598510742,40.75159454345703,109.8068618774414,313.1502990722656
2021-03-02 05:00:00,107.59497833251953,42.53445816040039,40.36074447631836,110.18516540527344,310.02606201171875
2021-03-03 05:00:00,106.9523696899414,42.432586669921875,39.57903289794922,108.56268310546875,305.74078369140625
2021-03-04 05:00:00,106.07527923583984,42.398624420166016,39.56041717529297,109.16685485839844,301.1347351074219
2021-03-05 05:00:00,109.4012680053711,43.12027359008789,40.05363845825195,112.72583770751953,299.51123046875
2021-03-08 05:00:00,110.55622100830078,43.84189987182617,39.66899490356445,111.96321105957031,293.9423828125
2021-03-09 05:00:00,109.57492065429688,43.17970275878906,39.98229217529297,112.06488800048828,300.88934326171875
2021-03-10 05:00:00,110.58226013183594,43.672115325927734,41.002872467041016,113.19184875488281,305.65582275390625
2021-03-11 05:00:00,110.2088623046875,43.196678161621094,40.987361907958984,112.88681030273438,310.2054138183594
2021-03-12 05:00:00,111.2770004272461,43.1110725402832,41.604671478271484,112.73429107666016,312.5556640625
2021-03-15 04:00:00,111.64171600341797,43.68463134765625,41.3906364440918,112.72583770751953,311.9610290527344
2021-03-16 04:00:00,111.97173309326172,43.84728240966797,41.37822723388672,113.55622863769531,308.88397216796875
2021-03-17 04:00:00,111.52014923095703,43.864410400390625,41.03388977050781,113.22579193115234,310.7150573730469
2021-03-18 04:00:00,111.76329040527344,43.29084396362305,40.498104095458984,112.30211639404297,304.8535461425781
2021-03-19 04:00:00,111.16409301757812,43.49630355834961,41.0369987487793,113.9714584350586,310.4508056640625
2021-03-22 04:00:00,113.04853820800781,43.65894317626953,41.23324966430664,116.76778411865234,315.7176513671875
2021-03-23 04:00:00,115.15007781982422,43.9928092956543,41.72230911254883,118.17442321777344,321.2392883300781
2021-03-24 04:00:00,115.11530303955078,44.104095458984375,41.46376037597656,117.62361907958984,319.0683898925781
2021-03-25 04:00:00,115.91424560546875,44.532127380371094,41.744110107421875,118.31847381591797,326.9026184082031
2021-03-26 04:00:00,117.6250228881836,45.40530776977539,42.092987060546875,120.9198989868164,332.26385498046875
2021-03-29 04:00:00,119.46601867675781,46.09871292114258,42.57270050048828,122.70787048339844,336.1618957519531
2021-03-30 04:00:00,117.6250228881836,45.499473571777344,42.28300857543945,120.78434753417969,330.1212158203125
2021-03-31 04:00:00,117.60762786865234,45.122802734375,42.31105041503906,119.8606948852539,332.6980285644531
2021-04-01 04:00:00,116.60899353027344,44.95159149169922,42.245628356933594,119.71663665771484,335.0198974609375
2021-04-05 04:00:00,118.493408203125,45.20840072631836,43.432437896728516,121.30968475341797,340.5699768066406
2021-04-06 04:00:00,118.53683471679688,45.53370666503906,43.64113998413086,121.74186706542969,339.9092102050781
2021-04-07 04:00:00,118.74527740478516,45.61075973510742,43.547698974609375,121.52153778076172,338.6727600097656
2021-04-08 04:00:00,119.19683074951172,45.473785400390625,43.5196533203125,120.78434753417969,340.947509765625
2021-04-09 04:00:00,118.42391967773438,45.525146484375,43.541465759277344,120.80976104736328,342.8257751464844
2021-04-12 04:00:00,118.90158081054688,45.670677185058594,43.547698974609375,121.1910629272461,344.33599853515625
2021-04-13 04:00:00,117.32978820800781,45.44810485839844,43.41374969482422,121.21647644042969,344.7135925292969
2021-04-14 04:00:00,117.75528717041016,45.43954849243164,43.39817810058594,120.41998291015625,342.78802490234375
2021-04-15 04:00:00,119.179443359375,45.653564453125,43.65984344482422,120.58943176269531,348.10205078125
2021-04-16 04:00:00,119.1881332397461,45.95318603515625,43.80000686645508,122.15705871582031,349.9142761230469
2021-04-19 04:00:00,118.63235473632812,46.22711944580078,43.5196533203125,122.6570053100586,348.8099670410156
2021-04-20 04:00:00,119.62232971191406,46.372650146484375,43.856082916259766,123.47048950195312,350.86767578125
2021-04-21 04:00:00,118.84077453613281,46.74930953979492,43.98379135131836,124.54664611816406,353.09521484375
2021-04-22 04:00:00,117.66094207763672,46.603782653808594,43.507198333740234,123.77556610107422,350.4240417480469
2021-04-23 04:00:00,117.05790710449219,46.62946701049805,43.57884216308594,123.57217407226562,352.33056640625
2021-04-26 04:00:00,114.71568298339844,45.936065673828125,42.958961486816406,121.47918701171875,347.83770751953125
2021-04-27 04:00:00,114.6457748413086,45.86758041381836,43.1053581237793,121.08088684082031,349.4329528808594
2021-04-28 04:00:00,114.83804321289062,45.876129150390625,42.952728271484375,120.18270874023438,348.8477478027344
2021-04-29 04:00:00,115.80812072753906,46.449703216552734,43.49473571777344,121.97061920166016,353.3313293457031
2021-04-30 04:00:00,116.60344696044922,46.20999526977539,43.58196258544922,122.15705871582031,351.959716796875
2021-05-03 04:00:00,117.98430633544922,46.63802719116211,44.27037811279297,123.53829956054688,358.798583984375
2021-05-04 04:00:00,117.58226776123047,46.34696578979492,43.834266662597656,121.98760223388672,354.98663330078125
2021-05-05 04:00:00,116.63839721679688,46.22711944580078,43.79689025878906,121.92827606201172,352.34759521484375
2021-05-06 04:00:00,118.10663604736328,46.689395904541016,44.109622955322266,123.34341430664062,362.05255126953125
2021-05-07 04:00:00,118.11537170410156,46.6637077331543,43.843807220458984,123.34341430664062,363.528076171875
2021-05-10 04:00:00,120.31776428222656,47.006134033203125,44.037689208984375,124.3263168334961,360.8417053222656
2021-05-11 04:00:00,119.72348022460938,46.501060485839844,43.640525817871094,123.41962432861328,357.7203063964844
2021-05-12 04:00:00,118.45623016357422,46.26136016845703,42.5116081237793,122.21636199951172,352.063720703125
2021-05-13 04:00:00,120.36144256591797,46.6637077331543,43.230873107910156,124.02974700927734,358.9972229003906
2021-05-14 04:00:00,120.61491394042969,46.852046966552734,43.63115692138672,124.21619415283203,363.6226806640625
2021-05-17 04:00:00,120.37020111083984,46.774993896484375,43.43412780761719,123.86026000976562,363.18756103515625
2021-05-18 04:00:00,119.13792419433594,46.5181884765625,44.37855911254883,123.30099487304688,362.09979248046875
2021-05-19 04:00:00,119.38262939453125,46.372650146484375,44.38167953491211,123.23320770263672,359.1202697753906
2021-05-20 04:00:00,120.60615539550781,46.7835578918457,44.53804397583008,124.75848388671875,362.82806396484375
2021-05-21 04:00:00,120.60615539550781,46.75787353515625,44.328521728515625,124.64836120605469,360.122802734375
2021-05-24 04:00:00,120.57121276855469,46.91196823120117,44.33164978027344,125.28387451171875,362.7052001953125
2021-05-25 04:00:00,120.98198699951172,46.90340042114258,44.51303482055664,125.66515350341797,364.53082275390625
2021-05-26 04:00:00,120.71104431152344,47.108856201171875,44.459869384765625,125.66515350341797,364.7576904296875
2021-05-27 04:00:00,117.96681213378906,47.50265121459961,44.30976486206055,124.14836883544922,366.5360107421875
2021-05-28 04:00:00,117.85321044921875,47.33143615722656,44.41608428955078,125.36009979248047,357.80535888671875
2021-06-01 04:00:00,116.13150024414062,47.3228645324707,44.30038070678711,125.09744262695312,357.767578125
2021-06-02 04:00:00,116.63839721679688,47.511199951171875,44.20341873168945,125.59739685058594,359.9999084472656
2021-06-03 04:00:00,118.7271957397461,47.63105392456055,44.281612396240234,126.0455093383789,363.1025085449219
2021-06-04 04:00:00,118.81456756591797,48.14469528198242,44.35979080200195,126.19064331054688,366.554931640625
2021-06-07 04:00:00,119.2253189086914,47.973487854003906,44.062713623046875,126.11377716064453,359.82012939453125
2021-06-08 04:00:00,117.84445190429688,47.639617919921875,43.72809600830078,124.93588256835938,359.15814208984375
2021-06-09 04:00:00,117.80075073242188,47.49407958984375,43.4935417175293,124.7054443359375,359.40399169921875
2021-06-10 04:00:00,118.67469787597656,47.862178802490234,43.74372863769531,125.98573303222656,362.2889709472656
2021-06-11 04:00:00,117.86195373535156,48.07620620727539,44.01580047607422,126.06256866455078,361.1727600097656
2021-06-14 04:00:00,117.90565490722656,47.912330627441406,43.956382751464844,126.81375122070312,362.9984130859375
2021-06-15 04:00:00,117.67840576171875,47.79157257080078,43.781253814697266,126.82227325439453,363.1402893066406
2021-06-16 04:00:00,116.04410552978516,47.15332794189453,42.889991760253906,125.55901336669922,358.88372802734375
2021-06-17 04:00:00,117.10161590576172,47.39482116699219,43.06825256347656,126.77104187011719,363.934814453125
2021-06-18 04:00:00,115.3886489868164,46.37706756591797,42.27080154418945,124.12501525878906,360.27423095703125
2021-06-21 04:00:00,116.29757690429688,46.88594436645508,42.655460357666016,125.09809112548828,365.8739013671875
2021-06-22 04:00:00,116.34125518798828,47.05845642089844,42.852474212646484,125.28583526611328,370.9627990722656
2021-06-23 04:00:00,116.17522430419922,46.67893981933594,42.51785659790039,123.63847351074219,370.76422119140625
2021-06-24 04:00:00,116.25389099121094,46.91182327270508,42.8149299621582,124.33840942382812,370.8588562011719
2021-06-25 04:00:00,117.91438293457031,46.85144805908203,43.32155227661133,124.97003936767578,373.16680908203125
2021-06-28 04:00:00,118.26398468017578,46.79969787597656,43.18708801269531,125.50778198242188,375.0869140625
2021-06-29 04:00:00,117.45993041992188,46.45470428466797,42.936912536621094,125.42242431640625,377.21533203125
2021-06-30 04:00:00,117.9231185913086,46.670310974121094,44.10023498535156,126.47228240966797,374.2640380859375
2021-07-01 04:00:00,118.19403839111328,46.54093551635742,43.568607330322266,126.49791717529297,373.1856994628906
2021-07-02 04:00:00,118.77086639404297,46.73069381713867,43.81565856933594,127.10395050048828,377.35711669921875
2021-07-06 04:00:00,118.84077453613281,46.47193908691406,43.762489318847656,127.29169464111328,377.28143310546875
2021-07-07 04:00:00,119.73224639892578,46.85144805908203,43.69055938720703,127.85506439208984,382.7865905761719
2021-07-08 04:00:00,119.71473693847656,46.68757247924805,43.65303421020508,127.91482543945312,385.1229553222656
2021-07-09 04:00:00,119.75841522216797,46.972190856933594,43.87507629394531,127.59046173095703,390.0605773925781
2021-07-12 04:00:00,119.85456848144531,46.98945617675781,43.79688262939453,127.6160888671875,385.8134765625
2021-07-13 04:00:00,119.70597076416016,47.4552001953125,43.962642669677734,130.5608673095703,385.0378112792969
2021-07-14 04:00:00,120.58868408203125,48.52470779418945,44.26598358154297,131.9094696044922,387.7714538574219
2021-07-15 04:00:00,121.61994934082031,48.67996597290039,44.30038070678711,132.51551818847656,389.54034423828125
2021-07-16 04:00:00,122.7998046875,48.64546203613281,44.269107818603516,133.0020751953125,388.1687927246094
2021-07-19 04:00:00,122.73865509033203,48.06758117675781,44.16590118408203,132.9849853515625,391.7442321777344
2021-07-20 04:00:00,122.08316040039062,48.153831481933594,44.36604690551758,133.0020751953125,393.7210998535156
2021-07-21 04:00:00,121.65489196777344,48.77483367919922,44.14714050292969,132.5070037841797,392.5577697753906
2021-07-22 04:00:00,121.18883514404297,48.705833435058594,44.17841720581055,132.46426391601562,394.9509582519531
2021-07-23 04:00:00,122.93891906738281,49.17158889770508,44.541175842285156,134.16290283203125,400.5221862792969
2021-07-26 04:00:00,123.369873046875,49.21471405029297,44.60371780395508,134.06903076171875,400.3329772949219
2021-07-27 04:00:00,123.87117767333984,49.38722229003906,44.606842041015625,134.8115997314453,401.3829650878906
2021-07-28 04:00:00,122.03309631347656,48.938720703125,44.425472259521484,133.573974609375,399.377685546875
2021-07-29 04:00:00,122.66631317138672,49.20608901977539,44.48176193237305,133.84706115722656,403.02630615234375
2021-07-30 04:00:00,125.08477020263672,49.1888427734375,44.578704833984375,133.966552734375,407.2339172363281
2021-08-02 04:00:00,124.77694702148438,49.05946350097656,44.47549819946289,133.4288330078125,406.4757385253906
2021-08-03 04:00:00,126.59746551513672,49.093963623046875,44.97586441040039,133.72755432128906,412.30389404296875
2021-08-04 04:00:00,125.26068878173828,48.38671112060547,44.66939926147461,131.49124145507812,412.2755126953125
2021-08-05 04:00:00,125.32223510742188,48.73170852661133,45.498111724853516,131.71315002441406,419.9989929199219
2021-08-06 04:00:00,124.3636474609375,48.85246658325195,45.41679763793945,131.730224609375,416.6253662109375
2021-08-09 04:00:00,125.04080963134766,48.86109161376953,45.5262565612793,131.747314453125,417.4213562011719
2021-08-10 04:00:00,125.1199722290039,48.99046325683594,46.49570846557617,131.81558227539062,419.847412109375
2021-08-11 04:00:00,125.42778015136719,48.93008804321289,46.91162109375,132.3362579345703,421.0509033203125
2021-08-12 04:00:00,125.7179946899414,49.024967193603516,46.786067962646484,132.36187744140625,422.0554504394531
2021-08-13 04:00:00,126.32483673095703,49.3613395690918,46.93358612060547,133.59954833984375,424.38677978515625
2021-08-16 04:00:00,127.20428466796875,49.576969146728516,47.31651306152344,134.9054718017578,429.1629943847656
2021-08-17 04:00:00,127.41536712646484,49.40447235107422,47.30082321166992,134.7774658203125,428.6702575683594
2021-08-18 04:00:00,126.02580261230469,48.73170852661133,46.79862594604492,133.39471435546875,422.8610534667969
2021-08-19 04:00:00,127.5120620727539,49.042205810546875,47.11563491821289,135.6395263671875,430.48974609375
2021-08-20 04:00:00,127.5999984741211,48.85246658325195,47.53622817993164,135.1615753173828,434.97222900390625
2021-08-23 04:00:00,126.9492416381836,48.67996597290039,47.222354888916016,134.73477172851562,431.1246032714844
2021-08-24 04:00:00,125.9202880859375,48.30907440185547,46.73584747314453,133.06182861328125,428.1489562988281
2021-08-25 04:00:00,125.47177124023438,48.36083221435547,46.754676818847656,132.4728240966797,427.6183166503906
2021-08-26 04:00:00,125.25187683105469,47.90370178222656,46.24934005737305,131.98634338378906,425.7987976074219
2021-08-27 04:00:00,125.15516662597656,47.99857711791992,45.988826751708984,132.25091552734375,426.7748107910156
2021-08-30 04:00:00,125.70038604736328,48.455711364746094,46.359195709228516,133.1556854248047,432.0723876953125
2021-08-31 04:00:00,125.22550964355469,48.567840576171875,46.484745025634766,133.48861694335938,431.65545654296875
2021-09-01 04:00:00,126.50071716308594,48.89558792114258,46.384307861328125,134.78598022460938,432.6315002441406
2021-09-02 04:00:00,126.59746551513672,48.96458435058594,46.629127502441406,134.88482666015625,436.8486328125
2021-09-03 04:00:00,126.68538665771484,48.93008804321289,46.845706939697266,135.005126953125,438.34588623046875
2021-09-07 04:00:00,126.21050262451172,48.015838623046875,46.22422409057617,132.80503845214844,435.55035400390625
2021-09-08 04:00:00,127.16910552978516,48.66270446777344,46.283870697021484,134.6871337890625,441.3310852050781
2021-09-09 04:00:00,126.63261413574219,48.1796989440918,45.95744323730469,133.8363494873047,441.55859375
2021-09-10 04:00:00,126.75577545166016,47.96407699584961,45.79109573364258,133.60433959960938,440.8194274902344
2021-09-13 04:00:00,128.11888122558594,48.36083221435547,45.53056716918945,133.86209106445312,435.6072082519531
2021-09-14 04:00:00,127.89904022216797,48.39558410644531,45.29201889038086,133.33787536621094,434.42266845703125
2021-09-15 04:00:00,127.62641143798828,48.560707092285156,45.3704948425293,134.08558654785156,436.6211242675781
2021-09-16 04:00:00,126.73815155029297,48.100120544433594,45.521156311035156,133.6902618408203,439.06622314453125
2021-09-17 04:00:00,126.9404525756836,47.3093147277832,45.42698669433594,132.4613037109375,435.4649658203125
2021-09-20 04:00:00,125.66522216796875,46.979087829589844,44.8023796081543,132.01438903808594,427.53302001953125
2021-09-21 04:00:00,125.85871124267578,46.97040557861328,44.8902702331543,131.9542236328125,428.4523010253906
2021-09-22 04:00:00,126.2896499633789,47.03993606567383,44.786678314208984,132.358154296875,428.6606750488281
2021-09-23 04:00:00,126.80854797363281,46.961708068847656,44.811798095703125,132.4613037109375,429.0871887207031
2021-09-24 04:00:00,126.24567413330078,46.83137130737305,44.937355041503906,132.52145385742188,443.27386474609375
2021-09-27 04:00:00,124.58349609375,46.58804702758789,44.648582458496094,131.24951171875,436.4600830078125
2021-09-28 04:00:00,123.64248657226562,45.745086669921875,44.09929275512695,129.8142852783203,423.94140625
2021-09-29 04:00:00,124.9001235961914,46.02317428588867,44.08046340942383,130.88856506347656,428.1489562988281
2021-09-30 04:00:00,122.94772338867188,45.59736251831055,43.74776077270508,129.26426696777344,425.8367004394531
2021-10-01 04:00:00,122.7542495727539,46.0753173828125,43.01644515991211,129.72833251953125,424.8700256347656
2021-10-04 04:00:00,122.05946350097656,46.049251556396484,42.60212326049805,129.08377075195312,417.1086730957031
2021-10-05 04:00:00,122.53437805175781,46.12746047973633,42.881473541259766,129.84866333007812,422.889404296875
2021-10-06 04:00:00,124.17015838623047,46.67494201660156,43.195350646972656,133.17459106445312,425.8271789550781
2021-10-07 04:00:00,125.16394805908203,46.822669982910156,43.703826904296875,134.40357971191406,429.1724853515625
2021-10-08 04:00:00,124.64507293701172,47.03123092651367,43.835655212402344,134.09417724609375,428.2058410644531
2021-10-11 04:00:00,125.16394805908203,47.1268310546875,43.79484176635742,134.27467346191406,426.1684265136719
2021-10-12 04:00:00,124.97925567626953,47.1268310546875,43.74776077270508,134.8676300048828,423.4864807128906
2021-10-13 04:00:00,125.26947784423828,47.135520935058594,43.43075180053711,135.77859497070312,421.99859619140625
2021-10-14 04:00:00,126.68538665771484,47.45705795288086,43.90155792236328,136.87008666992188,427.0781555175781
2021-10-15 04:00:00,127.01081085205078,47.34408950805664,44.11499786376953,136.4833221435547,428.7176818847656
2021-10-18 04:00:00,125.18150329589844,46.87481689453125,44.46967697143555,135.8645782470703,437.7774353027344
2021-10-19 04:00:00,123.70404052734375,47.057308197021484,45.41443634033203,137.5919647216797,442.63885498046875
2021-10-20 04:00:00,124.18778991699219,47.474430084228516,45.82561111450195,138.63185119628906,445.1880798339844
2021-10-21 04:00:00,123.29402160644531,47.23110580444336,46.079856872558594,136.80128479003906,452.2578430175781
2021-10-22 04:00:00,124.62135314941406,47.318016052246094,46.56007766723633,137.48023986816406,456.7686462402344
2021-10-25 04:00:00,124.63906860351562,47.1268310546875,47.09994125366211,136.83570861816406,464.45440673828125
2021-10-26 04:00:00,126.40882873535156,47.33539581298828,46.68877410888672,138.51153564453125,460.1234436035156
2021-10-27 04:00:00,125.50625610351562,48.24786376953125,46.305843353271484,138.03028869628906,463.5162048339844
2021-10-28 04:00:00,126.2584228515625,48.699745178222656,46.59461212158203,138.8982696533203,465.61395263671875
2021-10-29 04:00:00,126.53279876708984,48.98652648925781,46.89906692504883,138.88108825683594,466.5726013183594
2021-11-01 04:00:00,126.22300720214844,48.81272506713867,47.015193939208984,138.5889129638672,466.8858947753906
2021-11-02 04:00:00,127.47962951660156,48.751888275146484,46.99322509765625,139.86080932617188,471.74578857421875
2021-11-03 04:00:00,128.35565185546875,48.91699981689453,47.13760757446289,141.20152282714844,476.8145446777344
2021-11-04 04:00:00,128.59458923339844,49.18639373779297,47.482872009277344,141.21011352539062,489.4294738769531
2021-11-05 04:00:00,129.23170471191406,49.394954681396484,47.1533088684082,142.66250610351562,487.0564270019531
2021-11-08 05:00:00,128.26715087890625,48.95176696777344,46.85198211669922,139.5944061279297,478.21929931640625
2021-11-09 05:00:00,128.6565399169922,49.0908088684082,47.015193939208984,140.52261352539062,482.87042236328125
2021-11-10 05:00:00,129.92198181152344,49.290687561035156,46.59146499633789,140.97805786132812,479.8329772949219
2021-11-11 05:00:00,129.55029296875,49.30806350708008,46.61029052734375,139.81788635253906,486.1642150878906
2021-11-12 05:00:00,129.6918487548828,49.195091247558594,46.378028869628906,139.78350830078125,490.9007263183594
2021-11-15 05:00:00,130.4351806640625,49.20378112792969,46.11124038696289,140.77178955078125,493.482666015625
2021-11-16 05:00:00,130.2493438720703,48.85616683959961,44.937355041503906,140.3507080078125,499.9656677246094
2021-11-17 05:00:00,130.16973876953125,48.5867805480957,44.55128479003906,140.40223693847656,499.5575256347656
2021-11-18 05:00:00,130.1874237060547,48.15227127075195,44.934207916259766,140.44525146484375,502.48101806640625
2021-11-19 05:00:00,129.92198181152344,47.90894317626953,44.69252395629883,140.78038024902344,506.676513671875
2021-11-22 05:00:00,130.78915405273438,48.20441436767578,45.442684173583984,141.07260131835938,512.2389526367188
2021-11-23 05:00:00,132.24037170410156,48.560707092285156,45.76597595214844,142.0179443359375,517.5638427734375
2021-11-24 05:00:00,131.5501708984375,48.16964340209961,45.99510192871094,140.72024536132812,521.8067626953125
2021-11-26 05:00:00,130.49713134765625,46.69231033325195,45.48035430908203,138.48574829101562,518.3898315429688
2021-11-29 05:00:00,131.8687286376953,47.43098068237305,44.76786804199219,141.06399536132812,526.6952514648438
2021-11-30 05:00:00,127.93975830078125,45.933441162109375,44.140106201171875,137.3169708251953,511.9827880859375
2021-12-01 05:00:00,129.55029296875,45.80207061767578,43.044677734375,137.6435546875,502.92724609375
2021-12-02 05:00:00,130.311279296875,46.476409912109375,42.5205192565918,138.97164916992188,498.8170471191406
2021-12-03 05:00:00,132.62974548339844,46.88800811767578,43.16082000732422,142.51039123535156,502.0633850097656
2021-12-06 05:00:00,134.63845825195312,48.08780288696289,43.62849426269531,143.98992919921875,506.1165466308594
2021-12-07 05:00:00,134.28453063964844,48.35052490234375,43.48725128173828,143.82553100585938,514.4884643554688
2021-12-08 05:00:00,134.88624572753906,48.16661834716797,43.04782485961914,144.0764617919922,503.1834411621094
2021-12-09 05:00:00,135.67384338378906,48.04400634765625,43.6465950012207,143.89474487304688,497.697021484375
2021-12-10 05:00:00,137.56753540039062,49.2875862121582,44.44388198852539,146.19625854492188,530.43505859375
2021-12-13 05:00:00,139.52316284179688,50.583709716796875,45.24433517456055,146.9230194091797,528.916259765625
2021-12-14 05:00:00,140.03639221191406,50.618736267089844,45.67607879638672,146.55963134765625,517.6397705078125
2021-12-15 05:00:00,140.57620239257812,50.846439361572266,45.937644958496094,148.44580078125,536.7567749023438
2021-12-16 05:00:00,142.56723022460938,51.363136291503906,45.17185592651367,148.66212463378906,524.5596313476562
2021-12-17 05:00:00,139.3373260498047,50.55743408203125,43.725372314453125,145.61654663085938,519.7946166992188
2021-12-20 05:00:00,139.6913299560547,50.39104080200195,43.86719512939453,146.58558654785156,520.6962890625
2021-12-21 05:00:00,139.60281372070312,50.592464447021484,43.999549865722656,146.1529541015625,517.7251586914062
2021-12-22 05:00:00,140.9832763671875,50.95153045654297,44.056270599365234,147.06146240234375,521.7499389648438
2021-12-23 05:00:00,141.67349243164062,50.98656463623047,43.95857620239258,146.89707946777344,522.4144287109375
2021-12-27 05:00:00,143.32827758789062,51.363136291503906,44.35879135131836,148.35928344726562,534.8489379882812
2021-12-28 05:00:00,144.09811401367188,51.56455993652344,44.9953727722168,149.12936401367188,535.9594116210938
2021-12-29 05:00:00,145.2928009033203,51.6258544921875,44.97332000732422,149.6571502685547,538.930419921875
2021-12-30 05:00:00,144.03622436523438,51.476985931396484,45.1182861328125,149.39755249023438,535.2666015625
2021-12-31 05:00:00,144.7529754638672,51.85355758666992,45.597293853759766,150.29736328125,538.8641357421875
2022-01-03 05:00:00,144.15122985839844,51.932373046875,45.58469009399414,149.66578674316406,537.9243774414062
2022-01-04 05:00:00,144.6555938720703,52.79937744140625,44.74956130981445,149.882080078125,535.5702514648438
2022-01-05 05:00:00,145.31048583984375,53.23724365234375,45.354637145996094,150.39259338378906,521.9871826171875
2022-01-06 05:00:00,144.08929443359375,52.95701217651367,45.22857666015625,150.4271697998047,521.873291015625
2022-01-07 05:00:00,144.0096435546875,52.83440399169922,45.660316467285156,150.6175079345703,508.9451599121094
2022-01-10 05:00:00,142.04518127441406,52.92197799682617,45.572086334228516,150.6953582763672,492.447998046875
2022-01-11 05:00:00,140.3992462158203,52.93949890136719,45.44286346435547,150.62615966796875,495.5138854980469
2022-01-12 05:00:00,140.7089385986328,53.018310546875,45.203369140625,150.46176147460938,499.0923156738281
2022-01-13 05:00:00,140.0718231201172,53.33358383178711,45.843101501464844,150.7040557861328,490.6254577636719
2022-01-14 05:00:00,141.4168701171875,53.76271057128906,45.713890075683594,151.96730041503906,477.44091796875
2022-01-18 05:00:00,138.6913299560547,53.33358383178711,44.913448333740234,150.513671875,463.2789611816406
2022-01-19 05:00:00,143.3548126220703,53.42115783691406,45.360939025878906,151.59521484375,465.26275634765625
2022-01-20 05:00:00,144.1288299560547,53.20222091674805,44.5037727355957,150.49639892578125,458.2955322265625
2022-01-21 05:00:00,144.68045043945312,52.93949890136719,44.17918014526367,150.7386474609375,457.14697265625
2022-01-24 05:00:00,143.5060577392578,52.51036834716797,44.18233108520508,149.96864318847656,464.0666809082031
2022-01-25 05:00:00,141.9402313232422,52.38777160644531,43.221153259277344,148.24679565429688,453.0748596191406
2022-01-26 05:00:00,140.7035369873047,52.19509506225586,42.77995681762695,146.68075561523438,458.9125061035156
2022-01-27 05:00:00,141.57545471191406,52.2388916015625,42.808319091796875,146.5423126220703,458.0107727050781
2022-01-28 05:00:00,142.79432678222656,53.281044006347656,43.33774948120117,149.39755249023438,467.41741943359375
2022-01-31 05:00:00,142.74984741210938,53.42991638183594,44.05942153930664,150.13299560546875,479.4723205566406
2022-02-01 05:00:00,142.11814880371094,53.03582763671875,44.406070709228516,149.11203002929688,482.585693359375
2022-02-02 05:00:00,144.66265869140625,53.578800201416016,44.38716506958008,151.82017517089844,495.50439453125
2022-02-03 05:00:00,146.03277587890625,53.955379486083984,44.4312744140625,151.73361206054688,496.0177001953125
2022-02-04 05:00:00,143.71067810058594,53.38612747192383,43.90815353393555,149.24179077148438,494.116455078125
2022-02-07 05:00:00,142.63418579101562,53.94661331176758,43.476417541503906,148.6534423828125,490.4280090332031
2022-02-08 05:00:00,142.3138885498047,54.29692459106445,43.48585891723633,148.8351593017578,495.4283447265625
2022-02-09 05:00:00,141.99362182617188,53.456199645996094,43.391326904296875,148.7659149169922,502.7293395996094
2022-02-10 05:00:00,139.8317108154297,53.75395584106445,42.88395309448242,145.6771240234375,492.89007568359375
2022-02-11 05:00:00,139.0487823486328,52.79937744140625,42.64760971069336,145.85879516601562,484.5149841308594
2022-02-14 05:00:00,139.4490966796875,53.14092254638672,42.212703704833984,144.23219299316406,481.55841064453125
2022-02-15 05:00:00,139.5203094482422,53.342342376708984,42.345069885253906,143.5919647216797,488.5552062988281
2022-02-16 05:00:00,140.5790252685547,53.33358383178711,42.080352783203125,143.8860626220703,487.1101989746094
2022-02-17 05:00:00,142.1893310546875,54.402008056640625,43.76633834838867,144.2754364013672,489.5914001464844
2022-02-18 05:00:00,142.26051330566406,54.76983642578125,43.48585891723633,145.1060333251953,487.3668212890625
2022-02-22 05:00:00,140.50784301757812,54.542137145996094,43.00056076049805,145.6598358154297,477.39459228515625
2022-02-23 05:00:00,138.7551727294922,53.93785858154297,42.55936050415039,144.22357177734375,470.816162109375
2022-02-24 05:00:00,135.01849365234375,52.992034912109375,42.39549255371094,141.71437072753906,480.6268005371094
2022-02-25 05:00:00,140.7836456298828,55.04130554199219,42.978492736816406,145.68576049804688,491.94903564453125
2022-02-28 05:00:00,138.69287109375,54.50710678100586,42.59402847290039,141.67115783691406,493.6220397949219
2022-03-01 05:00:00,136.3975067138672,54.270652770996094,42.855594635009766,140.3992919921875,497.1204528808594
2022-03-02 05:00:00,136.82449340820312,54.673492431640625,42.90916442871094,142.3459930419922,501.9403381347656
2022-03-03 05:00:00,137.3316650390625,54.708534240722656,43.89554214477539,142.19358825683594,506.7409973144531
2022-03-04 05:00:00,138.02561950683594,54.79610061645508,45.00797653198242,144.35345458984375,499.563720703125
2022-03-07 05:00:00,135.97935485839844,53.49123001098633,44.64556884765625,141.47943115234375,502.4345703125
2022-03-08 05:00:00,130.59677124023438,51.371891021728516,43.72221755981445,137.4906463623047,497.5292053222656
2022-03-09 05:00:00,132.3583221435547,51.634613037109375,43.94912338256836,137.08132934570312,501.6076354980469
2022-03-10 05:00:00,128.95086669921875,50.68879699707031,44.9481086730957,134.5644073486328,506.4272155761719
2022-03-11 05:00:00,127.42058563232422,50.72383117675781,44.771629333496094,133.88510131835938,501.3887939453125
2022-03-14 04:00:00,129.04869079589844,51.65924072265625,45.39561462402344,135.76629638671875,499.9914855957031
2022-03-15 04:00:00,133.69284057617188,52.612300872802734,45.940792083740234,138.4748077392578,515.5535278320312
2022-03-16 04:00:00,133.2390899658203,52.471099853515625,45.8052864074707,139.08445739746094,516.5706176757812
2022-03-17 04:00:00,133.6572723388672,53.02705383300781,45.874881744384766,140.16441345214844,525.5067138671875
2022-03-18 04:00:00,133.58609008789062,53.03587341308594,46.01091003417969,141.7755889892578,533.6443481445312
2022-03-21 04:00:00,134.09324645996094,53.45945739746094,45.62812423706055,141.5752410888672,528.1115112304688
2022-03-22 04:00:00,135.12525939941406,53.653594970703125,45.492088317871094,143.12545776367188,531.809326171875
2022-03-23 04:00:00,134.1822052001953,53.30061721801758,44.906829833984375,142.37652587890625,526.6760864257812
2022-03-24 04:00:00,134.4134979248047,53.81243896484375,45.18522644042969,143.23870849609375,530.5642700195312
2022-03-25 04:00:00,135.97042846679688,54.297794342041016,45.381370544433594,143.90928649902344,528.2826538085938
2022-03-28 04:00:00,136.9046173095703,54.6419563293457,46.18807601928711,144.3360137939453,537.313720703125
2022-03-29 04:00:00,138.31031799316406,54.8537483215332,46.57720184326172,146.47848510742188,541.8483276367188
2022-03-30 04:00:00,137.35833740234375,54.89786911010742,47.41238021850586,146.27818298339844,548.01806640625
2022-03-31 04:00:00,135.94374084472656,54.712554931640625,47.11183547973633,145.7730712890625,547.4285888671875
2022-04-01 04:00:00,137.9811248779297,55.480289459228516,47.773014068603516,147.84579467773438,547.162353515625
2022-04-04 04:00:00,137.0825653076172,55.189090728759766,47.78250503540039,147.462646484375,546.7440795898438
2022-04-05 04:00:00,137.56298828125,55.127315521240234,47.91855239868164,147.61936950683594,546.9247436523438
2022-04-06 04:00:00,139.5291748046875,55.683258056640625,49.032127380371094,150.13626098632812,555.9271850585938
2022-04-07 04:00:00,141.33523559570312,55.98329544067383,49.522464752197266,150.27565002441406,578.0393676757812
2022-04-08 04:00:00,142.4384765625,56.327457427978516,49.79770278930664,150.78074645996094,570.4246826171875
2022-04-11 04:00:00,141.895751953125,56.30980682373047,48.810665130615234,150.31918334960938,555.8132934570312
2022-04-12 04:00:00,141.46868896484375,56.97163391113281,48.4753303527832,150.92884826660156,552.6666259765625
2022-04-13 04:00:00,141.86904907226562,57.12167739868164,49.73759460449219,150.66754150390625,561.9164428710938
2022-04-14 04:00:00,141.07725524902344,57.3775749206543,49.69331359863281,149.70957946777344,561.2510986328125
2022-04-18 04:00:00,139.7338104248047,56.865760803222656,49.31367874145508,148.42059326171875,553.3890991210938
2022-04-19 04:00:00,141.82456970214844,57.42171096801758,49.87362289428711,150.5804901123047,564.9679565429688
2022-04-20 04:00:00,145.5968017578125,58.20709228515625,50.500022888183594,152.81871032714844,573.7423095703125
2022-04-21 04:00:00,145.48321533203125,58.42770767211914,50.57593536376953,152.27001953125,562.5342407226562
2022-04-22 04:00:00,144.26644897460938,57.580543518066406,49.62370300292969,149.9272918701172,543.4833984375
2022-04-25 04:00:00,145.42953491210938,58.189449310302734,49.64902114868164,151.31204223632812,540.165771484375
2022-04-26 04:00:00,142.96022033691406,57.4040641784668,49.13019561767578,150.92884826660156,526.428955078125
2022-04-27 04:00:00,142.5754852294922,57.85411071777344,48.79484558105469,152.2787322998047,526.7330932617188
2022-04-28 04:00:00,146.19895935058594,58.41006851196289,49.41807174682617,154.58663940429688,535.1315307617188
2022-04-29 04:00:00,143.64019775390625,57.01576614379883,48.39940643310547,149.54409790039062,506.2990417480469
2022-05-02 04:00:00,141.69874572753906,55.98329544067383,48.07988739013672,146.1039581298828,503.66143798828125
2022-05-03 04:00:00,139.7572784423828,55.665611267089844,48.24755096435547,146.30433654785156,502.8331298828125
2022-05-04 04:00:00,140.78614807128906,57.38640213012695,48.915069580078125,151.4165496826172,518.4013671875
2022-05-05 04:00:00,138.19158935546875,56.927528381347656,48.4959602355957,148.39447021484375,492.5874938964844
2022-05-06 04:00:00,139.5694122314453,57.130489349365234,47.48628234863281,148.41188049316406,479.29486083984375
2022-05-09 04:00:00,139.22048950195312,57.01576614379883,48.041927337646484,149.53536987304688,474.9814758300781
2022-05-10 04:00:00,138.48684692382812,56.486297607421875,47.365631103515625,149.3524932861328,477.48577880859375
2022-05-11 04:00:00,136.53643798828125,56.75103759765625,46.870330810546875,148.629638671875,465.69757080078125
2022-05-12 04:00:00,135.98175048828125,56.927528381347656,46.82587432861328,148.40318298339844,462.9361572265625
2022-05-13 04:00:00,137.44007873535156,57.99530792236328,47.00685119628906,151.2946319580078,473.4960021972656
2022-05-16 04:00:00,138.7821044921875,58.20709228515625,47.057655334472656,152.81871032714844,470.8870544433594
2022-05-17 04:00:00,138.38844299316406,58.048248291015625,41.704490661621094,151.9390869140625,467.021240234375
2022-05-18 04:00:00,129.7637481689453,54.0065803527832,38.872344970703125,142.52455139160156,408.8708190917969
2022-05-19 04:00:00,126.77555847167969,52.947628021240234,37.80551528930664,140.3908233642578,402.7101745605469
2022-05-20 04:00:00,126.85604858398438,53.81243896484375,37.8467903137207,141.2704620361328,396.5208740234375
2022-05-23 04:00:00,129.772705078125,55.47146987915039,38.926326751708984,144.2228240966797,408.94696044921875
2022-05-24 04:00:00,132.08096313476562,56.495121002197266,39.41209411621094,146.15626525878906,416.7835693359375
2022-05-25 04:00:00,129.9158477783203,56.539241790771484,39.17079162597656,147.15780639648438,419.0688171386719
2022-05-26 04:00:00,131.0520782470703,56.74221420288086,40.005836486816406,148.150634765625,442.7592468261719
2022-05-27 04:00:00,133.05616760253906,57.077545166015625,40.79325866699219,149.59634399414062,448.25341796875
2022-05-31 04:00:00,132.3046417236328,55.930355072021484,40.840877532958984,146.09530639648438,443.9305114746094
2022-06-01 04:00:00,130.300537109375,55.65678024291992,39.83121109008789,144.9979705810547,435.14178466796875
2022-06-02 04:00:00,131.70521545410156,56.23920822143555,40.48527908325195,146.1730499267578,464.2978820800781
2022-06-03 04:00:00,130.5242462158203,55.568538665771484,39.78993225097656,144.56820678710938,453.4809875488281
2022-06-06 04:00:00,130.0142822265625,55.480289459228516,39.64704895019531,145.17332458496094,449.8817138671875
2022-06-07 04:00:00,131.46363830566406,55.81562042236328,39.17079162597656,146.06784057617188,449.2247009277344
2022-06-08 04:00:00,129.82635498046875,55.497947692871094,38.8310546875,145.33995056152344,445.6158447265625
2022-06-09 04:00:00,127.48234558105469,54.53605270385742,38.42464065551758,142.75289916992188,449.4817199707031
2022-06-10 04:00:00,126.99919891357422,54.19189453125,38.64055633544922,142.52493286132812,441.15972900390625
2022-06-13 04:00:00,123.59942626953125,54.130130767822266,37.9134635925293,140.08689880371094,430.6284484863281
2022-06-14 04:00:00,119.74337768554688,52.645774841308594,37.92934036254883,136.9123077392578,433.05645751953125
2022-06-15 04:00:00,118.55345916748047,53.0368537902832,37.90393829345703,138.37686157226562,436.8557434082031
2022-06-16 04:00:00,119.27813720703125,52.5035514831543,38.29764938354492,137.7103271484375,430.1618957519531
2022-06-17 04:00:00,118.41925811767578,52.82353973388672,37.55785369873047,137.7366180419922,425.334228515625
2022-06-21 04:00:00,122.00691986083984,53.952362060546875,38.7897834777832,140.93760681152344,440.9692077636719
2022-06-22 04:00:00,123.9125747680664,54.35233688354492,38.31987380981445,142.09518432617188,437.96978759765625
2022-06-23 04:00:00,127.3123550415039,55.001182556152344,39.25016784667969,143.91049194335938,452.290771484375
2022-06-24 04:00:00,129.1464385986328,56.03223419189453,39.281917572021484,145.6907501220703,461.2127685546875
2022-06-27 04:00:00,128.16229248046875,55.91669464111328,39.40891647338867,145.88368225097656,458.71795654296875
2022-06-28 04:00:00,126.07771301269531,55.356719970703125,38.85329055786133,143.8315887451172,446.2062072753906
2022-06-29 04:00:00,127.22284698486328,55.756690979003906,38.71040725708008,146.21693420410156,447.3774719238281
2022-06-30 04:00:00,128.64541625976562,55.91669464111328,38.602455139160156,146.15553283691406,456.36614990234375
2022-07-01 04:00:00,130.72103881835938,57.22327423095703,38.93583297729492,148.5496368408203,462.5363464355469
2022-07-05 04:00:00,129.4595489501953,56.24555587768555,39.450199127197266,148.21640014648438,464.91680908203125
2022-07-06 04:00:00,130.66738891601562,56.361106872558594,39.72959899902344,149.69847106933594,469.0968933105469
2022-07-07 04:00:00,130.62265014648438,55.91669464111328,39.78993225097656,149.40032958984375,471.2870178222656
2022-07-08 04:00:00,129.74586486816406,56.121124267578125,39.815330505371094,150.7333221435547,477.5618896484375
2022-07-11 04:00:00,130.65841674804688,55.9433479309082,39.83121109008789,149.49679565429688,475.0481262207031
2022-07-12 04:00:00,129.50428771972656,55.703372955322266,39.710548400878906,148.64613342285156,467.1163024902344
2022-07-13 04:00:00,130.3542022705078,55.44561004638672,39.805809020996094,149.1723175048828,468.68743896484375
2022-07-14 04:00:00,129.9695281982422,55.2678337097168,40.58369827270508,149.94403076171875,487.4647521972656
2022-07-15 04:00:00,129.79058837890625,55.55226135253906,40.98058319091797,150.0668182373047,497.94830322265625
2022-07-18 04:00:00,128.2159423828125,54.7967529296875,40.88533401489258,147.55868530273438,491.6161804199219
2022-07-19 04:00:00,128.86907958984375,55.57892608642578,41.13616180419922,149.13726806640625,495.3583679199219
2022-07-20 04:00:00,126.64131927490234,54.663429260253906,41.479061126708984,147.55868530273438,499.1385803222656
2022-07-21 04:00:00,126.76109313964844,54.53899383544922,42.08549880981445,147.77793884277344,504.14703369140625
2022-07-22 04:00:00,128.7871551513672,54.74342346191406,41.97754669189453,148.74258422851562,504.3946228027344
2022-07-25 04:00:00,129.66064453125,55.27672576904297,41.91722106933594,148.95306396484375,503.84228515625
2022-07-26 04:00:00,129.91281127929688,56.18333435058594,38.72945785522461,150.68946838378906,487.4551696777344
2022-07-27 04:00:00,131.14645385742188,56.00556182861328,40.19316482543945,150.47897338867188,497.3388977050781
2022-07-28 04:00:00,133.32562255859375,56.938846588134766,41.19648742675781,153.32911682128906,511.42694091796875
2022-07-29 04:00:00,125.08618927001953,57.03662109375,41.926753997802734,153.43435668945312,516.3106689453125
2022-08-01 04:00:00,128.67910766601562,57.34770584106445,42.08232498168945,155.1795654296875,521.5662841796875
2022-08-02 04:00:00,127.82366943359375,56.56554412841797,42.12678146362305,153.89913940429688,518.37109375
2022-08-03 04:00:00,130.4620819091797,56.814414978027344,41.43461227416992,155.07431030273438,521.757080078125
2022-08-04 04:00:00,130.25497436523438,56.59219741821289,39.86930847167969,154.2323760986328,518.1992797851562
2022-08-05 04:00:00,130.31802368164062,56.33444595336914,40.18999099731445,153.07484436035156,515.709716796875
2022-08-08 04:00:00,130.81329345703125,55.97001647949219,40.517024993896484,152.4609375,516.8829956054688
2022-08-09 04:00:00,130.50711059570312,56.04112243652344,40.91707992553711,153.03094482421875,511.08367919921875
2022-08-10 04:00:00,131.7407989501953,56.574424743652344,41.002803802490234,154.29380798339844,514.8990478515625
2022-08-11 04:00:00,130.80426025390625,56.192222595214844,41.398231506347656,153.50450134277344,507.6308288574219
2022-08-12 04:00:00,132.07395935058594,56.61886978149414,42.16355514526367,155.5127716064453,512.4096069335938
2022-08-15 04:00:00,133.77587890625,57.329933166503906,42.28474807739258,157.22286987304688,520.5552368164062
2022-08-16 04:00:00,135.00953674316406,57.801021575927734,44.44363021850586,158.1349334716797,527.4896240234375
2022-08-17 04:00:00,134.38818359375,57.66769027709961,44.491455078125,158.0472412109375,530.6373901367188
2022-08-18 04:00:00,134.865478515625,57.96989440917969,44.347957611083984,158.205078125,535.0631713867188
2022-08-19 04:00:00,134.82943725585938,57.92545700073242,43.69423294067383,158.00338745117188,528.929931640625
2022-08-22 04:00:00,134.46925354003906,57.06328201293945,42.9129524230957,156.49496459960938,520.2881469726562
2022-08-23 04:00:00,131.87586975097656,57.12549591064453,42.73118591308594,156.42483520507812,517.045166015625
2022-08-24 04:00:00,131.30856323242188,57.20550537109375,43.04050827026367,157.20535278320312,518.1420288085938
2022-08-25 04:00:00,131.20046997070312,57.48104476928711,43.327510833740234,157.21409606933594,525.343505859375
2022-08-26 04:00:00,128.1298370361328,56.094459533691406,41.965850830078125,153.50450134277344,507.268310546875
2022-08-29 04:00:00,127.58953094482422,55.756690979003906,42.37403869628906,153.02215576171875,506.5433654785156
2022-08-30 04:00:00,126.22979736328125,55.24117660522461,42.2464714050293,151.70672607421875,499.9428405761719
2022-08-31 04:00:00,124.21273803710938,54.8500862121582,42.268795013427734,151.07533264160156,497.9970397949219
2022-09-01 04:00:00,125.7435531616211,55.107845306396484,42.884254455566406,152.60267639160156,504.7406311035156
2022-09-02 04:00:00,123.5103530883789,54.35233688354492,42.41230010986328,150.66921997070312,495.14501953125
2022-09-06 04:00:00,122.13260650634766,54.378997802734375,42.20183181762695,149.65391540527344,494.94488525390625
2022-09-07 04:00:00,123.97859954833984,55.383384704589844,43.28605651855469,152.955810546875,505.1889343261719
2022-09-08 04:00:00,124.14069366455078,55.21450424194336,43.50608444213867,152.44375610351562,504.69305419921875
2022-09-09 04:00:00,126.03168487548828,55.39227294921875,43.6368408203125,152.92935180664062,511.80853271484375
2022-09-12 04:00:00,127.05828857421875,55.55226135253906,44.02906799316406,153.52964782714844,514.6128540039062
2022-09-13 04:00:00,124.42884063720703,53.747928619384766,43.1202278137207,147.79989624023438,486.7418212890625
2022-09-14 04:00:00,124.72599029541016,54.0323486328125,43.02457046508789,148.921142578125,484.5480041503906
2022-09-15 04:00:00,123.76246643066406,53.29819107055664,42.56218338012695,146.44912719726562,480.2557373046875
2022-09-16 04:00:00,124.51888275146484,53.30714797973633,42.47288131713867,147.4114532470703,480.86614990234375
2022-09-19 04:00:00,124.25776672363281,53.71003723144531,42.836421966552734,148.96530151367188,483.1839599609375
2022-09-20 04:00:00,123.8165054321289,53.629459381103516,42.58768844604492,149.133056640625,476.4594421386719
2022-09-21 04:00:00,122.22264099121094,53.18180847167969,42.97672653198242,148.70924377441406,470.3072814941406
2022-09-22 04:00:00,122.6548843383789,53.05645751953125,42.53666687011719,148.8505401611328,464.6795959472656
2022-09-23 04:00:00,122.08758544921875,52.465553283691406,41.47476577758789,148.77987670898438,444.86846923828125
2022-09-26 04:00:00,122.20464324951172,51.81196975708008,41.87336349487305,148.7180633544922,458.126708984375
2022-09-27 04:00:00,118.8458480834961,50.47794723510742,41.75857162475586,146.56387329101562,456.2190246582031
2022-09-28 04:00:00,118.8458480834961,51.015140533447266,42.44737243652344,148.91229248046875,465.74786376953125
2022-09-29 04:00:00,115.89225006103516,50.64805221557617,42.173126220703125,147.09359741210938,456.8677062988281
2022-09-30 04:00:00,113.68607330322266,50.15563201904297,41.35995864868164,144.13600158691406,450.4674072265625
2022-10-03 04:00:00,115.72117614746094,50.71968460083008,42.26240921020508,145.89291381835938,455.6754455566406
2022-10-04 04:00:00,117.15296173095703,50.8360710144043,42.810909271240234,147.53504943847656,463.6876525878906
2022-10-05 04:00:00,116.34249114990234,50.352603912353516,42.38678741455078,146.5550537109375,458.1457824707031
2022-10-06 04:00:00,113.89317321777344,49.26926803588867,41.99136734008789,143.7299346923828,460.2156677246094
2022-10-07 04:00:00,111.90312194824219,48.8036994934082,40.99642562866211,142.67930603027344,446.5377197265625
2022-10-10 04:00:00,111.44386291503906,48.696266174316406,41.238773345947266,142.8647003173828,444.7825927734375
2022-10-11 04:00:00,111.86708068847656,48.77684783935547,42.30705642700195,143.54452514648438,450.22906494140625
2022-10-12 04:00:00,112.04719543457031,49.36775207519531,41.82872009277344,149.54795837402344,444.84942626953125
2022-10-13 04:00:00,113.74009704589844,50.021331787109375,42.18269729614258,154.15650939941406,446.385009765625
2022-10-14 04:00:00,112.63252258300781,49.22450256347656,41.592742919921875,150.25425720214844,433.66094970703125
2022-10-17 04:00:00,114.66759490966797,49.860164642333984,41.89250183105469,152.49673461914062,442.74139404296875
2022-10-18 04:00:00,115.59510040283203,50.53166580200195,42.775821685791016,154.55380249023438,451.4212646484375
2022-10-19 04:00:00,116.66669464111328,50.1019172668457,42.6546516418457,153.0529327392578,449.666259765625
2022-10-20 04:00:00,115.16397857666016,49.31403732299805,42.759891510009766,151.37551879882812,443.17059326171875
2022-10-21 04:00:00,116.60591125488281,50.1019172668457,43.62407684326172,152.78807067871094,456.10467529296875
2022-10-24 04:00:00,117.32234954833984,51.54338073730469,44.456382751464844,156.8668670654297,474.0271911621094
2022-10-25 04:00:00,118.67359161376953,52.77891159057617,44.666847229003906,157.38780212402344,476.02069091796875
2022-10-26 04:00:00,119.50791931152344,53.172847747802734,45.008052825927734,158.09408569335938,476.3927307128906
2022-10-27 04:00:00,119.59860229492188,53.29819107055664,44.87731170654297,157.9263153076172,474.4720458984375
2022-10-28 04:00:00,122.62757110595703,54.399436950683594,45.44493865966797,160.88389587402344,488.1651611328125
2022-10-31 04:00:00,122.12877655029297,53.58469009399414,45.38753890991211,160.31005859375,479.21160888671875
2022-11-01 04:00:00,122.31920623779297,53.39667892456055,45.18344497680664,159.58612060546875,477.7399597167969
2022-11-02 04:00:00,120.55987548828125,52.65357208251953,44.883689880371094,157.36131286621094,462.02117919921875
2022-11-03 04:00:00,119.73463439941406,52.626708984375,44.874122619628906,156.95518493652344,464.677490234375
2022-11-04 04:00:00,121.92020416259766,53.05645751953125,44.9538459777832,157.83804321289062,464.7922668457031
2022-11-07 05:00:00,123.7883529663086,53.26238250732422,45.42580032348633,159.10055541992188,466.83709716796875
2022-11-08 05:00:00,124.06951141357422,53.36086654663086,45.53422546386719,159.54197692871094,470.86004638671875
2022-11-09 05:00:00,123.77021789550781,52.617767333984375,44.47551345825195,157.63497924804688,468.1940002441406
2022-11-10 05:00:00,128.03253173828125,54.50687026977539,45.397098541259766,160.41598510742188,490.3247375488281
2022-11-11 05:00:00,127.84208679199219,54.90081024169922,45.46725082397461,157.1935272216797,492.5606689453125
2022-11-14 05:00:00,127.85115814208984,54.37257385253906,44.1311149597168,156.02816772460938,487.02801513671875
2022-11-15 05:00:00,127.40679168701172,54.283042907714844,47.01706314086914,156.43429565429688,503.07177734375
2022-11-16 05:00:00,128.54037475585938,54.1845588684082,47.355079650878906,157.4407501220703,500.8167419433594
2022-11-17 05:00:00,127.75138854980469,54.35466384887695,47.19563674926758,158.94161987304688,498.1506652832031
2022-11-18 05:00:00,129.29310607910156,54.739654541015625,47.906761169433594,160.08935546875,500.3963623046875
2022-11-21 05:00:00,130.93453979492188,55.58124923706055,48.20013427734375,163.1705322265625,500.1095275878906
2022-11-22 05:00:00,132.05908203125,55.82299041748047,48.37233352661133,163.18817138671875,508.3081970214844
2022-11-23 05:00:00,132.81178283691406,56.07367706298828,48.605133056640625,163.40008544921875,510.7352600097656
2022-11-25 05:00:00,133.05662536621094,56.12739181518555,48.81240463256836,162.543701171875,509.9422607421875
2022-11-28 05:00:00,132.94781494140625,56.13634490966797,48.95271301269531,162.34945678710938,507.3239440917969
2022-11-29 05:00:00,131.93212890625,55.93938064575195,48.78052520751953,161.20175170898438,505.4512023925781
2022-11-30 05:00:00,135.26939392089844,57.35499572753906,48.605133056640625,163.77969360351562,515.2837524414062
2022-12-01 05:00:00,135.3510284423828,57.51729202270508,48.90807342529297,165.1477813720703,481.4666748046875
2022-12-02 05:00:00,136.5843505859375,58.0222282409668,48.86023712158203,164.96124267578125,472.5513610839844
2022-12-05 05:00:00,135.20590209960938,57.228755950927734,48.35958480834961,162.67811584472656,466.9421691894531
2022-12-06 05:00:00,135.37818908691406,57.20170593261719,47.798343658447266,161.35446166992188,459.7756042480469
2022-12-07 05:00:00,136.24884033203125,57.2918815612793,47.54960250854492,161.84304809570312,460.54962158203125
2022-12-08 05:00:00,137.228271484375,57.53532028198242,47.62322998046875,163.2644500732422,460.0240478515625
2022-12-09 05:00:00,136.865478515625,56.93121337890625,46.51250457763672,162.66033935546875,461.5529479980469
2022-12-12 05:00:00,138.2711181640625,57.679595947265625,47.37995529174805,163.43324279785156,466.0057678222656
2022-12-13 05:00:00,138.0625762939453,57.697635650634766,47.2103157043457,163.3444061279297,466.502685546875
2022-12-14 05:00:00,138.60670471191406,57.697635650634766,46.947837829589844,162.8913116455078,462.03057861328125
2022-12-15 05:00:00,137.03781127929688,56.90415954589844,46.52851486206055,160.12847900390625,443.29217529296875
2022-12-16 05:00:00,136.43020629882812,56.57956314086914,45.69307327270508,160.2084503173828,440.9415283203125
2022-12-19 05:00:00,136.39389038085938,56.66070556640625,45.70907974243164,161.09683227539062,438.2468566894531
2022-12-20 05:00:00,136.44834899902344,56.61562728881836,46.10919952392578,160.9990997314453,437.472900390625
2022-12-21 05:00:00,137.6997833251953,57.526309967041016,46.470890045166016,162.12730407714844,441.5244445800781
2022-12-22 05:00:00,138.01719665527344,57.111549377441406,45.92674255371094,160.8747100830078,438.3233337402344
2022-12-23 05:00:00,138.40716552734375,57.544342041015625,46.019569396972656,161.91412353515625,442.08819580078125
2022-12-27 05:00:00,139.61331176757812,57.89598846435547,46.032371520996094,162.6337127685547,438.1227111816406
2022-12-28 05:00:00,137.8086395263672,57.318931579589844,45.22574234008789,161.46107482910156,432.8575439453125
2022-12-29 05:00:00,138.3799591064453,57.66156005859375,45.501014709472656,161.66537475585938,436.240234375
2022-12-30 05:00:00,137.44589233398438,57.35499572753906,45.385780334472656,160.49270629882812,436.2114562988281
2023-01-03 05:00:00,137.45497131347656,56.7598876953125,45.965152740478516,159.3822784423828,433.1346130371094
2023-01-04 05:00:00,138.05348205566406,56.73284912109375,46.0163688659668,158.9913787841797,436.2688293457031
2023-01-05 05:00:00,136.33949279785156,56.08364486694336,45.85951614379883,157.3301544189453,430.1819763183594
2023-01-06 05:00:00,139.58609008789062,57.16564178466797,46.9830436706543,160.8836212158203,461.4095458984375
2023-01-09 05:00:00,137.88119506835938,56.45333480834961,46.397274017333984,159.3112030029297,457.47265625
2023-01-10 05:00:00,137.74514770507812,56.02052688598633,46.36845397949219,157.99642944335938,460.00494384765625
2023-01-11 05:00:00,136.62969970703125,55.912315368652344,46.774993896484375,158.174072265625,462.7856140136719
2023-01-12 05:00:00,135.8588409423828,55.19099426269531,46.35245895385742,156.1575164794922,460.98907470703125
2023-01-13 05:00:00,136.82920837402344,55.38935470581055,46.506107330322266,155.67779541015625,463.6837463378906
2023-01-17 05:00:00,136.43020629882812,55.614784240722656,46.224422454833984,156.40625,465.1362609863281
2023-01-18 05:00:00,132.7755126953125,53.92866134643555,45.081695556640625,152.46189880371094,458.16070556640625
2023-01-19 05:00:00,129.967529296875,53.84751510620117,44.438323974609375,150.6940460205078,448.6242980957031
2023-01-20 05:00:00,130.46942138671875,54.172115325927734,44.985679626464844,150.91610717773438,458.7721862792969
2023-01-23 05:00:00,128.71731567382812,54.30735397338867,45.65786361694336,150.24093627929688,470.7166748046875
2023-01-24 05:00:00,129.4199981689453,54.595890045166016,45.77949523925781,151.6356964111328,470.2389221191406
2023-01-25 05:00:00,129.3287353515625,54.93852615356445,45.56184005737305,152.7372589111328,469.0635986328125
2023-01-26 05:00:00,128.80857849121094,54.83032989501953,45.52022171020508,151.21817016601562,476.1537170410156
2023-01-27 05:00:00,128.27928161621094,54.54179763793945,45.8691291809082,150.68515014648438,480.92205810546875
2023-01-30 05:00:00,128.68080139160156,54.67704772949219,45.501014709472656,150.56076049804688,480.9125061035156
2023-01-31 05:00:00,129.9310302734375,55.290184020996094,46.05158233642578,151.92886352539062,488.4231872558594
2023-02-01 05:00:00,130.67019653320312,55.299190521240234,46.307647705078125,152.4085693359375,494.8922119140625
2023-02-02 05:00:00,129.7393798828125,54.35245132446289,45.97154998779297,150.99609375,501.0376281738281
2023-02-03 05:00:00,130.1409149169922,53.94670486450195,45.36017990112305,150.24093627929688,492.7767639160156
2023-02-06 05:00:00,129.0366668701172,54.253257751464844,45.030479431152344,152.63955688476562,493.5329895019531
2023-02-07 05:00:00,127.77735900878906,54.163089752197266,45.12650680541992,152.4085693359375,494.4328308105469
2023-02-08 05:00:00,126.45417022705078,53.84751510620117,44.88324737548828,152.05323791503906,482.2569580078125
2023-02-09 05:00:00,125.0670394897461,53.757347106933594,45.29935836791992,153.4923858642578,479.21295166015625
2023-02-10 05:00:00,126.17125701904297,53.757347106933594,46.00355911254883,156.53060913085938,478.60040283203125
2023-02-13 05:00:00,127.822998046875,54.64098358154297,46.70456314086914,157.92535400390625,484.78399658203125
2023-02-14 05:00:00,127.1020736694336,53.73030471801758,46.57012939453125,156.1486053466797,481.692138671875
2023-02-15 05:00:00,126.81005096435547,53.73030471801758,46.91582489013672,156.36183166503906,489.40740966796875
2023-02-16 05:00:00,125.14918518066406,53.39668273925781,46.17961120605469,155.91763305664062,482.5345764160156
2023-02-17 05:00:00,127.76823425292969,54.20817565917969,46.874210357666016,156.6016845703125,485.76995849609375
2023-02-21 05:00:00,127.67699432373047,53.919647216796875,47.159095764160156,156.5128173828125,480.2755432128906
2023-02-22 05:00:00,128.21539306640625,54.081947326660156,46.17000961303711,156.4595489501953,476.1116027832031
2023-02-23 05:00:00,127.80472564697266,54.181129455566406,45.481815338134766,156.6283416748047,472.04339599609375
2023-02-24 05:00:00,127.08380126953125,53.955711364746094,45.60344696044922,156.3174285888672,467.7071533203125
2023-02-27 05:00:00,126.97428131103516,53.937679290771484,45.27375411987305,156.2729949951172,466.19482421875
2023-02-28 05:00:00,125.53243255615234,53.65816116333008,45.49461364746094,154.15869140625,463.466796875
2023-03-01 05:00:00,125.62371826171875,53.07208251953125,44.860843658447266,152.20425415039062,458.1924743652344
2023-03-02 05:00:00,127.69523620605469,53.84751510620117,44.972869873046875,155.01260375976562,464.91217041015625
2023-03-03 05:00:00,128.62608337402344,53.59504699707031,45.02728271484375,154.8605499267578,454.9283142089844
2023-03-06 05:00:00,128.0784912109375,54.4245719909668,45.020877838134766,155.173583984375,462.41375732421875
2023-03-07 05:00:00,125.53243255615234,54.10899353027344,44.57275390625,154.40440368652344,464.395263671875
2023-03-08 05:00:00,125.55072021484375,54.13604736328125,44.204647064208984,154.8247528076172,465.2471923828125
2023-03-09 05:00:00,124.62902069091797,53.613075256347656,43.90695571899414,153.65313720703125,459.0061340332031
2023-03-10 05:00:00,125.19482421875,53.387664794921875,43.84294891357422,153.85885620117188,450.98455810546875
2023-03-13 04:00:00,126.06172180175781,53.92866134643555,43.970985412597656,155.36138916015625,451.8077697753906
2023-03-14 04:00:00,127.62220764160156,54.12702941894531,44.204647064208984,155.2003936767578,461.303466796875
2023-03-15 04:00:00,129.42910766601562,54.487693786621094,44.69758605957031,157.97296142578125,464.8834533691406
2023-03-16 04:00:00,130.39645385742188,54.78752136230469,44.44367980957031,157.86563110351562,466.4149475097656
2023-03-17 04:00:00,130.43295288085938,54.53312683105469,44.803653717041016,156.6313934326172,466.2139892578125
2023-03-20 04:00:00,132.4405975341797,55.06010055541992,45.28575897216797,158.83152770996094,468.358154296875
2023-03-21 04:00:00,131.48236083984375,54.80569076538086,45.1314811706543,159.20718383789062,469.8514099121094
2023-03-22 04:00:00,131.40023803710938,54.560386657714844,44.842227935791016,157.86563110351562,466.66387939453125
2023-03-23 04:00:00,131.21771240234375,54.4422607421875,45.20539855957031,157.0964813232422,466.89361572265625
2023-03-24 04:00:00,133.89157104492188,55.332679748535156,45.575016021728516,160.17312622070312,474.0823059082031
2023-03-27 04:00:00,133.18890380859375,55.74153518676758,46.33673858642578,160.5308837890625,472.1200256347656
2023-03-28 04:00:00,133.5630340576172,55.80513381958008,46.15675354003906,160.47720336914062,465.94598388671875
2023-03-29 04:00:00,133.97369384765625,56.204917907714844,46.35602951049805,161.5862274169922,469.8705749511719
2023-03-30 04:00:00,134.55772399902344,56.19582748413086,46.81884765625,161.7293243408203,470.4544372558594
2023-03-31 04:00:00,135.6892852783203,56.359378814697266,47.39094924926758,163.0440673828125,475.6138610839844
2023-04-03 04:00:00,136.43760681152344,56.69554901123047,47.789485931396484,163.22291564941406,475.7669982910156
2023-04-04 04:00:00,137.0946807861328,56.522918701171875,47.320247650146484,162.64158630371094,476.4371337890625
2023-04-05 04:00:00,138.03460693359375,57.05898666381836,48.104461669921875,164.24252319335938,475.86279296875
2023-04-06 04:00:00,138.91065979003906,57.09532165527344,48.467647552490234,164.886474609375,465.1897277832031
2023-04-10 04:00:00,137.76080322265625,56.95903778076172,48.37445068359375,163.84898376464844,472.70391845703125
2023-04-11 04:00:00,137.487060546875,56.85909652709961,48.233028411865234,163.5985565185547,477.3177185058594
2023-04-12 04:00:00,137.86117553710938,56.95903778076172,47.9984016418457,163.27658081054688,468.4155578613281
2023-04-13 04:00:00,138.50001525878906,57.37698745727539,48.04661560058594,164.9043426513672,476.5902099609375
2023-04-14 04:00:00,137.7973175048828,57.28612518310547,47.72199249267578,164.12625122070312,470.2821044921875
2023-04-17 04:00:00,137.8429718017578,57.65864562988281,48.056251525878906,164.96694946289062,472.8092041015625
2023-04-18 04:00:00,137.9889678955078,57.74950408935547,48.16231918334961,165.3068084716797,475.6425476074219
2023-04-19 04:00:00,138.01637268066406,57.8585319519043,48.2137451171875,165.2084503173828,474.8097839355469
2023-04-20 04:00:00,138.52232360839844,58.11294174194336,48.52229309082031,165.75399780273438,483.95123291015625
2023-04-21 04:00:00,143.3157501220703,58.19470977783203,48.76655578613281,165.82557678222656,484.6883544921875
2023-04-24 04:00:00,143.57284545898438,58.103851318359375,49.09759521484375,165.9060516357422,489.54144287109375
2023-04-25 04:00:00,143.60958862304688,58.01299285888672,48.71513366699219,169.67138671875,481.64434814453125
2023-04-26 04:00:00,141.94749450683594,57.740421295166016,48.50300216674805,168.6249237060547,473.4984436035156
2023-04-27 04:00:00,143.6830596923828,57.8585319519043,48.65406799316406,169.65345764160156,479.82562255859375
2023-04-28 04:00:00,143.60040283203125,58.285579681396484,48.52229309082031,170.72671508789062,481.692138671875
2023-05-01 04:00:00,143.77487182617188,58.42185592651367,48.721553802490234,171.43324279785156,472.4742126464844
2023-05-02 04:00:00,143.64630126953125,58.15837097167969,48.589786529541016,171.94305419921875,473.64202880859375
2023-05-03 04:00:00,143.462646484375,57.831275939941406,48.4098014831543,171.8804473876953,469.0951843261719
2023-05-04 04:00:00,142.80148315429688,57.89487838745117,48.54530334472656,172.95370483398438,470.3421325683594
2023-05-05 04:00:00,143.27903747558594,58.167457580566406,48.9647216796875,173.74966430664062,478.7065124511719
2023-05-08 04:00:00,142.608642578125,58.07659149169922,49.271202087402344,172.9268798828125,478.7065124511719
2023-05-09 04:00:00,141.14862060546875,57.59504318237305,49.35508728027344,173.6334228515625,480.365966796875
2023-05-10 04:00:00,141.44247436523438,57.69499206542969,49.21635818481445,173.74966430664062,479.2820739746094
2023-05-11 04:00:00,141.77301025390625,58.0220832824707,49.400264739990234,174.70668029785156,481.4211730957031
2023-05-12 04:00:00,143.21473693847656,58.249229431152344,49.38412094116211,175.40428161621094,483.51220703125
2023-05-15 04:00:00,143.26063537597656,58.094764709472656,49.00020217895508,173.74966430664062,481.5650634765625
2023-05-16 04:00:00,143.0126953125,57.44059371948242,48.32268524169922,172.99839782714844,475.91522216796875
2023-05-17 04:00:00,142.40664672851562,57.37698745727539,48.24203109741211,171.7731170654297,474.8121337890625
2023-05-18 04:00:00,140.06503295898438,57.05898666381836,48.8679313659668,171.325927734375,477.7857360839844
2023-05-19 04:00:00,140.6527099609375,57.08623504638672,48.3646354675293,171.57635498046875,476.2701416015625
2023-05-22 04:00:00,136.97039794921875,55.886905670166016,47.93876266479492,166.92559814453125,471.8097839355469
2023-05-23 04:00:00,135.4919891357422,55.78696823120117,47.84843444824219,166.41583251953125,465.09527587890625
2023-05-24 04:00:00,134.3717041015625,55.31450271606445,47.62904739379883,165.36045837402344,463.0713806152344
2023-05-25 04:00:00,133.50851440429688,54.887474060058594,47.154788970947266,164.38560485839844,466.7066650390625
2023-05-26 04:00:00,133.51768493652344,54.751182556152344,47.23867416381836,164.1888427734375,486.5721130371094
2023-05-30 04:00:00,131.47909545898438,54.3150634765625,47.122528076171875,162.42694091796875,487.31072998046875
2023-05-31 04:00:00,130.8546905517578,54.20603561401367,47.38385772705078,163.08880615234375,490.6967468261719
2023-06-01 04:00:00,132.19537353515625,54.514949798583984,47.558067321777344,164.08396911621094,491.6943359375
2023-06-02 04:00:00,134.54617309570312,55.56890869140625,48.012969970703125,165.76808166503906,491.6847839355469
2023-06-05 04:00:00,134.01358032226562,55.19637680053711,48.329139709472656,165.8852081298828,497.11395263671875
2023-06-06 04:00:00,132.68209838867188,54.7966194152832,48.32268524169922,163.5165557861328,495.205078125
2023-06-07 04:00:00,132.9667205810547,54.714839935302734,48.393672943115234,162.21066284179688,490.3802490234375
2023-06-08 04:00:00,134.4727020263672,54.85112380981445,49.0937614440918,164.00291442871094,498.8788757324219
2023-06-09 04:00:00,134.5828857421875,54.94198989868164,49.39058303833008,164.22805786132812,496.1835021972656
2023-06-12 04:00:00,133.5269012451172,54.70575714111328,49.716426849365234,163.82276916503906,499.7228698730469
2023-06-13 04:00:00,133.20550537109375,54.92381286621094,50.10357666015625,163.49851989746094,500.73016357421875
2023-06-14 04:00:00,134.45433044433594,55.29633331298828,50.61009979248047,164.966552734375,505.69891357421875
2023-06-15 04:00:00,136.31845092773438,56.056190490722656,50.88755416870117,167.25411987304688,507.5981140136719
2023-06-16 04:00:00,137.31935119628906,56.459022521972656,50.17778396606445,167.5513153076172,502.293701171875
2023-06-20 04:00:00,136.0521697998047,56.08366775512695,49.735782623291016,166.89389038085938,498.50482177734375
2023-06-21 04:00:00,137.22755432128906,56.239295959472656,49.832576751708984,167.001953125,498.42803955078125
2023-06-22 04:00:00,137.6958465576172,56.623809814453125,50.24876022338867,168.7311248779297,502.8212585449219
2023-06-23 04:00:00,136.32763671875,56.02872848510742,50.15520095825195,167.57835388183594,503.0513916015625
2023-06-26 04:00:00,136.46539306640625,56.04704666137695,50.02292251586914,166.51564025878906,502.07305908203125
2023-06-27 04:00:00,137.76014709472656,55.928035736083984,49.84225082397461,167.7134552001953,508.7012939453125
2023-06-28 04:00:00,137.7325897216797,55.406192779541016,50.113258361816406,165.44387817382812,511.0705261230469
2023-06-29 04:00:00,137.17247009277344,54.948448181152344,49.774497985839844,165.60598754882812,510.0056457519531
2023-06-30 04:00:00,139.33958435058594,55.13154220581055,50.710113525390625,166.8128204345703,516.4229736328125
2023-07-03 04:00:00,140.03749084472656,55.461124420166016,51.039188385009766,167.15504455566406,518.9744262695312
2023-07-05 04:00:00,139.7987060546875,55.87309646606445,51.010154724121094,168.03765869140625,519.0609130859375
2023-07-06 04:00:00,139.5691680908203,55.442813873291016,50.687530517578125,168.05569458007812,515.4541625976562
2023-07-07 04:00:00,136.63986206054688,54.710411071777344,49.51962661743164,164.885498046875,503.6365661621094
2023-07-10 04:00:00,136.69497680664062,54.298439025878906,49.968074798583984,165.9842987060547,505.5167236328125
2023-07-11 04:00:00,135.9786834716797,54.49068832397461,49.89387130737305,165.69607543945312,508.0393371582031
2023-07-12 04:00:00,136.685791015625,54.783653259277344,50.01969528198242,164.966552734375,516.0582885742188
2023-07-13 04:00:00,136.777587890625,55.250553131103516,49.72610855102539,168.8932647705078,516.4901123046875
2023-07-14 04:00:00,137.78768920898438,55.75408935546875,49.8971061706543,169.50572204589844,524.4036865234375
2023-07-17 04:00:00,136.8143310546875,55.671688079833984,49.95840072631836,167.18209838867188,530.408447265625
2023-07-18 04:00:00,137.07147216796875,55.45197296142578,49.86806106567383,166.11935424804688,531.0125732421875
2023-07-19 04:00:00,138.00807189941406,56.431556701660156,49.88420104980469,167.74948120117188,531.5113525390625
2023-07-20 04:00:00,139.1271209716797,57.11818313598633,50.80689239501953,170.48736572265625,534.2453002929688
2023-07-21 04:00:00,141.317138671875,57.16395950317383,51.094032287597656,171.26190185546875,535.1084594726562
2023-07-24 04:00:00,141.7699432373047,57.18225860595703,51.394081115722656,171.94635009765625,540.930908203125
2023-07-25 04:00:00,142.10260009765625,56.99000549316406,51.35213088989258,172.3426513671875,542.1395263671875
2023-07-26 04:00:00,142.2504425048828,57.722412109375,51.536033630371094,172.55880737304688,543.0795288085938
2023-07-27 04:00:00,140.55941772460938,57.16395950317383,51.34891128540039,169.7938995361328,538.9165649414062
2023-07-28 04:00:00,144.53289794921875,57.200584411621094,51.59087371826172,171.39698791503906,540.3458862304688
2023-07-31 04:00:00,144.43124389648438,56.697052001953125,51.574745178222656,168.83021545410156,537.8038330078125
2023-08-01 04:00:00,144.38504028320312,56.550575256347656,51.33277893066406,168.2538299560547,532.8159790039062
2023-08-02 04:00:00,144.69923400878906,56.72451400756836,51.368263244628906,169.59573364257812,529.8233032226562
2023-08-03 04:00:00,145.07809448242188,56.431556701660156,51.381168365478516,168.5240020751953,534.9454345703125
2023-08-04 04:00:00,143.48870849609375,55.580135345458984,51.084354400634766,166.25445556640625,529.5257568359375
2023-08-07 04:00:00,145.00418090820312,56.01957702636719,51.77800369262695,168.31686401367188,535.6361083984375
2023-08-08 04:00:00,145.16127014160156,55.77239227294922,51.82961654663086,166.1103515625,533.439453125
2023-08-09 04:00:00,144.9764404296875,55.900569915771484,51.91350173950195,165.69607543945312,536.8734130859375
2023-08-10 04:00:00,144.2556915283203,55.77239227294922,51.88759994506836,165.48895263671875,538.59033203125
2023-08-11 04:00:00,145.09658813476562,56.00126266479492,52.19194412231445,165.75009155273438,540.0004272460938
2023-08-14 04:00:00,143.95997619628906,55.735774993896484,51.80341720581055,165.37184143066406,538.5711669921875
2023-08-15 04:00:00,143.035888671875,55.36042404174805,51.537925720214844,163.32742309570312,535.7320556640625
2023-08-16 04:00:00,141.57589721679688,55.36957550048828,51.56382751464844,163.20135498046875,536.25
2023-08-17 04:00:00,140.55941772460938,55.48858642578125,50.407962799072266,160.71563720703125,524.7969360351562
2023-08-18 04:00:00,140.9567413330078,55.79986572265625,51.133209228515625,160.47247314453125,522.7154541015625
2023-08-21 04:00:00,140.24526977539062,55.323795318603516,50.997230529785156,159.45477294921875,521.0560302734375
2023-08-22 04:00:00,140.3007049560547,54.98505783081055,50.83534240722656,158.23895263671875,516.413330078125
2023-08-23 04:00:00,141.61285400390625,55.17732620239258,51.18825912475586,160.41839599609375,518.8017578125
2023-08-24 04:00:00,140.9567413330078,55.03084182739258,50.79648971557617,159.5718231201172,510.98876953125
2023-08-25 04:00:00,141.8808135986328,55.287174224853516,51.09759521484375,161.5892333984375,513.1990966796875
2023-08-28 04:00:00,142.10260009765625,55.442813873291016,51.38899612426758,162.33673095703125,515.2940673828125
2023-08-29 04:00:00,142.18577575683594,55.38788604736328,51.819602966308594,162.9491729736328,521.61767578125
2023-08-30 04:00:00,142.34288024902344,55.36042404174805,52.19194412231445,163.08425903320312,521.1276245117188
2023-08-31 04:00:00,142.62005615234375,54.774505615234375,52.648468017578125,161.3656005859375,527.8739624023438
2023-09-01 04:00:00,142.7771453857422,54.298439025878906,52.31174087524414,159.00747680664062,523.0399780273438
2023-09-05 04:00:00,140.8643798828125,53.8498420715332,51.89083480834961,157.95541381835938,523.5012817382812
2023-09-06 04:00:00,140.58714294433594,53.8132209777832,52.27936935424805,158.47238159179688,525.384765625
2023-09-07 04:00:00,141.92701721191406,53.4012451171875,52.926910400390625,159.9870147705078,527.2395629882812
2023-09-08 04:00:00,141.317138671875,53.4012451171875,53.02404022216797,159.86907958984375,529.7095947265625
2023-09-11 04:00:00,142.99896240234375,53.9047737121582,53.20859146118164,162.28158569335938,537.0037231445312
2023-09-12 04:00:00,140.4854736328125,53.373775482177734,53.26686477661133,161.6830291748047,537.01318359375
2023-09-13 04:00:00,141.4650115966797,53.501949310302734,53.27981948852539,162.96185302734375,537.945556640625
2023-09-14 04:00:00,143.0174102783203,53.944881439208984,53.50321960449219,164.3675994873047,542.76025390625
2023-09-15 04:00:00,141.81617736816406,53.46503829956055,53.305721282958984,163.10690307617188,534.6779174804688
2023-09-18 04:00:00,142.3520965576172,53.79722595214844,52.91072082519531,162.68972778320312,540.7902221679688
2023-09-19 04:00:00,141.936279296875,53.68650817871094,52.897769927978516,161.72837829589844,542.3565673828125
2023-09-20 04:00:00,141.81617736816406,53.92641830444336,53.069358825683594,161.7827911376953,541.8568115234375
2023-09-21 04:00:00,140.58714294433594,53.0959358215332,52.42506408691406,159.06192016601562,533.4478759765625
2023-09-22 04:00:00,140.06968688964844,53.15129470825195,52.56428909301758,158.962158203125,536.8211669921875
2023-09-25 04:00:00,139.21954345703125,52.59763717651367,52.797393798828125,158.10958862304688,536.849853515625
2023-09-26 04:00:00,137.98130798339844,52.1639404296875,52.61285400390625,156.468017578125,531.41064453125
2023-09-27 04:00:00,136.1516571044922,51.62873458862305,52.36030960083008,153.79251098632812,541.5685424804688
2023-09-28 04:00:00,135.22756958007812,51.499549865722656,52.625797271728516,153.72901916503906,546.4697875976562
2023-09-29 04:00:00,134.7840118408203,51.65641784667969,51.780765533447266,153.67459106445312,542.9428100585938
2023-10-02 04:00:00,134.16488647460938,51.195030212402344,51.83579635620117,153.42971801757812,549.0454711914062
2023-10-03 04:00:00,134.442138671875,50.64137268066406,51.50878143310547,152.09646606445312,543.0195922851562
2023-10-04 04:00:00,134.8856658935547,50.78902053833008,52.127193450927734,153.1939239501953,549.516357421875
2023-10-05 04:00:00,132.88046264648438,48.33445739746094,51.505550384521484,145.20361328125,547.3251342773438
2023-10-06 04:00:00,133.1484375,49.035770416259766,50.641075134277344,145.37594604492188,535.8024291992188
2023-10-09 04:00:00,132.47386169433594,48.79584884643555,50.45652770996094,146.34642028808594,537.186279296875
2023-10-10 04:00:00,133.78604125976562,49.857017517089844,51.0263671875,149.10353088378906,540.1847534179688
2023-10-11 04:00:00,132.14122009277344,49.561737060546875,51.2303466796875,147.48915100097656,543.4810180664062
2023-10-12 04:00:00,132.4368896484375,48.73125457763672,51.46345901489258,143.37158203125,541.8087768554688
2023-10-13 04:00:00,133.70286560058594,48.80506896972656,51.74837875366211,145.1129150390625,544.7496337890625
2023-10-16 04:00:00,134.9780731201172,49.30335998535156,52.19518280029297,146.0924530029297,549.939208984375
2023-10-17 04:00:00,135.15365600585938,49.8939323425293,52.26317596435547,145.44851684570312,551.9573974609375
2023-10-18 04:00:00,138.6373748779297,49.8754768371582,52.30201721191406,146.9540557861328,552.2456665039062
2023-10-19 04:00:00,137.85719299316406,50.15230941772461,52.05271911621094,145.6208038330078,543.5867919921875
2023-10-20 04:00:00,137.6712188720703,50.355316162109375,51.401939392089844,145.1129150390625,531.3817749023438
2023-10-23 04:00:00,137.76419067382812,49.903167724609375,52.130428314208984,145.18548583984375,530.7666015625
2023-10-24 04:00:00,139.3915252685547,51.34267807006836,52.855674743652344,147.09918212890625,530.3342895507812
2023-10-25 04:00:00,140.04244995117188,51.78561019897461,52.697025299072266,147.24429321289062,528.5562133789062
2023-10-26 04:00:00,139.29852294921875,51.47186279296875,52.37649154663086,146.39175415039062,526.2593383789062
2023-10-27 04:00:00,136.8435821533203,50.97357177734375,52.182228088378906,144.7682647705078,521.8675537109375
2023-10-30 04:00:00,138.79640197753906,51.81328582763672,52.78120803833008,147.18075561523438,533.2556762695312
2023-10-31 04:00:00,139.5124053955078,52.12702941894531,52.9074821472168,148.08773803710938,530.9108276367188
2023-11-01 04:00:00,139.121826171875,52.08088684082031,53.380191802978516,149.52978515625,535.100830078125
2023-11-02 04:00:00,140.8235626220703,52.68069076538086,53.590633392333984,151.30743408203125,535.2837524414062
2023-11-03 04:00:00,139.54957580566406,52.35771560668945,53.31219482421875,151.27113342285156,540.0303344726562
2023-11-06 05:00:00,140.3585968017578,52.5699577331543,53.3834228515625,151.18951416015625,548.6185302734375
2023-11-07 05:00:00,140.0331573486328,52.76374053955078,53.632728576660156,151.62486267089844,550.0145263671875
2023-11-08 05:00:00,139.49380493164062,52.68069076538086,53.19563674926758,151.81533813476562,546.269287109375
2023-11-09 05:00:00,139.8099822998047,52.28390121459961,53.07260513305664,150.69979858398438,542.3120727539062
2023-11-10 05:00:00,140.79566955566406,52.33926773071289,53.80756759643555,151.38905334472656,555.6469116210938
2023-11-13 05:00:00,141.7720489501953,52.533042907714844,54.289981842041016,152.16000366210938,556.7154541015625
2023-11-14 05:00:00,141.4558868408203,52.68991470336914,54.2802734375,152.46835327148438,568.81787109375
2023-11-15 05:00:00,140.80494689941406,52.791419982910156,54.969905853271484,151.6883544921875,574.575439453125
2023-11-16 05:00:00,142.11611938476562,52.736061096191406,50.52128219604492,152.1055450439453,557.0525512695312
2023-11-17 05:00:00,140.4794921875,52.837554931640625,50.29787826538086,151.2439727783203,555.6756591796875
2023-11-20 05:00:00,139.73558044433594,52.96674728393555,50.28169250488281,151.02627563476562,559.1898803710938
2023-11-21 05:00:00,139.121826171875,53.5480842590332,50.4630012512207,152.1871795654297,562.5595703125
2023-11-22 05:00:00,140.43299865722656,53.907962799072266,50.077720642089844,153.47506713867188,567.1619262695312
2023-11-24 05:00:00,140.7677764892578,54.046382904052734,50.52775955200195,153.61111450195312,569.35693359375
2023-11-27 05:00:00,140.63760375976562,53.944881439208984,50.75764083862305,152.6588134765625,572.7653198242188
2023-11-28 05:00:00,141.6139678955078,54.05561065673828,51.363094329833984,153.14857482910156,571.8988037109375
2023-11-29 05:00:00,140.5352783203125,53.73263931274414,50.53423309326172,151.6067352294922,565.9872436523438
2023-11-30 05:00:00,142.7577362060547,54.355812072753906,50.407962799072266,153.7954559326172,570.6856079101562
2023-12-01 05:00:00,141.95802307128906,54.541839599609375,49.970882415771484,154.16099548339844,574.0650634765625
2023-12-04 05:00:00,141.40008544921875,54.47673416137695,49.95792770385742,154.57225036621094,576.7897338867188
2023-12-05 05:00:00,136.4716339111328,54.5604362487793,50.42091369628906,153.4755859375,582.8264770507812
2023-12-06 05:00:00,136.36935424804688,54.504638671875,49.87374496459961,153.0826416015625,584.8291015625
2023-12-07 05:00:00,136.22987365722656,54.634857177734375,49.54551696777344,153.03695678710938,588.2180786132812
2023-12-08 05:00:00,134.97450256347656,54.513938903808594,49.02555847167969,151.41024780273438,588.054443359375
2023-12-11 05:00:00,135.59754943847656,54.91388702392578,49.1490478515625,153.36595153808594,600.6478271484375
2023-12-12 05:00:00,135.70913696289062,55.267330169677734,49.188053131103516,153.95993041992188,606.0779418945312
2023-12-13 05:00:00,138.1640167236328,55.74168014526367,50.062225341796875,157.19505310058594,618.11279296875
2023-12-14 05:00:00,134.51885986328125,54.91388702392578,49.45127487182617,153.75892639160156,607.310302734375
2023-12-15 05:00:00,133.867919921875,54.504638671875,49.636512756347656,152.6165771484375,634.3070068359375
2023-12-18 05:00:00,135.9229736328125,54.89529037475586,50.361202239990234,154.36207580566406,655.8927612304688
2023-12-19 05:00:00,135.9229736328125,54.71855926513672,50.543182373046875,153.4847412109375,652.5230712890625
2023-12-20 05:00:00,133.8214569091797,53.583824157714844,49.95173645019531,151.41940307617188,636.4058227539062
2023-12-21 05:00:00,134.14688110351562,53.9372673034668,50.30595016479492,152.589111328125,640.4111328125
2023-12-22 05:00:00,135.09539794921875,54.244205474853516,50.907161712646484,153.2379913330078,646.6114501953125
2023-12-26 05:00:00,135.70913696289062,54.467430114746094,50.829166412353516,154.3163604736328,649.5191650390625
2023-12-27 05:00:00,135.8207244873047,54.6069450378418,51.3068733215332,154.8098602294922,656.5892333984375
2023-12-28 05:00:00,135.5138397216797,54.6441535949707,51.20613098144531,154.80075073242188,652.9458618164062
2023-12-29 05:00:00,136.26708984375,54.81157302856445,51.23213195800781,155.2119598388672,649.9720458984375
2024-01-02 05:00:00,138.31288146972656,55.63937759399414,51.765098571777344,158.01754760742188,640.6864624023438
2024-01-03 05:00:00,137.47592163085938,55.76958465576172,51.768341064453125,158.0540771484375,634.81787109375
2024-01-04 05:00:00,138.22915649414062,55.583560943603516,51.267879486083984,156.7015838623047,638.4216918945312
2024-01-05 05:00:00,137.08535766601562,55.499847412109375,50.92665481567383,154.3894805908203,645.9644165039062
2024-01-08 05:00:00,138.2663116455078,55.90910720825195,51.42711639404297,154.54483032226562,651.5574340820312
2024-01-09 05:00:00,138.8335723876953,55.80678939819336,51.77158737182617,152.77191162109375,656.96337890625
2024-01-10 05:00:00,139.42869567871094,55.99281692504883,52.415035247802734,152.54344177246094,662.4578857421875
2024-01-11 05:00:00,139.958740234375,55.63007354736328,52.35654830932617,151.8214874267578,663.265380859375
2024-01-12 05:00:00,140.04244995117188,56.16953659057617,52.42478942871094,152.86329650878906,672.7774047851562
2024-01-16 05:00:00,139.28924560546875,55.797489166259766,52.59052658081055,151.85804748535156,671.05419921875
2024-01-17 05:00:00,139.42869567871094,55.797489166259766,52.343544006347656,152.10479736328125,673.7127685546875
2024-01-18 05:00:00,138.62489318847656,55.95560836791992,53.04873275756836,152.77191162109375,676.7850341796875
2024-01-19 05:00:00,138.0914764404297,55.648677825927734,52.76926040649414,151.50164794921875,684.3276977539062
2024-01-22 05:00:00,138.3628692626953,55.406837463378906,52.77251052856445,150.88934326171875,681.9054565429688
2024-01-23 05:00:00,144.08975219726562,55.667274475097656,52.90574645996094,153.20144653320312,677.0608520507812
2024-01-24 05:00:00,142.3492431640625,54.792972564697266,52.15830993652344,151.33714294433594,675.997314453125
2024-01-25 05:00:00,145.6244354248047,55.02549743652344,52.91874313354492,152.21444702148438,669.4886474609375
2024-01-26 05:00:00,146.11105346679688,55.22081756591797,53.383460998535156,153.40248107910156,676.3617553710938
2024-01-29 05:00:00,146.12974548339844,55.555660247802734,53.63368606567383,153.66749572753906,683.382568359375
2024-01-30 05:00:00,147.37432861328125,55.71377944946289,53.81242370605469,155.01087951660156,690.0093383789062
2024-01-31 05:00:00,147.04681396484375,55.33243179321289,53.701927185058594,154.01480102539062,684.2391967773438
2024-02-01 05:00:00,148.9557647705078,56.71830749511719,54.696353912353516,156.9117431640625,694.7119140625
2024-02-02 05:00:00,147.93577575683594,56.309051513671875,55.10581970214844,156.24464416503906,699.642578125
2024-02-05 05:00:00,148.048095703125,55.84400177001953,54.81009292602539,156.19895935058594,701.2992553710938
2024-02-06 05:00:00,148.74990844726562,55.75098419189453,55.18381118774414,156.65585327148438,700.9344482421875
2024-02-07 05:00:00,148.89962768554688,55.797489166259766,55.04407501220703,156.7015838623047,709.7998657226562
2024-02-08 05:00:00,148.45045471191406,55.648677825927734,55.040828704833984,158.8765869140625,714.1189575195312
2024-02-09 05:00:00,147.30880737304688,55.39754867553711,55.011573791503906,153.2288818359375,713.3695678710938
2024-02-12 05:00:00,147.0187225341797,55.52775955200195,55.34305191040039,155.91563415527344,712.3932495117188
2024-02-13 05:00:00,146.23269653320312,55.20221710205078,54.96608352661133,154.3346405029297,704.3464965820312
2024-02-14 05:00:00,145.63380432128906,55.14641571044922,54.79058837890625,153.09178161621094,712.16650390625
2024-02-15 05:00:00,146.92515563964844,55.24872970581055,55.014827728271484,153.40248107910156,714.4641723632812
2024-02-16 05:00:00,147.3930206298828,55.239418029785156,55.362552642822266,151.9951171875,713.951416015625
2024-02-20 05:00:00,148.3288116455078,56.4578742980957,57.14990234375,154.1244354248047,715.6278076171875
2024-02-21 05:00:00,150.09739685058594,56.96013641357422,56.447967529296875,154.28892517089844,712.994873046875
2024-02-22 05:00:00,150.24713134765625,56.876426696777344,57.0036735534668,153.75892639160156,724.2171020507812
2024-02-23 05:00:00,150.68692016601562,56.92292404174805,57.05241775512695,154.9926300048828,727.6981201171875
2024-02-26 05:00:00,149.92898559570312,56.467166900634766,58.10532760620117,153.76800537109375,735.0153198242188
2024-02-27 05:00:00,149.0680694580078,56.12303161621094,58.095577239990234,153.6766357421875,734.3840942382812
2024-02-28 05:00:00,149.76991271972656,56.17884063720703,58.12482452392578,152.64398193359375,737.589111328125
2024-02-29 05:00:00,148.73123168945312,55.82539367675781,57.140159606933594,152.2526092529297,733.5755615234375
2024-03-01 05:00:00,148.64697265625,55.3696403503418,57.2863883972168,151.56198120117188,739.0485229492188
2024-03-04 05:00:00,149.3113555908203,55.63007354736328,57.8128547668457,152.28025817871094,748.653564453125
2024-03-05 05:00:00,149.08682250976562,55.3603401184082,58.53429412841797,149.21380615234375,749.4127807617188
2024-03-06 05:00:00,149.32073974609375,55.38824462890625,59.05100631713867,150.09783935546875,762.5184936523438
2024-03-07 05:00:00,150.30328369140625,55.28593063354492,58.84627151489258,150.19912719726562,774.6973876953125
2024-03-08 05:00:00,150.05064392089844,55.3603401184082,58.612281799316406,150.14390563964844,715.4995727539062
2024-03-11 04:00:00,151.17355346679688,56.030029296875,59.13874435424805,151.69090270996094,704.1788940429688
2024-03-12 04:00:00,151.5291290283203,56.271846771240234,59.869937896728516,151.51593017578125,726.6627197265625
2024-03-13 04:00:00,151.87539672851562,56.84851837158203,59.74319839477539,152.21580505371094,724.0198974609375
2024-03-14 04:00:00,151.1267547607422,56.72195053100586,59.692325592041016,151.7369384765625,721.8010864257812
2024-03-15 04:00:00,151.01449584960938,56.14066696166992,59.35972595214844,151.62644958496094,715.5687255859375
2024-03-18 04:00:00,150.8553924560547,56.375057220458984,59.53580856323242,157.70401000976562,721.3966674804688
2024-03-19 04:00:00,151.43557739257812,56.46881103515625,59.54558563232422,158.2012939453125,722.0180053710938
2024-03-20 04:00:00,151.5852813720703,56.956329345703125,59.91732406616211,158.25653076171875,730.4494018554688
2024-03-21 04:00:00,151.46363830566406,56.69382095336914,60.11297607421875,158.79981994628906,732.2639770507812
2024-03-22 04:00:00,151.2764892578125,56.71257781982422,59.54558563232422,158.4038543701172,724.6113891601562
2024-03-25 04:00:00,149.90089416503906,56.62820053100586,59.25211715698242,158.93795776367188,720.8248901367188
2024-03-26 04:00:00,150.23780822753906,56.75945281982422,59.19343185424805,159.05764770507812,720.8444213867188
2024-03-27 04:00:00,152.16546630859375,57.21885681152344,59.39885711669922,159.83116149902344,721.9292602539062
2024-03-28 04:00:00,151.82858276367188,57.359493255615234,58.86082077026367,161.15721130371094,722.4715576171875
2024-04-01 04:00:00,150.26583862304688,56.89071273803711,58.69452667236328,159.28790283203125,711.2395629882812
2024-04-02 04:00:00,150.2565155029297,56.39381408691406,57.872798919677734,157.86976623535156,701.4373779296875
2024-04-03 04:00:00,146.12039184570312,56.09379577636719,58.13692855834961,156.2490997314453,695.9050903320312
2024-04-04 04:00:00,145.46536254882812,55.596893310546875,58.20540237426758,156.22145080566406,695.1064453125
2024-04-05 04:00:00,146.07362365722656,55.79377365112305,58.54777908325195,155.7518310546875,703.8238525390625
2024-04-08 04:00:00,146.01744079589844,55.56875991821289,58.479312896728516,156.15701293945312,701.9402465820312
2024-04-09 04:00:00,146.59765625,55.99066162109375,58.48908996582031,157.10549926757812,708.6263427734375
2024-04-10 04:00:00,147.14036560058594,55.2406120300293,59.301029205322266,155.5768585205078,712.5609741210938
2024-04-11 04:00:00,145.8302764892578,55.36250305175781,58.782562255859375,155.0336151123047,722.1954345703125
2024-04-12 04:00:00,145.35304260253906,54.64057922363281,58.83147048950195,154.79415893554688,721.1698608398438
2024-04-15 04:00:00,145.46536254882812,54.50931930541992,58.626041412353516,153.73516845703125,708.320556640625
2024-04-16 04:00:00,145.93324279785156,54.434326171875,58.53799819946289,154.2416534423828,706.0426025390625
2024-04-17 04:00:00,146.87835693359375,54.85621643066406,58.352134704589844,156.0648956298828,705.2733764648438
2024-04-18 04:00:00,148.13755798339844,55.23124313354492,57.97062301635742,158.6340789794922,701.3881225585938
2024-04-19 04:00:00,148.93814086914062,56.412559509277344,58.2347412109375,160.3468780517578,699.6721801757812
2024-04-22 04:00:00,151.19845581054688,56.768829345703125,58.83147048950195,162.492431640625,705.5397338867188
2024-04-23 04:00:00,152.1025848388672,56.85321044921875,57.804325103759766,157.6671905517578,712.659423828125
2024-04-24 04:00:00,153.1385955810547,57.70637893676758,58.56734848022461,163.36724853515625,713.8527221679688
2024-04-25 04:00:00,153.09153747558594,57.884521484375,58.89995574951172,162.69497680664062,712.993408203125
2024-04-26 04:00:00,151.9048309326172,57.884521484375,58.85104751586914,161.6820831298828,720.2235717773438
2024-04-29 04:00:00,152.25331115722656,58.16578674316406,58.92929458618164,162.19775390625,717.4086303710938
2024-04-30 04:00:00,153.70367431640625,57.91264343261719,58.05866241455078,161.98594665527344,714.0206909179688
2024-05-01 04:00:00,153.89205932617188,58.062652587890625,57.56954574584961,161.28610229492188,713.3490600585938
2024-05-02 04:00:00,154.3064422607422,58.11890411376953,58.410831451416016,161.56236267089844,723.4435424804688
2024-05-03 04:00:00,154.89036560058594,58.28767013549805,58.5184326171875,162.20693969726562,734.7628173828125
2024-05-06 04:00:00,154.8715362548828,58.4564208984375,58.56734848022461,161.90304565429688,747.15869140625
2024-05-07 04:00:00,156.11473083496094,58.709564208984375,59.301029205322266,163.92893981933594,761.8361206054688
2024-05-08 04:00:00,155.46485900878906,58.925193786621094,58.98799133300781,163.36724853515625,754.033203125
2024-05-09 04:00:00,156.37843322753906,58.953330993652344,59.329593658447266,163.96575927734375,769.4710693359375
2024-05-10 04:00:00,157.1412811279297,59.309593200683594,59.36886215209961,165.558837890625,777.5210571289062
2024-05-13 04:00:00,156.2183380126953,59.609615325927734,59.300148010253906,166.58099365234375,765.6289672851562
2024-05-14 04:00:00,156.11473083496094,59.15959167480469,58.760257720947266,165.63247680664062,768.3451538085938
2024-05-15 04:00:00,156.82107543945312,59.18771743774414,58.73080825805664,165.25497436523438,777.372802734375
2024-05-16 04:00:00,158.092529296875,59.365848541259766,62.83401107788086,168.6160430908203,783.328857421875
2024-05-17 04:00:00,157.8853302001953,59.09395980834961,63.462257385253906,167.7688751220703,786.03515625
2024-05-20 04:00:00,157.57452392578125,58.662681579589844,63.00088882446289,166.0376739501953,783.2596435546875
2024-05-21 04:00:00,158.5540313720703,58.98145294189453,63.95306396484375,166.74671936035156,791.0922241210938
2024-05-22 04:00:00,158.04542541503906,59.065834045410156,64.05123901367188,167.67677307128906,792.0108032226562
2024-05-23 04:00:00,155.8604736328125,58.21266174316406,63.64876937866211,165.0800018310547,786.5587768554688
2024-05-24 04:00:00,155.70974731445312,58.12828063964844,64.1788330078125,163.9013214111328,799.7842407226562
2024-05-28 04:00:00,153.61892700195312,57.95951843261719,63.8450813293457,159.65623474121094,803.1819458007812
2024-05-29 04:00:00,152.2438507080078,57.847015380859375,63.727298736572266,157.6027069091797,796.6136474609375
2024-05-30 04:00:00,153.11976623535156,58.10015106201172,63.69785690307617,156.98574829101562,805.3253173828125
2024-05-31 04:00:00,154.96571350097656,59.00020980834961,64.55186462402344,159.2141876220703,799.9422607421875
2024-06-03 04:00:00,155.0692901611328,59.00020980834961,64.61076354980469,157.6763916015625,805.3746948242188
2024-06-04 04:00:00,157.2919921875,59.94713592529297,65.37643432617188,160.1258544921875,817.2273559570312
2024-06-05 04:00:00,156.3878631591797,59.928382873535156,65.85741424560547,159.75750732421875,824.0523681640625
2024-06-06 04:00:00,158.6670379638672,60.14402770996094,65.91633605957031,159.49046325683594,832.2899780273438
2024-06-07 04:00:00,157.3390655517578,59.91900634765625,64.66966247558594,158.7433319091797,835.1939086914062
2024-06-10 04:00:00,157.61219787597656,59.61899185180664,65.72982788085938,153.97286987304688,837.919921875
2024-06-11 04:00:00,157.73464965820312,59.58148956298828,65.50404357910156,153.20252990722656,838.8779907226562
2024-06-12 04:00:00,155.56845092773438,58.953330993652344,65.09174346923828,152.05169677734375,837.396484375
2024-06-13 04:00:00,156.72689819335938,59.056453704833984,65.47460174560547,151.58763122558594,835.5692138671875
2024-06-14 04:00:00,157.0847930908203,59.09897232055664,65.78871154785156,152.03314208984375,845.1599731445312
2024-06-17 04:00:00,157.75347900390625,59.16511154174805,66.18135833740234,154.19564819335938,857.2496337890625
2024-06-18 04:00:00,158.7517852783203,59.174560546875,66.3580551147461,154.5111846923828,860.0548095703125
2024-06-20 04:00:00,157.91355895996094,58.749385833740234,66.76052856445312,154.69680786132812,851.8468017578125
2024-06-21 04:00:00,158.46925354003906,59.30683517456055,66.6623764038086,155.253662109375,837.890380859375
2024-06-24 04:00:00,158.64820861816406,60.44063186645508,67.6341781616211,155.99615478515625,837.7421264648438
2024-06-25 04:00:00,157.1412811279297,60.31779861450195,66.18135833740234,155.3186492919922,845.0018920898438
2024-06-26 04:00:00,157.70639038085938,60.51621627807617,67.03539276123047,154.75250244140625,846.3155517578125
2024-06-27 04:00:00,156.92466735839844,60.383941650390625,66.6329116821289,154.30697631835938,840.1718139648438
2024-06-28 04:00:00,155.32359313964844,60.138282775878906,66.4660415649414,153.0725860595703,839.5497436523438
2024-07-01 04:00:00,153.25160217285156,59.788692474365234,66.24026489257812,151.17926025390625,835.2828369140625
2024-07-02 04:00:00,154.36294555664062,59.665870666503906,66.8194351196289,151.81967163085938,848.8045654296875
2024-07-03 04:00:00,154.29701232910156,59.835941314697266,66.98629760742188,150.91012573242188,852.0640258789062
2024-07-05 04:00:00,155.5967254638672,60.242218017578125,68.75323486328125,152.57142639160156,874.7914428710938
2024-07-08 04:00:00,156.83050537109375,59.48635482788086,68.39984130859375,150.4646453857422,870.0208129882812
2024-07-09 04:00:00,156.0205535888672,59.23125076293945,68.61579895019531,150.26043701171875,875.9569702148438
2024-07-10 04:00:00,157.0941925048828,59.363525390625,69.11644744873047,151.82894897460938,873.4481811523438
2024-07-11 04:00:00,155.9075164794922,59.618629455566406,68.51764678955078,152.1630859375,836.19140625
2024-07-12 04:00:00,156.91526794433594,60.18552780151367,67.96793365478516,154.4183807373047,832.5467529296875
2024-07-15 04:00:00,155.00338745117188,59.911529541015625,68.33113098144531,152.0795440673828,838.3051147460938
2024-07-16 04:00:00,157.23545837402344,60.72407531738281,68.70414733886719,152.91481018066406,840.3201904296875
2024-07-17 04:00:00,159.58058166503906,61.612220764160156,69.72504425048828,157.676025390625,835.8853149414062
2024-07-18 04:00:00,158.63877868652344,61.593318939208984,69.51890563964844,158.12152099609375,829.0601806640625
2024-07-19 04:00:00,159.13809204101562,61.687801361083984,69.45018005371094,157.18414306640625,827.8352661132812
2024-07-22 04:00:00,159.41287231445312,61.19648361206055,69.08698272705078,155.60635375976562,837.01123046875
2024-07-23 04:00:00,157.8684844970703,61.376007080078125,69.35202026367188,154.3255615234375,841.6437377929688
2024-07-24 04:00:00,159.17599487304688,62.179100036621094,69.30294799804688,156.07968139648438,820.6150512695312
2024-07-25 04:00:00,158.13375854492188,62.42476272583008,68.73359680175781,158.72476196289062,805.9278564453125
2024-07-26 04:00:00,160.2276611328125,63.3506965637207,68.49800872802734,160.33041381835938,808.7071533203125
2024-07-29 04:00:00,161.00462341308594,63.14284133911133,68.34095001220703,160.75732421875,806.6893310546875
2024-07-30 04:00:00,153.20687866210938,63.94594192504883,67.9188461303711,160.7294921875,801.219482421875
2024-07-31 04:00:00,152.31625366210938,63.05780029296875,67.37895202636719,160.2561492919922,813.0593872070312
2024-08-01 04:00:00,156.98731994628906,64.21050262451172,68.5078353881836,162.3815155029297,808.0050048828125
2024-08-02 04:00:00,161.14675903320312,65.50489807128906,67.20225524902344,165.2400665283203,813.1384887695312
2024-08-05 04:00:00,159.23284912109375,64.34276580810547,66.3482437133789,161.52764892578125,793.1087646484375
2024-08-06 04:00:00,159.2612762451172,64.29553985595703,66.49549102783203,160.08909606933594,807.9949951171875
2024-08-07 04:00:00,161.08990478515625,64.68290710449219,65.68073272705078,159.43943786621094,801.486572265625
2024-08-08 04:00:00,161.895263671875,64.93802642822266,66.41696166992188,159.9777069091797,830.2998046875
2024-08-09 04:00:00,161.58258056640625,64.89075469970703,66.70162200927734,159.99627685546875,845.6311645507812
2024-08-12 04:00:00,158.04847717285156,64.40890502929688,67.4378433227539,159.0960235595703,854.1771850585938
2024-08-13 04:00:00,158.50328063964844,64.68290710449219,66.8783187866211,159.9777069091797,855.4136352539062
2024-08-14 04:00:00,159.93397521972656,64.79627990722656,67.3985824584961,161.2213897705078,853.3265991210938
2024-08-15 04:00:00,159.10020446777344,64.86241912841797,71.83554077148438,160.11695861816406,867.8073120117188
2024-08-16 04:00:00,159.07177734375,65.36318969726562,72.30609893798828,160.20974731445312,861.1209106445312
2024-08-19 04:00:00,159.57394409179688,65.1742172241211,72.5718994140625,161.323486328125,862.8616333007812
2024-08-20 04:00:00,161.4594268798828,65.55213928222656,73.3791275024414,163.20753479003906,866.6698608398438
2024-08-21 04:00:00,161.22254943847656,65.73165893554688,74.0682144165039,162.61354064941406,871.8330078125
2024-08-22 04:00:00,161.2130584716797,65.50489807128906,74.40292358398438,163.10543823242188,868.0150146484375
2024-08-23 04:00:00,160.28456115722656,65.93952178955078,74.52105712890625,163.22607421875,869.6470947265625
2024-08-26 04:00:00,161.40257263183594,66.93159484863281,74.8459243774414,163.31890869140625,882.802490234375
2024-08-27 04:00:00,160.36033630371094,67.55519104003906,74.9443588256836,162.69708251953125,899.01416015625
2024-08-28 04:00:00,160.18032836914062,67.79138946533203,74.89513397216797,161.416259765625,878.390869140625
2024-08-29 04:00:00,161.09938049316406,68.07484436035156,75.2298355102539,159.7178497314453,876.9863891601562
2024-08-30 04:00:00,162.53004455566406,68.47167205810547,76.0272445678711,160.45106506347656,882.6738891601562
2024-09-03 04:00:00,165.35353088378906,68.98187255859375,75.96815490722656,164.77603149414062,869.0140991210938
2024-09-04 04:00:00,166.6610565185547,68.55669403076172,76.03707122802734,165.68557739257812,880.3394775390625
2024-09-05 04:00:00,166.2536163330078,67.24337768554688,75.76143646240234,166.4095001220703,876.343505859375
2024-09-06 04:00:00,166.36734008789062,67.21504974365234,75.44641876220703,165.8437042236328,867.1445922851562
2024-09-09 04:00:00,166.8126678466797,67.88587188720703,76.13551330566406,166.6386260986328,886.739013671875
2024-09-10 04:00:00,168.45179748535156,67.6024169921875,77.5826187133789,166.2832489013672,884.5630493164062
2024-09-11 04:00:00,164.78504943847656,67.15835571289062,77.61215209960938,164.3848419189453,890.6066284179688
2024-09-12 04:00:00,164.3586883544922,67.30009460449219,78.41940307617188,165.75955200195312,905.0775146484375
2024-09-13 04:00:00,164.93666076660156,67.93270111083984,79.34473419189453,165.86241149902344,906.036865234375
2024-09-16 04:00:00,167.93067932128906,68.58909606933594,79.30537414550781,165.72215270996094,897.995361328125
2024-09-17 04:00:00,166.64210510253906,68.3037109375,77.37588500976562,165.40420532226562,887.5106201171875
2024-09-18 04:00:00,164.78504943847656,68.25614166259766,77.7991943359375,163.85179138183594,882.812255859375
2024-09-19 04:00:00,162.53004455566406,67.18116760253906,76.82461547851562,163.33746337890625,890.9429321289062
2024-09-20 04:00:00,165.06932067871094,68.15149688720703,77.82872772216797,160.0830535888672,897.1151123046875
2024-09-23 04:00:00,164.64291381835938,68.23712158203125,79.07894134521484,160.9527587890625,907.1051635742188
2024-09-24 04:00:00,164.14077758789062,67.85660552978516,79.41365051269531,158.90472412109375,891.7342529296875
2024-09-25 04:00:00,163.21224975585938,67.97074890136719,80.13229370117188,158.41844177246094,898.5394287109375
2024-09-26 04:00:00,164.11236572265625,67.92318725585938,78.67533111572266,158.6896209716797,891.6353149414062
2024-09-27 04:00:00,164.43446350097656,68.29419708251953,78.53750610351562,158.9795379638672,875.9874267578125
2024-09-30 04:00:00,164.10289001464844,68.36077880859375,79.4924087524414,159.0263214111328,876.8776245117188
2024-10-01 04:00:00,163.9512939453125,68.21808624267578,80.00430297851562,160.2700653076172,867.8370971679688
2024-10-02 04:00:00,162.89010620117188,67.55218505859375,79.17739868164062,158.55870056152344,868.9744873046875
2024-10-03 04:00:00,161.1846160888672,67.0860366821289,79.17739868164062,157.60484313964844,866.1455078125
2024-10-04 04:00:00,160.009765625,66.7530746459961,79.679443359375,157.0811309814453,873.5046997070312
2024-10-07 04:00:00,158.34222412109375,65.64956665039062,77.86810302734375,156.3704376220703,864.0881958007812
2024-10-08 04:00:00,159.3275909423828,65.81128692626953,78.4686050415039,159.37229919433594,880.735107421875
2024-10-09 04:00:00,160.37928771972656,66.18229675292969,79.14787292480469,161.35488891601562,899.2119750976562
2024-10-10 04:00:00,160.07611083984375,65.87788391113281,78.37017059326172,161.7757110595703,883.9102783203125
2024-10-11 04:00:00,162.1036834716797,66.18229675292969,78.85253143310547,163.47775268554688,879.3602905273438
2024-10-14 04:00:00,163.4490966796875,66.914794921875,79.03958129882812,164.68411254882812,880.0823974609375
2024-10-15 04:00:00,164.45343017578125,66.914794921875,80.3783950805664,164.4970703125,884.8795776367188
2024-10-16 04:00:00,163.32595825195312,67.13359832763672,79.9551010131836,163.1691131591797,877.728271484375
2024-10-17 04:00:00,163.23118591308594,66.49622344970703,79.6302261352539,163.34678649902344,875.6609497070312
2024-10-18 04:00:00,163.2378692626953,67.00994110107422,80.04369354248047,163.71153259277344,879.884521484375
2024-10-21 04:00:00,161.57955932617188,66.0681381225586,79.55148315429688,163.66476440429688,877.1248779296875
2024-10-22 04:00:00,161.7320556640625,66.0681381225586,80.74263000488281,163.06625366210938,883.7717895507812
2024-10-23 04:00:00,161.61769104003906,64.69825744628906,81.97315979003906,161.73828125,889.3899536132812
2024-10-24 04:00:00,161.6558074951172,64.02284240722656,81.74674987792969,160.99952697753906,883.7024536132812
2024-10-25 04:00:00,160.321533203125,63.66133499145508,81.22500610351562,160.6535186767578,881.5263061523438
2024-10-28 04:00:00,161.35086059570312,63.42351150512695,81.46126556396484,158.82992553710938,881.2692260742188
2024-10-29 04:00:00,159.32083129882812,62.36756134033203,80.4276123046875,156.64158630371094,877.3424682617188
2024-10-30 04:00:00,158.3582763671875,62.71003341674805,80.1224365234375,155.4352264404297,869.5283813476562
2024-10-31 04:00:00,157.42428588867188,62.12973403930664,80.67372131347656,155.31365966796875,864.6718139648438
2024-11-01 04:00:00,157.34803771972656,61.8443489074707,80.90998077392578,154.8554229736328,868.9208374023438
2024-11-04 05:00:00,157.32896423339844,61.939476013183594,81.16593170166016,155.55682373046875,877.5970458984375
2024-11-05 05:00:00,157.97703552246094,62.18681335449219,82.37677001953125,156.9689178466797,881.6578369140625
2024-11-06 05:00:00,153.48818969726562,60.59812927246094,82.14051818847656,154.032470703125,890.6510620117188
2024-11-07 05:00:00,155.7373809814453,60.560081481933594,82.54412841796875,153.36851501464844,905.1906127929688
2024-11-08 05:00:00,159.8354949951172,60.80742263793945,83.50887298583984,154.40650939941406,934.7749633789062
2024-11-11 05:00:00,158.23439025878906,60.274688720703125,82.89851379394531,153.6116180419922,923.9594116210938
2024-11-12 05:00:00,158.05328369140625,60.12248229980469,83.66638946533203,153.6864471435547,923.4642333984375
2024-11-13 05:00:00,158.75856018066406,59.932220458984375,84.1684341430664,154.06056213378906,924.80126953125
2024-11-14 05:00:00,159.23507690429688,59.50413131713867,83.15447998046875,154.44395446777344,915.055419921875
2024-11-15 05:00:00,161.57955932617188,58.733577728271484,82.93790435791016,148.33724975585938,898.396240234375
2024-11-18 05:00:00,162.73275756835938,58.84773635864258,82.77055358886719,148.0660858154297,910.7173461914062
2024-11-19 05:00:00,162.74227905273438,59.54218673706055,85.25129699707031,146.56044006347656,921.2555541992188
2024-11-20 05:00:00,162.86618041992188,59.92271041870117,85.822265625,148.44949340820312,919.205322265625
2024-11-21 05:00:00,164.6388397216797,60.65521240234375,87.013427734375,149.9457550048828,946.51171875
2024-11-22 05:00:00,168.00308227539062,60.80742263793945,89.03150177001953,151.4981689453125,954.7918090820312
2024-11-25 05:00:00,169.06097412109375,61.24502182006836,88.10614776611328,152.48008728027344,951.7015991210938
2024-11-26 05:00:00,170.89083862304688,61.40674591064453,89.887939453125,151.64779663085938,962.2100830078125
2024-11-27 05:00:00,170.9384765625,61.29258346557617,90.4490737915039,152.17149353027344,952.355224609375
2024-11-29 05:00:00,170.8431854248047,61.4219856262207,91.0594253540039,152.85415649414062,962.5864868164062
2024-12-02 05:00:00,171.26251220703125,61.009822845458984,91.19723510742188,152.48008728027344,965.6766967773438
2024-12-03 05:00:00,167.1834716796875,60.885215759277344,92.0536880493164,151.2176055908203,972.75830078125
2024-12-04 05:00:00,166.88803100585938,59.629554748535156,92.97903442382812,149.79612731933594,981.4444580078125
2024-12-05 05:00:00,167.76483154296875,60.31010437011719,93.81580352783203,150.08604431152344,972.8672485351562
2024-12-06 05:00:00,165.65859985351562,59.936279296875,94.20957946777344,148.81752014160156,983.1182861328125
2024-12-09 05:00:00,162.7708740234375,60.00337219238281,92.36871337890625,150.4019775390625,978.4136352539062
2024-12-10 05:00:00,164.19088745117188,60.30052185058594,93.07748413085938,150.75094604492188,983.900634765625
2024-12-11 05:00:00,162.61839294433594,60.04171371459961,93.4811019897461,147.85552978515625,985.1783447265625
2024-12-12 05:00:00,162.82803344726562,61.19194030761719,92.6246566772461,149.86441040039062,978.9385986328125
2024-12-13 05:00:00,163.02818298339844,60.50180435180664,92.98773193359375,148.98728942871094,979.889404296875
2024-12-16 05:00:00,163.1044464111328,59.955448150634766,93.59943389892578,147.14817810058594,983.375732421875
2024-12-17 05:00:00,162.33248901367188,60.77019500732422,94.14205169677734,147.26136779785156,972.6889038085938
2024-12-18 05:00:00,161.1411590576172,60.243003845214844,92.29710388183594,145.64857482910156,955.5148315429688
2024-12-19 05:00:00,161.24600219726562,59.859596252441406,92.14910888671875,142.85690307617188,945.6698608398438
2024-12-20 05:00:00,160.16905212402344,59.955448150634766,91.00465393066406,144.10182189941406,944.9468383789062
2024-12-23 05:00:00,160.21670532226562,59.792503356933594,89.13996887207031,142.68711853027344,940.8265380859375
2024-12-24 05:00:00,161.0077362060547,60.233421325683594,91.43875122070312,144.12069702148438,949.6513061523438
2024-12-26 05:00:00,162.17047119140625,59.9746208190918,91.54728698730469,143.771728515625,946.9970092773438
2024-12-27 05:00:00,161.57005310058594,59.859596252441406,90.43241882324219,144.19613647460938,930.7141723632812
2024-12-30 05:00:00,159.24459838867188,59.4570198059082,89.35700988769531,143.09268188476562,913.3914794921875
2024-12-31 05:00:00,159.77830505371094,59.67747497558594,89.13996887207031,143.413330078125,907.5082397460938
2025-01-02 05:00:00,158.1867218017578,59.27490234375,88.7946548461914,141.66856384277344,901.1099853515625
2025-01-03 05:00:00,157.3766326904297,59.18863296508789,89.56421661376953,141.140380859375,907.8152465820312
2025-01-06 05:00:00,153.059326171875,58.287628173828125,90.20549011230469,137.9525909423828,913.8866577148438
2025-01-07 05:00:00,153.72647094726562,58.31637954711914,89.59378814697266,137.13204956054688,912.5595092773438
2025-01-08 05:00:00,154.4888916015625,59.150291442871094,90.57054901123047,138.2072296142578,918.5020751953125
2025-01-10 05:00:00,151.11509704589844,58.53683853149414,91.75447845458984,134.52899169921875,927.9805908203125
2025-01-13 05:00:00,151.3819580078125,59.0927848815918,90.30415344238281,136.28323364257812,915.857666015625
2025-01-14 05:00:00,152.2397003173828,59.46660614013672,89.5740737915039,136.7076416015625,908.458984375
2025-01-15 05:00:00,152.15390014648438,59.207801818847656,90.11669921875,136.5473175048828,914.6691284179688
2025-01-16 05:00:00,152.96401977539062,59.66788864135742,90.07723999023438,138.2072296142578,910.9549560546875
2025-01-17 05:00:00,153.564453125,60.10881423950195,90.70866394042969,139.82000732421875,934.1708374023438
2025-01-21 05:00:00,154.12672424316406,59.83083724975586,91.83340454101562,140.10293579101562,938.6673583984375
2025-01-22 05:00:00,157.00494384765625,59.21738815307617,91.98140716552734,139.6691131591797,935.6663818359375
2025-01-23 05:00:00,158.34873962402344,58.97775650024414,92.5536117553711,140.16896057128906,933.1505737304688
2025-01-24 05:00:00,157.3677978515625,59.35158157348633,93.49089050292969,140.64051818847656,930.6943969726562
2025-01-27 05:00:00,162.67991638183594,61.2206916809082,96.09554290771484,145.81834411621094,956.0198364257812
2025-01-28 05:00:00,159.35264587402344,59.77333450317383,95.98700714111328,141.70626831054688,949.5028076171875
2025-01-29 05:00:00,159.39100646972656,60.223838806152344,96.19420623779297,141.81944274902344,954.8016357421875
2025-01-30 05:00:00,160.52247619628906,61.39323043823242,97.32879638671875,143.262451171875,969.6482543945312
2025-01-31 05:00:00,159.160888671875,60.84687042236328,96.8453598022461,142.1212615966797,970.5098876953125
2025-02-03 05:00:00,161.81690979003906,60.72226333618164,98.2068862915039,141.72512817382812,996.2119140625
2025-02-04 05:00:00,161.2128448486328,60.070472717285156,99.42040252685547,135.3306884765625,1012.0885620117188
2025-02-05 05:00:00,162.05665588378906,60.50180435180664,101.08777618408203,137.37728881835938,1032.9075927734375
2025-02-06 05:00:00,161.9320068359375,60.73185348510742,101.47254943847656,137.0849151611328,1040.9400634765625
2025-02-07 05:00:00,161.0594024658203,61.19194030761719,99.79532623291016,136.35867309570312,1034.97119140625
2025-02-10 05:00:00,160.6375274658203,61.87248992919922,101.54161071777344,136.14178466796875,1052.927734375
2025-02-11 05:00:00,162.4593505859375,64.79597473144531,101.09764862060547,137.35841369628906,1049.3779296875
2025-02-12 05:00:00,162.6031951904297,65.85993194580078,102.22236633300781,135.80226135253906,1056.1005859375
2025-02-13 05:00:00,163.98394775390625,66.6171646118164,103.64308166503906,136.35867309570312,1067.7410888671875
2025-02-14 05:00:00,156.1884307861328,66.01331329345703,102.64662170410156,135.23634338378906,1062.7733154296875
2025-02-18 05:00:00,158.62391662597656,66.18583679199219,102.39009094238281,135.90599060058594,1047.08740234375
2025-02-19 05:00:00,159.6403045654297,67.16352844238281,102.60714721679688,137.51873779296875,1053.5423583984375
2025-02-20 05:00:00,160.33070373535156,67.13477325439453,95.9080810546875,140.62167358398438,1026.06689453125
2025-02-21 05:00:00,163.2264404296875,68.39042663574219,93.51062774658203,144.77146911621094,1026.2652587890625
2025-02-24 05:00:00,163.523681640625,67.66194915771484,92.41549682617188,145.1015625,1026.83056640625
2025-02-25 05:00:00,165.54689025878906,68.52461242675781,96.38166046142578,147.5254364013672,1046.7208251953125
2025-02-26 05:00:00,164.25242614746094,67.86325073242188,94.91161346435547,142.89462280273438,1023.231201171875
2025-02-27 05:00:00,164.89486694335938,67.93035125732422,95.49372100830078,143.37564086914062,1013.0581665039062
2025-02-28 05:00:00,166.6879119873047,68.25623321533203,97.28934478759766,144.74317932128906,1039.730224609375
2025-03-03 05:00:00,168.3659210205078,69.3201904296875,96.28298950195312,147.119873046875,1037.9852294921875
2025-03-04 05:00:00,166.0550537109375,67.27854919433594,93.69808959960938,145.4222412109375,1028.0897216796875
2025-03-05 05:00:00,167.42625427246094,67.1731185913086,94.69457244873047,145.12985229492188,1038.8775634765625
2025-03-06 05:00:00,167.4741973876953,67.53734588623047,93.37250518798828,145.81834411621094,1017.9265747070312
2025-03-07 05:00:00,168.7111053466797,68.46710205078125,90.49161529541016,146.94583129882812,956.1442260742188
2025-03-10 04:00:00,169.0083770751953,68.48627471923828,86.64383697509766,148.6680145263672,926.4974365234375
2025-03-11 04:00:00,165.99754333496094,68.0932846069336,86.2689437866211,144.93824768066406,922.6105346679688
2025-03-12 04:00:00,161.44296264648438,67.0389175415039,84.05892181396484,140.9801025390625,919.2294311523438
2025-03-13 04:00:00,161.6539306640625,66.73219299316406,83.3683090209961,141.14183044433594,883.0781860351562
2025-03-14 04:00:00,161.0594024658203,66.78047180175781,84.20691680908203,141.3797149658203,896.2655639648438
2025-03-17 04:00:00,162.77578735351562,67.70744323730469,86.2886734008789,143.9962615966797,908.8480834960938
2025-03-18 04:00:00,160.81011962890625,66.99288940429688,84.4437026977539,141.7602996826172,890.4452514648438
2025-03-19 04:00:00,161.634765625,66.8963394165039,85.1738052368164,140.92300415039062,896.3944091796875
2025-03-20 04:00:00,160.6566925048828,67.3115463256836,84.66075897216797,140.0095672607422,887.8177490234375
2025-03-21 04:00:00,159.83209228515625,66.30732727050781,85.06144714355469,138.39205932617188,901.5603637695312
2025-03-24 04:00:00,158.83486938476562,66.57768249511719,86.5552978515625,139.34353637695312,918.1981811523438
2025-03-25 04:00:00,156.15008544921875,66.4425048828125,83.8544692993164,138.47769165039062,922.3825073242188
2025-03-26 04:00:00,159.72662353515625,67.61088562011719,84.2996597290039,141.42726135253906,921.8768310546875
2025-03-27 04:00:00,161.76898193359375,68.30609893798828,84.71517181396484,142.40731811523438,930.8005981445312
2025-03-28 04:00:00,161.116943359375,67.94884490966797,84.24031066894531,142.02671813964844,921.7875366210938
2025-03-31 04:00:00,163.40863037109375,69.15583038330078,86.85209655761719,142.66421508789062,937.7711181640625
2025-04-01 04:00:00,163.5428466796875,69.39722442626953,87.88098907470703,142.40731811523438,946.318115234375
2025-04-02 04:00:00,162.5264892578125,68.87580108642578,88.8010482788086,141.88397216796875,956.9075927734375
2025-04-03 04:00:00,165.29757690429688,70.66215515136719,86.3277587890625,144.0248260498047,958.8906860351562
2025-04-04 04:00:00,157.01303100585938,67.52396392822266,82.30123901367188,139.49578857421875,908.71923828125
2025-04-07 04:00:00,153.63784790039062,66.01766204833984,82.93441009521484,136.24176025390625,900.43994140625
2025-04-08 04:00:00,151.87356567382812,66.06593322753906,80.91619873046875,133.4919891357422,901.0546264648438
2025-04-09 04:00:00,155.6418914794922,67.54328918457031,88.64276123046875,138.5252685546875,957.0167236328125
2025-04-10 04:00:00,156.83087158203125,68.3254165649414,89.6419677734375,137.14564514160156,956.1442260742188
2025-04-11 04:00:00,160.0430450439453,68.97236633300781,91.80857849121094,137.4215545654297,955.251708984375
2025-04-14 04:00:00,162.17169189453125,69.95726776123047,93.71796417236328,139.62899780273438,971.027099609375
2025-04-15 04:00:00,161.5388641357422,69.38756561279297,92.96607971191406,135.90872192382812,968.6473388671875
2025-04-16 04:00:00,159.54444885253906,69.2137680053711,90.21577453613281,133.29217529296875,959.5550537109375
2025-04-17 04:00:00,163.6099853515625,70.48834991455078,92.2240982055664,135.90872192382812,986.0785522460938
2025-04-21 04:00:00,159.9214324951172,70.26625061035156,91.42274475097656,134.8525848388672,949.6595458984375
2025-04-22 04:00:00,161.97653198242188,71.35738372802734,93.83667755126953,136.4986572265625,970.9378051757812
2025-04-23 04:00:00,159.90213012695312,70.77803039550781,93.94550323486328,135.3568572998047,967.5765380859375
2025-04-24 04:00:00,153.92015075683594,70.02485656738281,94.81608581542969,128.74412536621094,967.2196044921875
2025-04-25 04:00:00,155.35775756835938,69.43585205078125,94.07410430908203,126.90778350830078,968.8853149414062
2025-04-28 04:00:00,156.15858459472656,69.31997680664062,94.20272827148438,127.2693099975586,970.253662109375
2025-04-29 04:00:00,156.5541534423828,69.86070251464844,95.01396179199219,127.79264068603516,983.3023071289062
2025-04-30 04:00:00,156.85325622558594,70.0538330078125,96.2110366821289,129.0010223388672,986.0785522460938
2025-05-01 04:00:00,154.3543243408203,68.8371810913086,96.36933135986328,127.06951904296875,990.580078125
2025-05-02 04:00:00,154.8753204345703,69.18479919433594,97.69499969482422,127.25982666015625,1001.064208984375
2025-05-05 04:00:00,153.2447967529297,69.23307800292969,98.26881408691406,125.58522033691406,1007.6070556640625
2025-05-06 04:00:00,153.64999389648438,69.25238800048828,97.49714660644531,124.39588165283203,1003.2484741210938
2025-05-07 04:00:00,153.68858337402344,69.90898895263672,97.77416229248047,125.51860046386719,999.9225463867188
2025-05-08 04:00:00,153.07110595703125,68.72130584716797,96.38911437988281,125.0523910522461,1000.4785766601562
2025-05-09 04:00:00,152.1159210205078,68.09367370605469,95.91804504394531,124.11043548583984,1000.8558349609375
2025-05-12 04:00:00,155.24197387695312,67.13773345947266,95.94779968261719,125.29025268554688,1008.8579711914062
2025-05-13 04:00:00,153.14828491210938,66.58734893798828,95.08500671386719,123.98674011230469,991.86083984375
2025-05-14 04:00:00,152.4632568359375,66.78047180175781,96.02713775634766,122.21700286865234,984.424560546875
2025-05-15 04:00:00,156.69888305664062,69.14617156982422,95.55110931396484,125.1189956665039,1003.2186279296875
2025-05-16 04:00:00,157.53826904296875,69.52275085449219,97.4254379272461,125.57569885253906,1018.4684448242188
2025-05-19 04:00:00,158.97589111328125,69.45516204833984,97.30643463134766,125.3949203491211,1026.9173583984375
2025-05-20 04:00:00,159.81529235839844,69.22342681884766,96.98909759521484,125.40445709228516,1029.379638671875
2025-05-21 04:00:00,159.6126708984375,69.37791442871094,95.63044738769531,123.83450317382812,1017.9422607421875
2025-05-22 04:00:00,159.22674560546875,68.69234466552734,95.13459777832031,123.80596160888672,1010.8237915039062
2025-05-23 04:00:00,160.02755737304688,69.30066680908203,95.54119873046875,123.06381225585938,1001.2628784179688
2025-05-27 04:00:00,161.86074829101562,69.3103256225586,96.77091217041016,124.99530029296875,1010.4861450195312
2025-05-28 04:00:00,161.47482299804688,68.70199584960938,96.43373107910156,124.32926177978516,1005.8695678710938
2025-05-29 04:00:00,162.63259887695312,69.0302963256836,96.2948989868164,125.51860046386719,1001.5010986328125
2025-05-30 04:00:00,163.9158477783203,69.61931610107422,97.9014663696289,125.0714340209961,1032.715576171875
2025-06-02 04:00:00,161.88003540039062,69.52275085449219,98.9427490234375,124.5576400756836,1049.265869140625
2025-06-03 04:00:00,160.9827423095703,68.7116470336914,99.15101623535156,125.45201873779297,1048.0147705078125
2025-06-04 04:00:00,160.1143798828125,68.9144287109375,98.52622985839844,125.34735870361328,1044.1429443359375
2025-06-05 04:00:00,157.07518005371094,68.47026062011719,97.14776611328125,124.74791717529297,1003.5562133789062
2025-06-06 04:00:00,158.2522735595703,68.8951187133789,96.66182708740234,125.0778579711914,1007.6566162109375
2025-06-09 04:00:00,156.84361267089844,69.30066680908203,96.64199829101562,125.01053619384766,998.95947265625
2025-06-10 04:00:00,157.11376953125,69.86070251464844,96.51306915283203,126.8093032836914,1000.0416259765625
2025-06-11 04:00:00,156.409423828125,69.59034729003906,95.00568389892578,124.95280456542969,989.626953125
2025-06-12 04:00:00,157.44178771972656,69.7544937133789,94.04371643066406,127.26141357421875,995.5144653320312
2025-06-13 04:00:00,154.64378356933594,69.06404113769531,93.65695190429688,125.86663055419922,983.1041259765625
2025-06-16 04:00:00,155.2227020263672,68.57781982421875,93.50819396972656,126.4052963256836,977.2960205078125
2025-06-17 04:00:00,152.94569396972656,67.7026138305664,93.4685287475586,124.36603546142578,970.7036743164062
2025-06-18 04:00:00,152.4632568359375,67.30390167236328,94.30155944824219,124.15442657470703,967.9039306640625
2025-06-20 04:00:00,153.48599243164062,66.944091796875,95.3230209350586,124.15442657470703,973.2553100585938
2025-06-23 04:00:00,155.36740112304688,67.81930541992188,97.05851745605469,124.17366027832031,997.271728515625
2025-06-24 04:00:00,154.72096252441406,68.27635192871094,97.18743133544922,126.05902862548828,994.7300415039062
2025-06-25 04:00:00,153.37985229492188,67.71233367919922,96.45357513427734,123.1444091796875,979.46044921875
2025-06-26 04:00:00,153.05181884765625,67.55674743652344,95.22384643554688,123.33679962158203,975.8565063476562
2025-06-27 04:00:00,154.23854064941406,68.39305114746094,96.46347045898438,126.04938507080078,978.0704345703125
2025-06-30 04:00:00,153.71754455566406,68.80148315429688,96.96925354003906,127.01129913330078,982.8359985351562
2025-07-01 04:00:00,155.55072021484375,69.69615173339844,97.4254379272461,130.10867309570312,978.8845825195312
2025-07-02 04:00:00,155.53143310546875,68.95708465576172,96.80066680908203,131.28219604492188,975.3104248046875
2025-07-03 04:00:00,155.1744384765625,69.38496398925781,97.54444885253906,130.22410583496094,979.9369506835938
2025-07-07 04:00:00,154.8560333251953,69.05433654785156,98.52622985839844,129.32952880859375,985.0599365234375
2025-07-08 04:00:00,152.3378143310547,68.30553436279297,96.28497314453125,129.8970489501953,978.7654418945312
2025-07-09 04:00:00,151.98085021972656,67.56646728515625,96.0073013305664,129.35838317871094,975.0423583984375
2025-07-10 04:00:00,152.91673278808594,67.84847259521484,94.0734634399414,130.8974609375,963.2078247070312
2025-07-11 04:00:00,151.52737426757812,67.94572448730469,93.6172866821289,130.10867309570312,963.3667602539062
2025-07-14 04:00:00,148.35305786132812,67.55674743652344,94.98583984375,130.40689086914062,973.8707275390625
2025-07-15 04:00:00,147.31103515625,67.44976806640625,94.59907531738281,128.71388244628906,960.73583984375
2025-07-16 04:00:00,148.32411193847656,67.36224365234375,94.3610610961914,130.19525146484375,944.5427856445312
2025-07-17 04:00:00,150.14764404296875,68.6458969116211,94.30155944824219,139.90097045898438,947.0645141601562
2025-07-18 04:00:00,150.6693115234375,67.92627716064453,94.26189422607422,137.78477478027344,944.1257934570312
2025-07-21 04:00:00,150.60130310058594,68.14021301269531,94.87674713134766,136.30340576171875,940.7600708007812
2025-07-22 04:00:00,153.79733276367188,67.74150848388672,95.05525970458984,140.47811889648438,934.8528442382812
2025-07-23 04:00:00,153.7584686279297,67.25527954101562,94.88667297363281,140.1125946044922,934.4358520507812
2025-07-24 04:00:00,154.27333068847656,67.1969223022461,95.79904174804688,139.00640869140625,927.098876953125
2025-07-25 04:00:00,153.7779083251953,67.26500701904297,96.66182708740234,137.98675537109375,928.7667236328125
2025-07-28 04:00:00,152.62188720703125,66.2147445678711,96.80066680908203,136.17837524414062,927.2874755859375
2025-07-29 04:00:00,152.13616943359375,67.46920776367188,97.51470184326172,138.41001892089844,927.8634033203125
2025-07-30 04:00:00,148.51272583007812,66.85657501220703,96.78083038330078,137.4192352294922,920.8540649414062
2025-07-31 04:00:00,146.17156982421875,66.02024841308594,97.1676025390625,132.6673583984375,932.8970336914062
2025-08-01 04:00:00,146.34642028808594,66.96353912353516,97.67337036132812,133.97555541992188,946.9948120117188
2025-08-04 04:00:00,146.45326232910156,67.06078338623047,98.76425170898438,134.2449188232422,949.8281860351562
2025-08-05 04:00:00,146.21041870117188,67.1483154296875,98.486572265625,134.1391143798828,938.1563110351562
2025-08-06 04:00:00,148.49330139160156,67.59563446044922,102.50299072265625,135.43768310546875,962.941650390625
2025-08-07 04:00:00,149.10531616210938,68.49030303955078,102.26497650146484,138.43887329101562,971.7800903320312
2025-08-08 04:00:00,149.12472534179688,68.40277099609375,102.86992645263672,139.6797332763672,975.2896118164062
2025-08-11 04:00:00,150.55274963378906,68.80148315429688,103.06826782226562,139.35267639160156,983.0045776367188
2025-08-12 04:00:00,150.6595916748047,68.76258850097656,102.7608413696289,141.27650451660156,985.5000610351562
2025-08-13 04:00:00,150.970458984375,68.51947021484375,100.15264892578125,143.6620635986328,973.1719970703125
2025-08-14 04:00:00,149.34815979003906,67.63453674316406,100.0137939453125,142.95986938476562,969.7320556640625
2025-08-15 04:00:00,149.950439453125,67.99433898925781,99.40247344970703,144.67208862304688,966.4014892578125
2025-08-18 04:00:00,151.2716064453125,67.22610473632812,100.0982894897461,143.8544464111328,973.6690673828125
2025-08-19 04:00:00,153.87501525878906,68.19856262207031,100.68476867675781,146.36505126953125,975.1603393554688
2025-08-20 04:00:00,154.9533233642578,68.75286102294922,101.95712280273438,144.989501953125,988.80078125
2025-08-21 04:00:00,154.1956024169922,68.71397399902344,97.37466430664062,143.30615234375,964.0551147460938
2025-08-22 04:00:00,154.13731384277344,68.19856262207031,96.25141906738281,143.94100952148438,952.979736328125
2025-08-25 04:00:00,151.68931579589844,67.0316162109375,95.49595642089844,142.5558624267578,936.1181640625
2025-08-26 04:00:00,151.5144500732422,66.83712768554688,95.47608184814453,141.4015655517578,935.8795776367188
2025-08-27 04:00:00,152.4761962890625,66.93437194824219,95.50589752197266,142.01719665527344,944.0121459960938
2025-08-28 04:00:00,151.20359802246094,66.47731018066406,95.53572082519531,141.38232421875,939.478515625
2025-08-29 04:00:00,152.55389404296875,67.08995056152344,96.40052032470703,142.9887237548828,937.8480834960938
2025-09-02 04:00:00,153.4767608642578,67.15802764892578,97.26531982421875,144.55665588378906,933.3742065429688
2025-09-03 04:00:00,153.651611328125,67.08995056152344,98.8458251953125,142.97909545898438,944.2706909179688
2025-09-04 04:00:00,154.64248657226562,66.37034606933594,100.32691955566406,141.29574584960938,950.3551025390625
2025-09-05 04:00:00,155.44876098632812,66.08833312988281,99.90943908691406,142.19229125976562,957.89111328125
2025-09-08 04:00:00,154.4676055908203,65.57292175292969,101.66885375976562,137.646484375,966.2125854492188
2025-09-09 04:00:00,154.90476989746094,65.99108123779297,101.67879486083984,138.99664306640625,973.5696411132812
2025-09-10 04:00:00,152.8550262451172,65.95218658447266,99.81002807617188,138.56924438476562,950.7427978515625
2025-09-11 04:00:00,154.09848022460938,65.75769805908203,102.03663635253906,140.09422302246094,958.7262573242188
2025-09-12 04:00:00,153.3893280029297,65.16448974609375,102.87162017822266,139.41429138183594,962.2855224609375
2025-09-15 04:00:00,152.34988403320312,64.88031768798828,103.07042694091797,136.60716247558594,954.5307006835938
2025-09-16 04:00:00,153.53506469726562,64.90970611572266,102.80204010009766,136.0146484375,946.5473022460938
2025-09-17 04:00:00,155.74990844726562,65.69364929199219,103.64695739746094,137.1802520751953,957.4437255859375
2025-09-18 04:00:00,152.82591247558594,65.12528991699219,102.98096466064453,136.69459533691406,946.8356323242188
2025-09-19 04:00:00,151.5824432373047,65.09588623046875,101.71855163574219,137.69505310058594,945.642578125
2025-09-22 04:00:00,148.69729614257812,64.88031768798828,102.20561981201172,136.98599243164062,937.7883911132812
2025-09-23 04:00:00,148.14356994628906,65.37027740478516,101.90741729736328,137.83102416992188,938.1264038085938
2025-09-24 04:00:00,148.06585693359375,65.11549377441406,102.11617279052734,138.09329223632812,939.7867431640625
2025-09-25 04:00:00,147.80357360839844,64.65493774414062,102.43425750732422,135.90780639648438,937.838134765625
2025-09-26 04:00:00,148.14356994628906,64.35115814208984,102.54359436035156,136.41290283203125,910.6369018554688
2025-09-29 04:00:00,149.1441650390625,64.71372985839844,102.46407318115234,136.15065002441406,911.551513671875
2025-09-30 04:00:00,149.26072692871094,64.98810577392578,102.4441909790039,136.41290283203125,920.2606811523438
2025-10-01 04:00:00,148.80413818359375,65.4388656616211,101.35076141357422,139.03549194335938,912.0188598632812
2025-10-02 04:00:00,147.70643615722656,64.77252197265625,101.09231567382812,138.22927856445312,911.4520263671875
2025-10-03 04:00:00,147.920166015625,65.31147766113281,101.4601058959961,137.9087371826172,910.070068359375
2025-10-06 04:00:00,146.11329650878906,64.77252197265625,102.08634185791016,135.69412231445312,905.6558837890625
2025-10-07 04:00:00,148.18243408203125,65.44866180419922,102.62311553955078,136.7528533935547,909.4934692382812
2025-10-08 04:00:00,146.38526916503906,64.79212188720703,102.28514862060547,134.85877990722656,909.4934692382812
2025-10-09 04:00:00,146.27842712402344,65.03710174560547,101.16189575195312,140.5604705810547,937.4205322265625
2025-10-10 04:00:00,145.4138641357422,65.69364929199219,101.23148345947266,145.7764892578125,924.6152954101562
2025-10-13 04:00:00,143.27670288085938,65.45846557617188,101.50981140136719,144.62060546875,930.1331176757812
2025-10-14 04:00:00,144.8990020751953,66.15421295166016,106.56938934326172,147.19461059570312,941.0195922851562
2025-10-15 04:00:00,143.2086944580078,65.73284149169922,108.3785171508789,146.82550048828125,949.4503784179688
2025-10-16 04:00:00,145.32643127441406,66.23259735107422,105.83382415771484,148.29222106933594,920.250732421875
2025-10-17 04:00:00,147.0749969482422,67.0655288696289,107.08628845214844,149.30238342285156,930.8986206054688
2025-10-20 04:00:00,147.6190185546875,67.0655288696289,106.41035461425781,149.23439025878906,930.6798706054688
2025-10-21 04:00:00,147.28871154785156,69.7896957397461,105.58531188964844,148.78758239746094,932.0618286132812
2025-10-22 04:00:00,147.85215759277344,69.38792419433594,106.49981689453125,148.6418914794922,939.2001953125
2025-10-23 04:00:00,147.8618621826172,68.53541564941406,106.22148895263672,147.16546630859375,936.58544921875
2025-10-24 04:00:00,149.1697540283203,68.31002807617188,105.53560638427734,147.20433044433594,926.73291015625
2025-10-27 04:00:00,148.43609619140625,68.65299987792969,103.84577178955078,148.2533721923828,924.4561767578125
2025-10-28 04:00:00,148.0741424560547,68.75099182128906,102.55352783203125,145.81532287597656,918.7991943359375
2025-10-29 04:00:00,145.53074645996094,66.97733306884766,101.8477783203125,141.96888732910156,907.1272583007812
2025-10-30 04:00:00,146.3231201171875,67.59468078613281,101.61915588378906,143.31903076171875,914.8422241210938
2025-10-31 04:00:00,147.09591674804688,67.51628875732422,100.57543182373047,141.90089416503906,907.4449462890625
2025-11-03 05:00:00,144.79708862304688,66.60497283935547,100.98297882080078,139.48228454589844,923.9620361328125
2025-11-04 05:00:00,143.96559143066406,67.28111267089844,101.65890502929688,138.80235290527344,936.6062622070312
2025-11-05 05:00:00,142.61563110351562,67.13412475585938,100.86369323730469,138.7635040283203,930.9213256835938
2025-11-06 05:00:00,142.9482421875,67.6730728149414,101.07243347167969,137.52020263671875,919.5216674804688
2025-11-07 05:00:00,143.77972412109375,69.1331558227539,101.97698974609375,138.85093688964844,918.685302734375
2025-11-10 05:00:00,142.33193969726562,69.10374450683594,101.80802154541016,138.53038024902344,911.536865234375
2025-11-11 05:00:00,145.30575561523438,70.17186737060547,102.82192993164062,140.91986083984375,909.8443603515625
2025-11-12 05:00:00,144.78729248046875,70.0738754272461,102.82192993164062,140.2496337890625,909.9837036132812
2025-11-13 05:00:00,144.73838806152344,69.64271545410156,101.92730712890625,140.861572265625,921.0150146484375
2025-11-14 05:00:00,144.45469665527344,69.73090362548828,101.86766815185547,141.66778564453125,918.9242553710938
2025-11-17 05:00:00,142.64498901367188,69.26054382324219,102.33485412597656,143.5909881591797,908.5799560546875
2025-11-18 05:00:00,143.7895050048828,69.7896957397461,100.78416442871094,144.50404357910156,891.1468505859375
2025-11-19 05:00:00,143.7895050048828,69.6819076538086,100.00883483886719,142.8916473388672,886.6865844726562
2025-11-20 05:00:00,144.96337890625,69.77989959716797,106.4699935913086,141.9105987548828,889.36474609375
2025-11-21 05:00:00,147.63394165039062,71.48495483398438,104.69068145751953,142.13400268554688,895.0595703125
2025-11-24 05:00:00,143.77972412109375,71.1321792602539,103.43821716308594,141.3278045654297,882.2262573242188
2025-11-25 05:00:00,145.2568359375,71.15178680419922,106.36064910888672,141.92031860351562,890.400146484375
2025-11-26 05:00:00,145.02206420898438,71.4163589477539,108.4480972290039,143.7366943359375,904.2689819335938
2025-11-28 05:00:00,144.9340362548828,71.65154266357422,109.84967803955078,144.4748992919922,909.5755615234375
2025-12-01 05:00:00,144.22972106933594,71.00025177001953,110.86357879638672,145.2228240966797,907.9527587890625
2025-12-02 05:00:00,142.68411254882812,69.73715209960938,111.73832702636719,144.3486328125,917.9784545898438
2025-12-03 05:00:00,143.51560974121094,69.87529754638672,113.72637176513672,143.81439208984375,918.2073974609375
2025-12-04 05:00:00,142.19500732421875,69.52005004882812,114.15380096435547,142.6973876953125,891.9234008789062
2025-12-05 05:00:00,140.32659912109375,69.07598876953125,114.42218780517578,142.2393341064453,890.7486572265625
2025-12-08 05:00:00,135.32785034179688,69.32269287109375,112.8814468383789,142.837646484375,883.6200561523438
2025-12-09 05:00:00,136.5897674560547,69.164794921875,114.37248229980469,141.86660766601562,884.5360717773438
2025-12-10 05:00:00,136.775634765625,69.2832260131836,112.50372314453125,146.82958984375,870.567626953125
2025-12-11 05:00:00,137.69515991210938,68.19773864746094,114.8297348022461,146.1822509765625,880.5933837890625
2025-12-12 05:00:00,139.7298583984375,69.58912658691406,116.23915100097656,147.76138305664062,880.5834350585938
2025-12-15 05:00:00,141.97000122070312,70.03319549560547,116.32879638671875,148.32044982910156,856.778564453125
2025-12-16 05:00:00,142.0482635498047,69.44110870361328,114.9642105102539,147.4867401123047,856.6093139648438
2025-12-17 05:00:00,144.59165954589844,69.73715209960938,115.2032699584961,147.2023162841797,858.859375
2025-12-18 05:00:00,142.3515167236328,69.43123626708984,114.37654113769531,146.5059356689453,853.8215942382812
2025-12-19 05:00:00,141.31459045410156,69.13520050048828,113.90840148925781,145.3191375732422,851.8602294921875
2025-12-22 05:00:00,139.5831298828125,69.2832260131836,112.15534210205078,144.2304229736328,846.2650146484375
2025-12-23 05:00:00,140.0624542236328,68.94770812988281,110.4620590209961,140.92503356933594,851.0338745117188
2025-12-24 05:00:00,141.34396362304688,69.1845474243164,111.16925811767578,140.98388671875,868.0289306640625
2025-12-26 05:00:00,141.5885009765625,68.94770812988281,111.29874420166016,141.0231170654297,869.5123291015625
2025-12-29 05:00:00,141.4221954345703,69.23388671875,112.08562469482422,141.47430419921875,864.026611328125
2025-12-30 05:00:00,140.91351318359375,69.14506530761719,111.47803497314453,141.3958282470703,861.8462524414062
2025-12-31 05:00:00,140.18963623046875,68.9871826171875,110.97005462646484,140.76809692382812,858.5507202148438
2026-01-02 05:00:00,138.70272827148438,68.20761108398438,112.3147201538086,139.50282287597656,850.7451782226562
2026-01-05 05:00:00,137.31365966796875,67.04318237304688,112.2649154663086,137.2371368408203,871.891845703125
2026-01-06 05:00:00,136.86367797851562,66.94449615478516,113.88847351074219,136.29554748535156,885.1930541992188
2026-01-07 05:00:00,135.0343780517578,66.64846801757812,112.2748794555664,134.38291931152344,878.7018432617188
2026-01-08 05:00:00,138.44837951660156,68.45431518554688,112.62348937988281,136.69766235351562,911.2879638671875
2026-01-09 05:00:00,138.78099060058594,69.57926177978516,114.07772827148438,137.22731018066406,920.8159790039062
2026-01-12 05:00:00,140.3363800048828,69.56939697265625,117.50414276123047,138.64952087402344,938.9359741210938
2026-01-13 05:00:00,141.09938049316406,70.29962921142578,119.88470458984375,140.72886657714844,937.7909545898438
2026-01-14 05:00:00,143.16346740722656,70.49698638916016,119.56597137451172,143.12208557128906,946.8012084960938
2026-01-15 05:00:00,141.48089599609375,69.5496597290039,118.72927856445312,143.75961303710938,952.5458374023438
2026-01-16 05:00:00,141.38307189941406,69.51018524169922,119.22730255126953,143.51441955566406,959.375732421875
2026-01-20 05:00:00,143.79930114746094,70.80289459228516,118.24121856689453,144.82872009277344,960.0228881835938
2026-01-21 05:00:00,142.8797607421875,71.05946350097656,118.8886489868164,143.92636108398438,978.5411376953125
2026-01-22 05:00:00,146.6654815673828,70.92131042480469,117.36469268798828,141.6312255859375,971.8804931640625
2026-01-23 05:00:00,147.92355346679688,71.91797637939453,117.26509094238281,141.80776977539062,978.929443359375
2026-01-26 05:00:00,147.2733612060547,71.60220336914062,117.17544555664062,143.0730438232422,973.3739013671875
2026-01-27 05:00:00,146.14039611816406,72.57913208007812,116.47821044921875,145.92724609375,966.0164184570312
2026-01-28 05:00:00,145.1552276611328,72.09559631347656,116.10966491699219,145.65260314941406,956.5581665039062
2026-01-29 05:00:00,147.67726135253906,72.4607162475586,116.94635772705078,145.83895874023438,948.7028198242188
2026-01-30 05:00:00,149.51954650878906,73.82250213623047,118.66951751708984,150.6842498779297,937.3972778320312
2026-02-02 05:00:00,150.91848754882812,74.33563995361328,123.5700912475586,152.22413635253906,965.4219970703125
2026-02-03 05:00:00,153.01690673828125,75.87504577636719,127.20568084716797,159.7274627685547,974.9529418945312
2026-02-04 05:00:00,154.54391479492188,76.32897186279297,127.4945297241211,162.99359130859375,975.3816528320312
2026-02-05 05:00:00,156.25811767578125,77.47366333007812,126.43872833251953,164.31771850585938,986.2884521484375
2026-02-06 05:00:00,156.80979919433594,77.98680114746094,130.66197204589844,167.22096252441406,998.1224365234375
2026-02-09 05:00:00,154.99710083007812,76.94078826904297,128.51051330566406,163.27804565429688,994.5632934570312
2026-02-10 05:00:00,156.7211456298828,75.79609680175781,126.19966125488281,163.76846313476562,968.2832641601562
2026-02-11 05:00:00,157.62750244140625,77.56246948242188,128.26148986816406,165.9066619873047,975.17236328125
2026-02-12 05:00:00,158.81956481933594,77.95719146728516,133.1122589111328,163.99403381347656,995.8294067382812
2026-02-13 05:00:00,157.6964874267578,77.64141845703125,133.36126708984375,162.75820922851562,1015.389892578125
2026-02-17 05:00:00,157.18417358398438,78.50979614257812,128.34117126464844,158.81529235839844,1008.9794311523438
2026-02-18 05:00:00,154.53407287597656,78.44071960449219,126.11997985839844,161.23793029785156,993.0579223632812
2026-02-19 05:00:00,156.20884704589844,77.86837768554688,124.37689208984375,161.43408203125,984.8229370117188
2026-02-20 05:00:00,158.39593505859375,78.78610229492188,122.50431823730469,161.7773895263672,982.2806396484375
2026-02-23 05:00:00,162.72085571289062,79.49659729003906,125.31317901611328,165.0925750732422,983.0284423828125
2026-02-24 05:00:00,162.8292236328125,79.65449523925781,126.24947357177734,166.28916931152344,995.4007568359375
2026-02-25 05:00:00,160.9672393798828,79.40779113769531,125.25341796875,165.92626953125,991.7418823242188
2026-02-26 05:00:00,161.3218994140625,79.43739318847656,123.92866516113281,164.36676025390625,983.7462158203125
2026-02-27 05:00:00,164.72073364257812,80.48339080810547,127.4447250366211,166.4853515625,1007.7232666015625
2026-03-02 05:00:00,161.08546447753906,79.16108703613281,126.59809112548828,164.072509765625,999.7276000976562
2026-03-03 05:00:00,157.35165405273438,78.2927017211914,127.40489196777344,161.74795532226562,1004.71240234375
2026-03-04 05:00:00,155.95272827148438,77.06907653808594,127.30528259277344,160.77694702148438,1003.685546875
2026-03-05 05:00:00,151.70663452148438,76.01319122314453,122.82305145263672,157.61868286132812,979.5889282226562
2026-03-06 05:00:00,151.3519744873047,76.02306365966797,123.31111907958984,157.77008056640625,995.0717163085938
2026-03-09 04:00:00,152.9183807373047,76.77303314208984,123.84898376464844,159.8482208251953,1002.2498779296875
2026-03-10 04:00:00,153.69667053222656,76.85197448730469,124.62590789794922,159.1060333251953,994.3339233398438
2026-03-11 04:00:00,151.04656982421875,76.60527801513672,123.0023422241211,158.4825897216797,989.2195434570312
2026-03-12 04:00:00,148.26837158203125,76.58554077148438,124.8350830078125,157.20602416992188,1000.2759399414062
2026-03-13 04:00:00,148.41615295410156,76.8438720703125,126.02037048339844,158.2154083251953,1005.3704223632812
2026-03-16 04:00:00,149.86434936523438,77.32079315185547,125.49246978759766,156.07789611816406,998.70068359375
2026-03-17 04:00:00,149.2338409423828,77.08233642578125,124.58606719970703,154.87059020996094,993.1376342773438
2026-03-18 04:00:00,144.53457641601562,75.48265838623047,121.49830627441406,151.94140625,976.9468383789062
2026-03-19 04:00:00,142.69229125976562,75.06536102294922,120.61181640625,151.14974975585938,971.822509765625
2026-03-20 04:00:00,142.14060974121094,74.2704849243164,118.79328918457031,148.47784423828125,969.3799438476562
2026-03-23 04:00:00,141.85491943359375,74.62818145751953,120.49005889892578,149.30911254882812,962.7999267578125
2026-03-24 04:00:00,141.03721618652344,74.19100189208984,121.8175277709961,149.02212524414062,970.8654174804688
2026-03-25 04:00:00,141.78594970703125,74.76728057861328,122.82559204101562,150.15025329589844,971.9022827148438
2026-03-26 04:00:00,140.30819702148438,74.21087646484375,121.94727325439453,149.25962829589844,976.677734375
2026-03-27 04:00:00,140.59390258789062,75.22432708740234,122.65592193603516,151.4466094970703,980.8749389648438
2026-03-30 04:00:00,142.57408142089844,75.78073120117188,123.26475524902344,155.18727111816406,993.556396484375
2026-03-31 04:00:00,142.29823303222656,75.56214904785156,124.04327392578125,153.67318725585938,993.4067993164062
2026-04-01 04:00:00,141.95343017578125,75.59195709228516,124.50239562988281,153.0398406982422,993.536376953125
2026-04-02 04:00:00,140.997802734375,76.22785186767578,125.55039978027344,155.37527465820312,1011.880615234375
2026-04-06 04:00:00,140.6529998779297,76.72463989257812,126.54849243164062,155.0981903076172,1015.4596557617188
2026-04-07 04:00:00,139.2047882080078,75.42304992675781,122.25668334960938,151.61485290527344,1010.1359252929688
2026-04-08 04:00:00,142.75140380859375,76.79419708251953,127.0176010131836,153.18829345703125,1027.1441650390625
2026-04-09 04:00:00,144.48532104492188,77.67848205566406,128.884033203125,155.8502960205078,1028.8988037109375
2026-04-10 04:00:00,143.007568359375,76.97303771972656,126.52852630615234,155.4247589111328,995.4406127929688
2026-04-13 04:00:00,141.4509735107422,75.91984558105469,124.33271789550781,154.25704956054688,977.8740234375
2026-04-14 04:00:00,142.2391357421875,75.4131088256836,124.81181335449219,154.0987091064453,971.8424072265625
2026-04-15 04:00:00,141.2539520263672,74.82688903808594,124.5223617553711,153.23777770996094,981.7622680664062
2026-04-16 04:00:00,140.9879608154297,74.6977310180664,124.58224487304688,156.73101806640625,984.2147827148438
2026-04-17 04:00:00,144.75131225585938,75.25413513183594,127.25714111328125,156.02841186523438,996.8563232421875
2026-04-20 04:00:00,142.34750366210938,74.99580383300781,127.67633819580078,155.35549926757812,994.8125610351562
2026-04-21 04:00:00,140.20968627929688,74.2208023071289,129.3531494140625,153.30703735351562,1002.7583618164062
2026-04-22 04:00:00,140.7318115234375,74.15125274658203,129.73240661621094,152.1887969970703,1000.65478515625
2026-04-23 04:00:00,143.54940795898438,75.7906723022461,131.77850341796875,154.07891845703125,1011.3023071289062
2026-04-24 04:00:00,147.08203125,76.138427734375,129.6725311279297,153.82162475585938,1008.0821533203125
2026-04-27 04:00:00,147.30039978027344,74.95606231689453,127.34696197509766,152.49559020996094,994.9820556640625
2026-04-28 04:00:00,148.064697265625,77.8473892211914,127.34696197509766,154.6627655029297,990.9841918945312
2026-04-29 04:00:00,145.37478637695312,78.36405944824219,127.76616668701172,153.67318725585938,995.6399536132812
2026-04-30 04:00:00,146.00010681152344,78.25476837158203,131.67869567871094,156.83987426757812,1011.4519653320312
2026-05-01 04:00:00,146.16883850097656,78.07592010498047,131.34933471679688,155.7711181640625,1010.0940551757812
2026-05-04 04:00:00,142.3572998046875,77.68842315673828,130.08175659179688,152.98046875,1011.1823120117188
2026-05-05 04:00:00,143.82632446289062,77.9765625,130.54086303710938,153.42578125,1014.8065185546875
2026-05-06 04:00:00,146.80410766601562,78.72174835205078,129.8322296142578,154.33621215820312,994.1693725585938
2026-05-07 04:00:00,144.9777374267578,77.9268798828125,129.95199584960938,154.6627655029297,1010.4534912109375
2026-05-08 04:00:00,145.33506774902344,77.91693878173828,130.42999267578125,153.01016235351562,1007.1886596679688
2026-05-11 04:00:00,142.29774475097656,78.15541076660156,127.58999633789062,147.8544158935547,997.8834228515625
2026-05-12 04:00:00,142.8436737060547,79.51661682128906,130.35000610351562,150.26901245117188,1020.2578735351562
2026-05-13 04:00:00,141.18605041503906,79.7451400756836,131.47000122070312,147.7158660888672,1031.4400634765625
2026-05-14 04:00:00,141.65257263183594,79.93392181396484,132.4600067138672,147.1221160888672,1039.59716796875
2026-05-15 04:00:00,140.52101135253906,80.30155181884766,131.4499969482422,147.5674285888672,1047.284912109375
2026-05-18 04:00:00,141.33493041992188,80.67910766601562,133.33999633789062,147.508056640625,1074.76123046875
2026-05-19 04:00:00,140.2530059814453,81.39449310302734,134.1999969482422,148.80441284179688,1092.5828857421875
2026-05-20 04:00:00,141.3845672607422,81.02687072753906,130.85000610351562,147.73565673828125,1072.30517578125
2026-05-21 04:00:00,142.3374481201172,80.64929962158203,121.33999633789062,147.3002471923828,1048.782470703125
2026-05-22 04:00:00,143.3697509765625,80.95732116699219,120.2699966430664,149.00233459472656,1026.6077880859375
2026-05-26 04:00:00,141.9007110595703,79.94385528564453,118.56999969482422,144.16323852539062,1001.3379516601562
2026-05-27 04:00:00,146.39715576171875,81.09642028808594,118.54000091552734,146.20179748535156,1002.0967407226562
2026-05-28 04:00:00,144.828857421875,79.89418029785156,118.9000015258789,144.7668914794922,993.6202392578125
2026-05-29 04:00:00,142.4962615966797,78.50315856933594,115.75,142.6887664794922,954.8019409179688
2026-06-01 04:00:00,139.24057006835938,78.13553619384766,114.5999984741211,140.0465545654297,944.608154296875
2026-06-02 04:00:00,139.77658081054688,77.90701293945312,113.05999755859375,140.5215606689453,952.7552490234375
2026-06-03 04:00:00,139.1512451171875,78.25476837158203,116.88999938964844,141.05592346191406,960.30322265625
2026-06-04 04:00:00,139.7368621826172,76.32720947265625,117.73999786376953,140.6699981689453,970.8064575195312
2026-06-05 04:00:00,145.4541778564453,78.97014617919922,118.87999725341797,141.9199981689453,970.3272705078125
2026-06-08 04:00:00,144.0248565673828,79.0297622680664,119.83000183105469,140.67999267578125,973.2026977539062
2026-06-09 04:00:00,147.5684051513672,80.81820678710938,118.87999725341797,142.77999877929688,967.052490234375
2026-06-10 04:00:00,147.94558715820312,83.05377197265625,120.58999633789062,144.32000732421875,981.8090209960938
2026-06-11 04:00:00,147.2408447265625,82.00057983398438,120.5,143.72999572753906,974.1411743164062
2026-06-12 04:00:00,148.50143432617188,82.09000396728516,121.04000091552734,144.27000427246094,980.7905883789062
2026-06-15 04:00:00,149.3451385498047,80.91000366210938,120.81999969482422,146.25,977.895263671875
2026-06-16 04:00:00,151.360107421875,80.27999877929688,121.02999877929688,146.1199951171875,985.11376953125
2026-06-17 04:00:00,149.44439697265625,79.93000030517578,118.12999725341797,141.58999633789062,964.0572509765625
2026-06-18 04:00:00,149.26573181152344,79.38999938964844,117.18000030517578,142.02000427246094,949.939697265625
2026-06-22 04:00:00,146.58572387695312,79.52999877929688,117.18000030517578,140.7100067138672,949.8397827148438
2026-06-23 04:00:00,149.74217224121094,80.30999755859375,119.41999816894531,142.0500030517578,956.1597900390625
2026-06-24 04:00:00,150.91342163085938,80.5999984741211,119.0,142.27000427246094,959.5643920898438
2026-06-25 04:00:00,147.399658203125,80.41999816894531,115.77999877929688,139.52000427246094,940.7442626953125
2026-06-26 04:00:00,147.9158172607422,82.62999725341797,115.69000244140625,141.38999938964844,951.0279541015625
2026-06-29 04:00:00,147.3500213623047,82.6500015258789,114.5999984741211,138.67999267578125,945.17724609375
2026-06-30 04:00:00,145.55343627929688,81.2699966430664,113.26000213623047,135.39999389648438,933.9849853515625
2026-07-01 04:00:00,146.33758544921875,81.29000091552734,108.81999969482422,141.16000366210938,923.2021484375
2026-07-02 04:00:00,150.28810119628906,84.13999938964844,111.83999633789062,144.22000122070312,950.1593017578125
2026-07-06 04:00:00,148.2036590576172,82.95999908447266,110.6500015258789,143.2899932861328,948.7415771484375
2026-07-07 04:00:00,151.6181640625,84.05000305175781,111.54000091552734,144.97999572753906,945.9959716796875
2026-07-08 04:00:00,147.30039978027344,83.4000015258789,113.0999984741211,142.50999450683594,951.6170043945312
2026-07-09 04:00:00,145.7618865966797,82.62999725341797,112.20999908447266,137.86000061035156,911.520751953125
2026-07-10 04:00:00,145.95046997070312,83.48999786376953,113.9000015258789,137.3800048828125,914.7955322265625
2026-07-13 04:00:00,147.27061462402344,84.25,114.77999877929688,138.49000549316406,924.9594116210938
2026-07-14 04:00:00,144.99758911132812,83.08000183105469,113.69999694824219,135.4499969482422,920.2868041992188
2026-07-15 04:00:00,146.9530029296875,82.44999694824219,112.52999877929688,135.39999389648438,915.0850830078125
2026-07-16 04:00:00,150.37742614746094,84.91999816894531,114.94999694824219,139.42999267578125,944.0690307617188
2026-07-17 04:00:00,148.86868286132812,81.55999755859375,114.23999786376953,137.1199951171875,939.37646484375
2026-07-20 04:00:00,148.02499389648438,82.12000274658203,112.19999694824219,135.4600067138672,934.3145141601562
2026-07-21 04:00:00,147.00262451171875,81.97000122070312,110.38999938964844,135.0,927.7449340820312
2026-07-22 04:00:00,148.02499389648438,82.19999694824219,109.33000183105469,135.64999389648438,925.8380126953125
2026-07-23 04:00:00,145.88099670410156,81.16999816894531,108.4000015258789,134.9499969482422,924.5899658203125
2026-07-24 04:00:00,147.41000366210938,82.25,109.47000122070312,136.63999938964844,935.030029296875
2026-07-27 04:00:00,148.6300048828125,84.06999969482422,111.73999786376953,139.7899932861328,951.5800170898438
2026-07-28 04:00:00,148.8800048828125,88.2699966430664,113.0999984741211,142.86000061035156,966.5800170898438
2026-07-29 04:00:00,146.10000610351562,89.08000183105469,114.22000122070312,143.5,974.030029296875
2026-07-30 04:00:00,143.9600067138672,88.48999786376953,111.0999984741211,140.1999969482422,954.1699829101562
2026-07-31 04:00:00,144.49000549316406,87.58999633789062,111.19999694824219,139.55999755859375,951.8900146484375
2026-08-03 04:00:00,144.97000122070312,86.86000061035156,110.70999908447266,139.6300048828125,954.0800170898438
2026-08-04 04:00:00,148.00999450683594,86.55999755859375,111.55000305175781,139.10000610351562,947.8499755859375
2026-08-05 04:00:00,146.8000030517578,86.83000183105469,112.33999633789062,138.77999877929688,941.989990234375
2026-08-06 04:00:00,146.97000122070312,86.8499984741211,112.06999969482422,138.44000244140625,949.1500244140625
2026-08-07 04:00:00,145.7899932861328,87.05000305175781,111.8499984741211,139.02000427246094,947.8200073242188
2026-08-10 04:00:00,146.44000244140625,86.87000274658203,112.66000366210938,137.72999572753906,952.75
2026-08-11 04:00:00,145.2100067138672,86.4800033569336,113.26000213623047,138.41000366210938,944.3200073242188
2026-08-12 04:00:00,144.0800018310547,86.70999908447266,116.01000213623047,138.6999969482422,949.5800170898438
2026-08-13 04:00:00,144.25999450683594,87.41999816894531,115.72000122070312,140.6199951171875,961.8499755859375
