Date,XOM,CVX,COP,SLB,OXY
2014-01-02 05:00:00,59.712337493896484,73.3571548461914,46.372779846191406,63.43427276611328,62.13937759399414
2014-01-03 05:00:00,59.56867980957031,73.48124694824219,46.49241256713867,63.098609924316406,61.92089080810547
2014-01-06 05:00:00,59.65845489501953,73.2862319946289,46.6917839050293,62.86294174194336,62.10626983642578
2014-01-07 05:00:00,60.502532958984375,73.90673828125,46.76488494873047,62.498687744140625,63.26498794555664
2014-01-08 05:00:00,60.30498504638672,72.85486602783203,46.312984466552734,62.12017059326172,62.761775970458984
2014-01-09 05:00:00,59.71831130981445,72.85486602783203,46.16010665893555,61.7630729675293,62.794891357421875
2014-01-10 05:00:00,60.173255920410156,71.507568359375,45.768043518066406,62.970035552978516,62.13937759399414
2014-01-13 05:00:00,58.9940071105957,70.4675521850586,45.01709747314453,62.46299362182617,60.60990524291992
2014-01-14 05:00:00,59.33522415161133,70.65666961669922,45.40252685546875,63.4699821472168,61.11972427368164
2014-01-15 05:00:00,59.13167953491211,70.42618560791016,45.24303436279297,63.484275817871094,60.55696105957031
2014-01-16 05:00:00,59.227455139160156,70.21936798095703,45.076881408691406,63.2842903137207,60.76218032836914
2014-01-17 05:00:00,59.35915756225586,70.49117279052734,44.86424255371094,64.42698669433594,59.967674255371094
2014-01-21 05:00:00,58.96405792236328,71.12347412109375,45.36265563964844,65.05547332763672,59.570404052734375
2014-01-22 05:00:00,58.592933654785156,71.16484069824219,45.435760498046875,65.14118194580078,60.22589111328125
2014-01-23 05:00:00,58.04817199707031,69.9593505859375,45.0902099609375,64.46272277832031,59.20622253417969
2014-01-24 05:00:00,56.77909469604492,68.71842193603516,44.23955535888672,62.95576477050781,58.26604461669922
2014-01-27 05:00:00,56.82099914550781,68.8011474609375,43.76772689819336,62.78436279296875,57.66351318359375
2014-01-28 05:00:00,57.25798797607422,69.0434341430664,44.00031280517578,62.6772346496582,58.471290588378906
2014-01-29 05:00:00,56.934757232666016,68.54705810546875,43.741153717041016,62.348716735839844,58.146820068359375
2014-01-30 05:00:00,56.2642707824707,68.8129653930664,43.69461441040039,63.427120208740234,58.464664459228516
2014-01-31 05:00:00,55.16881561279297,65.9646987915039,43.16297149658203,62.54154968261719,57.9813117980957
2014-02-03 05:00:00,53.905731201171875,65.67515563964844,42.438621520996094,61.58452224731445,57.76282501220703
2014-02-04 05:00:00,53.88776397705078,65.49198913574219,42.338924407958984,62.27016067504883,57.69661331176758
2014-02-05 05:00:00,53.62434768676758,64.7178955078125,42.17279815673828,61.53456115722656,57.79593276977539
2014-02-06 05:00:00,54.13680648803711,65.7519760131836,42.731014251708984,63.212886810302734,58.583839416503906
2014-02-07 05:00:00,54.60704803466797,66.21293640136719,43.17628479003906,63.919944763183594,59.98091506958008
2014-02-10 05:00:00,53.96800994873047,66.00019073486328,42.91708755493164,63.591400146484375,60.047096252441406
2014-02-11 05:00:00,54.76375961303711,67.11701202392578,43.57499313354492,64.54126739501953,60.6496467590332
2014-02-12 05:00:00,54.90848922729492,66.78913116455078,43.34241485595703,64.29844665527344,61.0402946472168
2014-02-13 05:00:00,55.11948013305664,67.07526397705078,43.46331024169922,64.46272277832031,61.093238830566406
2014-02-14 05:00:00,56.73513412475586,67.65357208251953,44.01408004760742,64.88594818115234,63.40403366088867
2014-02-18 05:00:00,56.71103286743164,67.19451904296875,43.906612396240234,65.01508331298828,63.74835205078125
2014-02-19 05:00:00,56.638675689697266,67.72509002685547,43.6580924987793,64.90745544433594,62.86109161376953
2014-02-20 05:00:00,57.494747161865234,68.32127380371094,43.60435104370117,65.30203247070312,63.165687561035156
2014-02-21 05:00:00,57.28974533081055,67.17666625976562,43.44316482543945,64.61336517333984,63.15904998779297
2014-02-24 05:00:00,58.13978576660156,68.0530014038086,44.61186981201172,66.51438903808594,63.609283447265625
2014-02-25 05:00:00,58.06142807006836,68.54186248779297,44.67902755737305,66.39959716796875,63.4437370300293
2014-02-26 05:00:00,57.74793243408203,68.86380004882812,44.41706848144531,66.24893951416016,63.03324890136719
2014-02-27 05:00:00,57.778079986572266,68.97110748291016,44.4976692199707,66.40678405761719,63.25173568725586
2014-02-28 05:00:00,58.03731918334961,68.75648498535156,44.66558837890625,66.71524047851562,63.907230377197266
2014-03-03 05:00:00,57.5731086730957,68.46435546875,44.5379638671875,65.46702575683594,63.59604263305664
2014-03-04 05:00:00,58.18801498413086,68.75053405761719,44.66558837890625,66.34937286376953,64.37071990966797
2014-03-05 05:00:00,56.54824447631836,68.21990966796875,44.531253814697266,66.00507354736328,64.12572479248047
2014-03-06 05:00:00,56.524131774902344,68.47032928466797,44.591705322265625,66.53589630126953,64.2191390991211
2014-03-07 05:00:00,57.26565933227539,68.60746002197266,44.67228317260742,66.70088195800781,64.79280853271484
2014-03-10 04:00:00,57.5731086730957,69.060546875,44.92752456665039,66.62199401855469,64.85285186767578
2014-03-11 04:00:00,56.67483901977539,68.26763153076172,44.68571853637695,65.96200561523438,64.31253814697266
2014-03-12 04:00:00,56.79542541503906,68.94725799560547,44.69245147705078,65.40245056152344,64.29916381835938
2014-03-13 04:00:00,56.45177459716797,68.23186492919922,44.54469680786133,64.75685119628906,63.91228103637695
2014-03-14 04:00:00,56.34929275512695,68.02318572998047,44.73274230957031,63.91033172607422,64.38587951660156
2014-03-17 04:00:00,56.861717224121094,68.60148620605469,45.19620132446289,64.40531921386719,64.60603332519531
2014-03-18 04:00:00,57.09685516357422,69.29900360107422,45.740234375,64.92183685302734,64.87950897216797
2014-03-19 04:00:00,56.506046295166016,68.67899322509766,45.33725357055664,64.82141876220703,63.46536636352539
2014-03-20 04:00:00,57.018470764160156,68.86380004882812,45.60590362548828,65.35941314697266,61.991111755371094
2014-03-21 04:00:00,56.85572052001953,68.93536376953125,45.323822021484375,66.47852325439453,62.751583099365234
2014-03-24 04:00:00,57.05466079711914,69.06649017333984,45.37754821777344,66.88026428222656,62.61815643310547
2014-03-25 04:00:00,57.21741485595703,69.80575561523438,45.935035705566406,68.55167388916016,63.13847732543945
2014-03-26 04:00:00,57.0908203125,70.17537689208984,46.07609176635742,68.45845031738281,62.398040771484375
2014-03-27 04:00:00,58.01922607421875,70.15155792236328,46.53953170776367,69.2188720703125,63.13179397583008
2014-03-28 04:00:00,58.899383544921875,70.64636993408203,47.25147247314453,69.99363708496094,63.738834381103516
2014-03-31 04:00:00,58.8873291015625,70.8907699584961,47.25147247314453,69.94339752197266,63.56539535522461
2014-04-01 04:00:00,58.91748809814453,70.94444274902344,47.22461700439453,70.27339935302734,63.30522537231445
2014-04-02 04:00:00,59.05010223388672,71.15309143066406,47.61418533325195,70.07972717285156,64.0523681640625
2014-04-03 04:00:00,59.03806686401367,70.96827697753906,47.1507453918457,70.35231018066406,64.37921905517578
2014-04-04 04:00:00,58.69441604614258,70.82518005371094,47.1641845703125,70.32361602783203,63.07176208496094
2014-04-07 04:00:00,58.34476089477539,69.95482635498047,46.667144775390625,70.01514434814453,62.43138122558594
2014-04-08 04:00:00,58.74867630004883,70.22904968261719,47.063438415527344,70.61772918701172,63.33860778808594
2014-04-09 04:00:00,58.67634582519531,71.00405883789062,48.0507698059082,71.03382873535156,64.01898956298828
2014-04-10 04:00:00,58.34476089477539,69.5672836303711,46.82160949707031,69.81427764892578,62.998409271240234
2014-04-11 04:00:00,58.308589935302734,69.76997375488281,47.60074234008789,69.6564712524414,62.2579345703125
2014-04-14 04:00:00,58.99586868286133,70.76558685302734,48.030616760253906,70.64641571044922,62.9183464050293
2014-04-15 04:00:00,59.49020767211914,71.7194595336914,48.99110412597656,71.81572723388672,63.30522537231445
2014-04-16 04:00:00,60.24980926513672,72.63159942626953,49.55527114868164,72.41116333007812,63.91228103637695
2014-04-17 04:00:00,60.53916931152344,73.7345199584961,50.220237731933594,71.6722640991211,64.43925476074219
2014-04-21 04:00:00,60.84661865234375,74.06837463378906,50.106056213378906,73.02806854248047,65.00627899169922
2014-04-22 04:00:00,60.5090446472168,73.92529296875,49.817230224609375,73.19308471679688,64.6594009399414
2014-04-23 04:00:00,60.587398529052734,74.33665466308594,49.71648406982422,73.32218170166016,64.55265808105469
2014-04-24 04:00:00,60.292030334472656,74.10414123535156,50.032188415527344,73.02806854248047,64.79949188232422
2014-04-25 04:00:00,60.53316116333008,73.9193344116211,49.971710205078125,72.99221801757812,64.28580474853516
2014-04-28 04:00:00,60.9913215637207,74.95667266845703,50.139644622802734,72.66221618652344,64.49262237548828
2014-04-29 04:00:00,61.160099029541016,75.0997543334961,50.159793853759766,72.73395538330078,64.61935424804688
2014-04-30 04:00:00,61.7388801574707,74.83146667480469,49.91127014160156,72.8487548828125,63.87223434448242
2014-05-01 04:00:00,61.13602066040039,74.4857177734375,50.39488220214844,72.31071472167969,63.36524963378906
2014-05-02 04:00:00,61.497711181640625,74.35455322265625,51.3956298828125,72.47570037841797,62.998409271240234
2014-05-05 04:00:00,62.040283203125,74.73609924316406,51.64414596557617,72.52593231201172,63.17182540893555
2014-05-06 04:00:00,61.895599365234375,74.50359344482422,51.77178955078125,72.45418548583984,63.92562484741211
2014-05-07 04:00:00,62.16089630126953,75.25477600097656,52.463592529296875,73.08547973632812,64.19244384765625
2014-05-08 04:00:00,61.68460464477539,74.57511901855469,51.72475814819336,71.93769836425781,63.498695373535156
2014-05-09 04:00:00,61.87883377075195,74.53935241699219,52.147911071777344,71.89464569091797,64.11238098144531
2014-05-12 04:00:00,62.04878234863281,74.66455078125,52.66508483886719,71.94486999511719,64.31917572021484
2014-05-13 04:00:00,62.1276969909668,75.02824401855469,52.81955337524414,71.91615295410156,65.05293273925781
2014-05-14 04:00:00,62.085208892822266,75.36800384521484,52.74569320678711,72.2677001953125,64.9595947265625
2014-05-15 04:00:00,61.168697357177734,74.44210815429688,52.463592529296875,71.3781509399414,64.74613189697266
2014-05-16 04:00:00,61.14443588256836,74.06330108642578,52.43000793457031,71.44270324707031,63.832237243652344
2014-05-19 04:00:00,61.223350524902344,73.92501831054688,52.678524017333984,71.94486999511719,63.99899673461914
2014-05-20 04:00:00,61.10194396972656,73.65446472167969,52.75239944458008,72.01661682128906,63.67879867553711
2014-05-21 04:00:00,61.92738342285156,74.65254974365234,53.21318817138672,72.87025451660156,65.09966278076172
2014-05-22 04:00:00,61.60569763183594,74.3338851928711,53.1657600402832,72.88462829589844,64.85953521728516
2014-05-23 04:00:00,61.49645233154297,74.17753601074219,53.14542770385742,72.73395538330078,64.68607330322266
2014-05-27 04:00:00,61.5207405090332,73.85885620117188,53.55876922607422,73.28634643554688,65.00627899169922
2014-05-28 04:00:00,61.33863067626953,73.66645050048828,53.91790771484375,73.07828521728516,66.0736083984375
2014-05-29 04:00:00,61.466102600097656,73.54621124267578,53.90436553955078,74.505859375,66.5938949584961
2014-05-30 04:00:00,61.016944885253906,73.82880401611328,54.168609619140625,74.63501739501953,66.50055694580078
2014-06-02 04:00:00,60.65886688232422,73.48006439208984,53.85691833496094,74.82942199707031,66.54722595214844
2014-06-03 04:00:00,60.93199920654297,73.68450927734375,54.08730697631836,74.78623962402344,66.86741638183594
2014-06-04 04:00:00,60.719547271728516,73.56425476074219,54.073753356933594,74.69259643554688,66.81401062011719
2014-06-05 04:00:00,61.02907943725586,74.26773071289062,54.24315643310547,74.82942199707031,67.30765533447266
2014-06-06 04:00:00,61.66641616821289,74.67057037353516,54.77848434448242,76.32733154296875,67.44205474853516
2014-06-09 04:00:00,61.61783981323242,74.77879333496094,54.7852668762207,76.85301971435547,67.31438446044922
2014-06-10 04:00:00,61.58143997192383,75.36203002929688,55.31380081176758,76.71620178222656,67.17330169677734
2014-06-11 04:00:00,61.87883377075195,75.26580810546875,55.53062438964844,76.723388671875,67.11283111572266
2014-06-12 04:00:00,61.70283889770508,75.82501220703125,56.14728546142578,76.57215881347656,68.02656555175781
2014-06-13 04:00:00,62.30369567871094,76.51644134521484,56.29634475708008,77.95482635498047,69.35686492919922
2014-06-16 04:00:00,62.467567443847656,77.28605651855469,56.709693908691406,77.09065246582031,69.43748474121094
2014-06-17 04:00:00,62.16408920288086,77.4604263305664,56.75033950805664,76.40654754638672,69.02767944335938
2014-06-18 04:00:00,62.352264404296875,78.33226013183594,57.08237075805664,77.11226654052734,69.37031555175781
2014-06-19 04:00:00,62.29155349731445,79.36039733886719,57.44150161743164,77.48672485351562,69.43748474121094
2014-06-20 04:00:00,63.019901275634766,79.57085418701172,57.84130096435547,78.37248992919922,69.87419891357422
2014-06-23 04:00:00,63.35372543334961,79.95565032958984,58.34274673461914,78.4229507446289,70.67372131347656
2014-06-24 04:00:00,62.352264404296875,79.22813415527344,57.46183776855469,77.04026794433594,68.16093444824219
2014-06-25 04:00:00,61.99413299560547,78.9034423828125,58.01748275756836,81.9875717163086,68.94702911376953
2014-06-26 04:00:00,61.92738342285156,78.71705627441406,58.24787521362305,83.622314453125,68.96047973632812
2014-06-27 04:00:00,61.42967987060547,78.38035583496094,58.27497482299805,84.83213806152344,68.67157745361328
2014-06-30 04:00:00,61.107994079589844,78.49459838867188,58.09200668334961,84.94014739990234,68.95375061035156
2014-07-01 04:00:00,61.5207405090332,78.48857879638672,58.34952926635742,84.86812591552734,69.06796264648438
2014-07-02 04:00:00,61.648197174072266,78.30219268798828,58.18010711669922,84.78173065185547,68.69172668457031
2014-07-03 04:00:00,62.267276763916016,78.87939453125,58.546024322509766,84.6161117553711,68.64469909667969
2014-07-07 04:00:00,62.30369567871094,78.44650268554688,58.34274673461914,84.5656967163086,68.2550048828125
2014-07-08 04:00:00,62.41295623779297,78.10376739501953,58.30207443237305,84.07599639892578,68.44984436035156
2014-07-09 04:00:00,62.84996032714844,78.9996337890625,58.13944625854492,84.22721099853516,68.49690246582031
2014-07-10 04:00:00,62.25513458251953,78.31422424316406,58.051353454589844,83.10380554199219,67.46219635009766
2014-07-11 04:00:00,61.75137710571289,77.24396514892578,57.41441345214844,82.5997085571289,67.5092544555664
2014-07-14 04:00:00,62.3218994140625,77.71895599365234,58.166542053222656,83.49267578125,68.00639343261719
2014-07-15 04:00:00,62.145896911621094,77.71895599365234,57.400856018066406,82.42684936523438,66.86425018310547
2014-07-16 04:00:00,62.98352813720703,78.69902801513672,58.74251937866211,83.4494857788086,68.34905242919922
2014-07-17 04:00:00,62.09733963012695,78.21200561523438,57.86781311035156,82.55652618408203,67.15312194824219
2014-07-18 04:00:00,62.352264404296875,78.39839935302734,57.92247772216797,80.91458892822266,67.81157684326172
2014-07-21 04:00:00,62.56468963623047,78.93952178955078,57.76531219482422,81.404296875,67.576416015625
2014-07-22 04:00:00,62.8438720703125,79.71517181396484,58.783546447753906,81.67072296142578,68.0400161743164
2014-07-23 04:00:00,63.27482223510742,80.49681854248047,59.289222717285156,80.73455810546875,68.2617416381836
2014-07-24 04:00:00,63.293025970458984,81.08002471923828,58.94071578979492,81.44747924804688,67.77799224853516
2014-07-25 04:00:00,62.62538146972656,80.3104019165039,58.7152099609375,80.49689483642578,67.24720764160156
2014-07-28 04:00:00,63.34763717651367,80.11199951171875,58.216339111328125,80.57611083984375,67.06580352783203
2014-07-29 04:00:00,62.84996032714844,79.61893463134766,57.8883056640625,80.02163696289062,66.73658752441406
2014-07-30 04:00:00,62.66788864135742,79.68507385253906,57.83362579345703,79.40950012207031,65.91693115234375
2014-07-31 04:00:00,60.0518913269043,77.70692443847656,56.378082275390625,78.0556411743164,65.64815521240234
2014-08-01 04:00:00,59.966941833496094,76.90126037597656,55.14800262451172,77.7387924194336,65.76907348632812
2014-08-04 04:00:00,60.774166107177734,77.0635986328125,56.022735595703125,78.97743225097656,67.69061279296875
2014-08-05 04:00:00,59.602760314941406,75.13352966308594,54.49197006225586,77.11226654052734,66.58877563476562
2014-08-06 04:00:00,60.07619094848633,75.59651947021484,55.086509704589844,77.46513366699219,66.79032135009766
2014-08-07 04:00:00,59.64524459838867,75.54843139648438,54.389434814453125,77.06184387207031,66.03783416748047
2014-08-08 04:00:00,60.5374755859375,76.87720489501953,55.578529357910156,78.04843139648438,67.05237579345703
2014-08-11 04:00:00,60.34188461303711,76.78700256347656,55.216339111328125,78.64617919921875,67.0322265625
2014-08-12 04:00:00,60.19520568847656,76.41422271728516,54.95665740966797,77.68119049072266,67.05908966064453
2014-08-13 04:00:00,60.561912536621094,76.72086334228516,55.27783966064453,77.50112915039062,67.18001556396484
2014-08-14 04:00:00,60.561912536621094,76.3360824584961,54.78582000732422,76.26969909667969,67.16659545898438
2014-08-15 04:00:00,60.52524185180664,76.46338653564453,55.09333419799805,76.71620178222656,67.49579620361328
2014-08-18 04:00:00,60.824729919433594,76.58468627929688,54.21861267089844,77.8756103515625,67.5898666381836
2014-08-19 04:00:00,60.80638885498047,77.39115905761719,54.608154296875,78.7973861694336,68.3961181640625
2014-08-20 04:00:00,60.93473815917969,77.30625915527344,55.01132583618164,79.1070556640625,68.35578155517578
2014-08-21 04:00:00,60.67802810668945,77.57306671142578,55.33935546875,78.81178283691406,68.71186828613281
2014-08-22 04:00:00,60.20131301879883,77.07584381103516,54.833648681640625,78.51654815673828,68.82610321044922
2014-08-25 04:00:00,60.35410690307617,77.51850128173828,55.216339111328125,79.37347412109375,69.39044952392578
2014-08-26 04:00:00,60.89807891845703,77.76708984375,55.03865051269531,79.94961547851562,69.30310821533203
2014-08-27 04:00:00,60.83082962036133,78.00359344482422,55.37350082397461,79.96399688720703,69.45762634277344
2014-08-28 04:00:00,60.855289459228516,78.07029724121094,55.12065505981445,79.33028411865234,69.88093566894531
2014-08-29 04:00:00,60.78804397583008,78.49474334716797,55.50335693359375,79.2435531616211,69.69279479980469
2014-09-02 04:00:00,60.19520568847656,77.33657836914062,54.819984436035156,78.10159301757812,68.77234649658203
2014-09-03 04:00:00,60.574134826660156,77.5306167602539,55.28468704223633,78.18109130859375,68.83280944824219
2014-09-04 04:00:00,60.11574935913086,76.88784790039062,54.5671272277832,76.35250854492188,68.7790756225586
2014-09-05 04:00:00,60.66581344604492,77.2516860961914,54.9088249206543,77.16200256347656,68.06690979003906
2014-09-08 04:00:00,59.75514602661133,76.5301284790039,54.00676727294922,75.52132415771484,66.68649291992188
2014-09-09 04:00:00,59.52291488647461,75.90553283691406,53.95895004272461,75.14550018310547,66.5511245727539
2014-09-10 04:00:00,59.16841125488281,75.35980987548828,53.97943878173828,75.36234283447266,66.6796875
2014-09-11 04:00:00,59.30289077758789,75.0869140625,54.245941162109375,75.49244689941406,66.5511245727539
2014-09-12 04:00:00,58.53891372680664,74.37747955322266,53.61040115356445,73.88064575195312,65.90827941894531
2014-09-15 04:00:00,58.85060119628906,75.33555603027344,54.2596321105957,74.48057556152344,66.51051330566406
2014-09-16 04:00:00,59.54734420776367,75.77212524414062,55.18217849731445,75.8610610961914,66.69322204589844
2014-09-17 04:00:00,59.33345031738281,75.62662506103516,55.10700607299805,74.66846466064453,66.42933654785156
2014-09-18 04:00:00,59.04618835449219,75.27490997314453,54.64913558959961,75.50687408447266,66.22632598876953
2014-09-19 04:00:00,59.357872009277344,75.67511749267578,55.052337646484375,74.59619903564453,66.11803436279297
2014-09-22 04:00:00,59.003414154052734,74.88078308105469,54.45096206665039,73.51927947998047,65.57670593261719
2014-09-23 04:00:00,58.69169235229492,74.62004089355469,53.924774169921875,73.78670501708984,65.2721939086914
2014-09-24 04:00:00,58.56333541870117,74.2198486328125,53.794921875,73.772216796875,66.59171295166016
2014-09-25 04:00:00,57.60380935668945,73.1768798828125,53.0090446472168,73.0061264038086,65.48196411132812
2014-09-26 04:00:00,58.32497787475586,73.65591430664062,53.38493347167969,74.7768783569336,66.5511245727539
2014-09-29 04:00:00,57.713809967041016,73.09803771972656,53.19356155395508,74.64677429199219,65.79325103759766
2014-09-30 04:00:00,57.4815673828125,72.35222625732422,52.29150390625,73.49760437011719,65.06243133544922
2014-10-01 04:00:00,56.75428009033203,71.33955383300781,51.25278854370117,71.44497680664062,63.80381393432617
2014-10-02 04:00:00,57.023170471191406,71.01213073730469,51.04093551635742,70.67161560058594,64.43313598632812
2014-10-03 04:00:00,57.402122497558594,71.3759536743164,51.095611572265625,70.75833892822266,64.93389129638672
2014-10-06 04:00:00,57.768821716308594,71.60636901855469,51.225460052490234,71.23534393310547,65.69175720214844
2014-10-07 04:00:00,57.06596374511719,70.35118865966797,50.50790786743164,70.99684143066406,64.1963119506836
2014-10-08 04:00:00,57.823814392089844,71.52146911621094,50.93160629272461,71.14864349365234,64.6631851196289
2014-10-09 04:00:00,56.118648529052734,69.43555450439453,49.302894592285156,68.60453796386719,62.61285400390625
2014-10-10 04:00:00,55.98414611816406,69.05960845947266,48.55754089355469,67.26737213134766,61.956520080566406
2014-10-13 04:00:00,55.519676208496094,67.9317626953125,46.97718048095703,65.72071075439453,59.4798698425293
2014-10-14 04:00:00,55.34243392944336,66.56742095947266,45.68661117553711,64.29683685302734,58.56634521484375
2014-10-15 04:00:00,55.140750885009766,66.25816345214844,45.72112274169922,64.47754669189453,57.68668746948242
2014-10-16 04:00:00,55.372989654541016,67.34357452392578,46.19041442871094,65.51111602783203,58.49190902709961
2014-10-17 04:00:00,55.74579620361328,67.79228973388672,46.98405838012695,67.91787719726562,59.7911262512207
2014-10-20 04:00:00,56.088069915771484,67.60430908203125,47.50164794921875,68.37322235107422,60.04826354980469
2014-10-21 04:00:00,57.23707962036133,69.78726196289062,48.716285705566406,70.64991760253906,61.624942779541016
2014-10-22 04:00:00,56.919273376464844,69.12631225585938,47.92262649536133,69.37787628173828,60.69789505004883
2014-10-23 04:00:00,57.51823043823242,70.45425415039062,48.30910873413086,71.01851654052734,61.58430862426758
2014-10-24 04:00:00,57.75048065185547,70.28448486328125,48.357425689697266,70.28130340576172,60.576072692871094
2014-10-27 04:00:00,57.27375411987305,69.74481201171875,47.50164794921875,67.5926284790039,58.51221466064453
2014-10-28 04:00:00,58.12329864501953,71.0242691040039,48.4609375,69.75370025634766,59.64223861694336
2014-10-29 04:00:00,57.811588287353516,71.03033447265625,48.82670974731445,70.4041976928711,60.12270736694336
2014-10-30 04:00:00,57.72602462768555,71.06671142578125,49.24078369140625,70.55595397949219,59.50016403198242
2014-10-31 04:00:00,59.10731887817383,72.73421478271484,49.79290008544922,71.3076171875,60.17683410644531
2014-11-03 05:00:00,58.22110366821289,70.8120346069336,48.695587158203125,69.76092529296875,58.965599060058594
2014-11-04 05:00:00,57.768821716308594,69.95703887939453,47.46025085449219,68.05522918701172,57.734039306640625
2014-11-05 05:00:00,58.10495376586914,70.97575378417969,48.226295471191406,69.8476333618164,58.51221466064453
2014-11-06 05:00:00,58.8322639465332,71.87317657470703,49.220088958740234,70.09342193603516,58.46484375
2014-11-07 05:00:00,59.46017837524414,72.03687286376953,49.799781799316406,71.35822296142578,59.574588775634766
2014-11-10 05:00:00,59.269351959228516,71.5032958984375,49.413326263427734,71.04020690917969,59.50016403198242
2014-11-11 05:00:00,59.34938049316406,71.81861114501953,49.516845703125,71.0908203125,60.29863739013672
2014-11-12 05:00:00,58.71531677246094,71.33955383300781,49.13727951049805,70.41867065429688,59.94677734375
2014-11-13 05:00:00,58.27207946777344,70.6119155883789,48.5506477355957,68.55389404296875,58.390403747558594
2014-11-14 05:00:00,58.536800384521484,71.18719482421875,49.282196044921875,68.89361572265625,58.64078903198242
2014-11-17 05:00:00,58.54910659790039,70.83834838867188,49.28908157348633,69.11766815185547,58.126502990722656
2014-11-18 05:00:00,58.401363372802734,70.66699981689453,49.46162033081055,68.86470031738281,58.64078903198242
2014-11-19 05:00:00,58.85691452026367,71.27899932861328,49.77909469604492,68.66232299804688,58.22123718261719
2014-11-20 05:00:00,58.98617935180664,71.79306030273438,50.52442932128906,69.48628997802734,58.78287887573242
2014-11-21 05:00:00,59.59558868408203,72.5703125,50.821189880371094,70.7366714477539,59.2768669128418
2014-11-24 05:00:00,58.92461395263672,71.96443939208984,50.60725402832031,71.15585327148438,59.72346496582031
2014-11-25 05:00:00,58.34596633911133,71.08316040039062,49.503047943115234,68.806884765625,58.437782287597656
2014-11-26 05:00:00,58.1612663269043,70.4466781616211,48.88190841674805,67.07947540283203,58.28215408325195
2014-11-28 05:00:00,55.73583221435547,66.6278305053711,45.596893310546875,62.12133026123047,53.978458404541016
2014-12-01 05:00:00,56.850067138671875,68.37812805175781,46.770118713378906,61.60578155517578,56.01994705200195
2014-12-02 05:00:00,57.982765197753906,69.77960968017578,47.763912200927734,61.881710052490234,56.89427185058594
2014-12-03 05:00:00,58.45060729980469,69.58989715576172,48.86121368408203,62.999969482421875,58.59355926513672
2014-12-04 05:00:00,58.093570709228516,68.71473693847656,47.83292007446289,63.486488342285156,58.198692321777344
2014-12-05 05:00:00,57.754981994628906,67.85182189941406,46.82534408569336,63.29043197631836,57.45130157470703
2014-12-08 05:00:00,56.44993209838867,65.36101531982422,44.87916564941406,61.14830017089844,54.14334487915039
2014-12-09 05:00:00,56.2529411315918,65.48955535888672,44.83085632324219,62.063255310058594,55.09659957885742
2014-12-10 05:00:00,54.584678649902344,64.17375183105469,43.85087203979492,60.39311981201172,53.453311920166016
2014-12-11 05:00:00,54.91094970703125,64.20435333251953,43.89918899536133,60.27693176269531,53.410648345947266
2014-12-12 05:00:00,53.31040954589844,62.6559944152832,43.09864044189453,58.09126663208008,52.79883575439453
2014-12-15 05:00:00,53.49509048461914,61.72578048706055,42.57412338256836,58.01863098144531,52.04478454589844
2014-12-16 05:00:00,53.19343948364258,62.23982620239258,43.63002395629883,58.229209899902344,52.93400573730469
2014-12-17 05:00:00,54.80013656616211,64.88365173339844,46.19732666015625,60.18254852294922,55.34561538696289
2014-12-18 05:00:00,56.117496490478516,66.72575378417969,48.13656997680664,61.16285705566406,56.320194244384766
2014-12-19 05:00:00,57.644187927246094,69.112548828125,48.98544692993164,63.551822662353516,57.991939544677734
2014-12-22 05:00:00,57.45335006713867,68.56172943115234,47.97784423828125,62.99270248413086,57.4726448059082
2014-12-23 05:00:00,58.22897720336914,69.73677062988281,49.033748626708984,63.406593322753906,58.97365951538086
2014-12-24 05:00:00,57.73036575317383,69.4429931640625,48.39884567260742,63.21782302856445,58.5041389465332
2014-12-26 05:00:00,57.37946701049805,69.3083724975586,48.226295471191406,63.268646240234375,58.36897659301758
2014-12-29 05:00:00,57.29328918457031,69.35121154785156,48.38503646850586,63.42837905883789,58.12712478637695
2014-12-30 05:00:00,57.262508392333984,69.2226791381836,48.26079177856445,62.767601013183594,57.90657043457031
2014-12-31 05:00:00,56.911617279052734,68.65352630615234,47.66038513183594,62.019691467285156,57.344581604003906
2015-01-02 05:00:00,57.14554977416992,68.89830780029297,47.56377029418945,62.20846939086914,57.37302780151367
2015-01-05 05:00:00,55.581966400146484,66.14435577392578,45.30015563964844,60.52383804321289,55.24600601196289
2015-01-06 05:00:00,55.28644561767578,66.11375427246094,43.42988967895508,59.34021759033203,54.77648162841797
2015-01-07 05:00:00,55.846649169921875,66.0586929321289,43.7197380065918,59.33294677734375,54.78361511230469
2015-01-08 05:00:00,56.77619934082031,67.5703125,44.810150146484375,60.05183029174805,55.267364501953125
2015-01-09 05:00:00,56.6961669921875,66.22393035888672,44.80325698852539,58.977149963378906,55.16062545776367
2015-01-12 05:00:00,55.60655975341797,64.7979507446289,43.526512145996094,56.675289154052734,53.31815719604492
2015-01-13 05:00:00,55.40340805053711,63.76979446411133,43.09172821044922,56.47924041748047,53.3323860168457
2015-01-14 05:00:00,55.243343353271484,63.58622741699219,43.21595001220703,56.92216110229492,53.69519805908203
2015-01-15 05:00:00,54.76321029663086,62.83346176147461,42.38088607788086,55.6441764831543,54.0579833984375
2015-01-16 05:00:00,56.092872619628906,64.33287811279297,43.53341293334961,59.05702590942383,55.530555725097656
2015-01-20 05:00:00,56.07440185546875,65.15904998779297,43.60932540893555,58.43980407714844,55.49498748779297
2015-01-21 05:00:00,56.55459213256836,66.19332122802734,44.54100799560547,59.69601058959961,56.3700065612793
2015-01-22 05:00:00,57.17018508911133,66.65843200683594,45.06549835205078,59.64521026611328,56.09965896606445
2015-01-23 05:00:00,55.95131301879883,65.39158630371094,44.61692428588867,59.54353713989258,56.09256362915039
2015-01-26 05:00:00,56.486873626708984,66.63395690917969,45.42436599731445,60.76347351074219,57.13827896118164
2015-01-27 05:00:00,55.98823165893555,66.2545394897461,45.23112106323242,61.39519500732422,56.49092483520508
2015-01-28 05:00:00,54.141441345214844,63.46995544433594,43.1883430480957,58.6358642578125,54.42080307006836
2015-01-29 05:00:00,53.91368865966797,63.03541564941406,43.35396957397461,59.4709358215332,55.70839309692383
2015-01-30 05:00:00,53.81517791748047,62.747802734375,43.46439743041992,59.82674026489258,56.91065216064453
2015-02-02 05:00:00,55.14487838745117,64.90811157226562,45.38986587524414,61.46054458618164,57.02444076538086
2015-02-03 05:00:00,56.78852081298828,67.03173828125,46.74941635131836,63.23234176635742,58.440101623535156
2015-02-04 05:00:00,56.302181243896484,66.30960083007812,45.45887756347656,61.39519500732422,57.51529312133789
2015-02-05 05:00:00,56.856224060058594,66.89710235595703,46.632102966308594,62.3900032043457,58.41876983642578
2015-02-06 05:00:00,56.75078201293945,67.08072662353516,46.57688903808594,62.56428146362305,58.155555725097656
2015-02-09 05:00:00,56.787994384765625,67.58255004882812,46.82534408569336,62.681156158447266,57.806983947753906
2015-02-10 05:00:00,56.44688034057617,67.4295654296875,46.92195129394531,62.24290466308594,57.842552185058594
2015-02-11 05:00:00,56.19258117675781,67.30714416503906,46.846038818359375,61.88504409790039,56.896400451660156
2015-02-12 05:00:00,57.29039764404297,68.51225280761719,47.4669189453125,62.783424377441406,58.361873626708984
2015-02-13 05:00:00,57.910614013671875,69.6988296508789,48.75056076049805,64.5509262084961,59.12303161621094
2015-02-17 05:00:00,57.712135314941406,69.46399688720703,48.464542388916016,64.92340850830078,58.71042251586914
2015-02-18 05:00:00,56.44688034057617,68.25270080566406,47.250667572021484,64.08345794677734,57.885231018066406
2015-02-19 05:00:00,55.47312545776367,66.96106719970703,47.03440475463867,63.528404235839844,57.344581604003906
2015-02-20 05:00:00,55.77080535888672,67.1155776977539,47.00648880004883,62.7249870300293,56.981781005859375
2015-02-23 05:00:00,55.206417083740234,66.65824127197266,46.685577392578125,62.47663879394531,56.76834487915039
2015-02-24 05:00:00,55.460723876953125,66.72005462646484,46.8041877746582,62.308631896972656,56.732791900634766
2015-02-25 05:00:00,55.57234191894531,67.10318756103516,47.11113739013672,62.235626220703125,57.06003952026367
2015-02-26 05:00:00,54.98314666748047,66.16383361816406,45.93912124633789,61.271514892578125,55.715511322021484
2015-02-27 05:00:00,54.9149284362793,65.92899322509766,45.48564910888672,61.46870422363281,55.40251922607422
2015-03-02 05:00:00,54.60480499267578,65.44695281982422,44.92755126953125,61.804691314697266,55.30291748046875
2015-03-03 05:00:00,54.34430694580078,64.98961639404297,45.19265365600586,62.016502380371094,55.49498748779297
2015-03-04 05:00:00,54.071388244628906,64.98961639404297,44.822914123535156,62.18450164794922,55.72262954711914
2015-03-05 05:00:00,53.79849624633789,64.723876953125,44.18107604980469,61.95077133178711,55.125091552734375
2015-03-06 05:00:00,53.11006164550781,63.99463653564453,43.80435562133789,60.70182800292969,53.68894577026367
2015-03-09 04:00:00,52.818565368652344,64.24182891845703,43.232295989990234,60.15403366088867,53.71050262451172
2015-03-10 04:00:00,52.26032638549805,63.599098205566406,42.46490478515625,59.387123107910156,53.00680923461914
2015-03-11 04:00:00,52.111488342285156,63.98845672607422,42.76487731933594,59.357906341552734,53.322750091552734
2015-03-12 04:00:00,52.23551940917969,63.2962646484375,42.80674743652344,59.116905212402344,53.55253601074219
2015-03-13 04:00:00,52.01845169067383,62.801876068115234,43.0020751953125,58.737091064453125,52.30310821533203
2015-03-16 04:00:00,52.57044982910156,63.73507308959961,43.53227233886719,59.35062789916992,52.496978759765625
2015-03-17 04:00:00,52.1486930847168,63.75977325439453,43.26020431518555,58.77361297607422,51.958457946777344
2015-03-18 04:00:00,53.38294982910156,65.94135284423828,44.39734649658203,59.927635192871094,53.143245697021484
2015-03-19 04:00:00,52.35337829589844,64.73624420166016,43.783409118652344,59.16802215576172,51.60660171508789
2015-03-20 04:00:00,52.43400192260742,66.1452865600586,44.536861419677734,60.161338806152344,52.216941833496094
2015-03-23 04:00:00,52.98602294921875,65.45931243896484,44.1113166809082,59.89109420776367,52.31747055053711
2015-03-24 04:00:00,52.42161178588867,64.39629364013672,43.63691711425781,59.781551361083984,52.023075103759766
2015-03-25 04:00:00,52.63247299194336,65.3048095703125,43.985740661621094,60.83329391479492,52.93500518798828
2015-03-26 04:00:00,52.29755401611328,65.0452651977539,44.118289947509766,60.73835372924805,52.94219207763672
2015-03-27 04:00:00,51.83860397338867,64.4457778930664,43.90202331542969,60.847877502441406,52.216941833496094
2015-03-30 04:00:00,53.11006164550781,66.06497192382812,44.648494720458984,61.70244216918945,53.121700286865234
2015-03-31 04:00:00,52.71931457519531,64.87837982177734,43.434608459472656,60.942840576171875,52.41801452636719
2015-04-01 04:00:00,52.38438034057617,64.76095581054688,43.964805603027344,61.55635452270508,53.30838394165039
2015-04-02 04:00:00,52.28514862060547,65.06377410888672,44.07645034790039,61.63669204711914,53.530982971191406
2015-04-06 04:00:00,52.799922943115234,66.07731628417969,45.61819839477539,62.746891021728516,54.93836975097656
2015-04-07 04:00:00,53.18448257446289,67.07847595214844,45.897254943847656,63.009822845458984,55.15378189086914
2015-04-08 04:00:00,52.13630294799805,65.91665649414062,45.21357727050781,62.900272369384766,55.00300598144531
2015-04-09 04:00:00,52.502220153808594,66.09583282470703,46.741390228271484,64.6020278930664,55.88619613647461
2015-04-10 04:00:00,53.0666618347168,66.07115173339844,46.413490295410156,65.0840835571289,56.331390380859375
2015-04-13 04:00:00,52.93018341064453,65.81775665283203,46.28096389770508,64.28795623779297,55.82158279418945
2015-04-14 04:00:00,53.730262756347656,67.263916015625,47.69017028808594,64.857666015625,56.9417610168457
2015-04-15 04:00:00,54.62961959838867,68.23417663574219,48.41571044921875,67.19487762451172,58.52864456176758
2015-04-16 04:00:00,54.41252517700195,68.07965087890625,48.14362335205078,67.11454772949219,58.4281120300293
2015-04-17 04:00:00,53.916351318359375,67.43074798583984,47.22275924682617,67.82301330566406,57.82496643066406
2015-04-20 04:00:00,54.10862731933594,68.15998077392578,47.86458969116211,67.53816986083984,57.71005630493164
2015-04-21 04:00:00,53.885337829589844,67.81392669677734,47.452980041503906,66.67632293701172,57.049461364746094
2015-04-22 04:00:00,54.24507522583008,67.6717758178711,47.355316162109375,67.31175994873047,57.14999008178711
2015-04-23 04:00:00,54.294677734375,67.96223449707031,47.62040710449219,67.96177673339844,57.473121643066406
2015-04-24 04:00:00,53.9411735534668,67.90044403076172,47.0971794128418,66.91004180908203,57.27924728393555
2015-04-27 04:00:00,53.965972900390625,67.79537200927734,46.78325653076172,67.43592071533203,57.035091400146484
2015-04-28 04:00:00,54.4559440612793,68.6729507446289,47.25764465332031,67.67696380615234,57.22894287109375
2015-04-29 04:00:00,54.49935531616211,69.04991149902344,47.48088073730469,68.86018371582031,57.523380279541016
2015-04-30 04:00:00,54.18925857543945,68.63585662841797,47.383209228515625,69.10118865966797,57.51618194580078
2015-05-01 04:00:00,55.107173919677734,67.38749694824219,47.0483512878418,67.92528533935547,57.80342102050781
2015-05-04 04:00:00,55.268455505371094,66.94253540039062,46.755340576171875,67.91064453125,57.46592330932617
2015-05-05 04:00:00,54.958316802978516,66.74476623535156,46.88090896606445,67.22410583496094,56.4534797668457
2015-05-06 04:00:00,54.69783401489258,66.7138671875,46.901851654052734,67.39210510253906,57.027923583984375
2015-05-07 04:00:00,54.3319091796875,66.47901916503906,46.476280212402344,65.9021224975586,55.72822570800781
2015-05-08 04:00:00,55.19401931762695,67.14646911621094,46.85999298095703,67.50895690917969,55.93648147583008
2015-05-11 04:00:00,54.26847839355469,66.3492431640625,45.54146957397461,67.02692413330078,55.060462951660156
2015-05-12 04:00:00,54.41857147216797,66.47283172607422,45.625179290771484,67.53816986083984,55.060462951660156
2015-05-13 04:00:00,54.13092041015625,66.55937194824219,45.61819839477539,67.56737518310547,54.69424057006836
2015-05-14 04:00:00,54.38732147216797,67.02288818359375,45.63912582397461,67.31906127929688,54.78040313720703
2015-05-15 04:00:00,54.62495422363281,67.42857360839844,45.87632751464844,67.297119140625,55.17534255981445
2015-05-18 04:00:00,54.31226348876953,66.56721496582031,46.07167434692383,67.7426528930664,55.462562561035156
2015-05-19 04:00:00,54.399810791015625,65.54984283447266,45.42984390258789,66.1431655883789,54.45728302001953
2015-05-20 04:00:00,54.48735427856445,65.69340515136719,45.70500564575195,66.28194427490234,55.01735305786133
2015-05-21 04:00:00,54.53739929199219,65.84320068359375,46.26943588256836,67.21678161621094,55.254329681396484
2015-05-22 04:00:00,54.105892181396484,65.46870422363281,45.93783187866211,67.2094955444336,55.29740524291992
2015-05-26 04:00:00,53.37421798706055,64.47001647949219,45.04179000854492,66.27459716796875,55.08917236328125
2015-05-27 04:00:00,53.224159240722656,64.35768127441406,45.027687072753906,66.46452331542969,55.16097640991211
2015-05-28 04:00:00,53.224159240722656,64.43880462646484,45.055912017822266,66.20887756347656,55.81439208984375
2015-05-29 04:00:00,53.28044128417969,64.28901672363281,44.92890167236328,66.2965087890625,56.144710540771484
2015-06-01 04:00:00,53.236637115478516,64.0580825805664,44.87952423095703,66.57560729980469,56.647342681884766
2015-06-02 04:00:00,53.24288558959961,64.02688598632812,45.204063415527344,67.1998519897461,57.042274475097656
2015-06-03 04:00:00,53.12408447265625,63.770957946777344,45.01356887817383,67.0970458984375,56.27396774291992
2015-06-04 04:00:00,52.66756820678711,63.28409957885742,44.44913101196289,66.14964294433594,55.50564193725586
2015-06-05 04:00:00,52.7050895690918,63.408939361572266,44.47736740112305,66.22308349609375,56.790958404541016
2015-06-08 04:00:00,53.061546325683594,62.67866134643555,44.75252151489258,65.63554382324219,55.98626708984375
2015-06-09 04:00:00,52.8927116394043,62.67866134643555,44.49147033691406,65.99542236328125,56.16752624511719
2015-06-10 04:00:00,53.28666687011719,63.558738708496094,45.16879653930664,67.29536437988281,57.14619064331055
2015-06-11 04:00:00,53.211631774902344,63.1156120300293,45.175838470458984,66.59028625488281,57.18966293334961
2015-06-12 04:00:00,52.54248809814453,62.335411071777344,44.80897521972656,66.20841979980469,56.38497543334961
2015-06-15 04:00:00,52.35490798950195,61.97336959838867,44.6396369934082,65.67960357666016,56.1457633972168
2015-06-16 04:00:00,52.95521545410156,62.44151306152344,44.75252151489258,65.87055969238281,56.91420364379883
2015-06-17 04:00:00,52.98651123046875,62.26671600341797,44.512638092041016,65.8558578491211,57.12442398071289
2015-06-18 04:00:00,53.455528259277344,62.57255172729492,44.399757385253906,65.09205627441406,57.34191131591797
2015-06-19 04:00:00,53.28666687011719,62.08572006225586,43.990535736083984,63.615875244140625,56.522727966308594
2015-06-22 04:00:00,53.261653900146484,62.597530364990234,44.15282440185547,63.8729248046875,57.11717224121094
2015-06-23 04:00:00,53.199134826660156,62.47270965576172,44.56907272338867,64.62939453125,57.55936813354492
2015-06-24 04:00:00,52.95521545410156,61.96086883544922,44.32920837402344,64.26953125,57.50139617919922
2015-06-25 04:00:00,52.4862060546875,61.38039779663086,43.8988151550293,63.65260696411133,56.92869186401367
2015-06-26 04:00:00,52.44243621826172,61.54269790649414,43.87058639526367,63.65260696411133,57.42163848876953
2015-06-29 04:00:00,51.792076110839844,60.35054397583008,43.04509735107422,62.910823822021484,56.0877799987793
2015-06-30 04:00:00,52.029720306396484,60.21324157714844,43.327327728271484,63.300071716308594,56.37774658203125
2015-07-01 04:00:00,51.51066207885742,59.97602844238281,42.35367965698242,61.91200637817383,55.058387756347656
2015-07-02 04:00:00,51.992183685302734,59.83871841430664,42.69940948486328,61.69903564453125,54.89889907836914
2015-07-06 04:00:00,51.610713958740234,59.15216064453125,41.66930389404297,61.31711959838867,53.572261810302734
2015-07-07 04:00:00,51.82335662841797,59.464237213134766,42.08559036254883,61.83857345581055,53.78975296020508
2015-07-08 04:00:00,51.260536193847656,58.396881103515625,41.17543029785156,60.898502349853516,52.58637619018555
2015-07-09 04:00:00,51.02913284301758,58.534210205078125,41.394134521484375,61.36118698120117,53.0068244934082
2015-07-10 04:00:00,51.41686248779297,58.92743682861328,41.71868896484375,61.66231155395508,53.14455795288086
2015-07-13 04:00:00,51.541927337646484,59.04603576660156,41.57758712768555,61.904666900634766,53.246063232421875
2015-07-14 04:00:00,51.973411560058594,59.638999938964844,42.00090408325195,62.639095306396484,53.847740173339844
2015-07-15 04:00:00,51.75456237792969,58.821327209472656,41.21775817871094,61.41995620727539,52.985084533691406
2015-07-16 04:00:00,51.848350524902344,58.97112274169922,40.88615417480469,61.61088562011719,52.557373046875
2015-07-17 04:00:00,51.66075134277344,58.14099884033203,40.35697937011719,61.47869873046875,52.13691329956055
2015-07-20 04:00:00,51.129188537597656,58.009910583496094,39.912506103515625,61.339149475097656,50.93351364135742
2015-07-21 04:00:00,51.06665802001953,58.609134674072266,39.85605239868164,61.91200637817383,50.90453338623047
2015-07-22 04:00:00,51.14794921875,58.36567687988281,39.39041519165039,62.6170539855957,50.36082077026367
2015-07-23 04:00:00,50.74148178100586,58.009910583496094,38.63962936401367,63.17522430419922,50.52031707763672
2015-07-24 04:00:00,49.99103927612305,56.549381256103516,37.24534606933594,60.88382339477539,49.599647521972656
2015-07-27 04:00:00,49.565792083740234,55.63810348510742,36.21570587158203,60.04655456542969,49.121219635009766
2015-07-28 04:00:00,51.57943344116211,57.672882080078125,37.352596282958984,60.590049743652344,50.46957778930664
2015-07-29 04:00:00,51.992183685302734,58.20339584350586,37.824527740478516,61.61088562011719,51.36848831176758
2015-07-30 04:00:00,51.9108772277832,58.06610107421875,37.231056213378906,61.339149475097656,51.759944915771484
2015-07-31 04:00:00,49.5345344543457,55.22613525390625,35.99406051635742,60.8250846862793,50.89002227783203
2015-08-03 04:00:00,48.81536865234375,53.42854690551758,35.54359817504883,60.28158950805664,50.31010055541992
2015-08-04 04:00:00,48.258792877197266,53.18510818481445,35.65799331665039,60.421138763427734,50.04185485839844
2015-08-05 04:00:00,48.258792877197266,52.44861602783203,35.12174606323242,60.590049743652344,49.77362823486328
2015-08-06 04:00:00,48.83413314819336,53.17263412475586,35.95116424560547,61.39055633544922,50.32459259033203
2015-08-07 04:00:00,48.04619216918945,52.27386474609375,34.92153549194336,60.40644073486328,49.860633850097656
2015-08-10 04:00:00,49.24687576293945,53.60955047607422,35.893959045410156,62.01482391357422,51.6729621887207
2015-08-11 04:00:00,48.912322998046875,53.54090118408203,36.036964416503906,61.95608139038086,51.81794357299805
2015-08-12 04:00:00,49.732913970947266,54.17130661010742,36.85210418701172,62.301273345947266,53.44904327392578
2015-08-13 04:00:00,49.64452362060547,53.58458709716797,35.82245635986328,61.75778579711914,52.86907958984375
2015-08-14 04:00:00,49.46148681640625,53.671974182128906,35.58650588989258,61.5888786315918,53.209808349609375
2015-08-17 04:00:00,49.72025680541992,52.60383987426758,35.43635559082031,61.324466705322266,53.456275939941406
2015-08-18 04:00:00,49.1711311340332,52.73656463623047,35.40058517456055,61.067440032958984,53.49251174926758
2015-08-19 04:00:00,48.117008209228516,51.137542724609375,34.09211349487305,59.24604797363281,52.31089401245117
2015-08-20 04:00:00,47.069190979003906,50.0820426940918,33.60588073730469,58.34269332885742,51.08576583862305
2015-08-21 04:00:00,45.52904510498047,47.8825798034668,32.45472717285156,56.917903900146484,50.208595275878906
2015-08-24 04:00:00,43.376625061035156,45.58198547363281,30.695781707763672,54.251949310302734,47.64959716796875
2015-08-25 04:00:00,43.370304107666016,44.25471878051758,30.16665267944336,53.26047897338867,47.66410446166992
2015-08-26 04:00:00,45.762596130371094,46.19506072998047,31.038976669311523,51.47583770751953,48.678993225097656
2015-08-27 04:00:00,47.24594497680664,49.0707893371582,32.797916412353516,54.23725891113281,51.150997161865234
2015-08-28 04:00:00,47.38481140136719,50.83416748046875,33.47719192504883,55.8603401184082,52.07891845703125
2015-08-31 04:00:00,47.49210739135742,51.188106536865234,35.14318084716797,57.198448181152344,52.92707824707031
2015-09-01 04:00:00,45.49748611450195,49.41840744018555,34.142154693603516,55.756839752197266,50.752296447753906
2015-09-02 04:00:00,46.22337341308594,49.336246490478516,34.456764221191406,55.749481201171875,51.52797317504883
2015-09-03 04:00:00,46.57685852050781,49.46266174316406,34.449615478515625,56.37784194946289,51.36848831176758
2015-09-04 04:00:00,45.737361907958984,48.45772171020508,33.7489013671875,55.44635009765625,50.491336822509766
2015-09-08 04:00:00,46.393802642822266,48.565185546875,34.64983367919922,55.84555435180664,50.93101501464844
2015-09-09 04:00:00,45.44699478149414,47.351680755615234,34.21366500854492,55.00277328491211,49.567962646484375
2015-09-10 04:00:00,45.77521896362305,47.81938171386719,34.62838363647461,54.75881576538086,49.6412353515625
2015-09-11 04:00:00,45.88252639770508,47.90154266357422,33.86330795288086,54.48527526855469,49.02566909790039
2015-09-14 04:00:00,45.756290435791016,47.88890075683594,33.44144058227539,53.8494873046875,48.50537872314453
2015-09-15 04:00:00,45.989837646484375,48.77372741699219,33.806095123291016,54.40393829345703,48.9157600402832
2015-09-16 04:00:00,46.89876937866211,49.94298553466797,35.37200164794922,56.303916931152344,50.117576599121094
2015-09-17 04:00:00,46.9997673034668,50.18949508666992,35.843902587890625,55.66810989379883,50.08095169067383
2015-09-18 04:00:00,45.876220703125,49.134002685546875,34.57832336425781,53.627708435058594,48.981693267822266
2015-09-21 04:00:00,46.32436752319336,49.3552131652832,34.857173919677734,53.87166213989258,48.952396392822266
2015-09-22 04:00:00,45.91408157348633,48.82429504394531,34.76422119140625,53.64986801147461,48.19025421142578
2015-09-23 04:00:00,45.63636779785156,48.1101188659668,34.2208251953125,53.184139251708984,47.50141525268555
2015-09-24 04:00:00,45.90778350830078,48.59678268432617,34.149322509765625,53.73860549926758,47.69193649291992
2015-09-25 04:00:00,46.22337341308594,49.10871124267578,33.741737365722656,53.89384078979492,48.45408630371094
2015-09-28 04:00:00,45.825706481933594,47.88890075683594,32.78362274169922,51.284175872802734,46.63669204711914
2015-09-29 04:00:00,46.05926513671875,48.19227600097656,33.298439025878906,51.084564208984375,47.24491882324219
2015-09-30 04:00:00,46.93034362792969,49.85452651977539,34.29232406616211,50.98845672607422,48.47605514526367
2015-10-01 04:00:00,46.747283935546875,49.51322555541992,34.43531799316406,50.01259231567383,48.34416198730469
2015-10-02 04:00:00,47.89606857299805,51.54203414916992,36.60182189941406,51.98649215698242,50.41071319580078
2015-10-05 04:00:00,48.483116149902344,53.10947036743164,37.881710052490234,53.29503631591797,51.77376174926758
2015-10-06 04:00:00,49.1648063659668,54.98027801513672,39.4261474609375,54.66270446777344,52.46261215209961
2015-10-07 04:00:00,49.99169158935547,55.69447708129883,39.51910400390625,55.70509338378906,52.68244171142578
2015-10-08 04:00:00,50.515602111816406,56.8258056640625,40.24127960205078,56.65876007080078,54.280006408691406
2015-10-09 04:00:00,50.02956008911133,56.610897064208984,40.11256790161133,56.4517707824707,53.935569763183594
2015-10-12 04:00:00,50.0548095703125,56.086334228515625,39.51910400390625,55.4019660949707,53.52519607543945
2015-10-13 04:00:00,49.966434478759766,55.858787536621094,39.35464859008789,55.18020248413086,53.28336715698242
2015-10-14 04:00:00,50.597660064697266,56.73100280761719,39.65496063232422,55.45375061035156,54.15541076660156
2015-10-15 04:00:00,51.43085861206055,57.33772659301758,40.02455139160156,56.303916931152344,54.7563362121582
2015-10-16 04:00:00,52.062049865722656,57.6980094909668,40.02455139160156,55.0841064453125,54.39725112915039
2015-10-19 04:00:00,51.121551513671875,56.90163803100586,38.90852737426758,54.81055450439453,53.28336715698242
2015-10-20 04:00:00,51.020572662353516,56.87637710571289,38.79982376098633,55.852943420410156,53.18809509277344
2015-10-21 04:00:00,50.62920379638672,56.4592170715332,38.38676452636719,55.91209030151367,52.77039337158203
2015-10-22 04:00:00,52.32084274291992,57.90656280517578,39.55351638793945,57.856407165527344,54.47787094116211
2015-10-23 04:00:00,52.377647399902344,57.666385650634766,39.57524871826172,57.922950744628906,54.01618194580078
2015-10-26 04:00:00,51.26673889160156,56.10529327392578,38.37225341796875,57.03581619262695,52.51390838623047
2015-10-27 04:00:00,51.1846809387207,55.429019927978516,37.45915603637695,56.88794708251953,51.44398498535156
2015-10-28 04:00:00,51.93581771850586,56.74995422363281,38.6548957824707,58.499576568603516,54.0894660949707
2015-10-29 04:00:00,51.90426254272461,56.81315994262695,38.85780334472656,58.17430877685547,54.323970794677734
2015-10-30 04:00:00,52.226165771484375,57.438865661621094,38.66212463378906,57.78248596191406,54.62443161010742
2015-11-02 05:00:00,53.82943344116211,60.01753616333008,39.81439208984375,58.721351623535156,55.386566162109375
2015-11-03 05:00:00,54.82044219970703,62.02741241455078,41.11159133911133,60.26647186279297,56.13405227661133
2015-11-04 05:00:00,54.27128982543945,61.16154479980469,40.82895278930664,59.371952056884766,55.518470764160156
2015-11-05 05:00:00,53.53276443481445,59.75843048095703,40.78547668457031,58.25562286376953,55.48183059692383
2015-11-06 05:00:00,53.31816864013672,59.42974853515625,40.41587829589844,58.447837829589844,55.0348014831543
2015-11-09 05:00:00,52.17845153808594,58.34899139404297,39.59699630737305,57.59765625,55.115421295166016
2015-11-10 05:00:00,52.433128356933594,58.924129486083984,39.604225158691406,58.23344039916992,55.88487243652344
2015-11-11 05:00:00,51.96833038330078,58.266841888427734,38.72735595703125,57.390663146972656,55.41587448120117
2015-11-12 05:00:00,50.56119155883789,56.7941780090332,37.66207504272461,56.62918472290039,53.598487854003906
2015-11-13 05:00:00,49.72710418701172,56.04839324951172,37.560611724853516,56.289127349853516,53.86960983276367
2015-11-16 05:00:00,51.50989532470703,58.505035400390625,39.40131378173828,57.908164978027344,54.939544677734375
2015-11-17 05:00:00,50.91138458251953,58.2363395690918,39.06072235107422,56.73271560668945,54.41190719604492
2015-11-18 05:00:00,51.408023834228516,58.99124526977539,39.481040954589844,58.07081985473633,55.52579879760742
2015-11-19 05:00:00,51.12787628173828,58.10842514038086,38.8143310546875,57.60503005981445,55.18137741088867
2015-11-20 05:00:00,50.803157806396484,56.94404602050781,38.35777282714844,57.03581619262695,54.29465866088867
2015-11-23 05:00:00,51.11513900756836,57.58379364013672,38.611412048339844,57.087554931640625,54.301998138427734
2015-11-24 05:00:00,52.13388442993164,58.441043853759766,40.08979034423828,57.797279357910156,55.62107849121094
2015-11-25 05:00:00,51.732749938964844,58.13398361206055,39.40856170654297,57.31673049926758,55.239990234375
2015-11-27 05:00:00,51.720001220703125,57.814109802246094,38.756343841552734,57.16888427734375,55.10078430175781
2015-11-30 05:00:00,51.993804931640625,58.42188262939453,39.16941452026367,57.406986236572266,55.393882751464844
2015-12-01 05:00:00,52.1402473449707,59.163970947265625,39.57524871826172,58.16596221923828,56.199981689453125
2015-12-02 05:00:00,50.65034484863281,57.73735809326172,38.0823860168457,56.40991973876953,55.188690185546875
2015-12-03 05:00:00,49.92450714111328,56.84168243408203,37.40117645263672,55.66579055786133,53.07817459106445
2015-12-04 05:00:00,50.21102523803711,57.39187240600586,37.096797943115234,55.59138107299805,52.557884216308594
2015-12-07 05:00:00,48.899383544921875,55.83728790283203,35.50250244140625,54.1701774597168,50.799110412597656
2015-12-08 05:00:00,47.51771926879883,55.299888610839844,35.002464294433594,53.202842712402344,49.85825729370117
2015-12-09 05:00:00,48.15443801879883,56.0420036315918,35.12565612792969,53.664180755615234,50.339786529541016
2015-12-10 05:00:00,48.1926383972168,57.12957000732422,35.669189453125,53.18796920776367,50.68798828125
2015-12-11 05:00:00,47.33307647705078,55.299888610839844,34.879241943359375,51.952762603759766,48.917381286621094
2015-12-14 05:00:00,48.40911865234375,57.14876174926758,35.893829345703125,52.101585388183594,49.37669372558594
2015-12-15 05:00:00,50.57394027709961,59.34309387207031,36.6402702331543,53.45582962036133,50.70279312133789
2015-12-16 05:00:00,50.395660400390625,59.77814865112305,35.76337814331055,52.9945068359375,51.02135467529297
2015-12-17 05:00:00,49.63796615600586,57.92286682128906,34.263275146484375,51.49143600463867,49.206298828125
2015-12-18 05:00:00,49.20500946044922,57.45584487915039,33.28494644165039,50.10740661621094,48.86552047729492
2015-12-21 05:00:00,49.19227981567383,57.091190338134766,32.6834602355957,50.56128692626953,48.998870849609375
2015-12-22 05:00:00,49.44059371948242,57.7501335144043,33.5385856628418,51.70721435546875,49.621177673339844
2015-12-23 05:00:00,51.0578498840332,60.01485824584961,35.53147888183594,52.8382568359375,51.27323532104492
2015-12-24 05:00:00,50.51026916503906,58.88888168334961,35.212615966796875,52.48106384277344,51.26583480834961
2015-12-28 05:00:00,50.134605407714844,57.80770492553711,34.19805145263672,52.39922332763672,50.36941909790039
2015-12-29 05:00:00,50.40202331542969,58.37709426879883,34.61838150024414,52.466182708740234,50.5175895690918
2015-12-30 05:00:00,49.73347854614258,57.634986877441406,33.77049255371094,51.8188362121582,49.65080261230469
2015-12-31 05:00:00,49.631587982177734,57.55181121826172,33.83570861816406,51.90068435668945,50.08790588378906
2016-01-04 05:00:00,49.31962585449219,56.84168243408203,33.97340774536133,51.47655487060547,49.93972396850586
2016-01-05 05:00:00,49.739845275878906,57.3278923034668,34.35023880004883,51.71464920043945,50.76948165893555
2016-01-06 05:00:00,49.325992584228516,55.06317901611328,32.8646354675293,50.37527084350586,48.480281829833984
2016-01-07 05:00:00,48.53647232055664,53.11195373535156,31.929777145385742,49.25168991088867,47.606101989746094
2016-01-08 05:00:00,47.55593490600586,52.542572021484375,31.371767044067383,48.42575454711914,46.79860305786133
2016-01-11 05:00:00,46.919219970703125,51.672523498535156,29.7992000579834,48.23972702026367,45.353965759277344
2016-01-12 05:00:00,47.880638122558594,52.55537033081055,29.1687068939209,48.17274856567383,45.168758392333984
2016-01-13 05:00:00,48.16716384887695,52.03076934814453,28.262845993041992,47.584922790527344,44.74647903442383
2016-01-14 05:00:00,50.376556396484375,54.679344177246094,29.893415451049805,48.12810516357422,47.413490295410156
2016-01-15 05:00:00,49.396026611328125,53.52779006958008,28.523752212524414,46.885467529296875,46.51707458496094
2016-01-19 05:00:00,48.64470291137695,52.145931243896484,26.3786678314209,46.744102478027344,45.531761169433594
2016-01-20 05:00:00,46.594486236572266,50.52736282348633,25.18292808532715,45.43449020385742,44.16862106323242
2016-01-21 05:00:00,47.18027114868164,51.85163497924805,26.74825668334961,45.72468566894531,45.0798454284668
2016-01-22 05:00:00,48.752952575683594,53.44462203979492,27.299015045166016,48.515045166015625,47.265316009521484
2016-01-25 05:00:00,47.103858947753906,51.74928283691406,24.784345626831055,47.10126876831055,45.77623748779297
2016-01-26 05:00:00,48.83571243286133,53.81568908691406,25.617740631103516,48.61177062988281,46.84305191040039
2016-01-27 05:00:00,47.937950134277344,53.28468704223633,26.240962982177734,48.775474548339844,47.532012939453125
2016-01-28 05:00:00,49.02036666870117,54.96722412109375,27.552661895751953,51.722103118896484,48.79884719848633
2016-01-29 05:00:00,49.567928314208984,55.319087982177734,28.320829391479492,53.77579879760742,50.99171447753906
2016-02-01 05:00:00,48.57466125488281,54.56420135498047,27.97298812866211,53.1730842590332,49.310035705566406
2016-02-02 05:00:00,47.49225616455078,51.97319030761719,26.516359329223633,51.22355270385742,48.50991439819336
2016-02-03 05:00:00,49.96906280517578,54.13554763793945,27.99472427368164,52.704315185546875,50.47313690185547
2016-02-04 05:00:00,50.8286247253418,54.24430847167969,25.59600830078125,52.488525390625,49.621177673339844
2016-02-05 05:00:00,50.98780059814453,53.022377014160156,23.842260360717773,51.20122528076172,48.50251770019531
2016-02-08 05:00:00,51.67546081542969,55.01200485229492,24.951021194458008,51.923004150390625,49.03592300415039
2016-02-09 05:00:00,51.45056915283203,53.047969818115234,24.335046768188477,50.4496955871582,48.317298889160156
2016-02-10 05:00:00,50.98155212402344,53.12476348876953,23.43642234802246,50.39760208129883,48.643280029296875
2016-02-11 05:00:00,51.14217758178711,53.0927619934082,23.28306007385254,51.21611404418945,49.0433349609375
2016-02-12 05:00:00,52.06093978881836,54.653751373291016,24.02800750732422,52.70021057128906,49.680442810058594
2016-02-16 05:00:00,52.18302536010742,54.945289611816406,23.925750732421875,53.779537200927734,50.38424301147461
2016-02-17 05:00:00,52.68413543701172,57.212825775146484,24.76563835144043,54.664005279541016,52.325225830078125
2016-02-18 05:00:00,52.973289489746094,56.189178466796875,24.612272262573242,54.47661590576172,52.07334518432617
2016-02-19 05:00:00,53.00540542602539,56.0401725769043,24.006086349487305,54.6190299987793,52.05111312866211
2016-02-22 05:00:00,52.93472671508789,57.5432243347168,25.160018920898438,55.74333572387695,53.10311508178711
2016-02-23 05:00:00,52.1894416809082,55.01008224487305,24.042604446411133,54.02690124511719,51.1176643371582
2016-02-24 05:00:00,52.37574768066406,55.24331283569336,24.07181739807129,54.12432861328125,51.46586608886719
2016-02-25 05:00:00,52.69057846069336,55.26274490356445,24.144851684570312,54.229251861572266,51.68708038330078
2016-02-26 05:00:00,52.52353286743164,54.647274017333984,24.919015884399414,54.31919479370117,51.798377990722656
2016-02-29 05:00:00,51.49553298950195,54.05773162841797,24.707216262817383,53.75703811645508,51.071136474609375
2016-03-01 05:00:00,52.221561431884766,55.80047607421875,25.167322158813477,55.47349548339844,52.28074264526367
2016-03-02 05:00:00,53.1338996887207,56.454811096191406,26.64989471435547,55.7733154296875,53.141597747802734
2016-03-03 05:00:00,52.941158294677734,56.70747375488281,28.161697387695312,56.103118896484375,52.31044006347656
2016-03-04 05:00:00,52.87047576904297,56.96662521362305,30.031343460083008,56.0881233215332,51.7390251159668
2016-03-07 05:00:00,54.264678955078125,58.74177169799805,30.235837936401367,57.08502197265625,52.20654296875
2016-03-08 05:00:00,53.08892822265625,57.491390228271484,28.205509185791016,54.49161911010742,49.80625534057617
2016-03-09 05:00:00,52.941158294677734,60.134681701660156,28.51955795288086,54.529090881347656,51.32892608642578
2016-03-10 05:00:00,52.799800872802734,60.86027145385742,28.504947662353516,54.85137176513672,51.33643341064453
2016-03-11 05:00:00,52.806251525878906,61.27491760253906,29.593151092529297,56.21556091308594,52.469078063964844
2016-03-14 04:00:00,52.94758605957031,61.06760787963867,29.220670700073242,55.0462532043457,51.79399490356445
2016-03-15 04:00:00,53.21097946166992,61.07405090332031,29.08920669555664,54.888858795166016,51.253929138183594
2016-03-16 04:00:00,53.24313735961914,61.8061637878418,30.579086303710938,54.97880935668945,52.071533203125
2016-03-17 04:00:00,54.033390045166016,62.77147674560547,31.411680221557617,55.870765686035156,53.00165557861328
2016-03-18 04:00:00,54.097633361816406,63.289772033691406,31.418983459472656,55.10623550415039,53.481693267822266
2016-03-21 04:00:00,53.72500991821289,62.479942321777344,31.097637176513672,56.133087158203125,53.00917053222656
2016-03-22 04:00:00,54.04623794555664,61.87094497680664,30.61561393737793,55.173667907714844,52.21405029296875
2016-03-23 04:00:00,53.80850601196289,60.633514404296875,29.103816986083984,54.68647766113281,51.22393035888672
2016-03-24 04:00:00,53.95629119873047,61.44984817504883,29.242582321166992,54.40165710449219,51.388946533203125
2016-03-28 04:00:00,54.1104736328125,61.3397102355957,28.97966766357422,54.56656265258789,51.028892517089844
2016-03-29 04:00:00,54.309661865234375,61.75432205200195,28.93584632873535,54.71646499633789,50.95388412475586
2016-03-30 04:00:00,54.30322265625,61.70899963378906,29.271804809570312,55.7733154296875,51.456451416015625
2016-03-31 04:00:00,53.70571517944336,61.8061637878418,29.410560607910156,55.27864074707031,51.32892608642578
2016-04-01 04:00:00,53.30094528198242,61.06760787963867,29.052692413330078,54.05686569213867,51.15639877319336
2016-04-04 04:00:00,53.429443359375,60.52985763549805,28.556068420410156,54.446632385253906,51.148902893066406
2016-04-05 04:00:00,52.81907272338867,60.03746795654297,28.51226043701172,54.461631774902344,50.57134246826172
2016-04-06 04:00:00,53.52579116821289,61.443363189697266,29.761133193969727,54.83639907836914,52.59659957885742
2016-04-07 04:00:00,52.921897888183594,61.410953521728516,29.439786911010742,53.974422454833984,52.04151916503906
2016-04-08 04:00:00,53.461578369140625,62.408687591552734,30.1116886138916,55.353572845458984,52.956626892089844
2016-04-11 04:00:00,53.53224563598633,61.702491760253906,30.08246612548828,55.37607192993164,53.09915542602539
2016-04-12 04:00:00,54.19401931762695,63.173152923583984,31.747631072998047,56.89012908935547,54.344322204589844
2016-04-13 04:00:00,54.50238800048828,63.2314567565918,31.827974319458008,57.9919548034668,54.18678283691406
2016-04-14 04:00:00,54.88789367675781,63.477638244628906,32.295379638671875,57.83457565307617,55.74699401855469
2016-04-15 04:00:00,54.59235382080078,62.99176025390625,31.915611267089844,57.159976959228516,54.119293212890625
2016-04-18 04:00:00,55.11276626586914,63.944095611572266,32.86505889892578,58.05192947387695,54.981903076171875
2016-04-19 04:00:00,55.3890495300293,65.11026000976562,34.369537353515625,59.69340133666992,56.152034759521484
2016-04-20 04:00:00,55.768096923828125,65.8812255859375,34.38414764404297,60.78774642944336,56.309539794921875
2016-04-21 04:00:00,55.761695861816406,65.6933364868164,33.76336669921875,60.165626525878906,55.972015380859375
2016-04-22 04:00:00,56.23710632324219,66.08854675292969,34.77851486206055,59.910770416259766,56.89462661743164
2016-04-25 04:00:00,56.108638763427734,65.76461029052734,33.792572021484375,59.04128646850586,56.33207321166992
2016-04-26 04:00:00,56.3013916015625,66.26994323730469,35.11448669433594,59.36362075805664,57.367210388183594
2016-04-27 04:00:00,56.83462905883789,67.2806167602539,35.136383056640625,60.4129753112793,58.147300720214844
2016-04-28 04:00:00,56.55836868286133,66.34120178222656,34.81503677368164,59.7983512878418,57.17966842651367
2016-04-29 04:00:00,56.79608917236328,66.19866180419922,34.90266799926758,60.21808624267578,57.49470138549805
2016-05-02 04:00:00,57.26510238647461,66.93077850341797,34.21615982055664,59.51352310180664,57.25467300415039
2016-05-03 04:00:00,56.60976791381836,65.64149475097656,32.9234619140625,57.887020111083984,56.68460464477539
2016-05-04 04:00:00,56.500545501708984,65.16856384277344,31.703813552856445,56.76271438598633,55.47695541381836
2016-05-05 04:00:00,56.564796447753906,65.7063217163086,31.55776023864746,56.515377044677734,57.112152099609375
2016-05-06 04:00:00,56.86676025390625,65.9913558959961,31.229108810424805,56.30550003051758,57.05215072631836
2016-05-09 04:00:00,56.905311584472656,65.0130844116211,30.41843032836914,54.54407501220703,56.6621208190918
2016-05-10 04:00:00,57.817657470703125,65.60912322998047,31.3094425201416,55.660888671875,57.31470489501953
2016-05-11 04:00:00,57.539066314697266,65.52490997314453,31.901018142700195,55.3235969543457,57.23967742919922
2016-05-12 04:00:00,58.09624099731445,66.15979766845703,31.937522888183594,55.5334587097168,57.367210388183594
2016-05-13 04:00:00,57.44186782836914,65.26575469970703,31.418983459472656,54.28922653198242,56.5120849609375
2016-05-16 04:00:00,58.031463623046875,66.26994323730469,32.19314193725586,55.46600341796875,57.40468978881836
2016-05-17 04:00:00,58.00552749633789,65.96220397949219,31.974037170410156,56.125614166259766,57.262168884277344
2016-05-18 04:00:00,57.88892364501953,65.5104751586914,31.834476470947266,54.843902587890625,56.1145133972168
2016-05-19 04:00:00,58.381317138671875,65.37299346923828,31.84917640686035,55.61592102050781,56.13703536987305
2016-05-20 04:00:00,58.14159393310547,65.33370208740234,32.010772705078125,56.18556594848633,56.227027893066406
2016-05-23 04:00:00,58.05088806152344,65.06526947021484,32.01810073852539,56.22303771972656,56.15953826904297
2016-05-24 04:00:00,58.09624099731445,65.5955810546875,31.922618865966797,56.680274963378906,57.09716796875
2016-05-25 04:00:00,58.47850036621094,66.6300277709961,32.98035430908203,58.39670181274414,57.13466262817383
2016-05-26 04:00:00,58.18046951293945,66.45325469970703,32.855472564697266,58.37422180175781,57.089664459228516
2016-05-27 04:00:00,58.31652069091797,66.793701171875,32.56166076660156,58.215789794921875,57.11966323852539
2016-05-31 04:00:00,57.67511749267578,66.12588500976562,32.165008544921875,57.55949783325195,56.58708190917969
2016-06-01 04:00:00,57.817657470703125,66.21100616455078,32.36334228515625,57.227569580078125,56.58708190917969
2016-06-02 04:00:00,57.357643127441406,65.81818389892578,32.598388671875,56.91825485229492,56.4145622253418
2016-06-03 04:00:00,57.25397872924805,65.90328216552734,32.45147705078125,57.05406188964844,56.129539489746094
2016-06-06 04:00:00,57.88243103027344,66.2372055053711,33.43574905395508,59.664215087890625,56.56458282470703
2016-06-07 04:00:00,58.770042419433594,67.64482116699219,34.919498443603516,60.42615509033203,57.65971374511719
2016-06-08 04:00:00,58.82188034057617,67.49422454833984,34.88277053833008,60.96175765991211,57.144622802734375
2016-06-09 04:00:00,58.744144439697266,67.31092071533203,34.207008361816406,60.32053756713867,57.265838623046875
2016-06-10 04:00:00,58.297096252441406,66.76751708984375,32.693870544433594,59.241764068603516,57.15219497680664
2016-06-13 04:00:00,58.69230651855469,66.84607696533203,32.231117248535156,58.570369720458984,57.00071716308594
2016-06-14 04:00:00,58.588653564453125,66.30923461914062,32.554325103759766,58.43458557128906,56.90224838256836
2016-06-15 04:00:00,58.41370391845703,65.8836441040039,32.10625076293945,57.974388122558594,56.69771957397461
2016-06-16 04:00:00,59.10048294067383,66.17173767089844,31.702260971069336,57.58964157104492,56.39472198486328
2016-06-17 04:00:00,58.77650833129883,66.49909973144531,32.42945861816406,58.46472930908203,56.773468017578125
2016-06-20 04:00:00,59.03569412231445,67.17996978759766,32.82609558105469,58.53264617919922,57.644569396972656
2016-06-21 04:00:00,59.30130386352539,67.59244537353516,32.906890869140625,59.23423385620117,58.44751739501953
2016-06-22 04:00:00,59.06808090209961,66.97049713134766,32.31193161010742,59.04561996459961,58.40203857421875
2016-06-23 04:00:00,59.47626876831055,68.37812042236328,33.51655578613281,60.041412353515625,59.31861877441406
2016-06-24 04:00:00,57.91483688354492,66.71515655517578,31.709604263305664,57.83106231689453,57.015865325927734
2016-06-27 04:00:00,57.57145690917969,65.70690155029297,29.954086303710938,56.63159942626953,55.38728713989258
2016-06-28 04:00:00,58.899627685546875,66.53836059570312,30.813488006591797,57.808433532714844,56.0311393737793
2016-06-29 04:00:00,59.90386962890625,67.71031951904297,32.253170013427734,58.713706970214844,56.8795166015625
2016-06-30 04:00:00,60.73314666748047,68.63343811035156,32.02545928955078,59.65667724609375,57.23554229736328
2016-07-01 04:00:00,60.79794692993164,68.18824768066406,31.959352493286133,59.98860168457031,57.31884765625
2016-07-05 04:00:00,60.26667404174805,67.80851745605469,30.62984848022461,58.56283187866211,56.97797775268555
2016-07-06 04:00:00,60.95991516113281,68.46977233886719,30.776758193969727,58.88719940185547,57.15219497680664
2016-07-07 04:00:00,60.227806091308594,67.46809387207031,30.490297317504883,58.615623474121094,57.15219497680664
2016-07-08 04:00:00,60.603572845458984,68.59417724609375,31.07057762145996,59.400177001953125,57.667293548583984
2016-07-11 04:00:00,60.83033752441406,69.00010681152344,31.180749893188477,58.857017517089844,57.720314025878906
2016-07-12 04:00:00,61.517086029052734,69.9101333618164,32.172359466552734,60.086673736572266,58.60659408569336
2016-07-13 04:00:00,61.47173309326172,69.82503509521484,31.489246368408203,59.505802154541016,58.197540283203125
2016-07-14 04:00:00,61.517086029052734,69.8577651977539,31.59943199157715,59.671756744384766,58.48539352416992
2016-07-15 04:00:00,61.62725830078125,70.07380676269531,31.540668487548828,59.86036682128906,58.56868362426758
2016-07-18 04:00:00,61.43287658691406,69.45835876464844,31.371723175048828,60.124385833740234,58.152103424072266
2016-07-19 04:00:00,61.206119537353516,69.4256591796875,30.784099578857422,60.20738220214844,57.84909439086914
2016-07-20 04:00:00,60.85628890991211,69.1310043334961,30.872241973876953,60.803340911865234,57.83396530151367
2016-07-21 04:00:00,60.8044319152832,69.00010681152344,30.325441360473633,60.36580276489258,57.36430740356445
2016-07-22 04:00:00,60.908084869384766,69.17687225341797,30.118539810180664,61.56528091430664,57.09918212890625
2016-07-25 04:00:00,59.735408782958984,67.4811782836914,29.734315872192383,60.88632583618164,56.4401741027832
2016-07-26 04:00:00,59.30130386352539,67.22583770751953,30.14072036743164,60.803340911865234,56.576534271240234
2016-07-27 04:00:00,58.899627685546875,66.95083618164062,29.608673095703125,60.260169982910156,56.17506408691406
2016-07-28 04:00:00,58.43962097167969,66.64312744140625,29.749088287353516,59.63404083251953,55.98569107055664
2016-07-29 04:00:00,57.6297607421875,67.09490203857422,30.162878036499023,60.742984771728516,56.6068229675293
2016-08-01 04:00:00,55.62779235839844,64.88849639892578,29.268795013427734,59.18896484375,55.743289947509766
2016-08-02 04:00:00,56.392303466796875,65.20276641845703,29.401790618896484,59.51335144042969,55.38728713989258
2016-08-03 04:00:00,56.68385314941406,65.87055969238281,29.786022186279297,60.06405258178711,56.341697692871094
2016-08-04 04:00:00,56.677364349365234,65.7265396118164,29.6308536529541,60.644893646240234,56.243221282958984
2016-08-05 04:00:00,56.72919845581055,65.80509185791016,30.00031280517578,61.2559814453125,55.81147384643555
2016-08-08 04:00:00,57.39653396606445,66.25685119628906,30.70969009399414,62.23666000366211,56.32655334472656
2016-08-09 04:00:00,57.46780014038086,66.33539581298828,30.473228454589844,61.73122024536133,55.81147384643555
2016-08-10 04:00:00,56.46153259277344,65.5628433227539,30.00031280517578,60.99195098876953,55.50090026855469
2016-08-11 04:00:00,56.66409683227539,66.38778686523438,30.584062576293945,61.48230743408203,56.243221282958984
2016-08-12 04:00:00,57.40244674682617,66.8853530883789,30.569272994995117,61.2559814453125,56.40230941772461
2016-08-15 04:00:00,57.37630844116211,67.2847671508789,31.167818069458008,61.88966369628906,56.84922409057617
2016-08-16 04:00:00,57.448177337646484,67.18653106689453,31.67029571533203,61.799129486083984,57.5764045715332
2016-08-17 04:00:00,57.57233810424805,67.62982177734375,31.92152214050293,62.01788330078125,58.030887603759766
2016-08-18 04:00:00,58.095062255859375,68.509765625,32.209686279296875,63.26262283325195,58.68991470336914
2016-08-19 04:00:00,57.36977767944336,67.69598388671875,32.01018524169922,62.84772491455078,57.9778938293457
2016-08-22 04:00:00,57.49392318725586,67.44457244873047,31.500335693359375,61.89720153808594,57.841529846191406
2016-08-23 04:00:00,57.317501068115234,67.27255249023438,31.936290740966797,61.670894622802734,58.243011474609375
2016-08-24 04:00:00,57.513526916503906,67.6165771484375,31.74419403076172,61.35403823852539,58.87171173095703
2016-08-25 04:00:00,57.147613525390625,67.4114990234375,31.611160278320312,61.3615837097168,58.599002838134766
2016-08-26 04:00:00,57.02346420288086,67.03435516357422,31.256498336791992,61.02967071533203,58.45508575439453
2016-08-29 04:00:00,57.39591979980469,67.517333984375,31.293437957763672,61.210716247558594,59.04590606689453
2016-08-30 04:00:00,57.18682098388672,67.28577423095703,31.204750061035156,60.833526611328125,58.96259307861328
2016-08-31 04:00:00,56.93852615356445,66.5447769165039,30.332826614379883,59.59633255004883,58.21269226074219
2016-09-01 04:00:00,56.742496490478516,66.29999542236328,30.00031280517578,59.566162109375,58.205108642578125
2016-09-02 04:00:00,57.12146759033203,66.77635955810547,30.236772537231445,59.634483337402344,58.712623596191406
2016-09-06 04:00:00,57.87290573120117,67.76875305175781,30.295894622802734,59.80908966064453,59.083797454833984
2016-09-07 04:00:00,57.657264709472656,68.06647491455078,30.650556564331055,59.68004608154297,58.99965286254883
2016-09-08 04:00:00,58.18653106689453,68.88688659667969,31.980642318725586,60.26460647583008,59.47392654418945
2016-09-09 04:00:00,56.742496490478516,67.00129699707031,31.219533920288086,58.882877349853516,58.21942138671875
2016-09-12 04:00:00,57.03655242919922,67.64966583251953,31.529878616333008,59.82426834106445,58.020530700683594
2016-09-13 04:00:00,55.677425384521484,65.78394317626953,30.303279876708984,58.51847839355469,56.23057556152344
2016-09-14 04:00:00,55.278846740722656,65.11570739746094,29.549577713012695,57.979434967041016,54.92254638671875
2016-09-15 04:00:00,55.59251022338867,65.8302230834961,29.579130172729492,58.3058967590332,55.282066345214844
2016-09-16 04:00:00,54.90640640258789,64.73197174072266,29.46090316772461,57.94904708862305,54.33353805541992
2016-09-19 04:00:00,54.775726318359375,64.86428833007812,29.024932861328125,57.66819381713867,54.172882080078125
2016-09-20 04:00:00,53.93280792236328,64.63933563232422,28.825422286987305,57.220252990722656,53.92811584472656
2016-09-21 04:00:00,54.42942428588867,65.9162368774414,29.601293563842773,58.123687744140625,54.92254638671875
2016-09-22 04:00:00,54.58622741699219,66.14781188964844,30.310665130615234,58.46532440185547,54.624210357666016
2016-09-23 04:00:00,54.52741241455078,65.64498901367188,29.512632369995117,57.63780975341797,53.23966598510742
2016-09-26 04:00:00,54.2725944519043,65.35386657714844,29.571735382080078,57.37968444824219,53.02550506591797
2016-09-27 04:00:00,54.39020538330078,65.48619842529297,29.135778427124023,57.18989562988281,52.51297378540039
2016-09-28 04:00:00,56.78171157836914,67.58348083496094,31.167818069458008,59.22449493408203,54.9990348815918
2016-09-29 04:00:00,56.49420928955078,67.00129699707031,32.26144027709961,58.73861312866211,55.18260955810547
2016-09-30 04:00:00,57.029998779296875,68.09296417236328,32.12102508544922,59.70280838012695,55.779273986816406
2016-10-03 04:00:00,56.87970733642578,67.781982421875,32.091461181640625,59.90018081665039,55.702781677246094
2016-10-04 04:00:00,56.356990814208984,67.00129699707031,31.677675247192383,59.626888275146484,55.572731018066406
2016-10-05 04:00:00,56.847042083740234,67.63644409179688,32.44615936279297,60.84920120239258,55.48859405517578
2016-10-06 04:00:00,56.873191833496094,67.60334777832031,32.89690017700195,61.81336212158203,56.253509521484375
2016-10-07 04:00:00,56.67715072631836,67.66287994384766,32.67522048950195,61.7298583984375,56.253509521484375
2016-10-10 04:00:00,57.7879638671875,68.79425048828125,32.800846099853516,62.50422668457031,57.19441223144531
2016-10-11 04:00:00,57.33057403564453,68.1723403930664,32.017574310302734,62.01834487915039,56.3682746887207
2016-10-12 04:00:00,56.93198013305664,67.58348083496094,32.12102508544922,61.82851028442383,56.605403900146484
2016-10-13 04:00:00,56.55955123901367,66.68370056152344,31.3258056640625,61.896854400634766,56.52891540527344
2016-10-14 04:00:00,56.54648208618164,66.87557220458984,30.96906089782715,61.73744583129883,56.00874710083008
2016-10-17 04:00:00,56.54648208618164,67.0608139038086,30.545446395874023,61.479331970214844,55.43504333496094
2016-10-18 04:00:00,56.6967658996582,67.34530639648438,30.211013793945312,61.79057312011719,55.51152420043945
2016-10-19 04:00:00,56.9581184387207,67.66287994384766,31.0062255859375,63.346927642822266,56.99551773071289
2016-10-20 04:00:00,56.98426055908203,67.39824676513672,30.83528709411621,63.00528335571289,56.68189239501953
2016-10-21 04:00:00,56.5987434387207,67.02115631103516,30.872455596923828,61.09214401245117,57.072017669677734
2016-10-24 04:00:00,56.788238525390625,66.59770202636719,31.392684936523438,60.970638275146484,57.393287658691406
2016-10-25 04:00:00,56.66409683227539,66.67047882080078,31.073110580444336,60.902339935302734,56.93431091308594
2016-10-26 04:00:00,56.90583801269531,66.94834899902344,31.065675735473633,60.7504997253418,56.90371322631836
2016-10-27 04:00:00,56.79476547241211,66.10811614990234,32.70072555541992,60.43164825439453,56.44475173950195
2016-10-28 04:00:00,55.396461486816406,68.68838500976562,33.4216194152832,60.1279411315918,56.32236099243164
2016-10-31 04:00:00,54.44248962402344,69.30369567871094,32.291961669921875,59.39155197143555,55.77162170410156
2016-11-01 04:00:00,54.65809631347656,70.44828033447266,32.35884475708008,59.748348236083984,52.780704498291016
2016-11-02 04:00:00,54.52741241455078,69.72711181640625,32.12845230102539,59.034725189208984,51.855133056640625
2016-11-03 04:00:00,54.66463088989258,69.72711181640625,32.40345001220703,59.56615447998047,51.59506607055664
2016-11-04 04:00:00,54.605831146240234,69.32352447509766,31.779159545898438,59.09545135498047,50.93720626831055
2016-11-07 05:00:00,55.83424758911133,70.69305419921875,32.64125442504883,60.54550552368164,51.44207000732422
2016-11-08 05:00:00,56.236366271972656,70.98419952392578,32.94597625732422,60.613807678222656,51.166690826416016
2016-11-09 05:00:00,56.85602569580078,71.21574401855469,33.98645782470703,60.68974685668945,51.174339294433594
2016-11-10 05:00:00,57.38336944580078,71.31497955322266,33.28042221069336,60.644203186035156,50.2717170715332
2016-11-11 05:00:00,56.473670959472656,70.55412292480469,32.656131744384766,59.71797561645508,49.682708740234375
2016-11-14 05:00:00,56.216583251953125,70.52104949951172,32.79732131958008,59.75593566894531,50.309959411621094
2016-11-15 05:00:00,57.23175811767578,72.08906555175781,33.652015686035156,61.615966796875,52.390586853027344
2016-11-16 05:00:00,56.526405334472656,72.40312194824219,32.9831428527832,61.52485656738281,52.727169036865234
2016-11-17 05:00:00,56.18363952636719,72.24945831298828,32.410884857177734,60.81121826171875,51.870426177978516
2016-11-18 05:00:00,56.216583251953125,72.97113800048828,33.26555252075195,60.73530197143555,52.184059143066406
2016-11-21 05:00:00,57.014225006103516,73.62602233886719,34.454673767089844,62.03352737426758,52.9566535949707
2016-11-22 05:00:00,57.139469146728516,73.92002868652344,34.23912811279297,61.874114990234375,53.00254821777344
2016-11-23 05:00:00,57.297672271728516,74.17396545410156,34.41007614135742,61.798187255859375,53.4308967590332
2016-11-25 05:00:00,57.42952346801758,74.17396545410156,34.00131607055664,61.71467590332031,53.35440444946289
2016-11-28 05:00:00,57.00105285644531,73.83982849121094,33.81551742553711,61.54005432128906,52.31410598754883
2016-11-29 05:00:00,56.62530517578125,73.06470489501953,32.87165069580078,60.674564361572266,51.68684005737305
2016-11-30 05:00:00,57.54817581176758,74.54817199707031,36.05997848510742,63.81003952026367,54.585968017578125
2016-12-01 05:00:00,57.508628845214844,75.70420837402344,35.83702087402344,64.23519897460938,54.51711654663086
2016-12-02 05:00:00,57.37677764892578,75.51041412353516,35.7626953125,64.53882598876953,54.19584655761719
2016-12-05 05:00:00,57.666831970214844,75.67749786376953,36.32753372192383,64.47776794433594,54.2952995300293
2016-12-06 05:00:00,57.71955490112305,75.35003662109375,37.085594177246094,64.11884307861328,53.859275817871094
2016-12-07 05:00:00,58.05575180053711,76.47268676757812,37.085594177246094,64.41666412353516,53.07826614379883
2016-12-08 05:00:00,58.22055435180664,76.96049499511719,36.996402740478516,64.50828552246094,53.604103088378906
2016-12-09 05:00:00,58.6688232421875,77.38814544677734,37.732173919677734,64.74506378173828,54.57843017578125
2016-12-12 05:00:00,59.974029541015625,78.28360748291016,38.185516357421875,64.92066955566406,55.204795837402344
2016-12-13 05:00:00,61.02876281738281,78.46403503417969,39.1219596862793,65.77603912353516,55.9471321105957
2016-12-14 05:00:00,59.71034622192383,77.48839569091797,38.26728057861328,65.0352554321289,54.87228012084961
2016-12-15 05:00:00,59.914710998535156,78.21676635742188,38.45308303833008,65.12691497802734,55.13517379760742
2016-12-16 05:00:00,60.105865478515625,78.9050521850586,38.601707458496094,65.2948989868164,56.790016174316406
2016-12-19 05:00:00,59.60487747192383,78.61771392822266,38.63143539428711,65.00472259521484,56.03993606567383
2016-12-20 05:00:00,59.6114616394043,78.81818389892578,38.311866760253906,65.12691497802734,55.97032928466797
2016-12-21 05:00:00,59.51259994506836,78.79145812988281,38.25984573364258,65.79893493652344,55.80022048950195
2016-12-22 05:00:00,59.901512145996094,79.36615753173828,38.304439544677734,65.96694946289062,55.95487976074219
2016-12-23 05:00:00,59.796051025390625,79.13224029541016,38.17808532714844,65.30253601074219,55.76155090332031
2016-12-27 05:00:00,59.82242202758789,78.99861145019531,38.349021911621094,65.24906921386719,55.9471321105957
2016-12-28 05:00:00,59.52578353881836,78.79145812988281,37.732173919677734,64.6304931640625,55.57596206665039
2016-12-29 05:00:00,59.5587272644043,78.7313003540039,37.56122970581055,64.3021011352539,55.3671760559082
2016-12-30 05:00:00,59.49940490722656,78.65111541748047,37.26396560668945,64.1112060546875,55.08107376098633
2017-01-03 05:00:00,59.914710998535156,78.75135803222656,37.61324691772461,64.76033782958984,55.88528823852539
2017-01-04 05:00:00,59.25548553466797,78.7313003540039,37.96257781982422,65.2414321899414,55.27439880371094
2017-01-05 05:00:00,58.372169494628906,78.39051055908203,37.85108947753906,65.14217376708984,54.6093635559082
2017-01-06 05:00:00,58.339210510253906,78.07646179199219,37.709869384765625,66.0433120727539,54.965065002441406
2017-01-09 05:00:00,57.37677764892578,77.40819549560547,36.90723419189453,65.5010986328125,54.5011100769043
2017-01-10 05:00:00,56.64507293701172,76.82017517089844,36.90723419189453,64.60758209228516,53.62727355957031
2017-01-11 05:00:00,57.22517395019531,77.46834564208984,38.06661605834961,65.4170913696289,53.62727355957031
2017-01-12 05:00:00,56.91532897949219,77.62203979492188,37.27139663696289,65.1650619506836,53.37982177734375
2017-01-13 05:00:00,56.92193603515625,77.76903533935547,37.598388671875,64.77558898925781,53.41849136352539
2017-01-17 05:00:00,57.58771514892578,77.70223236083984,37.27139663696289,66.0051040649414,53.921138763427734
2017-01-18 05:00:00,56.87578201293945,77.47502136230469,37.36056900024414,66.80699920654297,53.604103088378906
2017-01-19 05:00:00,55.854034423828125,77.2344741821289,37.05584716796875,66.5931625366211,53.14785385131836
2017-01-20 05:00:00,56.61870193481445,77.24781799316406,37.70245361328125,66.05095672607422,53.03960037231445
2017-01-23 05:00:00,56.012237548828125,77.10749816894531,37.115325927734375,64.35558319091797,52.575618743896484
2017-01-24 05:00:00,56.09133529663086,77.76236724853516,37.36056900024414,64.59231567382812,52.48283386230469
2017-01-25 05:00:00,56.256134033203125,78.3437271118164,37.67272186279297,65.30253601074219,52.68388748168945
2017-01-26 05:00:00,56.42753219604492,77.88262939453125,37.628116607666016,64.82140350341797,53.00865936279297
2017-01-27 05:00:00,56.36819839477539,76.0383529663086,36.73628234863281,64.53121948242188,53.31797790527344
2017-01-30 05:00:00,55.939735412597656,74.7219009399414,35.28705978393555,63.851539611816406,52.49055480957031
2017-01-31 05:00:00,55.3003044128418,74.40784454345703,36.238346099853516,63.92791748046875,52.405479431152344
2017-02-01 05:00:00,54.67406463623047,74.17396545410156,36.045127868652344,63.51551818847656,52.28177261352539
2017-02-02 05:00:00,55.01026153564453,74.98250579833984,36.186317443847656,62.95804214477539,52.96999740600586
2017-02-03 05:00:00,55.0695686340332,75.89131164550781,37.47948455810547,63.00385665893555,53.49583053588867
2017-02-06 05:00:00,54.91797637939453,75.4970703125,37.226802825927734,62.38527297973633,52.73027420043945
2017-02-07 05:00:00,54.56199264526367,74.43458557128906,36.72885513305664,61.91178894042969,51.67087936401367
2017-02-08 05:00:00,54.20277404785156,74.56153106689453,36.862640380859375,61.94997787475586,51.6322021484375
2017-02-09 05:00:00,54.4422492980957,75.01593780517578,37.018699645996094,62.01869201660156,52.73027420043945
2017-02-10 05:00:00,54.894615173339844,75.5438461303711,37.46327209472656,62.74420928955078,52.94678497314453
2017-02-13 05:00:00,55.21391296386719,76.11852264404297,37.134517669677734,62.867130279541016,52.111656188964844
2017-02-14 05:00:00,55.09417724609375,75.90937805175781,37.46327209472656,63.358890533447266,51.93378829956055
2017-02-15 05:00:00,55.32036209106445,75.943115234375,36.880470275878906,62.81334686279297,51.97245788574219
2017-02-16 05:00:00,54.7482795715332,74.6680679321289,36.11835479736328,62.33695983886719,51.377044677734375
2017-02-17 05:00:00,54.38904571533203,74.43195343017578,35.49819564819336,61.968170166015625,51.24556350708008
2017-02-21 05:00:00,54.475521087646484,75.36967468261719,35.96146011352539,61.9912223815918,51.79460906982422
2017-02-22 05:00:00,53.8369026184082,74.46569061279297,35.19184875488281,61.23820495605469,50.967185974121094
2017-02-23 05:00:00,54.402339935302734,74.89745330810547,35.3412971496582,61.829872131347656,50.45681381225586
2017-02-24 05:00:00,53.93669128417969,74.29026794433594,35.14704132080078,61.583988189697266,50.17844772338867
2017-02-27 05:00:00,54.2426872253418,75.38993835449219,35.38612365722656,62.2831916809082,50.6269416809082
2017-02-28 05:00:00,54.096343994140625,75.8958969116211,35.54303741455078,61.74532699584961,50.688819885253906
2017-03-01 05:00:00,55.22722244262695,76.82688903808594,36.64884567260742,63.212913513183594,51.22236633300781
2017-03-02 05:00:00,55.41348648071289,76.47608184814453,36.02122116088867,62.19866180419922,50.6501350402832
2017-03-03 05:00:00,54.854705810546875,76.6042709350586,35.729827880859375,62.006568908691406,50.155250549316406
2017-03-06 05:00:00,55.100830078125,76.34789276123047,36.10341262817383,62.02194595336914,50.05471420288086
2017-03-07 05:00:00,54.894615173339844,75.43038177490234,35.65511703491211,61.43031311035156,50.03152084350586
2017-03-08 05:00:00,53.903411865234375,73.94622039794922,34.302734375,60.008827209472656,48.56046676635742
2017-03-09 05:00:00,54.32917404174805,74.2363052368164,34.728614807128906,60.4698486328125,48.90476608276367
2017-03-10 05:00:00,54.28925704956055,74.62084197998047,34.12340545654297,60.46217346191406,48.983009338378906
2017-03-13 04:00:00,54.16284942626953,73.77080535888672,34.25041961669922,60.38533020019531,49.20209884643555
2017-03-14 04:00:00,53.87681579589844,72.42828369140625,33.57796859741211,60.223995208740234,49.32728958129883
2017-03-15 04:00:00,54.5487060546875,73.45375061035156,34.25041961669922,61.66081619262695,50.90787124633789
2017-03-16 04:00:00,54.595245361328125,72.7656021118164,34.25041961669922,61.19981002807617,49.93760681152344
2017-03-17 04:00:00,54.5487060546875,72.64417266845703,34.138343811035156,61.122962951660156,50.14887619018555
2017-03-20 04:00:00,54.5487060546875,72.63068389892578,34.26537322998047,60.63890838623047,49.81242370605469
2017-03-21 04:00:00,54.43561553955078,72.88703918457031,33.75729751586914,60.46217346191406,49.577674865722656
2017-03-22 04:00:00,54.38904571533203,73.12317657470703,33.36129379272461,60.223995208740234,49.695037841796875
2017-03-23 04:00:00,54.455570220947266,72.77235412597656,33.23426055908203,59.67842483520508,49.32728958129883
2017-03-24 04:00:00,54.03647232055664,72.85327911376953,32.950340270996094,59.132930755615234,49.162967681884766
2017-03-27 04:00:00,54.04977798461914,71.69969940185547,33.09230422973633,59.17903137207031,49.19427490234375
2017-03-28 04:00:00,54.4422492980957,72.30010223388672,33.906734466552734,60.170204162597656,49.60897445678711
2017-03-29 04:00:00,54.56198501586914,72.90729522705078,34.332618713378906,60.446815490722656,49.90631866455078
2017-03-30 04:00:00,55.67957305908203,72.71163940429688,37.35866928100586,59.80907440185547,50.28974151611328
2017-03-31 04:00:00,54.55535125732422,72.43505096435547,37.26153564453125,60.008827209472656,49.577674865722656
2017-04-03 04:00:00,54.595245361328125,72.7251205444336,36.947715759277344,59.70149612426758,49.87502670288086
2017-04-04 04:00:00,54.79482650756836,73.30533599853516,37.15692138671875,60.09335708618164,50.08628845214844
2017-04-05 04:00:00,54.90126037597656,73.29183197021484,36.69367599487305,60.16251754760742,49.6324462890625
2017-04-06 04:00:00,55.22059631347656,73.73033142089844,37.21670150756836,60.40840148925781,49.51508331298828
2017-04-07 04:00:00,55.054256439208984,73.44023895263672,37.01496124267578,60.18558883666992,49.28815841674805
2017-04-10 04:00:00,55.30038833618164,73.82478332519531,37.470733642578125,60.47752380371094,50.18800354003906
2017-04-11 04:00:00,55.10747146606445,73.51444244384766,37.470733642578125,61.19981002807617,50.845298767089844
2017-04-12 04:00:00,55.1939582824707,73.51444244384766,36.940250396728516,61.13832473754883,50.90787124633789
2017-04-13 04:00:00,54.342472076416016,71.57826232910156,36.32756805419922,60.04725646972656,50.14887619018555
2017-04-17 04:00:00,54.26930236816406,71.62548065185547,36.57413864135742,60.11641311645508,50.101932525634766
2017-04-18 04:00:00,53.916725158691406,71.29493713378906,36.37985610961914,59.87820816040039,49.06124496459961
2017-04-19 04:00:00,53.54419708251953,70.31671142578125,35.864322662353516,58.76410675048828,48.482208251953125
2017-04-20 04:00:00,53.89012145996094,70.75521087646484,35.82695770263672,58.78715896606445,48.45873260498047
2017-04-21 04:00:00,53.67725372314453,70.7619400024414,35.6700439453125,57.504005432128906,48.40395736694336
2017-04-24 04:00:00,53.95663833618164,71.46357727050781,35.797061920166016,56.93540954589844,48.56827163696289
2017-04-25 04:00:00,54.369083404541016,72.00328063964844,36.4545783996582,56.927711486816406,48.90476608276367
2017-04-26 04:00:00,54.14955520629883,71.56475067138672,36.11835479736328,56.94308090209961,48.84996795654297
2017-04-27 04:00:00,54.05642318725586,71.15325927734375,35.75971603393555,55.967262268066406,48.13792419433594
2017-04-28 04:00:00,54.31584167480469,71.98302459716797,35.797061920166016,55.77516555786133,48.15357971191406
2017-05-01 04:00:00,54.588623046875,71.45681762695312,35.47579574584961,55.5523681640625,47.5901985168457
2017-05-02 04:00:00,54.58195114135742,71.07904052734375,34.89299011230469,54.89924240112305,46.979862213134766
2017-05-03 04:00:00,55.014347076416016,71.99652862548828,35.176918029785156,54.960723876953125,47.08158874511719
2017-05-04 04:00:00,54.3092155456543,70.70799255371094,34.310203552246094,54.50739669799805,45.399261474609375
2017-05-05 04:00:00,54.56198501586914,71.36908721923828,34.94529342651367,55.298805236816406,47.26154708862305
2017-05-08 04:00:00,55.1407470703125,71.96954345703125,35.214271545410156,55.49088668823242,47.41804504394531
2017-05-09 04:00:00,54.754905700683594,70.89014434814453,34.57170486450195,55.5369873046875,46.85466384887695
2017-05-10 04:00:00,55.003387451171875,71.84811401367188,35.57292175292969,55.8366584777832,47.989253997802734
2017-05-11 04:00:00,55.473426818847656,71.65247344970703,35.629276275634766,55.152809143066406,47.785823822021484
2017-05-12 04:00:00,55.43315505981445,71.48380279541016,35.29116439819336,54.5688591003418,47.629310607910156
2017-05-15 04:00:00,55.601016998291016,72.084228515625,35.64430236816406,55.321842193603516,47.97359848022461
2017-05-16 04:00:00,55.43315505981445,72.35408020019531,35.411380767822266,54.83778762817383,47.3632698059082
2017-05-17 04:00:00,55.05708312988281,71.35226440429688,34.87040328979492,54.54581069946289,47.15982437133789
2017-05-18 04:00:00,54.895938873291016,71.67259216308594,34.8779296875,54.88389587402344,47.175472259521484
2017-05-19 04:00:00,55.01679611206055,72.59258270263672,35.674354553222656,55.12975311279297,47.449337005615234
2017-05-22 04:00:00,55.25853729248047,72.32001495361328,35.261112213134766,55.237342834472656,47.41021728515625
2017-05-23 04:00:00,55.45329666137695,72.4222412109375,35.13337707519531,55.39099884033203,48.169212341308594
2017-05-24 04:00:00,55.25853729248047,72.38815307617188,35.06576156616211,54.830101013183594,47.85624694824219
2017-05-25 04:00:00,54.895938873291016,71.6317138671875,33.848541259765625,53.31643295288086,47.504119873046875
2017-05-26 04:00:00,54.76163864135742,71.36591339111328,34.073974609375,53.85428237915039,47.73103332519531
2017-05-30 04:00:00,54.45944595336914,70.9161376953125,33.65320587158203,53.19649124145508,47.042457580566406
2017-05-31 04:00:00,54.056541442871094,70.52088165283203,33.578067779541016,53.85429000854492,46.111305236816406
2017-06-01 04:00:00,54.190853118896484,71.05924224853516,33.7057991027832,54.00133514404297,47.34762191772461
2017-06-02 04:00:00,53.38502502441406,70.26871490478516,33.254981994628906,53.36674118041992,47.49629211425781
2017-06-05 04:00:00,53.801361083984375,70.32322692871094,33.07468032836914,53.60663986206055,46.995506286621094
2017-06-06 04:00:00,54.53329849243164,70.99107360839844,33.4202995300293,54.14836120605469,48.23963928222656
2017-06-07 04:00:00,54.33185958862305,70.718505859375,32.729042053222656,53.14232635498047,47.63753890991211
2017-06-08 04:00:00,54.137123107910156,70.875244140625,32.36088180541992,52.86371612548828,46.433326721191406
2017-06-09 04:00:00,55.151100158691406,72.51083374023438,33.67573547363281,53.92393493652344,48.334720611572266
2017-06-12 04:00:00,55.68832015991211,73.62847137451172,34.35197448730469,53.637596130371094,48.20795440673828
2017-06-13 04:00:00,55.70845031738281,73.68980407714844,34.88542556762695,53.668540954589844,48.3267936706543
2017-06-14 04:00:00,55.110801696777344,72.6471176147461,34.126564025878906,52.763118743896484,47.62961959838867
2017-06-15 04:00:00,55.238399505615234,72.4631118774414,34.1040153503418,52.10533142089844,47.0592041015625
2017-06-16 04:00:00,56.064353942871094,73.8397216796875,34.960567474365234,53.07266616821289,48.98435592651367
2017-06-19 04:00:00,55.57414627075195,73.23320770263672,34.83283996582031,52.70120620727539,49.14280319213867
2017-06-20 04:00:00,55.271976470947266,72.56536865234375,34.427120208740234,51.656471252441406,48.14457702636719
2017-06-21 04:00:00,54.68775939941406,71.20917510986328,33.77341842651367,50.6659049987793,47.43947982788086
2017-06-22 04:00:00,54.446041107177734,71.18191528320312,33.668235778808594,50.58850860595703,47.7009162902832
2017-06-23 04:00:00,54.801910400390625,71.55672454833984,33.68326187133789,51.02189254760742,47.62961959838867
2017-06-26 04:00:00,54.553462982177734,70.97066497802734,33.232460021972656,50.99092102050781,47.542476654052734
2017-06-27 04:00:00,54.46616744995117,70.92294311523438,33.03710174560547,50.58077621459961,47.241424560546875
2017-06-28 04:00:00,54.748207092285156,71.06605529785156,33.02959442138672,50.49565124511719,47.19388198852539
2017-06-29 04:00:00,54.190853118896484,70.95703887939453,33.119754791259766,50.59625244140625,47.3760986328125
2017-06-30 04:00:00,54.210994720458984,71.10015106201172,33.02959442138672,50.952232360839844,47.431556701660156
2017-07-03 04:00:00,55.130950927734375,72.44267272949219,34.30687713623047,51.82673263549805,48.53276824951172
2017-07-05 04:00:00,54.29158020019531,71.29776763916016,33.179847717285156,50.87484359741211,47.33647537231445
2017-07-06 04:00:00,53.801361083984375,70.75257873535156,32.541202545166016,50.40278625488281,46.639312744140625
2017-07-07 04:00:00,53.86853790283203,70.52767944335938,32.30827331542969,50.36409378051758,46.48878479003906
2017-07-10 04:00:00,53.828224182128906,70.22100067138672,32.48861312866211,50.573036193847656,46.56010437011719
2017-07-11 04:00:00,54.12369918823242,70.27552795410156,32.57126235961914,50.91355514526367,46.69477462768555
2017-07-12 04:00:00,54.36544418334961,70.80028533935547,32.48861312866211,50.75102615356445,46.86906814575195
2017-07-13 04:00:00,54.372154235839844,70.96382904052734,32.496131896972656,51.45526123046875,47.13843536376953
2017-07-14 04:00:00,54.580322265625,71.17508697509766,32.646400451660156,51.73385238647461,47.391944885253906
2017-07-17 04:00:00,54.298301696777344,71.01834869384766,32.45103454589844,51.718379974365234,47.56623840332031
2017-07-18 04:00:00,54.12369918823242,70.68439483642578,32.36088180541992,51.215370178222656,47.724693298339844
2017-07-19 04:00:00,54.29158020019531,71.18873596191406,32.80417251586914,52.19043731689453,48.2396354675293
2017-07-20 04:00:00,54.298301696777344,71.3045883178711,32.679443359375,51.86540222167969,47.946510314941406
2017-07-21 04:00:00,53.801361083984375,70.36410522460938,32.24100112915039,51.48622512817383,47.558319091796875
2017-07-24 04:00:00,53.633480072021484,70.33003234863281,32.21076202392578,51.401100158691406,47.06711959838867
2017-07-25 04:00:00,53.9020881652832,71.14102935791016,32.996925354003906,51.85768127441406,48.334720611572266
2017-07-26 04:00:00,53.96925354003906,71.63850402832031,33.03473663330078,51.8421745300293,48.794212341308594
2017-07-27 04:00:00,54.27814483642578,72.31319427490234,33.76044464111328,52.45355224609375,49.229949951171875
2017-07-28 04:00:00,53.45220184326172,73.6829833984375,34.21401596069336,52.979801177978516,49.6973762512207
2017-07-31 04:00:00,53.747642517089844,74.41219329833984,34.297157287597656,53.088134765625,49.06357192993164
2017-08-01 04:00:00,53.83494567871094,75.4957504272461,33.82848358154297,53.405433654785156,48.746673583984375
2017-08-02 04:00:00,54.12369918823242,75.27770233154297,34.47860336303711,53.498294830322266,48.61992263793945
2017-08-03 04:00:00,54.04982376098633,74.57573699951172,33.94942855834961,52.7940673828125,48.762535095214844
2017-08-04 04:00:00,53.86180114746094,75.0391616821289,34.44080352783203,52.26783752441406,49.19033432006836
2017-08-07 04:00:00,53.828224182128906,74.81426239013672,34.145973205566406,51.501686096191406,48.98435592651367
2017-08-08 04:00:00,53.69391632080078,75.20274353027344,34.49371337890625,50.68136978149414,48.60407638549805
2017-08-09 04:00:00,53.86180114746094,75.57072448730469,34.508827209472656,50.68136978149414,48.849666595458984
2017-08-10 04:00:00,53.54314041137695,75.0391616821289,33.994781494140625,49.83784866333008,48.59615707397461
2017-08-11 04:00:00,53.02783966064453,74.439453125,33.85871887207031,49.3967399597168,48.429779052734375
2017-08-14 04:00:00,53.041412353515625,74.08509063720703,33.66972732543945,49.4896125793457,48.51693344116211
2017-08-15 04:00:00,52.91257858276367,73.98966217041016,33.63949203491211,49.09491729736328,48.02574157714844
2017-08-16 04:00:00,52.52610778808594,73.54225158691406,33.02717208862305,49.30386734008789,47.296871185302734
2017-08-17 04:00:00,51.70570755004883,72.9089584350586,32.50557327270508,48.77764129638672,46.678924560546875
2017-08-18 04:00:00,51.96335983276367,73.2944564819336,32.58872985839844,49.00205612182617,46.86112976074219
2017-08-21 04:00:00,51.78707504272461,72.8125991821289,32.12761688232422,48.754417419433594,46.61555099487305
2017-08-22 04:00:00,52.03116226196289,73.21183013916016,32.649200439453125,49.02527618408203,46.86906814575195
2017-08-23 04:00:00,51.94301986694336,73.3839340209961,33.02717208862305,48.901451110839844,47.21764373779297
2017-08-24 04:00:00,51.75316619873047,73.95525360107422,32.732364654541016,48.66155242919922,46.84529113769531
2017-08-25 04:00:00,52.017601013183594,74.4990234375,32.94403076171875,49.43544006347656,46.91661071777344
2017-08-28 04:00:00,51.848087310791016,74.17550659179688,32.543373107910156,49.102657318115234,46.84529113769531
2017-08-29 04:00:00,51.834529876708984,74.24433898925781,32.392189025878906,49.141361236572266,46.80568313598633
2017-08-30 04:00:00,51.59721755981445,74.1548843383789,32.81550979614258,49.05622100830078,46.87698745727539
2017-08-31 04:00:00,51.75316619873047,74.07915496826172,33.00449752807617,49.14909362792969,47.296871185302734
2017-09-01 04:00:00,51.9158935546875,74.86385345458984,33.442955017089844,49.41429901123047,47.33647537231445
2017-09-05 04:00:00,52.32948684692383,75.33191680908203,33.556339263916016,50.77935028076172,48.10496520996094
2017-09-06 04:00:00,53.414310455322266,76.94953155517578,34.062828063964844,51.26295852661133,48.81797790527344
2017-09-07 04:00:00,53.58383560180664,76.9564208984375,34.100624084472656,51.379947662353516,49.00811004638672
2017-09-08 04:00:00,53.441436767578125,76.25428771972656,33.6168212890625,50.59213638305664,48.326236724853516
2017-09-11 04:00:00,53.73298645019531,77.4520034790039,33.96455001831055,51.30195999145508,48.46260452270508
2017-09-12 04:00:00,53.902496337890625,77.43136596679688,33.96455001831055,51.8167724609375,48.75943374633789
2017-09-13 04:00:00,54.085540771484375,78.59466552734375,34.44080352783203,52.1989860534668,49.37715148925781
2017-09-14 04:00:00,54.30251693725586,78.78050231933594,34.6448974609375,52.80739212036133,49.401214599609375
2017-09-15 04:00:00,54.28895950317383,78.90438842773438,35.158939361572266,52.448585510253906,49.216705322265625
2017-09-18 04:00:00,54.30251693725586,79.28988647460938,35.59737777709961,52.939998626708984,49.57769775390625
2017-09-19 04:00:00,54.390655517578125,80.08147430419922,35.945106506347656,52.955604553222656,49.62583923339844
2017-09-20 04:00:00,54.61440658569336,80.10212707519531,36.53476333618164,52.7449951171875,50.13124465942383
2017-09-21 04:00:00,54.166900634765625,80.17095947265625,36.80687713623047,53.11159896850586,50.339813232421875
2017-09-22 04:00:00,54.18724060058594,80.73541259765625,37.10172653198242,53.66541290283203,50.49224853515625
2017-09-25 04:00:00,54.90594482421875,81.21723175048828,37.78207015991211,54.328453063964844,51.807899475097656
2017-09-26 04:00:00,54.84494400024414,80.89371490478516,37.54771423339844,53.68101119995117,51.69558334350586
2017-09-27 04:00:00,55.211063385009766,80.84552001953125,37.963497161865234,53.883827209472656,52.29724884033203
2017-09-28 04:00:00,55.72634506225586,80.96253967285156,37.79718780517578,53.94622802734375,52.12076187133789
2017-09-29 04:00:00,55.583980560302734,80.87995147705078,37.83498764038086,54.41423797607422,51.511077880859375
2017-10-02 04:00:00,55.34667205810547,80.83177185058594,38.03152847290039,54.07102966308594,51.43085479736328
2017-10-03 04:00:00,55.4348030090332,81.10020446777344,37.222679138183594,53.86821746826172,51.32655334472656
2017-10-04 04:00:00,55.45515060424805,80.93501281738281,37.27558898925781,53.68101119995117,51.655479431152344
2017-10-05 04:00:00,55.61111068725586,81.62332153320312,37.570404052734375,53.72002410888672,51.62337875366211
2017-10-06 04:00:00,55.40090560913086,80.55643463134766,36.9354248046875,53.30660629272461,51.2703971862793
2017-10-09 04:00:00,55.61788558959961,81.02449035644531,36.97319793701172,53.29880142211914,51.34260177612305
2017-10-10 04:00:00,55.77382278442383,81.77481079101562,37.18487548828125,53.29880142211914,51.74372482299805
2017-10-11 04:00:00,56.004337310791016,82.13961029052734,37.49480056762695,52.838592529296875,51.655479431152344
2017-10-12 04:00:00,55.88907241821289,82.00883483886719,37.6535530090332,52.487586975097656,51.51908874511719
2017-10-13 04:00:00,55.87553405761719,82.02259826660156,37.54336166381836,52.39398193359375,51.92823028564453
2017-10-16 04:00:00,56.146728515625,82.69026947021484,37.786563873291016,52.105369567871094,51.96031951904297
2017-10-17 04:00:00,56.24842834472656,82.75223541259766,37.786563873291016,51.87136459350586,51.85602951049805
2017-10-18 04:00:00,56.11284255981445,81.32736206054688,37.77894592285156,51.411155700683594,51.8480110168457
2017-10-19 04:00:00,56.09925842285156,81.36177062988281,37.77894592285156,50.31132888793945,52.01646423339844
2017-10-20 04:00:00,56.350135803222656,81.66466522216797,38.18935012817383,49.25830078125,52.52187728881836
2017-10-23 04:00:00,56.43828582763672,81.86427307128906,38.196937561035156,48.29107666015625,52.18495559692383
2017-10-24 04:00:00,56.59422302246094,82.0707778930664,38.75174331665039,48.7044792175293,52.80266571044922
2017-10-25 04:00:00,56.39081573486328,81.52698516845703,37.96894836425781,49.48450469970703,52.42561721801758
2017-10-26 04:00:00,56.59422302246094,81.52698516845703,39.108924865722656,49.42990493774414,51.839988708496094
2017-10-27 04:00:00,56.7569465637207,78.15412139892578,38.91892623901367,49.57030487060547,52.18495559692383
2017-10-30 04:00:00,56.641685485839844,78.73921966552734,39.055728912353516,50.007118225097656,52.11274719238281
2017-10-31 04:00:00,56.512847900390625,79.77172088623047,38.873329162597656,49.92131423950195,51.79987716674805
2017-11-01 04:00:00,56.86543273925781,79.77861022949219,39.595306396484375,50.13972473144531,52.51386260986328
2017-11-02 04:00:00,56.634891510009766,79.38626098632812,39.88411331176758,49.33629608154297,54.47130584716797
2017-11-03 04:00:00,56.397579193115234,79.15221405029297,40.24890899658203,49.59371566772461,54.760101318359375
2017-11-06 05:00:00,56.7840576171875,80.56330108642578,40.78850173950195,52.32378387451172,55.2093391418457
2017-11-07 05:00:00,56.66881561279297,80.70097351074219,40.64409637451172,51.8167724609375,55.1531982421875
2017-11-08 05:00:00,56.59422302246094,80.30863952636719,40.674503326416016,52.30818176269531,54.68788528442383
2017-11-09 05:00:00,56.93321228027344,80.70097351074219,40.68210983276367,52.17558670043945,55.11307907104492
2017-11-10 05:00:00,56.75531005859375,80.65967559814453,40.271705627441406,51.27854537963867,54.68788528442383
2017-11-13 05:00:00,56.721099853515625,80.6941146850586,39.95252227783203,50.732540130615234,54.495361328125
2017-11-14 05:00:00,56.27631759643555,80.4807357788086,38.93413162231445,48.969688415527344,54.00601577758789
2017-11-15 05:00:00,55.57147979736328,80.1572036743164,38.371734619140625,48.010257720947266,53.48454666137695
2017-11-16 05:00:00,55.12670135498047,79.60138702392578,38.16654968261719,47.82307052612305,53.88566589355469
2017-11-17 05:00:00,54.90774154663086,79.69864654541016,38.09814453125,48.330074310302734,54.872406005859375
2017-11-20 05:00:00,55.11985397338867,79.70558166503906,38.06015396118164,48.142879486083984,54.39909362792969
2017-11-21 05:00:00,55.33883285522461,80.01823425292969,38.0069465637207,48.267677307128906,54.45523452758789
2017-11-22 05:00:00,55.4962043762207,80.5323715209961,38.16654968261719,48.470489501953125,54.736019134521484
2017-11-24 05:00:00,55.715187072753906,80.94923400878906,38.356544494628906,48.306671142578125,54.888450622558594
2017-11-27 05:00:00,55.50306701660156,80.31004333496094,37.36096954345703,47.862064361572266,54.61570739746094
2017-11-28 05:00:00,55.886260986328125,80.90756225585938,38.09814453125,48.58748245239258,55.321651458740234
2017-11-29 05:00:00,56.296836853027344,81.41474914550781,38.55414581298828,48.4782829284668,56.07575225830078
2017-11-30 05:00:00,56.99482345581055,82.67230224609375,38.668148040771484,49.02428436279297,56.55708312988281
2017-12-01 05:00:00,57.11116409301758,83.03360748291016,39.32171630859375,50.49073791503906,56.3485107421875
2017-12-04 05:00:00,57.18642807006836,83.95767211914062,38.979732513427734,50.389320373535156,56.20412063598633
2017-12-05 05:00:00,56.721099853515625,83.6449966430664,38.93413162231445,49.87836456298828,56.15596389770508
2017-12-06 05:00:00,56.303680419921875,83.10307312011719,38.28814697265625,48.79353332519531,55.57034683227539
2017-12-07 05:00:00,56.48845291137695,83.11698150634766,38.40974044799805,48.79353332519531,55.682655334472656
2017-12-08 05:00:00,56.563720703125,83.3184585571289,39.192527770996094,49.94911575317383,55.869239807128906
2017-12-11 05:00:00,56.81690216064453,83.66584014892578,39.28371810913086,50.75092697143555,56.380332946777344
2017-12-12 05:00:00,56.63215637207031,83.15169525146484,39.48891067504883,50.45221710205078,56.81026840209961
2017-12-13 05:00:00,56.878482818603516,83.32540893554688,39.276123046875,49.760440826416016,56.761600494384766
2017-12-14 05:00:00,56.72795867919922,83.0474853515625,39.75492477416992,49.02936935424805,57.23210906982422
2017-12-15 05:00:00,56.81690216064453,83.18644714355469,39.64851760864258,48.80925369262695,57.28888702392578
2017-12-18 05:00:00,56.75531005859375,83.16559600830078,39.777713775634766,49.996273040771484,57.572811126708984
2017-12-19 05:00:00,56.41317367553711,83.26287841796875,40.036109924316406,50.6172981262207,57.516014099121094
2017-12-20 05:00:00,56.707420349121094,83.99239349365234,41.229305267333984,51.31692123413086,58.311038970947266
2017-12-21 05:00:00,57.37800979614258,86.72286987304688,42.52127456665039,53.345088958740234,58.8788948059082
2017-12-22 05:00:00,57.46013259887695,86.83407592773438,42.17927551269531,53.014923095703125,59.21150207519531
2017-12-26 05:00:00,57.46699523925781,87.52885437011719,42.734073638916016,53.14857864379883,59.657649993896484
2017-12-27 05:00:00,57.41224670410156,87.23011016845703,42.2476806640625,53.39225387573242,59.47920227050781
2017-12-28 05:00:00,57.49435043334961,87.25094604492188,41.93607711791992,53.030635833740234,59.78746795654297
2017-12-29 05:00:00,57.234317779541016,86.97996520996094,41.71567916870117,52.975616455078125,59.7550163269043
2018-01-02 05:00:00,58.18549346923828,88.64049530029297,42.042476654052734,54.650028228759766,60.014617919921875
2018-01-03 05:00:00,59.328277587890625,89.2866439819336,42.817657470703125,56.0728645324707,60.8420524597168
2018-01-04 05:00:00,59.410377502441406,89.00875091552734,43.3116569519043,57.46426773071289,60.80961608886719
2018-01-05 05:00:00,59.36247253417969,88.86282348632812,43.228050231933594,57.85731887817383,60.47700881958008
2018-01-08 05:00:00,59.62934875488281,89.300537109375,43.668853759765625,58.800655364990234,60.996192932128906
2018-01-09 05:00:00,59.37615203857422,88.82115173339844,44.026039123535156,58.8792610168457,60.752830505371094
2018-01-10 05:00:00,58.90400314331055,89.39086151123047,43.81325912475586,59.42952346801758,60.2336311340332
2018-01-11 05:00:00,59.48564147949219,92.10748291015625,44.976016998291016,60.56940460205078,61.50728988647461
2018-01-12 05:00:00,59.88938903808594,92.82308959960938,45.637210845947266,61.2926025390625,62.08323669433594
2018-01-16 05:00:00,59.51301956176758,91.71837615966797,44.71763229370117,60.66372299194336,61.061092376708984
2018-01-17 05:00:00,60.217838287353516,91.96156311035156,45.49282455444336,60.69516372680664,61.53971481323242
2018-01-18 05:00:00,59.82781219482422,91.42658233642578,45.416812896728516,60.034820556640625,61.158451080322266
2018-01-19 05:00:00,59.63621139526367,91.2250747680664,45.40921401977539,60.07414245605469,61.28826141357422
2018-01-22 05:00:00,60.388919830322266,92.10051727294922,46.108402252197266,62.72332000732422,62.97560119628906
2018-01-23 05:00:00,60.42314529418945,91.0305404663086,45.956417083740234,62.26736068725586,62.80523681640625
2018-01-24 05:00:00,60.58052062988281,91.2876205444336,45.97160720825195,61.457672119140625,62.918827056884766
2018-01-25 05:00:00,60.47105407714844,90.77347564697266,45.20402145385742,60.78950500488281,62.25361251831055
2018-01-26 05:00:00,60.902130126953125,91.1486587524414,45.895606994628906,61.00959777832031,62.61055374145508
2018-01-29 05:00:00,60.22468566894531,89.26579284667969,45.340824127197266,60.042694091796875,61.847965240478516
2018-01-30 05:00:00,59.382991790771484,87.00774383544922,44.428829193115234,58.59626388549805,60.64736557006836
2018-01-31 05:00:00,59.738826751708984,87.09114074707031,44.6948356628418,57.84160614013672,60.817752838134766
2018-02-01 05:00:00,60.95003890991211,87.24398040771484,45.105228424072266,59.35878372192383,61.73440933227539
2018-02-02 05:00:00,57.84334182739258,82.3874282836914,43.86643981933594,57.9280891418457,59.690120697021484
2018-02-05 05:00:00,54.55189895629883,78.24654388427734,42.51366424560547,56.08858108520508,57.52415084838867
2018-02-06 05:00:00,53.614402770996094,81.41474914550781,42.51366424560547,56.239017486572266,57.775634765625
2018-02-07 05:00:00,52.64956283569336,80.10160827636719,42.27808380126953,55.217777252197266,56.68048095703125
2018-02-08 05:00:00,52.05421829223633,78.02422332763672,40.46170425415039,53.35739517211914,55.544742584228516
2018-02-09 05:00:00,52.38602828979492,78.85794067382812,39.747291564941406,51.60783767700195,55.30949401855469
2018-02-12 05:00:00,52.82844924926758,79.19145202636719,40.80934524536133,52.91405487060547,56.68048095703125
2018-02-13 05:00:00,52.745506286621094,78.71204376220703,40.740577697753906,52.18574905395508,56.558780670166016
2018-02-14 05:00:00,52.85612106323242,78.94827270507812,42.41392517089844,52.146148681640625,56.66423797607422
2018-02-15 05:00:00,52.68329620361328,78.96229553222656,41.672760009765625,52.41531753540039,56.32352828979492
2018-02-16 05:00:00,52.911415100097656,78.68863677978516,41.7568244934082,52.47074508666992,55.293270111083984
2018-02-20 05:00:00,52.36531066894531,77.8746566772461,41.902000427246094,51.94033432006836,55.15536880493164
2018-02-21 05:00:00,51.770790100097656,76.52740478515625,41.069156646728516,50.98242950439453,54.52260971069336
2018-02-22 05:00:00,52.44133758544922,77.10981750488281,41.95549011230469,51.42576599121094,55.098575592041016
2018-02-23 05:00:00,53.595802307128906,79.00439453125,43.59060287475586,52.64490509033203,55.42306900024414
2018-02-26 05:00:00,54.501380920410156,80.41483306884766,43.23911666870117,52.82698059082031,54.57127380371094
2018-02-27 05:00:00,53.57505416870117,79.72015380859375,42.6584358215332,52.969482421875,54.149444580078125
2018-02-28 05:00:00,52.35838317871094,78.53428649902344,41.497032165527344,51.96408462524414,53.21651840209961
2018-03-01 05:00:00,51.98508071899414,78.61846923828125,41.16847610473633,51.6315803527832,53.240875244140625
2018-03-02 05:00:00,52.22704315185547,78.33778381347656,41.30599594116211,51.82950210571289,53.248985290527344
2018-03-05 05:00:00,52.724761962890625,79.39735412597656,41.252525329589844,52.37574768066406,53.47610855102539
2018-03-06 05:00:00,52.66255569458008,79.7481918334961,41.30599594116211,52.74782180786133,53.26520538330078
2018-03-07 05:00:00,51.335269927978516,79.88153076171875,41.31365203857422,52.43116760253906,52.8839225769043
2018-03-08 05:00:00,51.238487243652344,79.5376968383789,40.93161392211914,52.83489227294922,51.68537139892578
2018-03-09 05:00:00,51.54267120361328,82.25328063964844,42.07009506225586,54.449867248535156,52.26823425292969
2018-03-12 04:00:00,52.012733459472656,81.9515609741211,41.825592041015625,53.903621673583984,52.44883728027344
2018-03-13 04:00:00,51.52193069458008,81.71998596191406,41.2296028137207,53.15155792236328,52.70331573486328
2018-03-14 04:00:00,50.87902069091797,80.7867202758789,41.2296028137207,52.5894889831543,52.57197189331055
2018-03-15 04:00:00,51.445884704589844,81.10250091552734,41.28310012817383,51.73450469970703,52.465248107910156
2018-03-16 04:00:00,51.929786682128906,80.97618865966797,41.97075653076172,52.32823181152344,52.90854263305664
2018-03-19 04:00:00,51.25923538208008,79.91664123535156,40.93161392211914,51.21992111206055,52.251808166503906
2018-03-20 04:00:00,51.148624420166016,80.34464263916016,41.795013427734375,51.9007453918457,52.465248107910156
2018-03-21 04:00:00,51.87450408935547,82.12698364257812,43.58295822143555,53.62654113769531,54.21381759643555
2018-03-22 04:00:00,50.809879302978516,79.78328704833984,43.170352935791016,51.869075775146484,53.50783157348633
2018-03-23 04:00:00,50.38821792602539,79.278076171875,44.11781311035156,50.77659606933594,53.76231002807617
2018-03-26 04:00:00,51.155540466308594,80.94110107421875,45.14168167114258,51.029930114746094,55.16608428955078
2018-03-27 04:00:00,50.94816207885742,80.45692443847656,45.18752670288086,51.04575729370117,54.03321838378906
2018-03-28 04:00:00,50.33290481567383,78.66056823730469,44.87424850463867,50.040367126464844,51.84134292602539
2018-03-29 04:00:00,51.57722091674805,80.02185821533203,45.30214309692383,51.28326416015625,53.327213287353516
2018-04-02 04:00:00,50.6163444519043,78.7588119506836,44.3852424621582,50.254112243652344,53.08915710449219
2018-04-03 04:00:00,51.86066436767578,80.57621765136719,45.867557525634766,51.29117202758789,54.69816589355469
2018-04-04 04:00:00,51.7569465637207,80.33061218261719,45.50843811035156,51.3070182800293,54.6899528503418
2018-04-05 04:00:00,52.55194091796875,82.30238342285156,46.196102142333984,52.06698226928711,55.634010314941406
2018-04-06 04:00:00,51.7569465637207,80.52709197998047,45.279205322265625,50.950767517089844,55.4370002746582
2018-04-09 04:00:00,51.7569465637207,81.38317108154297,46.3183479309082,50.871604919433594,56.58629608154297
2018-04-10 04:00:00,53.27779769897461,83.39706420898438,47.632564544677734,52.8111457824707,57.883365631103516
2018-04-11 04:00:00,53.52666473388672,83.677734375,48.31260299682617,53.47615051269531,58.84383010864258
2018-04-12 04:00:00,53.3814811706543,83.66368103027344,48.32024002075195,53.48405075073242,58.92593002319336
2018-04-13 04:00:00,53.810081481933594,84.14788055419922,49.588600158691406,53.79279708862305,60.44463348388672
2018-04-16 04:00:00,54.29400634765625,84.6951904296875,50.22279739379883,54.24403762817383,61.49542999267578
2018-04-17 04:00:00,54.14883804321289,85.22850036621094,50.81877136230469,54.35488510131836,61.74988555908203
2018-04-18 04:00:00,54.764095306396484,86.88448333740234,50.749996185302734,55.6848258972168,62.324562072753906
2018-04-19 04:00:00,54.90233612060547,86.80731201171875,50.66595458984375,55.637351989746094,62.38200759887695
2018-04-20 04:00:00,54.61199951171875,85.82494354248047,50.268638610839844,54.806129455566406,62.77606964111328
2018-04-23 04:00:00,55.00603485107422,86.7160873413086,50.031768798828125,54.55278396606445,63.40818405151367
2018-04-24 04:00:00,54.16265106201172,85.98634338378906,49.9018669128418,54.054046630859375,63.4902458190918
2018-04-25 04:00:00,54.9576301574707,86.11262512207031,49.710853576660156,54.70320129394531,63.50667953491211
2018-04-26 04:00:00,55.89779281616211,87.16517639160156,51.17024612426758,54.99611282348633,63.703704833984375
2018-04-27 04:00:00,53.77553176879883,88.8492660522461,49.62681579589844,54.6873779296875,63.2440071105957
2018-04-30 04:00:00,53.74789047241211,87.78968048095703,50.047054290771484,54.275699615478516,63.424591064453125
2018-05-01 04:00:00,53.19485855102539,87.61427307128906,50.20750427246094,54.149044036865234,62.8663444519043
2018-05-02 04:00:00,53.09115219116211,88.05633544921875,50.008846282958984,54.35488510131836,63.07157516479492
2018-05-03 04:00:00,52.911415100097656,88.42120361328125,50.42144775390625,53.610721588134766,63.449222564697266
2018-05-04 04:00:00,53.1602897644043,88.08441162109375,51.08620834350586,54.457794189453125,63.794002532958984
2018-05-07 04:00:00,53.74097442626953,87.67040252685547,51.01743698120117,54.79027557373047,63.440982818603516
2018-05-08 04:00:00,53.98291778564453,88.81414794921875,51.75859451293945,55.051536560058594,64.19625091552734
2018-05-09 04:00:00,55.25489807128906,90.32282257080078,52.492088317871094,56.11233901977539,67.6441421508789
2018-05-10 04:00:00,56.49229431152344,90.39299011230469,52.981101989746094,56.30234146118164,68.84268188476562
2018-05-11 04:00:00,56.757659912109375,91.10871887207031,53.276485443115234,56.27067947387695,69.75390625
2018-05-14 04:00:00,57.141719818115234,91.4946517944336,53.39156723022461,56.68233871459961,69.68824005126953
2018-05-15 04:00:00,57.113800048828125,91.0385513305664,53.77519226074219,56.68233871459961,69.17925262451172
2018-05-16 04:00:00,57.27439880371094,90.91224670410156,53.59104537963867,57.877716064453125,69.17106628417969
2018-05-17 04:00:00,57.17664337158203,91.63422393798828,54.21250915527344,58.922706604003906,70.73080444335938
2018-05-18 04:00:00,56.771636962890625,90.501708984375,53.360897064208984,58.81186294555664,70.1233139038086
2018-05-21 04:00:00,57.455970764160156,91.57052612304688,54.21250915527344,59.3976936340332,70.42707061767578
2018-05-22 04:00:00,57.00904846191406,90.76361083984375,53.805885314941406,58.36857223510742,69.73748016357422
2018-05-23 04:00:00,57.36518478393555,91.0962905883789,53.0309944152832,58.146881103515625,70.0494613647461
2018-05-24 04:00:00,56.05237579345703,89.61693572998047,52.51693344116211,56.38151550292969,68.84268188476562
2018-05-25 04:00:00,54.963035583496094,86.4883804321289,50.2305908203125,54.307373046875,67.6441421508789
2018-05-29 04:00:00,54.760528564453125,85.92212677001953,50.41471862792969,53.887794494628906,67.17619323730469
2018-05-30 04:00:00,56.91128158569336,88.5905990600586,52.21004867553711,55.0040168762207,69.01509094238281
2018-05-31 04:00:00,56.72971725463867,87.98188018798828,51.703670501708984,54.362796783447266,69.12179565429688
2018-06-01 04:00:00,57.141719818115234,87.66336059570312,52.39418411254883,54.592369079589844,69.86064910888672
2018-06-04 04:00:00,56.54119110107422,86.5379409790039,52.094947814941406,54.67945098876953,70.07408905029297
2018-06-05 04:00:00,56.33867645263672,86.87059020996094,51.83409118652344,54.591732025146484,70.19720458984375
2018-06-06 04:00:00,57.30234146118164,87.33069610595703,52.07961654663086,54.934627532958984,70.97708892822266
2018-06-07 04:00:00,57.874935150146484,89.86469268798828,53.30718994140625,55.500797271728516,70.99351501464844
2018-06-08 04:00:00,58.37770462036133,89.49663543701172,53.268802642822266,55.3652229309082,70.79470825195312
2018-06-11 04:00:00,58.0285530090332,90.28936767578125,54.08208465576172,55.716094970703125,71.35796356201172
2018-06-12 04:00:00,57.553733825683594,89.94963836669922,53.268802642822266,54.703369140625,70.3474349975586
2018-06-13 04:00:00,56.91827392578125,89.94256591796875,53.41459655761719,54.20098876953125,69.85045623779297
2018-06-14 04:00:00,57.18362045288086,89.54618072509766,52.271419525146484,54.488067626953125,69.86701202392578
2018-06-15 04:00:00,56.324729919433594,87.7978515625,50.14619445800781,53.29192352294922,69.02215576171875
2018-06-18 04:00:00,56.43645095825195,89.1639404296875,51.097557067871094,53.45939254760742,69.40318298339844
2018-06-19 04:00:00,56.35265350341797,88.85958099365234,50.836708068847656,52.390846252441406,68.40093994140625
2018-06-20 04:00:00,56.17807388305664,88.68262481689453,51.765052795410156,52.271236419677734,68.9476089477539
2018-06-21 04:00:00,55.647369384765625,86.7715072631836,49.95438766479492,51.66517639160156,67.99506378173828
2018-06-22 04:00:00,56.82749938964844,88.54814910888672,52.00288391113281,53.092586517333984,69.02215576171875
2018-06-25 04:00:00,55.682281494140625,86.78567504882812,50.74462890625,52.175540924072266,67.38212585449219
2018-06-26 04:00:00,56.31073760986328,87.88280487060547,51.665313720703125,52.64602279663086,68.48375701904297
2018-06-27 04:00:00,57.057926177978516,89.1851806640625,52.73942947387695,53.275978088378906,69.38658905029297
2018-06-28 04:00:00,57.23948287963867,88.94449615478516,52.48625564575195,53.43547058105469,69.08016204833984
2018-06-29 04:00:00,57.770198822021484,89.48954772949219,53.41459655761719,53.451419830322266,69.31207275390625
2018-07-02 04:00:00,57.092838287353516,87.94649505615234,52.62433624267578,52.00009536743164,68.35122680664062
2018-07-03 04:00:00,57.42803955078125,88.28626251220703,53.36855697631836,52.50247573852539,69.46115112304688
2018-07-05 04:00:00,57.476890563964844,87.75538635253906,52.88521194458008,52.97295379638672,69.73451232910156
2018-07-06 04:00:00,57.49089813232422,87.86864471435547,53.43760681152344,53.451419830322266,69.7842025756836
2018-07-09 04:00:00,57.888919830322266,89.1781005859375,54.47336959838867,54.496036529541016,70.61251068115234
2018-07-10 04:00:00,58.41959762573242,90.31060028076172,55.04111099243164,55.4130744934082,70.98522186279297
2018-07-11 04:00:00,57.67243194580078,87.42979431152344,53.744503021240234,54.496036529541016,69.5191421508789
2018-07-12 04:00:00,57.74226379394531,87.95357513427734,54.81861114501953,53.80228805541992,70.04096221923828
2018-07-13 04:00:00,58.17519760131836,87.7978515625,55.24059295654297,54.288726806640625,69.27893829345703
2018-07-16 04:00:00,57.60259246826172,87.04756164550781,54.151126861572266,53.76241683959961,68.3595199584961
2018-07-17 04:00:00,57.476890563964844,86.29020690917969,53.920955657958984,53.22016143798828,68.49203491210938
2018-07-18 04:00:00,57.41405487060547,86.02122497558594,53.97467041015625,53.475345611572266,68.7156982421875
2018-07-19 04:00:00,57.267433166503906,86.12030029296875,53.46830749511719,53.36370086669922,68.73225402832031
2018-07-20 04:00:00,56.84146499633789,86.54498291015625,53.93437194824219,52.701839447021484,68.8150863647461
2018-07-23 04:00:00,56.84146499633789,85.8796615600586,53.911251068115234,52.4227409362793,68.29325866699219
2018-07-24 04:00:00,57.965728759765625,87.66336059570312,54.581504821777344,52.24729537963867,69.12984466552734
2018-07-25 04:00:00,58.37071990966797,88.40657043457031,55.08995819091797,52.45463943481445,69.85045623779297
2018-07-26 04:00:00,58.824615478515625,87.734130859375,55.313358306884766,53.31585693359375,69.70964050292969
2018-07-27 04:00:00,57.204559326171875,89.1639404296875,55.04371643066406,53.45939254760742,69.13810729980469
2018-07-30 04:00:00,57.0788688659668,90.48049926757812,55.67542266845703,53.889991760253906,69.0055923461914
2018-07-31 04:00:00,56.91827392578125,89.37628936767578,55.59840774536133,53.8421630859375,69.5191421508789
2018-08-01 04:00:00,56.13617706298828,88.75340270996094,55.32106018066406,53.156375885009766,68.45062255859375
2018-08-02 04:00:00,55.801002502441406,87.59965515136719,55.12847137451172,52.582218170166016,68.11930847167969
2018-08-03 04:00:00,56.003482818603516,87.80492401123047,54.92047119140625,52.54234313964844,68.16072082519531
2018-08-06 04:00:00,55.98952102661133,87.98188018798828,55.25944137573242,52.4227409362793,68.16901397705078
2018-08-07 04:00:00,56.75067138671875,88.60477447509766,56.16078186035156,53.17231750488281,67.870849609375
2018-08-08 04:00:00,56.37359619140625,87.68460083007812,54.99750900268555,52.95701217651367,67.25787353515625
2018-08-09 04:00:00,56.08729934692383,86.7290267944336,55.27483367919922,52.15160369873047,64.43338012695312
2018-08-10 04:00:00,56.03083801269531,87.3023681640625,55.42121887207031,52.661956787109375,65.25337982177734
2018-08-13 04:00:00,55.42410659790039,86.66535186767578,54.7509765625,51.808712005615234,64.7232894897461
2018-08-14 04:00:00,55.247737884521484,86.76443481445312,55.58299255371094,51.67316818237305,65.98230743408203
2018-08-15 04:00:00,54.28120422363281,83.48017120361328,52.24724578857422,49.671627044677734,63.721046447753906
2018-08-16 04:00:00,55.02904510498047,84.0804214477539,53.47215270996094,49.83111572265625,64.62387084960938
2018-08-17 04:00:00,55.21247100830078,84.18047332763672,53.74948501586914,50.102230072021484,65.0628890991211
2018-08-20 04:00:00,55.600494384765625,84.14473724365234,54.3272819519043,50.63650894165039,65.44390869140625
2018-08-21 04:00:00,55.6146125793457,84.28050994873047,54.61231994628906,51.64126205444336,65.34449768066406
2018-08-22 04:00:00,56.41181564331055,84.9808349609375,55.467430114746094,51.90441131591797,65.7089614868164
2018-08-23 04:00:00,55.79096603393555,84.39484405517578,55.505950927734375,51.55354690551758,65.41905975341797
2018-08-24 04:00:00,56.17195510864258,85.04515838623047,55.93735885620117,52.032005310058594,65.71723937988281
2018-08-27 04:00:00,56.72224426269531,86.00272369384766,56.11458206176758,51.71303176879883,66.43783569335938
2018-08-28 04:00:00,56.6375732421875,85.65254974365234,55.505950927734375,51.09103775024414,66.35504150390625
2018-08-29 04:00:00,57.0467643737793,85.9098129272461,56.65382766723633,51.42595672607422,66.45441436767578
2018-08-30 04:00:00,56.799842834472656,85.61681365966797,56.669212341308594,51.30634307861328,66.37159729003906
2018-08-31 04:00:00,56.559974670410156,84.652099609375,56.5690803527832,50.36537551879883,66.15625
2018-09-04 04:00:00,56.644630432128906,84.94509887695312,56.32255935668945,49.77056884765625,65.65927124023438
2018-09-05 04:00:00,57.39952087402344,84.9808349609375,56.2378044128418,49.04716491699219,65.55158996582031
2018-09-06 04:00:00,56.76457214355469,82.34393310546875,54.34266662597656,48.39609909057617,64.25115203857422
2018-09-07 04:00:00,57.73110580444336,81.89373016357422,54.096168518066406,47.98616409301758,64.13401794433594
2018-09-10 04:00:00,57.64645004272461,81.8079833984375,54.8126106262207,48.211219787597656,64.32644653320312
2018-09-11 04:00:00,58.45777130126953,82.19385528564453,55.05913543701172,48.48451614379883,64.52725982666016
2018-09-12 04:00:00,58.648250579833984,82.74410247802734,55.44431686401367,48.88639831542969,63.37261962890625
2018-09-13 04:00:00,58.07680130004883,83.1085433959961,55.891151428222656,49.04716491699219,64.12565612792969
2018-09-14 04:00:00,58.50009536743164,83.88031768798828,56.62302017211914,49.215965270996094,64.91213989257812
2018-09-17 04:00:00,58.84579849243164,83.97322845458984,57.19308853149414,49.006988525390625,64.92889404296875
2018-09-18 04:00:00,59.00101852416992,84.41627502441406,57.80937957763672,49.0230598449707,65.99987030029297
2018-09-19 04:00:00,59.70650863647461,85.40245819091797,58.18690490722656,49.215965270996094,66.41820526123047
2018-09-20 04:00:00,59.84056854248047,85.3381118774414,58.05591583251953,49.48925018310547,66.29275512695312
2018-09-21 04:00:00,60.08747482299805,86.5600814819336,58.76465606689453,49.13558578491211,66.602294921875
2018-09-24 04:00:00,61.096343994140625,87.62486267089844,59.365570068359375,49.51335906982422,67.56452178955078
2018-09-25 04:00:00,61.02580261230469,88.16081237792969,60.174461364746094,50.260887145996094,68.03309631347656
2018-09-26 04:00:00,60.5178337097168,87.14607238769531,59.53506088256836,48.93464279174805,67.78208923339844
2018-09-27 04:00:00,60.510780334472656,87.51768493652344,59.71992874145508,49.16773223876953,67.91594696044922
2018-09-28 04:00:00,59.98164367675781,87.38191223144531,59.62748718261719,48.9667854309082,68.7526626586914
2018-10-01 04:00:00,60.53900146484375,88.88972473144531,61.54573059082031,49.505332946777344,69.55589294433594
2018-10-02 04:00:00,60.99757385253906,89.13980865478516,60.305419921875,49.7464599609375,69.33837127685547
2018-10-03 04:00:00,60.778873443603516,89.54714965820312,60.52882766723633,50.33322525024414,68.9869613647461
2018-10-04 04:00:00,60.376739501953125,89.2898941040039,60.305419921875,50.518104553222656,68.76103210449219
2018-10-05 04:00:00,60.2073974609375,89.56143951416016,60.39018249511719,50.638668060302734,68.10839080810547
2018-10-08 04:00:00,60.76475524902344,89.21127319335938,60.305419921875,50.59044647216797,68.40123748779297
2018-10-09 04:00:00,61.03287124633789,90.6261978149414,61.16824722290039,50.72708511352539,68.80287170410156
2018-10-10 04:00:00,59.62889862060547,87.61058044433594,57.847904205322266,48.88639831542969,65.19661712646484
2018-10-11 04:00:00,57.56886291503906,84.63066101074219,56.076019287109375,47.51996612548828,64.03358459472656
2018-10-12 04:00:00,57.41363525390625,84.1590347290039,57.1165657043457,47.68876647949219,64.39342498779297
2018-10-15 04:00:00,57.0185546875,83.56591033935547,56.6833381652832,47.8655891418457,60.444095611572266
2018-10-16 04:00:00,57.286643981933594,83.97322845458984,57.093360900878906,47.970088958740234,61.180416107177734
2018-10-17 04:00:00,57.498287200927734,83.81603240966797,56.07216262817383,47.616432189941406,61.01307678222656
2018-10-18 04:00:00,57.745216369628906,83.94464111328125,56.15727615356445,46.96535873413086,60.15962219238281
2018-10-19 04:00:00,57.82987594604492,84.4234390258789,56.079898834228516,46.99750900268555,60.3939094543457
2018-10-22 04:00:00,57.251365661621094,83.75885009765625,55.73950958251953,45.66322708129883,60.485958099365234
2018-10-23 04:00:00,56.327152252197266,81.03620910644531,53.550174713134766,44.280696868896484,59.10536575317383
2018-10-24 04:00:00,54.76094055175781,78.7566146850586,50.81927490234375,42.60881042480469,57.08889389038086
2018-10-25 04:00:00,55.247737884521484,79.73563385009766,52.62180709838867,42.841922760009766,57.44028854370117
2018-10-26 04:00:00,54.69745635986328,79.69989013671875,52.977691650390625,42.52042007446289,56.8211555480957
2018-10-29 04:00:00,54.35881042480469,77.8419189453125,52.10348129272461,41.35490798950195,55.607913970947266
2018-10-30 04:00:00,55.57933807373047,79.21395111083984,53.782249450683594,42.05421447753906,56.51993179321289
2018-10-31 04:00:00,56.21429443359375,79.78563690185547,54.07622146606445,41.24238204956055,56.11830520629883
2018-11-01 04:00:00,56.91274642944336,79.44263458251953,53.82866287231445,41.52370071411133,57.18929672241211
2018-11-02 04:00:00,57.815765380859375,81.98662567138672,52.48255157470703,41.314727783203125,57.15583419799805
2018-11-05 05:00:00,57.59705352783203,84.99512481689453,53.40317916870117,41.76484680175781,58.52803039550781
2018-11-06 05:00:00,57.8439826965332,84.96653747558594,53.76677703857422,41.86130142211914,61.36449432373047
2018-11-07 05:00:00,58.577693939208984,86.37430572509766,54.17680740356445,42.05421447753906,61.682456970214844
2018-11-08 05:00:00,57.64645004272461,85.29525756835938,51.763099670410156,41.45940017700195,60.770442962646484
2018-11-09 05:00:00,57.63219451904297,85.40245819091797,51.62384796142578,40.51094436645508,61.54019546508789
2018-11-12 05:00:00,56.891029357910156,83.88748168945312,50.39377212524414,39.747337341308594,60.37718200683594
2018-11-13 05:00:00,55.58688735961914,82.42967987060547,49.29523468017578,38.051334381103516,59.22251510620117
2018-11-14 05:00:00,55.152164459228516,82.69408416748047,49.60469055175781,38.42911911010742,59.36474609375
2018-11-15 05:00:00,55.7222785949707,84.38981628417969,50.44793701171875,38.646148681640625,60.73695373535156
2018-11-16 05:00:00,56.27104187011719,85.91236877441406,51.15192794799805,38.75867462158203,61.3979606628418
2018-11-19 05:00:00,56.456321716308594,86.17214965820312,51.39948654174805,38.83101272583008,61.3812141418457
2018-11-20 05:00:00,54.852848052978516,83.77649688720703,49.50411605834961,37.697669982910156,58.820899963378906
2018-11-21 05:00:00,55.27330780029297,84.83721160888672,50.65681076049805,38.29248046875,60.310218811035156
2018-11-23 05:00:00,53.79812240600586,81.97250366210938,49.357120513916016,37.271671295166016,58.427642822265625
2018-11-26 05:00:00,54.86000442504883,82.9682846069336,50.053375244140625,37.480655670166016,59.10536575317383
2018-11-27 05:00:00,54.909854888916016,83.13426208496094,50.50209045410156,37.13502502441406,58.05109786987305
2018-11-28 05:00:00,55.90757751464844,85.24850463867188,51.329856872558594,37.30381393432617,59.163917541503906
2018-11-29 05:00:00,56.34230041503906,85.76083374023438,51.732139587402344,36.893890380859375,59.33129119873047
2018-11-30 05:00:00,56.65586853027344,85.8257827758789,51.19833755493164,36.250850677490234,58.795780181884766
2018-12-03 05:00:00,57.88161087036133,87.07413482666016,53.46506118774414,37.21539306640625,59.67432403564453
2018-12-04 05:00:00,56.60596466064453,84.59908294677734,51.77082824707031,35.85028839111328,58.29374694824219
2018-12-06 05:00:00,55.86482238769531,83.63937377929688,51.531005859375,34.38768768310547,56.494834899902344
2018-12-07 05:00:00,55.33031463623047,83.3363037109375,50.98947525024414,34.97272491455078,56.32553482055664
2018-12-10 05:00:00,54.54640197753906,82.93943786621094,50.44020080566406,34.1032829284668,54.54789733886719
2018-12-11 05:00:00,54.64618682861328,83.32186126708984,50.6258659362793,33.5101203918457,54.76798629760742
2018-12-12 05:00:00,54.17582321166992,83.43009948730469,50.49434280395508,33.67262649536133,55.36900329589844
2018-12-13 05:00:00,54.86000442504883,83.6610107421875,51.1596565246582,33.331356048583984,56.44403839111328
2018-12-14 05:00:00,53.86225509643555,82.1384506225586,49.93735122680664,31.771230697631836,55.10659408569336
2018-12-17 05:00:00,52.76477813720703,81.14265441894531,48.8310546875,31.730600357055664,54.268558502197266
2018-12-18 05:00:00,51.310970306396484,79.18716430664062,47.89497756958008,30.747400283813477,53.44746398925781
2018-12-19 05:00:00,50.441532135009766,77.80894470214844,47.407596588134766,30.706769943237305,52.68561935424805
2018-12-20 05:00:00,48.909305572509766,75.75241088867188,46.41735076904297,29.41478729248047,51.32276916503906
2018-12-21 05:00:00,48.54588317871094,75.19676971435547,46.26264572143555,29.008514404296875,50.772544860839844
2018-12-24 05:00:00,46.68585968017578,72.87327575683594,44.10421371459961,28.594104766845703,48.34311294555664
2018-12-26 05:00:00,48.91646957397461,77.49144744873047,47.577796936035156,29.747940063476562,51.29737091064453
2018-12-27 05:00:00,49.13025665283203,78.88408660888672,48.14253234863281,29.520427703857422,51.43280792236328
2018-12-28 05:00:00,48.581504821777344,78.40062713623047,47.709312438964844,29.73981285095215,51.18732452392578
2018-12-31 05:00:00,48.59577560424805,78.50166320800781,48.2353630065918,29.317291259765625,51.957637786865234
2019-01-02 05:00:00,49.66474914550781,79.87267303466797,49.032203674316406,30.22735595703125,52.48245620727539
2019-01-03 05:00:00,48.9022102355957,78.34288787841797,48.10384750366211,30.552379608154297,51.83913040161133
2019-01-04 05:00:00,50.70521545410156,79.96648406982422,49.31843948364258,31.763093948364258,53.50672149658203
2019-01-07 05:00:00,50.96891403198242,81.00557708740234,49.101837158203125,32.640663146972656,54.58176040649414
2019-01-08 05:00:00,51.33946990966797,80.65201568603516,49.75941467285156,33.04694747924805,55.01346969604492
2019-01-09 05:00:00,51.610286712646484,81.73438262939453,51.407230377197266,33.5101203918457,55.682193756103516
2019-01-10 05:00:00,51.34659957885742,81.86427307128906,52.559932708740234,33.84326171875,56.029266357421875
2019-01-11 05:00:00,51.11143493652344,81.2076187133789,51.360816955566406,33.91640090942383,56.05467224121094
2019-01-14 05:00:00,51.04728317260742,80.61592102050781,50.75737762451172,33.57511520385742,55.512901306152344
2019-01-15 05:00:00,51.07579803466797,80.90454864501953,51.08230972290039,33.900142669677734,55.46209716796875
2019-01-16 05:00:00,51.054420471191406,80.3849868774414,50.79606246948242,33.51823425292969,55.14044189453125
2019-01-17 05:00:00,51.40361022949219,80.78909301757812,51.87913513183594,33.61574172973633,55.724525451660156
2019-01-18 05:00:00,52.01649856567383,82.52812957763672,52.528987884521484,36.34596252441406,56.74030303955078
2019-01-22 05:00:00,51.232574462890625,81.06330108642578,50.865699768066406,35.720272064208984,55.123512268066406
2019-01-23 05:00:00,50.81211853027344,80.37779235839844,50.95078659057617,35.19212341308594,54.657955169677734
2019-01-24 05:00:00,50.883392333984375,81.90754699707031,51.15192794799805,35.3952522277832,55.0050163269043
2019-01-25 05:00:00,51.11143493652344,81.69830322265625,51.824981689453125,36.56535720825195,56.31708526611328
2019-01-28 05:00:00,50.76935577392578,80.94060516357422,50.55624008178711,35.94779968261719,55.93614196777344
2019-01-29 05:00:00,50.96176528930664,80.6952896118164,50.51757049560547,35.75278091430664,56.274742126464844
2019-01-30 05:00:00,51.517642974853516,81.54676055908203,50.81927490234375,36.56535720825195,56.68952178955078
2019-01-31 05:00:00,52.223167419433594,82.73014831542969,52.366512298583984,35.92342758178711,56.528690338134766
2019-02-01 05:00:00,54.104557037353516,85.41447448730469,53.13241195678711,36.207828521728516,57.59525680541992
2019-02-04 05:00:00,53.32065200805664,86.40306091308594,54.09943771362305,36.24032211303711,57.34130859375
2019-02-05 05:00:00,53.869380950927734,86.21543884277344,53.58110046386719,36.679107666015625,56.9688720703125
2019-02-06 05:00:00,53.63422775268555,85.78250122070312,53.46506118774414,36.62223434448242,56.40171432495117
2019-02-07 05:00:00,53.220882415771484,85.31344604492188,52.204063415527344,35.313995361328125,54.9542121887207
2019-02-08 05:00:00,53.307342529296875,84.84442901611328,51.49298095703125,34.7614631652832,54.98807144165039
2019-02-11 05:00:00,53.39381790161133,84.38981628417969,51.865997314453125,35.50089645385742,54.88648986816406
2019-02-12 05:00:00,54.33055114746094,85.66703796386719,52.417762756347656,36.21601867675781,55.656795501708984
2019-02-13 05:00:00,54.943031311035156,86.2803955078125,52.67422103881836,36.51191329956055,55.7414436340332
2019-02-14 05:00:00,54.95744323730469,86.12005615234375,53.70005416870117,36.28176498413086,56.350929260253906
2019-02-15 05:00:00,55.995052337646484,86.98737335205078,54.53935623168945,36.94755935668945,56.8757438659668
2019-02-19 05:00:00,56.3697509765625,86.95821380615234,54.00312805175781,37.432518005371094,57.248199462890625
2019-02-20 05:00:00,56.585906982421875,87.6651840209961,54.904598236083984,37.728431701660156,57.773033142089844
2019-02-21 05:00:00,56.074317932128906,86.83428955078125,54.58598709106445,36.758506774902344,56.37632751464844
2019-02-22 05:00:00,56.50666427612305,87.01653289794922,54.37614822387695,36.462608337402344,55.80916976928711
2019-02-25 05:00:00,56.56429672241211,87.18415069580078,53.81661605834961,36.8160400390625,56.06312942504883
2019-02-26 05:00:00,56.679595947265625,87.4173812866211,53.560157775878906,36.42148971557617,55.90229034423828
2019-02-27 05:00:00,57.263248443603516,87.51941680908203,53.79328918457031,36.454376220703125,56.41865539550781
2019-02-28 05:00:00,56.946189880371094,87.15499877929688,52.72862243652344,36.21601867675781,55.99539566040039
2019-03-01 05:00:00,57.64514923095703,88.94066619873047,53.56792449951172,37.144832611083984,57.18049621582031
2019-03-04 05:00:00,57.86851501464844,89.0062484741211,54.32175064086914,37.185935974121094,57.09584045410156
2019-03-05 05:00:00,57.78206253051758,89.85900115966797,53.630104064941406,36.8160400390625,57.163551330566406
2019-03-06 05:00:00,57.126338958740234,90.03392791748047,53.070552825927734,35.64884948730469,56.029266357421875
2019-03-07 05:00:00,57.76042938232422,88.87507629394531,52.806339263916016,34.92552185058594,55.64833450317383
2019-03-08 05:00:00,56.93178939819336,88.641845703125,50.84796142578125,33.93915557861328,53.72085189819336
2019-03-11 04:00:00,57.48661422729492,90.09950256347656,51.18989562988281,34.5885124206543,54.72315216064453
2019-03-12 04:00:00,57.64514923095703,90.3036117553711,51.003379821777344,35.00770568847656,54.99727249145508
2019-03-13 04:00:00,58.15675354003906,90.86481475830078,52.34006881713867,35.46800994873047,55.7339973449707
2019-03-14 04:00:00,57.96220016479492,90.81378936767578,52.08360290527344,35.418701171875,55.86249542236328
2019-03-15 04:00:00,57.753238677978516,91.33126068115234,52.52656555175781,34.84332275390625,56.08523941040039
2019-03-18 04:00:00,58.42335510253906,91.74668884277344,52.5421142578125,35.640625,57.40448760986328
2019-03-19 04:00:00,58.272037506103516,91.30939483642578,52.34006881713867,35.55021286010742,56.68489074707031
2019-03-20 04:00:00,58.59629440307617,90.87939453125,52.48772048950195,36.40507125854492,57.61865234375
2019-03-21 04:00:00,58.9349479675293,91.73213195800781,52.953983306884766,36.34752655029297,57.60150146484375
2019-03-22 04:00:00,57.99102783203125,89.71321868896484,51.34532165527344,34.9090690612793,55.888206481933594
2019-03-25 04:00:00,57.58749008178711,89.56745910644531,52.12245559692383,34.9090690612793,55.793975830078125
2019-03-26 04:00:00,58.33689498901367,90.47123718261719,53.280391693115234,35.385833740234375,57.46446228027344
2019-03-27 04:00:00,57.89012908935547,89.49458312988281,52.77525329589844,35.08168411254883,56.83909606933594
2019-03-28 04:00:00,58.178340911865234,89.6622085571289,52.36336898803711,35.854331970214844,57.027549743652344
2019-03-29 04:00:00,58.221595764160156,89.77882385253906,51.865997314453125,35.813232421875,56.71058654785156
2019-04-01 04:00:00,58.8917121887207,91.06157684326172,52.604286193847656,36.791385650634766,57.55010223388672
2019-04-02 04:00:00,58.639530181884766,91.05430603027344,51.56291961669922,36.5694580078125,57.07895278930664
2019-04-03 04:00:00,58.29365158081055,90.29631042480469,50.910133361816406,35.829681396484375,56.590660095214844
2019-04-04 04:00:00,59.12230682373047,90.95954895019531,50.63813781738281,36.24888229370117,56.916202545166016
2019-04-05 04:00:00,59.4393424987793,92.14027404785156,51.384178161621094,36.9886589050293,58.28684616088867
2019-04-08 04:00:00,59.80684280395508,92.32976531982422,51.71834182739258,37.95036315917969,58.56953811645508
2019-04-09 04:00:00,59.03583526611328,91.49890899658203,51.057796478271484,37.46540069580078,57.635772705078125
2019-04-10 04:00:00,58.76921463012695,91.46248626708984,52.04473876953125,37.440738677978516,57.55010223388672
2019-04-11 04:00:00,59.05024337768555,91.82686614990234,51.5784797668457,37.243473052978516,57.55010223388672
2019-04-12 04:00:00,58.308048248291016,87.28619384765625,52.35561752319336,37.52293395996094,55.965293884277344
2019-04-15 04:00:00,58.1135139465332,87.56314849853516,51.55514907836914,38.13941955566406,54.27769088745117
2019-04-16 04:00:00,58.509830474853516,88.3138427734375,51.166587829589844,38.91207504272461,54.543243408203125
2019-04-17 04:00:00,58.67554473876953,87.65789794921875,51.11996078491211,38.9696044921875,53.669464111328125
2019-04-18 04:00:00,58.459381103515625,87.35907745361328,51.21320724487305,37.4489631652832,52.95844268798828
2019-04-22 04:00:00,59.73478698730469,88.8459243774414,52.03697204589844,37.687339782714844,54.01211929321289
2019-04-23 04:00:00,60.08065414428711,88.9333724975586,51.64064407348633,37.7202033996582,53.42103958129883
2019-04-24 04:00:00,58.91333770751953,86.20750427246094,50.2806510925293,36.363948822021484,53.11263656616211
2019-04-25 04:00:00,59.24479675292969,85.93055725097656,49.71334457397461,35.59129333496094,52.9755744934082
2019-04-26 04:00:00,57.99822235107422,85.34748077392578,48.788543701171875,35.59129333496094,52.52154541015625
2019-04-29 04:00:00,57.62353515625,85.7993392944336,48.68752670288086,35.69816207885742,51.51069641113281
2019-04-30 04:00:00,57.84690475463867,87.50483703613281,49.052772521972656,35.08168411254883,50.43987274169922
2019-05-01 04:00:00,56.68678665161133,85.86494445800781,48.703060150146484,34.004905700683594,49.24055862426758
2019-05-02 04:00:00,55.692405700683594,84.82268524169922,47.630611419677734,33.79941177368164,49.129180908203125
2019-05-03 04:00:00,55.822120666503906,85.47137451171875,48.19014358520508,33.93092346191406,49.64318084716797
2019-05-06 04:00:00,55.57713317871094,86.29497528076172,48.0891227722168,33.8980598449707,50.345645904541016
2019-05-07 04:00:00,55.28169631958008,86.2001953125,47.405250549316406,33.37199020385742,51.13376235961914
2019-05-08 04:00:00,55.36815643310547,85.63900756835938,47.73942947387695,33.10074234008789,51.579227447509766
2019-05-09 04:00:00,55.31772994995117,88.32843780517578,47.82490539550781,33.10074234008789,48.255401611328125
2019-05-10 04:00:00,55.798744201660156,88.91150665283203,48.35988998413086,32.51716232299805,47.09035110473633
2019-05-13 04:00:00,55.17924880981445,87.78179931640625,47.78975296020508,31.36638832092285,46.405025482177734
2019-05-14 04:00:00,55.25212478637695,88.65642547607422,48.672298431396484,32.05683898925781,46.73055648803711
2019-05-15 04:00:00,55.66025924682617,89.02081298828125,48.45361328125,32.328086853027344,46.473548889160156
2019-05-16 04:00:00,55.65299606323242,88.91043090820312,48.8675422668457,32.76373291015625,46.04523468017578
2019-05-17 04:00:00,55.32501220703125,88.704345703125,48.50047302246094,32.07327651977539,45.197139739990234
2019-05-20 04:00:00,55.31772232055664,88.93985748291016,48.77383041381836,32.15546417236328,45.79680252075195
2019-05-21 04:00:00,55.57279968261719,89.30789184570312,49.68759536743164,32.46781539916992,45.839630126953125
2019-05-22 04:00:00,55.06993865966797,88.74114227294922,49.24242401123047,31.514331817626953,45.21426773071289
2019-05-23 04:00:00,53.7799072265625,86.75392150878906,46.4698486328125,30.81566619873047,45.32564163208008
2019-05-24 04:00:00,54.00584411621094,87.37216186523438,46.76664733886719,30.41289520263672,45.80537033081055
2019-05-28 04:00:00,52.91989517211914,87.07776641845703,46.89940643310547,30.00189971923828,44.78594970703125
2019-05-29 04:00:00,52.591922760009766,85.94428253173828,46.969696044921875,29.738880157470703,44.546085357666016
2019-05-30 04:00:00,52.45344161987305,84.92124938964844,46.04030990600586,28.916913986206055,44.46898651123047
2019-05-31 04:00:00,51.578861236572266,83.7951431274414,46.04811096191406,28.514141082763672,42.63573455810547
2019-06-03 04:00:00,52.38784408569336,85.3702163696289,46.40736389160156,29.171722412109375,42.250244140625
2019-06-04 04:00:00,53.63414764404297,86.33438873291016,46.15745544433594,29.788671493530273,42.56721115112305
2019-06-05 04:00:00,53.18956756591797,86.59198760986328,44.5798225402832,29.130029678344727,40.631168365478516
2019-06-06 04:00:00,54.15888214111328,88.82211303710938,45.45454788208008,29.221736907958984,42.01038360595703
2019-06-07 04:00:00,54.35567855834961,89.41093444824219,46.04811096191406,29.680282592773438,41.644775390625
2019-06-10 04:00:00,54.596187591552734,90.00709533691406,46.28240966796875,29.571901321411133,41.69700241088867
2019-06-11 04:00:00,54.545166015625,89.1827392578125,45.86848831176758,30.589040756225586,42.698081970214844
2019-06-12 04:00:00,53.9548225402832,88.46147918701172,45.72789001464844,29.663619995117188,42.47174835205078
2019-06-13 04:00:00,54.428558349609375,88.99139404296875,46.126220703125,30.672407150268555,43.290016174316406
2019-06-14 04:00:00,54.18804931640625,88.91777801513672,45.93877410888672,29.955406188964844,42.92440414428711
2019-06-17 04:00:00,54.72739028930664,89.34465789794922,46.087158203125,30.56402587890625,43.359657287597656
2019-06-18 04:00:00,55.20111083984375,90.4781494140625,46.72758483886719,30.78913688659668,43.8297233581543
2019-06-19 04:00:00,54.894996643066406,90.44869995117188,46.58700180053711,30.43895721435547,43.78620147705078
2019-06-20 04:00:00,55.8351936340332,91.47174835205078,47.40707015991211,31.889636993408203,44.65671157836914
2019-06-21 04:00:00,56.62232208251953,91.9501724243164,47.11808395385742,32.41487503051758,44.05605697631836
2019-06-24 04:00:00,56.082984924316406,91.93545532226562,47.26647186279297,32.22312927246094,43.42929458618164
2019-06-25 04:00:00,55.58738708496094,91.00069427490234,46.68073272705078,32.16477584838867,42.9853515625
2019-06-26 04:00:00,55.82788848876953,91.21414947509766,49.00812530517578,32.53160095214844,43.89066696166992
2019-06-27 04:00:00,55.259429931640625,90.6106185913086,47.85224151611328,32.606624603271484,43.30742263793945
2019-06-28 04:00:00,55.849761962890625,91.58951568603516,47.64137268066406,33.131874084472656,43.768802642822266
2019-07-01 04:00:00,55.798744201660156,91.88392639160156,48.61763000488281,32.78171157836914,43.33354949951172
2019-07-02 04:00:00,55.18653869628906,90.4781494140625,46.93844985961914,32.66498947143555,42.46304702758789
2019-07-03 04:00:00,55.71128463745117,90.78726959228516,47.250858306884766,32.92344284057617,42.80253219604492
2019-07-05 04:00:00,55.485355377197266,90.9271011352539,46.78227233886719,32.990142822265625,42.89828872680664
2019-07-08 04:00:00,55.74045181274414,90.97126770019531,46.77445602416992,33.25693130493164,42.91570281982422
2019-07-09 04:00:00,55.704010009765625,90.78726959228516,46.77445602416992,33.515380859375,43.1855583190918
2019-07-10 04:00:00,56.491127014160156,92.32554626464844,47.80537414550781,33.86554718017578,43.733970642089844
2019-07-11 04:00:00,56.53485107421875,92.31816864013672,48.00062561035156,34.15734100341797,43.9080696105957
2019-07-12 04:00:00,56.57857894897461,92.72298431396484,48.234928131103516,34.02395248413086,45.02231979370117
2019-07-15 04:00:00,56.177730560302734,92.5316162109375,47.368003845214844,33.7404899597168,44.9439697265625
2019-07-16 04:00:00,55.339595794677734,91.82504272460938,46.66510772705078,33.40700149536133,44.48259353637695
2019-07-17 04:00:00,55.01162338256836,91.36873626708984,46.68854904174805,32.206451416015625,44.55224609375
2019-07-18 04:00:00,54.545166015625,91.76616668701172,47.11028289794922,32.331504821777344,44.40425491333008
2019-07-19 04:00:00,54.654483795166016,92.0311050415039,47.3575439453125,32.27314376831055,45.55331802368164
2019-07-22 04:00:00,54.712806701660156,92.2298583984375,47.44389343261719,32.92344284057617,45.71000671386719
2019-07-23 04:00:00,54.931453704833984,92.6052017211914,47.31829833984375,33.14020919799805,45.09196853637695
2019-07-24 04:00:00,54.92414855957031,93.1351547241211,47.16129684448242,33.62377166748047,45.3095817565918
2019-07-25 04:00:00,54.61075973510742,92.46536254882812,46.34492111206055,33.30695343017578,44.517425537109375
2019-07-26 04:00:00,54.5233268737793,91.05957794189453,46.11729049682617,33.35697555541992,44.90914535522461
2019-07-29 04:00:00,54.909576416015625,91.43497467041016,45.67768859863281,32.69001388549805,44.31721115112305
2019-07-30 04:00:00,54.9168701171875,91.51591491699219,46.71387481689453,32.97346496582031,45.67518997192383
2019-07-31 04:00:00,54.195343017578125,90.6106185913086,46.37633514404297,33.32362365722656,44.70893096923828
2019-08-01 04:00:00,52.81056213378906,88.86626434326172,46.15653991699219,32.10639953613281,46.28453826904297
2019-08-02 04:00:00,52.29310989379883,88.8589096069336,44.327545166015625,31.197649002075195,44.55224609375
2019-08-05 04:00:00,51.22173309326172,87.39422607421875,42.92243957519531,30.00543212890625,43.02014923095703
2019-08-06 04:00:00,51.71733474731445,87.86529541015625,42.56919479370117,29.563568115234375,41.418434143066406
2019-08-07 04:00:00,51.382076263427734,87.65924072265625,41.85487365722656,28.96329116821289,40.043052673339844
2019-08-08 04:00:00,52.75225830078125,90.69893646240234,43.22857666015625,29.355134963989258,41.026729583740234
2019-08-09 04:00:00,51.62987518310547,90.10279083251953,42.39650344848633,28.788211822509766,41.026729583740234
2019-08-12 04:00:00,51.378990173339844,89.46244049072266,41.6978874206543,28.57145118713379,39.16383743286133
2019-08-13 04:00:00,52.013572692871094,90.0806884765625,42.28661346435547,28.871585845947266,38.963623046875
2019-08-14 04:00:00,49.917972564697266,86.6582260131836,40.645999908447266,26.962373733520508,38.0408935546875
2019-08-15 04:00:00,49.622825622558594,86.0767822265625,39.96308135986328,26.387107849121094,38.26723098754883
2019-08-16 04:00:00,50.397605895996094,86.11394500732422,40.40266799926758,27.27918815612793,38.798240661621094
2019-08-19 04:00:00,51.246177673339844,87.22933197021484,42.341556549072266,28.429710388183594,39.677452087402344
2019-08-20 04:00:00,50.93626022338867,86.35187530517578,41.376033782958984,28.26297378540039,39.39888000488281
2019-08-21 04:00:00,51.44540786743164,87.6531753540039,41.3132438659668,28.087890625,39.22478103637695
2019-08-22 04:00:00,51.334716796875,87.54161834716797,41.022796630859375,28.104564666748047,38.91141128540039
2019-08-23 04:00:00,49.79991149902344,85.64551544189453,39.57844924926758,26.70392417907715,36.88314437866211
2019-08-26 04:00:00,50.06555938720703,86.06190490722656,40.32417297363281,26.337087631225586,36.674217224121094
2019-08-27 04:00:00,49.57855224609375,86.12882995605469,40.018028259277344,26.05362319946289,36.86572265625
2019-08-28 04:00:00,49.94010543823242,86.8724136352539,40.779457092285156,26.36210060119629,37.52730941772461
2019-08-29 04:00:00,50.4935302734375,87.38545989990234,41.046348571777344,26.895675659179688,37.75363540649414
2019-08-30 04:00:00,50.530426025390625,87.5342025756836,40.96000671386719,27.037410736083984,37.8493766784668
2019-09-03 04:00:00,50.58946228027344,86.45601654052734,40.8501091003418,26.859590530395508,37.15298080444336
2019-09-04 04:00:00,51.12810516357422,87.18470764160156,41.83917236328125,27.926517486572266,37.93644714355469
2019-09-05 04:00:00,51.85124206542969,87.47469329833984,41.949066162109375,28.841028213500977,39.250892639160156
2019-09-06 04:00:00,52.3382453918457,87.93573760986328,42.09821319580078,28.95958137512207,39.57297897338867
2019-09-09 04:00:00,52.7514533996582,88.77598571777344,43.15007781982422,30.678518295288086,39.8387565612793
2019-09-10 04:00:00,53.17942428588867,90.60518646240234,44.209800720214844,31.720046997070312,41.13216018676758
2019-09-11 04:00:00,53.07612991333008,90.18135070800781,44.90057373046875,31.60149574279785,41.00813293457031
2019-09-12 04:00:00,53.1130256652832,90.28543853759766,44.23334884643555,31.245866775512695,40.21969985961914
2019-09-13 04:00:00,53.60002517700195,90.34494018554688,45.01047134399414,31.609968185424805,39.94505310058594
2019-09-16 04:00:00,54.40433120727539,92.29310607910156,49.08448791503906,33.28657150268555,42.345821380615234
2019-09-17 04:00:00,53.991111755371094,92.12206268310547,48.056182861328125,32.32125473022461,39.998207092285156
2019-09-18 04:00:00,53.732845306396484,92.33773040771484,47.10635757446289,32.202720642089844,39.528682708740234
2019-09-19 04:00:00,53.37128448486328,91.9510726928711,47.07495880126953,31.974090576171875,40.565189361572266
2019-09-20 04:00:00,53.18682861328125,92.44181823730469,47.74217224121094,31.584566116333008,40.48545837402344
2019-09-23 04:00:00,53.22370910644531,92.87309265136719,47.23980712890625,31.609968185424805,40.308265686035156
2019-09-24 04:00:00,52.49319839477539,92.01053619384766,46.54901885986328,30.111188888549805,40.28170394897461
2019-09-25 04:00:00,52.64814758300781,91.83953857421875,46.6903076171875,29.84022331237793,40.157676696777344
2019-09-26 04:00:00,52.36775588989258,89.34854125976562,45.27736282348633,29.247482299804688,40.175392150878906
2019-09-27 04:00:00,52.74408721923828,88.18853759765625,45.45006561279297,29.06966209411621,39.98935317993164
2019-09-30 04:00:00,52.102115631103516,88.18853759765625,44.72789001464844,28.934173583984375,39.39580154418945
2019-10-01 04:00:00,50.87724304199219,86.2626724243164,43.29137420654297,27.689422607421875,38.775672912597656
2019-10-02 04:00:00,49.549041748046875,83.4965591430664,41.658626556396484,26.893451690673828,38.04037094116211
2019-10-03 04:00:00,50.161476135253906,84.13603210449219,42.121761322021484,27.139026641845703,38.27070999145508
2019-10-04 04:00:00,50.89198303222656,84.65657043457031,41.99616622924805,26.995065689086914,38.15555191040039
2019-10-07 04:00:00,50.191001892089844,84.21781921386719,42.8596305847168,26.927326202392578,37.36709213256836
2019-10-08 04:00:00,49.21698760986328,83.06529235839844,42.31014633178711,26.004348754882812,36.171142578125
2019-10-09 04:00:00,49.763023376464844,84.12860107421875,43.12652587890625,26.165237426757812,36.18000793457031
2019-10-10 04:00:00,50.36072540283203,85.206787109375,43.86441421508789,26.309185028076172,36.348323822021484
2019-10-11 04:00:00,50.89937210083008,86.36678314208984,44.2961540222168,27.503129959106445,36.428043365478516
2019-10-14 04:00:00,51.04694747924805,86.38908386230469,44.0606575012207,27.5793399810791,35.887657165527344
2019-10-15 04:00:00,51.224029541015625,86.48575592041016,43.91935729980469,27.782567977905273,36.14455795288086
2019-10-16 04:00:00,50.3459587097168,85.59344482421875,43.19171905517578,27.05434226989746,35.73705291748047
2019-10-17 04:00:00,50.27954864501953,85.77189636230469,43.128448486328125,27.003538131713867,35.728187561035156
2019-10-18 04:00:00,49.88845443725586,85.31831359863281,42.66972351074219,27.359180450439453,35.834510803222656
2019-10-21 04:00:00,50.72227096557617,86.70882415771484,44.25946044921875,28.443050384521484,36.16227340698242
2019-10-22 04:00:00,50.98053741455078,87.59367370605469,44.71819305419922,29.484580993652344,37.40253829956055
2019-10-23 04:00:00,51.4675407409668,87.72753143310547,44.48881912231445,29.91643524169922,38.022666931152344
2019-10-24 04:00:00,50.98053741455078,87.43009185791016,44.417633056640625,29.730140686035156,37.46455383300781
2019-10-25 04:00:00,51.098594665527344,88.24058532714844,44.567909240722656,29.713205337524414,37.677162170410156
2019-10-28 04:00:00,50.648494720458984,88.09931945800781,44.03799819946289,29.653926849365234,37.4556884765625
2019-10-29 04:00:00,50.500911712646484,87.83905792236328,45.15318298339844,29.45917320251465,37.49997329711914
2019-10-30 04:00:00,49.969635009765625,86.52294158935547,43.53181076049805,28.02812385559082,36.640663146972656
2019-10-31 04:00:00,49.85894775390625,86.35934448242188,43.658363342285156,27.680957794189453,35.878787994384766
2019-11-01 04:00:00,51.35684585571289,86.41139221191406,45.20063400268555,29.162805557250977,37.46455383300781
2019-11-04 05:00:00,52.884273529052734,90.39697265625,45.87290573120117,30.68699073791504,39.18318557739258
2019-11-05 05:00:00,53.93208694458008,90.67210388183594,46.27627182006836,31.09343719482422,37.127906799316406
2019-11-06 05:00:00,52.7514533996582,89.15522003173828,45.58028030395508,30.111188888549805,35.090335845947266
2019-11-07 05:00:00,53.87305450439453,90.63492584228516,47.090919494628906,30.551504135131836,34.5765380859375
2019-11-08 05:00:00,52.8499641418457,89.92107391357422,46.79035568237305,30.77167320251465,35.52443313598633
2019-11-11 05:00:00,52.52883529663086,89.83186340332031,46.59264373779297,30.83094596862793,34.443641662597656
2019-11-12 05:00:00,51.80446243286133,89.94338989257812,46.0548210144043,30.66158676147461,34.05384826660156
2019-11-13 05:00:00,51.378787994384766,90.9249267578125,45.524898529052734,29.662397384643555,33.770355224609375
2019-11-14 05:00:00,51.154747009277344,90.68695068359375,45.279720306396484,29.391427993774414,33.45144271850586
2019-11-15 05:00:00,51.6700325012207,90.58936309814453,46.07064437866211,29.94182777404785,34.50565719604492
2019-11-18 05:00:00,51.169677734375,89.01996612548828,44.8447265625,29.37449836730957,34.815711975097656
2019-11-19 05:00:00,50.646934509277344,87.44305419921875,45.21644973754883,29.05272674560547,33.78807830810547
2019-11-20 05:00:00,50.80375289916992,88.1113510131836,46.94855499267578,30.602323532104492,34.089298248291016
2019-11-21 05:00:00,52.02848815917969,89.18517303466797,47.620819091796875,31.008771896362305,34.656253814697266
2019-11-22 05:00:00,51.80446243286133,89.08002471923828,47.375648498535156,31.00029754638672,35.063777923583984
2019-11-25 05:00:00,51.460941314697266,88.8923110961914,48.28520202636719,31.398279190063477,35.373836517333984
2019-11-26 05:00:00,51.33397674560547,88.44927215576172,47.54174041748047,30.814010620117188,34.16901779174805
2019-11-27 05:00:00,51.30410385131836,88.65953063964844,47.72365188598633,31.13578224182129,34.32847595214844
2019-11-29 05:00:00,50.878440856933594,87.95366668701172,47.407283782958984,30.653120040893555,34.16901779174805
2019-12-02 05:00:00,51.095008850097656,87.70588684082031,47.74736404418945,30.788597106933594,34.266456604003906
2019-12-03 05:00:00,50.69175338745117,87.02253723144531,46.57682418823242,30.041643142700195,33.68177032470703
2019-12-04 05:00:00,51.26677322387695,87.81102752685547,47.953006744384766,31.071931838989258,34.062705993652344
2019-12-05 05:00:00,51.0875358581543,87.35294342041016,47.32818603515625,30.78002166748047,33.646331787109375
2019-12-06 05:00:00,51.90900802612305,88.6144790649414,49.01283645629883,31.67294692993164,34.558799743652344
2019-12-09 05:00:00,52.021026611328125,88.08132934570312,48.902099609375,31.904754638671875,33.763099670410156
2019-12-10 05:00:00,51.57295227050781,88.52435302734375,48.84673309326172,32.05930709838867,33.9710693359375
2019-12-11 05:00:00,51.498260498046875,87.2778549194336,48.78346633911133,32.96940231323242,33.94395446777344
2019-12-12 05:00:00,52.52883529663086,89.2151870727539,49.503204345703125,33.544647216796875,34.58594512939453
2019-12-13 05:00:00,51.69990921020508,88.57693481445312,49.59019470214844,33.48454284667969,34.09766387939453
2019-12-16 05:00:00,52.27492141723633,89.6281967163086,49.68510818481445,33.82797622680664,34.64922332763672
2019-12-17 05:00:00,52.03594970703125,89.0574951171875,50.23875045776367,33.879486083984375,34.64922332763672
2019-12-18 05:00:00,52.17786407470703,89.01996612548828,49.98566436767578,34.0168571472168,34.9656982421875
2019-12-19 05:00:00,51.81938552856445,88.7045669555664,49.977745056152344,34.008270263671875,34.992828369140625
2019-12-20 05:00:00,52.23012161254883,89.86849212646484,50.39692306518555,33.85373306274414,35.273136138916016
2019-12-23 05:00:00,52.49148941040039,90.35655975341797,51.092926025390625,35.021385192871094,35.90607452392578
2019-12-24 05:00:00,52.28985595703125,90.36407470703125,51.14830017089844,34.90119171142578,36.06884002685547
2019-12-26 05:00:00,52.37200927734375,90.55931854248047,51.409297943115234,34.40321731567383,36.303924560546875
2019-12-27 05:00:00,52.192771911621094,90.33405303955078,51.393497467041016,34.34312438964844,36.3129768371582
2019-12-30 05:00:00,51.8865966796875,89.99612426757812,51.10083770751953,34.68655014038086,36.801246643066406
2019-12-31 05:00:00,52.11063766479492,90.49173736572266,51.43301010131836,34.51483154296875,37.262386322021484
2020-01-02 05:00:00,52.94703674316406,91.18257904052734,51.77312469482422,34.48907470703125,38.50115966796875
2020-01-03 05:00:00,52.5213623046875,90.8671875,51.962928771972656,34.82392120361328,39.4324836730957
2020-01-06 05:00:00,52.92463684082031,90.55931854248047,52.57986068725586,35.047149658203125,40.73455047607422
2020-01-07 05:00:00,52.49148941040039,89.4029312133789,52.57986068725586,34.866844177246094,40.933475494384766
2020-01-08 05:00:00,51.69990921020508,88.38167572021484,51.36183547973633,33.8365592956543,40.671241760253906
2020-01-09 05:00:00,52.09569549560547,88.23902130126953,52.25556945800781,34.22291564941406,41.02389144897461
2020-01-10 05:00:00,51.6326904296875,87.43555450439453,51.74147033691406,34.1971549987793,41.50312042236328
2020-01-13 05:00:00,52.12556838989258,87.60074615478516,51.51211166381836,33.68202209472656,42.10893249511719
2020-01-14 05:00:00,51.677490234375,87.33041381835938,51.52003479003906,33.9395866394043,42.714759826660156
2020-01-15 05:00:00,51.59535217285156,87.2027587890625,51.409297943115234,32.90929412841797,42.732852935791016
2020-01-16 05:00:00,51.39372634887695,87.7734603881836,51.464664459228516,33.2956428527832,42.19936752319336
2020-01-17 05:00:00,51.19956970214844,86.7897720336914,51.464664459228516,32.943634033203125,41.4398307800293
2020-01-21 05:00:00,50.46771240234375,85.08521270751953,50.642112731933594,31.724456787109375,40.0744743347168
2020-01-22 05:00:00,50.17646789550781,84.77734375,49.83538055419922,31.492645263671875,39.14314651489258
2020-01-23 05:00:00,49.8628044128418,84.9275131225586,49.938201904296875,31.278003692626953,38.4468994140625
2020-01-24 05:00:00,49.52676773071289,83.98888397216797,49.52692413330078,30.711339950561523,38.17564010620117
2020-01-27 05:00:00,48.346839904785156,82.8925552368164,48.27729034423828,29.157312393188477,37.289527893066406
2020-01-28 05:00:00,48.279624938964844,83.44072723388672,48.38800811767578,29.157312393188477,37.25334548950195
2020-01-29 05:00:00,47.87636947631836,82.87754821777344,47.84228515625,28.9598388671875,36.59327697753906
2020-01-30 05:00:00,48.38418197631836,83.65097045898438,48.158653259277344,29.225994110107422,36.7017707824707
2020-01-31 05:00:00,46.39026641845703,80.45211791992188,47.00392150878906,28.77094268798828,35.91511917114258
2020-02-03 05:00:00,45.352230072021484,79.80632781982422,46.806182861328125,28.728015899658203,36.24063491821289
2020-02-04 05:00:00,44.78467559814453,80.2343521118164,44.67863464355469,29.251752853393555,36.620399475097656
2020-02-05 05:00:00,46.84581756591797,82.80995178222656,46.48982620239258,30.110326766967773,38.085208892822266
2020-02-06 05:00:00,46.21103286743164,82.21672821044922,46.19718551635742,29.629520416259766,38.085208892822266
2020-02-07 05:00:00,45.90486145019531,81.8037338256836,45.86499786376953,29.552249908447266,37.877254486083984
2020-02-10 05:00:00,45.42005157470703,82.4420166015625,45.77009963989258,29.49215316772461,36.620399475097656
2020-02-11 05:00:00,45.85182189941406,83.50830078125,46.4344596862793,29.875507354736328,37.2262077331543
2020-02-12 05:00:00,46.41238021850586,84.13156127929688,47.26491928100586,30.537668228149414,38.41977310180664
2020-02-13 05:00:00,46.15483093261719,83.8462142944336,46.85072708129883,30.20658302307129,38.012874603271484
2020-02-14 05:00:00,45.94272994995117,83.62592315673828,46.69144058227539,29.988767623901367,37.61503601074219
2020-02-18 05:00:00,45.35944366455078,83.74745178222656,46.43654251098633,29.317909240722656,37.578857421875
2020-02-19 05:00:00,45.70790100097656,84.12730407714844,47.20119857788086,29.875507354736328,38.4378662109375
2020-02-20 05:00:00,45.34429168701172,83.42078399658203,46.898521423339844,29.474729537963867,38.85379409790039
2020-02-21 05:00:00,44.791324615478516,82.81303405761719,46.54805374145508,29.091365814208984,38.085208892822266
2020-02-24 05:00:00,42.69303512573242,79.54641723632812,44.907249450683594,26.948076248168945,35.69810104370117
2020-02-25 05:00:00,41.05681610107422,76.50767517089844,42.87614822387695,25.562774658203125,32.72325897216797
2020-02-26 05:00:00,40.1553840637207,74.47932434082031,40.757423400878906,24.726360321044922,30.94198226928711
2020-02-27 05:00:00,37.73893737792969,71.50896453857422,37.53951644897461,23.384618759155273,28.762836456298828
2020-02-28 05:00:00,38.96609878540039,70.9088134765625,38.56703567504883,23.602432250976562,29.6037540435791
2020-03-02 05:00:00,40.814414978027344,73.37777709960938,39.212196350097656,24.21231460571289,29.79363250732422
2020-03-03 05:00:00,38.860042572021484,71.70648193359375,38.328067779541016,23.35848045349121,29.829805374145508
2020-03-04 05:00:00,39.70845031738281,74.85155487060547,39.37150192260742,23.593721389770508,29.77555274963379
2020-03-05 05:00:00,37.958621978759766,73.83357238769531,37.99353790283203,22.504648208618164,28.46445083618164
2020-03-06 05:00:00,36.125450134277344,72.41300964355469,36.10581970214844,20.779552459716797,24.287015914916992
2020-03-09 04:00:00,31.709199905395508,61.28361511230469,27.13710594177246,15.081512451171875,11.654412269592285
2020-03-10 04:00:00,32.88331985473633,64.55786895751953,27.782272338867188,15.84821891784668,13.359254837036133
2020-03-11 04:00:00,31.800090789794922,63.076480865478516,25.934375762939453,15.142502784729004,10.992969512939453
2020-03-12 04:00:00,28.164073944091797,57.933433532714844,22.461591720581055,12.563570022583008,11.076817512512207
2020-03-13 04:00:00,28.876115798950195,63.37273025512695,24.994487762451172,14.079561233520508,13.2847261428833
2020-03-16 04:00:00,26.126379013061523,52.94989776611328,20.772987365722656,12.554859161376953,11.197924613952637
2020-03-17 04:00:00,27.883787155151367,53.70198440551758,20.90839195251465,12.197639465332031,10.564428329467773
2020-03-18 04:00:00,25.088592529296875,41.82054138183594,18.056882858276367,10.49868106842041,9.809826850891113
2020-03-19 04:00:00,26.08092498779297,43.59821319580078,20.38269805908203,12.084378242492676,10.089309692382812
2020-03-20 04:00:00,24.800743103027344,45.117576599121094,21.378334045410156,12.441593170166016,9.530345916748047
2020-03-23 04:00:00,23.823556900024414,41.19001388549805,19.554325103759766,11.178264617919922,9.027275085449219
2020-03-24 04:00:00,26.846004486083984,50.556915283203125,24.48472023010254,12.763957977294922,9.986835479736328
2020-03-25 04:00:00,28.247390747070312,52.62322998046875,24.644027709960938,12.72039794921875,11.179288864135742
2020-03-26 04:00:00,29.40637969970703,58.02459716796875,25.560012817382812,13.521957397460938,11.952526092529297
2020-03-27 04:00:00,27.989845275878906,52.251007080078125,23.29791831970215,11.98853874206543,10.815966606140137
2020-03-30 04:00:00,28.406461715698242,54.659183502197266,23.32978630065918,11.570332527160645,10.256999969482422
2020-03-31 04:00:00,28.762502670288086,55.0466423034668,24.532514572143555,11.75329875946045,10.788015365600586
2020-04-01 04:00:00,28.42919158935547,52.083866119384766,23.592636108398438,10.96916675567627,10.005464553833008
2020-04-02 04:00:00,30.603233337402344,57.82708740234375,26.969831466674805,12.09308910369873,11.896628379821777
2020-04-03 04:00:00,29.701807022094727,57.059783935546875,26.21315574645996,12.450304985046387,12.110898971557617
2020-04-06 04:00:00,30.656267166137695,61.07090759277344,26.12553596496582,13.652647018432617,12.520805358886719
2020-04-07 04:00:00,31.239540100097656,61.473533630371094,26.499895095825195,14.349652290344238,12.893450736999512
2020-04-08 04:00:00,33.21662521362305,65.31755828857422,28.41948127746582,15.055373191833496,14.495814323425293
2020-04-09 04:00:00,32.67123031616211,64.04886627197266,27.662796020507812,14.349652290344238,14.309494972229004
2020-04-13 04:00:00,32.39094161987305,64.50469970703125,27.32029914855957,13.89659595489502,14.28154468536377
2020-04-14 04:00:00,32.14097213745117,64.27677154541016,27.145071029663086,13.539381980895996,13.880953788757324
2020-04-15 04:00:00,30.66383934020996,62.66623306274414,25.647634506225586,12.833662986755371,12.679179191589355
2020-04-16 04:00:00,29.656347274780273,60.767059326171875,24.74757194519043,12.241204261779785,11.365612983703613
2020-04-17 04:00:00,32.73939895629883,66.2215805053711,28.084945678710938,13.31285285949707,12.697811126708984
2020-04-20 04:00:00,31.194082260131836,63.48671340942383,27.53536033630371,13.251864433288574,11.728938102722168
2020-04-21 04:00:00,31.027437210083008,62.02052688598633,26.436174392700195,12.798808097839355,11.496039390563965
2020-04-22 04:00:00,31.913713455200195,64.14762878417969,27.861934661865234,13.365130424499512,12.129531860351562
2020-04-23 04:00:00,32.91362762451172,65.94048309326172,28.817747116088867,14.39321517944336,12.921401023864746
2020-04-24 04:00:00,33.125732421875,66.10003662109375,28.746047973632812,14.036001205444336,12.865501403808594
2020-04-27 04:00:00,33.28480529785156,68.15116119384766,29.590349197387695,13.983720779418945,13.182250022888184
2020-04-28 04:00:00,34.06503677368164,68.3031005859375,30.649709701538086,14.070850372314453,14.132489204406738
2020-04-29 04:00:00,35.95123291015625,71.8812026977539,33.62069320678711,15.856937408447266,15.632378578186035
2020-04-30 04:00:00,35.201297760009766,69.89083099365234,33.53308868408203,14.654593467712402,15.464686393737793
2020-05-01 04:00:00,32.678802490234375,67.94602966308594,31.175405502319336,13.722345352172852,14.197699546813965
2020-05-04 04:00:00,33.996856689453125,69.46540069580078,32.14716720581055,14.140552520751953,14.458549499511719
2020-05-05 04:00:00,33.958988189697266,70.56695556640625,32.593196868896484,14.157976150512695,14.27223014831543
2020-05-06 04:00:00,33.32268524169922,68.40946197509766,32.250701904296875,13.783333778381348,12.48354434967041
2020-05-07 04:00:00,33.51205825805664,70.3770523071289,33.7879638671875,14.576181411743164,12.930717468261719
2020-05-08 04:00:00,34.98162078857422,72.52693176269531,34.656803131103516,15.726241111755371,13.992745399475098
2020-05-11 04:00:00,34.6483154296875,70.93159484863281,34.00516891479492,15.125073432922363,14.002062797546387
2020-05-12 04:00:00,34.06916809082031,69.20712280273438,33.45008850097656,14.881125450134277,13.582839965820312
2020-05-13 04:00:00,32.37807083129883,67.3838882446289,32.090511322021484,13.809470176696777,12.520805358886719
2020-05-14 04:00:00,32.663780212402344,68.40946197509766,32.12269592285156,14.0272855758667,12.818922996520996
2020-05-15 04:00:00,32.43212127685547,67.73334503173828,32.87890625,13.89659595489502,12.874817848205566
2020-05-18 04:00:00,35.01126480102539,71.34083557128906,35.07511901855469,15.63911247253418,14.039328575134277
2020-05-19 04:00:00,33.93017578125,69.0822982788086,34.32696533203125,14.907261848449707,13.387203216552734
2020-05-20 04:00:00,35.03440856933594,71.687744140625,35.51758575439453,15.865649223327637,13.964799880981445
2020-05-21 04:00:00,34.408935546875,70.94770812988281,35.17166519165039,15.49971866607666,13.275409698486328
2020-05-22 04:00:00,34.43982696533203,69.59105682373047,34.81768798828125,15.316750526428223,13.163616180419922
2020-05-26 04:00:00,35.451393127441406,71.9189682006836,35.131439208984375,16.031187057495117,13.415149688720703
2020-05-27 04:00:00,35.70621871948242,72.38147735595703,35.93590545654297,16.597497940063477,13.433780670166016
2020-05-28 04:00:00,34.779598236083984,70.04584503173828,34.60047912597656,16.370981216430664,12.70712947845459
2020-05-29 04:00:00,35.111629486083984,70.68563079833984,33.932777404785156,16.092174530029297,12.064319610595703
2020-06-01 04:00:00,35.737117767333984,71.52584838867188,34.90618133544922,16.057323455810547,12.865501403808594
2020-06-02 04:00:00,36.532470703125,72.99044036865234,35.55780792236328,16.54417610168457,13.7412109375
2020-06-03 04:00:00,38.02280807495117,74.9098129272461,36.297935485839844,17.202077865600586,14.39333724975586
2020-06-04 04:00:00,37.91469192504883,74.21604919433594,35.96809005737305,17.833675384521484,14.48649787902832
2020-06-05 04:00:00,40.988033294677734,77.70795440673828,39.0894660949707,19.289838790893555,19.368122100830078
2020-06-08 04:00:00,42.269866943359375,79.5810775756836,40.47314453125,20.74600601196289,22.731225967407227
2020-06-09 04:00:00,41.327789306640625,78.2629623413086,39.12163543701172,19.745986938476562,21.594661712646484
2020-06-10 04:00:00,39.11159133911133,75.2181625366211,36.93346405029297,18.386314392089844,19.34017562866211
2020-06-11 04:00:00,35.659889221191406,68.88958740234375,33.884498596191406,16.237152099609375,16.219289779663086
2020-06-12 04:00:00,36.424354553222656,71.2175064086914,35.17970275878906,16.666982650756836,17.244647979736328
2020-06-15 04:00:00,36.40120315551758,70.32333374023438,34.874000549316406,16.947694778442383,17.757328033447266
2020-06-16 04:00:00,37.2197151184082,72.481689453125,36.289878845214844,17.14945411682129,18.91318702697754
2020-06-17 04:00:00,36.00737380981445,70.56230163574219,35.41300582885742,17.395065307617188,17.748001098632812
2020-06-18 04:00:00,36.2313117980957,70.87065124511719,35.75893020629883,17.702091217041016,18.335250854492188
2020-06-19 04:00:00,35.50544357299805,69.86084747314453,35.15557098388672,17.289798736572266,18.372535705566406
2020-06-22 04:00:00,35.84521484375,70.60084533691406,35.04295349121094,17.386295318603516,18.558971405029297
2020-06-23 04:00:00,36.061431884765625,70.48522186279297,35.24406433105469,17.166996002197266,18.44711685180664
2020-06-24 04:00:00,34.36260986328125,67.5560302734375,32.9754524230957,15.666961669921875,16.778573989868164
2020-06-25 04:00:00,34.87997055053711,68.76625061035156,33.836238861083984,16.158199310302734,17.28193473815918
2020-06-26 04:00:00,33.683067321777344,66.64645385742188,32.46057891845703,15.298537254333496,16.48961639404297
2020-06-29 04:00:00,34.22361373901367,67.57916259765625,33.224822998046875,15.798544883728027,16.648073196411133
2020-06-30 04:00:00,34.5324821472168,68.78165435791016,33.80405044555664,16.131885528564453,17.05821990966797
2020-07-01 04:00:00,33.7525749206543,67.5406265258789,32.774330139160156,15.544153213500977,16.22861099243164
2020-07-02 04:00:00,34.03828430175781,68.07249450683594,33.61098098754883,15.77222728729248,16.57350730895996
2020-07-06 04:00:00,34.27766418457031,68.27291870117188,33.49032211303711,16.44767951965332,16.946367263793945
2020-07-07 04:00:00,33.3896484375,66.53081512451172,32.69387435913086,15.94766902923584,15.98625659942627
2020-07-08 04:00:00,33.31241989135742,66.5616683959961,33.01566696166992,15.851180076599121,16.10742950439453
2020-07-09 04:00:00,31.937917709350586,63.778961181640625,30.85161590576172,15.02659797668457,15.175291061401367
2020-07-10 04:00:00,32.93404769897461,65.69833374023438,31.929628372192383,15.605563163757324,15.57611083984375
2020-07-13 04:00:00,32.9417724609375,65.82936096191406,31.905492782592773,15.245903968811035,15.063433647155762
2020-07-14 04:00:00,34.03056335449219,68.10333251953125,33.23288345336914,16.131885528564453,15.548150062561035
2020-07-15 04:00:00,34.462989807128906,68.51959228515625,33.48225402832031,16.579261779785156,16.014219284057617
2020-07-16 04:00:00,34.19272994995117,68.11104583740234,33.4581298828125,16.50908851623535,15.855755805969238
2020-07-17 04:00:00,33.60585403442383,67.20915985107422,32.47478485107422,16.333642959594727,15.175291061401367
2020-07-20 04:00:00,32.81821823120117,65.72915649414062,31.962787628173828,16.175743103027344,14.625324249267578
2020-07-21 04:00:00,34.47843933105469,70.4466781616211,33.856346130371094,17.15821647644043,16.22861099243164
2020-07-22 04:00:00,33.675350189208984,70.17688751220703,33.23057556152344,16.816110610961914,15.799826622009277
2020-07-23 04:00:00,33.744850158691406,70.15377044677734,32.88113021850586,16.930143356323242,15.678648948669434
2020-07-24 04:00:00,33.53635787963867,69.47541809082031,32.734832763671875,17.08804702758789,15.60407543182373
2020-07-27 04:00:00,34.03056335449219,70.17688751220703,32.32038497924805,17.263484954833984,15.566788673400879
2020-07-28 04:00:00,33.6290283203125,68.68917083740234,31.66209602355957,16.798568725585938,15.240541458129883
2020-07-29 04:00:00,33.999671936035156,69.4291763305664,32.458526611328125,17.0441837310791,15.87440013885498
2020-07-30 04:00:00,32.33173751831055,66.50000762939453,30.589359283447266,16.175743103027344,14.699898719787598
2020-07-31 04:00:00,32.493896484375,64.70396423339844,30.386188507080078,15.91258430480957,14.671932220458984
2020-08-03 04:00:00,32.62516784667969,65.37458801269531,29.833566665649414,16.42136001586914,14.215182304382324
2020-08-04 04:00:00,33.56724166870117,66.66957092285156,30.589359283447266,16.868741989135742,14.671932220458984
2020-08-05 04:00:00,33.86067581176758,67.21688079833984,30.89818572998047,17.1055908203125,14.858360290527344
2020-08-06 04:00:00,33.698524475097656,67.42499542236328,30.92255401611328,16.947694778442383,14.401609420776367
2020-08-07 04:00:00,33.5440788269043,66.90855407714844,31.125720977783203,17.219621658325195,14.401609420776367
2020-08-10 04:00:00,34.370323181152344,69.16710662841797,32.2147331237793,17.7371768951416,15.361715316772461
2020-08-11 04:00:00,34.72553634643555,69.0822982788086,32.27162170410156,17.80735206604004,14.131287574768066
2020-08-12 04:00:00,34.7176628112793,69.93020629882812,33.856346130371094,17.8599910736084,13.907574653625488
2020-08-13 04:00:00,33.86723327636719,69.2364730834961,33.019290924072266,17.430158615112305,13.60929012298584
2020-08-14 04:00:00,34.0168571472168,69.64502716064453,33.1736946105957,17.60559844970703,13.646575927734375
2020-08-17 04:00:00,33.575889587402344,69.9687728881836,33.076171875,17.55296516418457,12.966108322143555
2020-08-18 04:00:00,33.4105339050293,68.52216339111328,32.775474548339844,17.342439651489258,13.003395080566406
2020-08-19 04:00:00,33.04043960571289,67.55252838134766,32.22284698486328,17.29857635498047,12.882219314575195
2020-08-20 04:00:00,32.536502838134766,66.31705474853516,31.507694244384766,16.465225219726562,12.490715980529785
2020-08-21 04:00:00,32.292381286621094,66.52819061279297,31.011951446533203,16.29855728149414,12.267001152038574
2020-08-24 04:00:00,33.245182037353516,68.1859130859375,31.58895492553711,17.14945411682129,12.695788383483887
2020-08-25 04:00:00,32.19002914428711,67.34923553466797,31.572702407836914,16.89505958557129,12.593253135681152
2020-08-26 04:00:00,31.504959106445312,66.29360961914062,30.524343490600586,16.37750816345215,12.080573081970215
2020-08-27 04:00:00,31.2923526763916,66.39525604248047,31.00383949279785,16.403820037841797,12.155145645141602
2020-08-28 04:00:00,32.0404052734375,66.958251953125,31.190746307373047,17.035411834716797,12.23904037475586
2020-08-31 04:00:00,31.4498348236084,65.62896728515625,30.792526245117188,16.675756454467773,11.87550163269043
2020-09-01 04:00:00,31.048248291015625,64.96428680419922,30.199277877807617,16.450590133666992,11.633148193359375
2020-09-02 04:00:00,30.859272003173828,65.05030822753906,29.565387725830078,16.57420539855957,11.558573722839355
2020-09-03 04:00:00,30.796283721923828,64.33872985839844,29.248432159423828,16.88326644897461,11.73568058013916
2020-09-04 04:00:00,30.772647857666016,64.06504821777344,29.142786026000977,17.05103302001953,11.418755531311035
2020-09-08 04:00:00,30.063974380493164,61.750484466552734,27.679962158203125,16.229829788208008,10.309503555297852
2020-09-09 04:00:00,29.882858276367188,62.579345703125,28.00503158569336,16.43292999267578,10.318821907043457
2020-09-10 04:00:00,29.134809494018555,61.10927963256836,26.75349998474121,15.638211250305176,9.498539924621582
2020-09-11 04:00:00,29.056058883666992,60.749595642089844,26.907913208007812,15.779500007629395,9.52650260925293
2020-09-14 04:00:00,28.867082595825195,60.436805725097656,27.241113662719727,15.92077922821045,9.489180564880371
2020-09-15 04:00:00,28.55998420715332,59.701778411865234,27.46866226196289,16.070886611938477,9.993030548095703
2020-09-16 04:00:00,29.772615432739258,61.42987060546875,28.508899688720703,16.936243057250977,10.860773086547852
2020-09-17 04:00:00,29.764747619628906,61.609737396240234,29.3297061920166,16.847944259643555,11.066044807434082
2020-09-18 04:00:00,29.284408569335938,61.15620803833008,29.15091323852539,16.53888511657715,10.870100975036621
2020-09-21 04:00:00,28.685970306396484,59.66269302368164,27.92376708984375,15.249682426452637,10.534200668334961
2020-09-22 04:00:00,27.97728729248047,59.06057357788086,27.875,15.30266284942627,10.338262557983398
2020-09-23 04:00:00,27.079614639282227,56.261207580566406,26.75349998474121,14.666891098022461,9.713113784790039
2020-09-24 04:00:00,27.024499893188477,56.1439094543457,27.306123733520508,14.675726890563965,9.927717208862305
2020-09-25 04:00:00,27.276470184326172,56.1673698425293,27.387393951416016,14.057612419128418,9.535832405090332
2020-09-28 04:00:00,27.804048538208008,57.80946731567383,27.395517349243164,14.525613784790039,9.647799491882324
2020-09-29 04:00:00,26.99300193786621,56.22211837768555,26.379667282104492,13.77504825592041,9.321228981018066
2020-09-30 04:00:00,27.032381057739258,56.30030059814453,26.688486099243164,13.739727973937988,9.33989143371582
2020-10-01 04:00:00,26.087461471557617,55.064823150634766,26.355287551879883,13.254067420959473,9.031982421875
2020-10-02 04:00:00,25.969345092773438,55.66693115234375,26.875398635864258,13.748558044433594,9.209263801574707
2020-10-05 04:00:00,26.56779670715332,56.84766387939453,27.858749389648438,14.190067291259766,9.806417465209961
2020-10-06 04:00:00,26.29218864440918,56.53488540649414,27.062320709228516,13.836858749389648,9.451859474182129
2020-10-07 04:00:00,26.37880516052246,57.69216537475586,27.899377822875977,14.084101676940918,9.591814994812012
2020-10-08 04:00:00,27.764678955078125,58.818172454833984,28.87459945678711,14.507952690124512,10.431567192077637
2020-10-09 04:00:00,27.3552188873291,57.86421203613281,28.549524307250977,14.331347465515137,10.095666885375977
2020-10-12 04:00:00,27.268598556518555,58.26297378540039,28.92336082458496,14.23421573638916,10.086337089538574
2020-10-13 04:00:00,26.945758819580078,57.3950309753418,28.346351623535156,13.88984203338623,9.815751075744629
2020-10-14 04:00:00,26.890640258789062,57.04315185546875,28.061918258666992,14.084101676940918,9.750435829162598
2020-10-15 04:00:00,27.126863479614258,57.48104476928711,28.768953323364258,14.499122619628906,9.899723052978516
2020-10-16 04:00:00,26.85126304626465,56.99622344970703,27.7817440032959,13.218746185302734,9.414534568786621
2020-10-19 04:00:00,26.31580924987793,55.7372932434082,26.901479721069336,13.254067420959473,9.16260814666748
2020-10-20 04:00:00,26.53629493713379,56.05006408691406,26.802759170532227,13.67791748046875,9.395872116088867
2020-10-21 04:00:00,26.111083984375,55.41670227050781,25.206771850585938,13.254067420959473,9.013320922851562
2020-10-22 04:00:00,27.44970703125,57.3950309753418,26.251564025878906,13.51014232635498,9.489180564880371
2020-10-23 04:00:00,26.89851188659668,56.74602508544922,26.769851684570312,13.598443984985352,9.349220275878906
2020-10-26 04:00:00,26.260698318481445,55.471435546875,24.94351577758789,13.39535140991211,8.82671070098877
2020-10-27 04:00:00,25.84335708618164,54.3532600402832,24.894155502319336,13.324708938598633,8.649429321289062
2020-10-28 04:00:00,24.859067916870117,52.296730041503906,23.684818267822266,12.521166801452637,8.285537719726562
2020-10-29 04:00:00,25.961475372314453,53.798065185546875,23.989208221435547,12.759580612182617,8.51880168914795
2020-10-30 04:00:00,25.685871124267578,54.34543228149414,23.544963836669922,13.192255973815918,8.51880168914795
2020-11-02 05:00:00,26.7646541595459,56.41757583618164,24.869470596313477,13.75738525390625,9.003990173339844
2020-11-03 05:00:00,26.30794334411621,56.096988677978516,24.11260986328125,13.916330337524414,9.041312217712402
2020-11-04 05:00:00,26.166200637817383,56.12044906616211,24.992877960205078,14.101765632629395,9.153280258178711
2020-11-05 05:00:00,26.118953704833984,56.40977096557617,24.778980255126953,13.704407691955566,9.769097328186035
2020-11-06 05:00:00,25.811859130859375,55.63564682006836,24.013893127441406,13.439501762390137,9.33989143371582
2020-11-09 05:00:00,29.079681396484375,62.08671951293945,27.460891723632812,16.115041732788086,11.411273956298828
2020-11-10 05:00:00,29.724824905395508,64.95645904541016,29.229650497436523,16.168018341064453,11.55123233795166
2020-11-11 05:00:00,29.418378829956055,64.47948455810547,29.023988723754883,15.638211250305176,11.10336685180664
2020-11-12 05:00:00,28.410354614257812,63.07979965209961,27.979185104370117,15.276176452636719,10.552865982055664
2020-11-13 05:00:00,29.09581756591797,64.92518615722656,29.089794158935547,15.894285202026367,11.010061264038086
2020-11-16 05:00:00,30.773174285888672,69.5621566772461,31.32747459411621,17.695642471313477,11.849811553955078
2020-11-17 05:00:00,31.1844425201416,69.06227111816406,31.960927963256836,17.739788055419922,12.120400428771973
2020-11-18 05:00:00,30.007068634033203,66.87232971191406,32.232418060302734,17.633825302124023,12.008429527282715
2020-11-19 05:00:00,30.160297393798828,68.02283477783203,32.470985412597656,18.066503524780273,12.465628623962402
2020-11-20 05:00:00,29.78934097290039,68.07044982910156,32.61907958984375,17.84575080871582,12.586926460266113
2020-11-23 05:00:00,31.74088478088379,72.2281723022461,35.13645935058594,19.08197593688965,14.704964637756348
2020-11-24 05:00:00,33.85371398925781,75.87010192871094,36.535011291503906,19.629440307617188,15.6566801071167
2020-11-25 05:00:00,32.91020202636719,73.10887908935547,35.89332580566406,19.514657974243164,15.60069751739502
2020-11-27 05:00:00,32.41022872924805,72.4503173828125,35.19403839111328,19.320384979248047,15.451406478881836
2020-11-30 05:00:00,30.748985290527344,69.17335510253906,32.545040130615234,18.35790252685547,14.704964637756348
2020-12-01 05:00:00,31.04735565185547,69.3875732421875,32.30645751953125,18.717679977416992,14.11713695526123
2020-12-02 05:00:00,32.2086067199707,71.3077392578125,32.88233184814453,19.224048614501953,14.82625961303711
2020-12-03 05:00:00,32.42634963989258,71.25221252441406,33.89421844482422,19.606042861938477,15.2927885055542
2020-12-04 05:00:00,33.61178970336914,74.01341247558594,36.41983413696289,20.831974029541016,17.34551239013672
2020-12-07 05:00:00,32.9827766418457,72.01392364501953,35.2269401550293,20.281198501586914,16.972293853759766
2020-12-08 05:00:00,34.063385009765625,72.6328125,35.11178207397461,20.636537551879883,17.849361419677734
2020-12-09 05:00:00,34.51498794555664,71.760009765625,35.12823486328125,20.76090431213379,18.101417541503906
2020-12-10 05:00:00,35.49076461791992,74.06897735595703,36.19770431518555,20.769790649414062,19.89382553100586
2020-12-11 05:00:00,35.321407318115234,73.35486602783203,35.76991271972656,20.378915786743164,19.50173568725586
2020-12-14 05:00:00,34.047264099121094,70.96656799316406,34.81560516357422,19.70376205444336,17.896039962768555
2020-12-15 05:00:00,34.708534240722656,70.91102600097656,35.21049499511719,20.40556526184082,18.521514892578125
2020-12-16 05:00:00,35.24077606201172,70.3714828491211,34.81560516357422,20.290077209472656,18.157432556152344
2020-12-17 05:00:00,35.063350677490234,70.14930725097656,34.527679443359375,20.370031356811523,17.905372619628906
2020-12-18 05:00:00,34.458534240722656,69.18130493164062,33.71323776245117,19.819246292114258,17.28923797607422
2020-12-21 05:00:00,33.829524993896484,68.30850982666016,33.104454040527344,19.348421096801758,16.309011459350586
2020-12-22 05:00:00,33.2569694519043,66.93582153320312,32.1090087890625,18.975313186645508,15.795562744140625
2020-12-23 05:00:00,33.68437576293945,67.9911117553711,32.97282028198242,19.472793579101562,16.70110321044922
2020-12-24 05:00:00,33.547279357910156,67.7054672241211,32.487430572509766,19.224048614501953,16.495725631713867
2020-12-28 05:00:00,33.66017532348633,67.3642578125,32.33114242553711,19.161863327026367,16.243667602539062
2020-12-29 05:00:00,33.28116226196289,67.13416290283203,32.14191818237305,18.99307632446289,16.094297409057617
2020-12-30 05:00:00,33.547279357910156,67.7054672241211,32.91522979736328,19.437252044677734,16.71977424621582
2020-12-31 05:00:00,33.2408332824707,67.00720977783203,32.89878463745117,19.392833709716797,16.159645080566406
2021-01-04 05:00:00,33.46662521362305,67.21353149414062,32.553253173828125,19.49944305419922,16.29034423828125
2021-01-05 05:00:00,35.07948303222656,69.03053283691406,34.42073059082031,20.54770278930664,17.933380126953125
2021-01-06 05:00:00,35.974613189697266,71.25221252441406,35.79460906982422,21.684799194335938,18.670881271362305
2021-01-07 05:00:00,36.25686264038086,71.58545684814453,36.77358627319336,22.102325439453125,19.20299530029297
2021-01-08 05:00:00,36.660072326660156,72.26782989501953,36.77358627319336,22.066789627075195,18.74556541442871
2021-01-11 05:00:00,37.77294921875,72.68042755126953,37.31654739379883,22.200040817260742,18.74556541442871
2021-01-12 05:00:00,38.611629486083984,74.06102752685547,39.011253356933594,23.221651077270508,21.116771697998047
2021-01-13 05:00:00,39.04708480834961,73.9896240234375,38.6904182434082,22.617572784423828,20.846038818359375
2021-01-14 05:00:00,40.57125473022461,75.76693725585938,39.381465911865234,23.06175422668457,22.629108428955078
2021-01-15 05:00:00,38.61968994140625,73.06922149658203,37.119102478027344,22.12897491455078,20.902050018310547
2021-01-19 05:00:00,39.38580322265625,74.98938751220703,37.843055725097656,22.582035064697266,21.536863327026367
2021-01-20 05:00:00,39.942237854003906,75.6796646118164,37.31654739379883,22.51985740661621,21.49018669128418
2021-01-21 05:00:00,38.79711151123047,73.00574493408203,35.53133773803711,21.489360809326172,20.108537673950195
2021-01-22 05:00:00,38.24873733520508,72.78357696533203,35.1200065612793,21.684799194335938,20.061861038208008
2021-01-25 05:00:00,37.821327209472656,72.125,35.02951431274414,21.089597702026367,20.08053207397461
2021-01-26 05:00:00,36.99071502685547,70.90309143066406,34.28909683227539,20.20124053955078,19.0256290435791
2021-01-27 05:00:00,36.57136917114258,69.98267364501953,33.441741943359375,19.37506675720215,19.212337493896484
2021-01-28 05:00:00,37.14392852783203,70.6333236694336,33.8201789855957,20.112407684326172,19.557748794555664
2021-01-29 05:00:00,36.160099029541016,67.60232543945312,32.931678771972656,19.730417251586914,18.726898193359375
2021-02-01 05:00:00,36.224605560302734,68.5623779296875,33.4911003112793,19.68599510192871,19.03495979309082
2021-02-02 05:00:00,36.79717254638672,69.0781478881836,33.705013275146484,19.996919631958008,19.35236930847168
2021-02-03 05:00:00,38.24066925048828,70.5857162475586,35.54779052734375,21.480478286743164,20.5566349029541
2021-02-04 05:00:00,38.97452163696289,70.61746215820312,36.2059326171875,22.04014015197754,20.818035125732422
2021-02-05 05:00:00,40.28092575073242,70.82373046875,36.54323196411133,22.217811584472656,21.060752868652344
2021-02-08 05:00:00,42.014739990234375,72.58521270751953,38.484745025634766,23.08840560913086,23.75869369506836
2021-02-09 05:00:00,41.522666931152344,72.17261505126953,38.56702423095703,23.097286224365234,23.011859893798828
2021-02-10 05:00:00,41.92452621459961,73.41040802001953,38.871402740478516,23.648067474365234,23.898725509643555
2021-02-11 05:00:00,40.87477111816406,73.01366424560547,38.555912017822266,23.425975799560547,23.319931030273438
2021-02-12 05:00:00,41.43245315551758,73.4342041015625,39.1536865234375,23.78131866455078,23.70268440246582
2021-02-16 05:00:00,42.679039001464844,74.93894958496094,40.55677795410156,23.928585052490234,24.701574325561523
2021-02-17 05:00:00,43.34333419799805,77.18396759033203,40.980194091796875,23.982139587402344,24.95363426208496
2021-02-18 05:00:00,42.66263961791992,76.44368743896484,39.59370040893555,22.830781936645508,23.599992752075195
2021-02-19 05:00:00,42.949684143066406,77.08741760253906,40.19977951049805,23.312747955322266,23.73069190979004
2021-02-22 05:00:00,44.532493591308594,79.17151641845703,42.24214553833008,24.58013153076172,24.71091079711914
2021-02-23 05:00:00,45.14759826660156,80.16929626464844,43.255027770996094,24.758634567260742,24.328155517578125
2021-02-24 05:00:00,46.50080490112305,83.13047790527344,45.38871765136719,26.2491512298584,26.288599014282227
2021-02-25 05:00:00,45.72988510131836,82.35801696777344,44.02715301513672,25.445880889892578,24.97230339050293
2021-02-26 05:00:00,44.58992004394531,80.46704864501953,43.1802978515625,24.910364151000977,24.84160804748535
2021-03-01 05:00:00,46.254764556884766,82.11660766601562,43.67845153808594,25.633310317993164,25.803157806396484
2021-03-02 05:00:00,45.98411178588867,82.43043518066406,43.404457092285156,25.115642547607422,25.971195220947266
2021-03-03 05:00:00,46.35318374633789,83.35578918457031,44.55017852783203,25.320924758911133,26.75537109375
2021-03-04 05:00:00,48.14923095703125,84.08804321289062,46.17744064331055,25.50835418701172,27.9129638671875
2021-03-05 05:00:00,49.96990966796875,87.70906066894531,48.435665130615234,25.945695877075195,29.15458106994629
2021-03-08 05:00:00,49.920692443847656,88.31257629394531,48.800960540771484,26.516910552978516,27.791608810424805
2021-03-09 05:00:00,49.149784088134766,88.11139678955078,48.070369720458984,26.195600509643555,26.75502586364746
2021-03-10 05:00:00,50.658809661865234,89.61613464355469,49.33230209350586,26.731115341186523,27.41806411743164
2021-03-11 05:00:00,50.28154754638672,89.47129821777344,49.67271041870117,26.24022674560547,28.930910110473633
2021-03-12 05:00:00,50.82283020019531,89.76899719238281,49.141361236572266,25.892141342163086,28.604063034057617
2021-03-15 04:00:00,49.52703094482422,88.71488189697266,48.28622055053711,25.990324020385742,27.362028121948242
2021-03-16 04:00:00,48.47727584838867,86.61469268798828,46.974456787109375,25.04424285888672,26.306774139404297
2021-03-17 04:00:00,48.69051742553711,86.92852783203125,47.18201446533203,25.267370223999023,27.119232177734375
2021-03-18 04:00:00,46.59101486206055,83.78228759765625,44.31771469116211,24.321300506591797,24.85929298400879
2021-03-19 04:00:00,46.328575134277344,83.18679809570312,43.670143127441406,24.142793655395508,26.24140167236328
2021-03-22 04:00:00,45.8529052734375,82.51089477539062,43.37126159667969,24.678312301635742,25.64373207092285
2021-03-23 04:00:00,45.28702926635742,82.0522232055664,42.93122863769531,23.803634643554688,24.831281661987305
2021-03-24 04:00:00,46.2055549621582,84.24897766113281,44.17658233642578,24.47303009033203,25.270193099975586
2021-03-25 04:00:00,46.07433319091797,84.54671478271484,44.4754638671875,24.45517349243164,24.934003829956055
2021-03-26 04:00:00,47.32912063598633,86.48595428466797,45.69590377807617,25.267370223999023,25.92389488220215
2021-03-29 04:00:00,47.07488250732422,86.03533935546875,44.699623107910156,24.722932815551758,25.21415901184082
2021-03-30 04:00:00,46.49259948730469,85.23872375488281,44.359230041503906,24.29452133178711,25.522327423095703
2021-03-31 04:00:00,45.787296295166016,84.32140350341797,43.977325439453125,24.267749786376953,24.85929298400879
2021-04-01 04:00:00,47.06667709350586,85.09388732910156,44.84907531738281,25.079946517944336,25.569028854370117
2021-04-05 04:00:00,46.33676528930664,84.0960922241211,43.34635543823242,24.589059829711914,23.635934829711914
2021-04-06 04:00:00,46.2055549621582,83.3477554321289,43.653533935546875,24.49087905883789,23.673297882080078
2021-04-07 04:00:00,46.410579681396484,83.8386001586914,43.48748779296875,24.410552978515625,23.626604080200195
2021-04-08 04:00:00,45.92671585083008,82.8971176147461,42.54102325439453,24.15172004699707,23.094303131103516
2021-04-09 04:00:00,45.82009506225586,82.8166732788086,42.532718658447266,23.883962631225586,22.963563919067383
2021-04-12 04:00:00,45.51665115356445,81.89933013916016,42.22553634643555,23.687604904174805,22.62737464904785
2021-04-13 04:00:00,45.688873291015625,82.26948547363281,42.16743087768555,23.241348266601562,22.68340492248535
2021-04-14 04:00:00,47.00926208496094,83.90296936035156,43.7448616027832,24.37485122680664,23.860065460205078
2021-04-15 04:00:00,46.730430603027344,83.21897888183594,43.0889778137207,23.794710159301758,23.2157039642334
2021-04-16 04:00:00,46.46799087524414,82.84886932373047,42.41648483276367,23.464473724365234,22.7674503326416
2021-04-19 04:00:00,46.32036209106445,83.09024810791016,42.250450134277344,23.678678512573242,22.916873931884766
2021-04-20 04:00:00,45.344425201416016,81.5372314453125,40.390724182128906,22.536252975463867,21.66550064086914
2021-04-21 04:00:00,45.92671585083008,82.66377258300781,41.54475021362305,22.964664459228516,22.832822799682617
2021-04-22 04:00:00,45.32802963256836,81.23145294189453,41.06321334838867,22.536252975463867,22.505971908569336
2021-04-23 04:00:00,45.57405090332031,81.71426391601562,41.27907943725586,22.946809768676758,23.019594192504883
2021-04-26 04:00:00,45.664268493652344,81.69012451171875,41.719093322753906,23.53587532043457,23.253055572509766
2021-04-27 04:00:00,46.26295852661133,82.6396484375,42.59083938598633,23.366294860839844,23.430490493774414
2021-04-28 04:00:00,47.65715789794922,84.66739654541016,44.03543472290039,24.41947364807129,24.373685836791992
2021-04-29 04:00:00,48.33786392211914,86.01924896240234,44.11015701293945,24.830034255981445,24.22426986694336
2021-04-30 04:00:00,46.94365692138672,82.93737030029297,42.45800018310547,24.142793655395508,23.68263053894043
2021-05-03 04:00:00,48.23944091796875,84.91685485839844,43.786380767822266,25.187053680419922,24.411041259765625
2021-05-04 04:00:00,48.54289627075195,85.383544921875,43.64522933959961,25.338777542114258,24.149564743041992
2021-05-05 04:00:00,50.00270462036133,87.67687225341797,46.027992248535156,27.079198837280273,25.260848999023438
2021-05-06 04:00:00,50.478370666503906,87.72515869140625,46.24384689331055,27.42728614807129,24.887310028076172
2021-05-07 04:00:00,51.2000732421875,88.52983093261719,47.40616989135742,28.462614059448242,25.5783634185791
2021-05-10 04:00:00,51.323097229003906,88.16770935058594,47.323158264160156,28.230558395385742,24.868629455566406
2021-05-11 04:00:00,49.69105529785156,85.85831451416016,46.26046371459961,27.900325775146484,22.907533645629883
2021-05-12 04:00:00,49.95732498168945,86.39745330810547,46.23554992675781,28.650043487548828,23.45850944519043
2021-05-13 04:00:00,49.341590881347656,85.84223175048828,45.382137298583984,28.346580505371094,22.141769409179688
2021-05-14 04:00:00,50.564735412597656,88.08724975585938,47.28978729248047,29.283737182617188,23.439830780029297
2021-05-17 04:00:00,51.74626541137695,89.16551971435547,48.77908706665039,30.39046287536621,24.64450454711914
2021-05-18 04:00:00,50.28183364868164,86.48572540283203,47.93403625488281,29.515792846679688,24.158903121948242
2021-05-19 04:00:00,49.07533645629883,84.0584716796875,46.5032958984375,28.560794830322266,23.411815643310547
2021-05-20 04:00:00,48.95884323120117,84.3517074584961,46.34430694580078,28.355506896972656,23.299747467041016
2021-05-21 04:00:00,49.02540588378906,84.8078384399414,46.56186294555664,28.51616668701172,23.45850944519043
2021-05-24 04:00:00,49.59952926635742,86.01332092285156,46.938377380371094,28.29302978515625,23.757341384887695
2021-05-25 04:00:00,48.476234436035156,84.60419464111328,45.91761779785156,27.88247299194336,22.9915771484375
2021-05-26 04:00:00,49.04204177856445,84.8078384399414,46.36941909790039,28.159156799316406,23.61726188659668
2021-05-27 04:00:00,48.72586441040039,83.90372467041016,46.46144485473633,27.971721649169922,24.345674514770508
2021-05-28 04:00:00,48.56777572631836,84.5390396118164,46.63716506958008,27.962799072265625,24.242952346801758
2021-06-01 04:00:00,50.306793212890625,86.86856079101562,48.753997802734375,29.508575439453125,26.586933135986328
2021-06-02 04:00:00,50.7061767578125,88.03333282470703,49.35641098022461,31.775712966918945,27.29665756225586
2021-06-03 04:00:00,50.905887603759766,87.63423156738281,49.758018493652344,32.72557067871094,27.343358993530273
2021-06-04 04:00:00,51.13054275512695,88.33470153808594,50.075965881347656,32.63595962524414,27.212615966796875
2021-06-07 04:00:00,50.7977180480957,87.7645492553711,50.04249572753906,32.107261657714844,27.231290817260742
2021-06-08 04:00:00,51.696346282958984,88.56278228759766,50.59471130371094,32.16999816894531,27.25931167602539
2021-06-09 04:00:00,52.12902069091797,87.78897857666016,49.93372344970703,32.04452896118164,26.48394012451172
2021-06-10 04:00:00,52.212223052978516,88.30213165283203,50.34370422363281,31.309738159179688,26.46525764465332
2021-06-11 04:00:00,51.7296257019043,87.89486694335938,50.176353454589844,31.264921188354492,26.46525764465332
2021-06-14 04:00:00,51.646419525146484,87.94374084472656,50.46083450317383,30.512203216552734,26.418550491333008
2021-06-15 04:00:00,53.526893615722656,89.8415756225586,51.18038558959961,30.63765525817871,27.277990341186523
2021-06-16 04:00:00,53.335514068603516,89.32840728759766,51.14693069458008,30.50324249267578,28.529787063598633
2021-06-17 04:00:00,51.579856872558594,87.21066284179688,49.37314224243164,29.09636688232422,26.36250114440918
2021-06-18 04:00:00,50.25687026977539,83.91998291015625,48.13483810424805,28.038970947265625,26.14763832092285
2021-06-21 04:00:00,52.0791015625,86.37987518310547,50.577980041503906,29.678831100463867,27.558242797851562
2021-06-22 04:00:00,53.077579498291016,86.66494750976562,50.862449645996094,29.589223861694336,28.0346736907959
2021-06-23 04:00:00,53.46864700317383,86.55905151367188,50.83735656738281,29.463768005371094,28.922143936157227
2021-06-24 04:00:00,53.68498229980469,87.26766967773438,51.36446762084961,29.804283142089844,29.65080451965332
2021-06-25 04:00:00,53.801483154296875,87.39800262451172,51.29753494262695,29.884933471679688,30.743789672851562
2021-06-28 04:00:00,52.42856216430664,84.70194244384766,49.858421325683594,28.693124771118164,29.183713912963867
2021-06-29 04:00:00,52.10404968261719,84.51460266113281,49.40659713745117,28.56766700744629,29.239765167236328
2021-06-30 04:00:00,52.48680877685547,85.31282806396484,50.95448303222656,28.684162139892578,29.211740493774414
2021-07-01 04:00:00,52.6365852355957,86.51018524169922,52.61112976074219,29.63402557373047,30.697084426879883
2021-07-02 04:00:00,52.56169128417969,86.39615631103516,52.50236129760742,29.38311767578125,30.43551254272461
2021-07-06 04:00:00,51.063968658447266,84.70194244384766,50.43572998046875,27.931442260742188,28.501766204833984
2021-07-07 04:00:00,50.265193939208984,83.83854675292969,49.37314224243164,27.492351531982422,27.539562225341797
2021-07-08 04:00:00,50.04052734375,83.56975555419922,49.54048538208008,27.357934951782227,27.707714080810547
2021-07-09 04:00:00,50.94749069213867,84.76710510253906,50.31024169921875,27.949365615844727,28.24953842163086
2021-07-12 04:00:00,50.897560119628906,84.93814849853516,50.03413009643555,27.976242065429688,28.015995025634766
2021-07-13 04:00:00,50.65626525878906,84.653076171875,49.749656677246094,27.429624557495117,28.100067138671875
2021-07-14 04:00:00,49.53296661376953,83.0566177368164,48.25197219848633,26.479755401611328,25.9981689453125
2021-07-15 04:00:00,49.05036926269531,82.51087951660156,47.75832748413086,25.744951248168945,25.437660217285156
2021-07-16 04:00:00,47.694091796875,80.32795715332031,46.43635559082031,24.97430992126465,24.23257064819336
2021-07-19 04:00:00,46.054927825927734,78.16134643554688,44.93031311035156,23.881065368652344,23.186296463012695
2021-07-20 04:00:00,46.56248474121094,78.62562561035156,45.57456588745117,24.409759521484375,23.700088500976562
2021-07-21 04:00:00,48.060211181640625,81.3053970336914,47.708126068115234,25.476119995117188,25.39095687866211
2021-07-22 04:00:00,47.51935958862305,80.49087524414062,47.415287017822266,25.0728759765625,25.232145309448242
2021-07-23 04:00:00,47.46112060546875,80.52345275878906,46.65652084350586,25.458200454711914,24.830448150634766
2021-07-26 04:00:00,48.6593017578125,82.2258071899414,47.94643020629883,26.39910125732422,25.334901809692383
2021-07-27 04:00:00,48.11845016479492,81.94888305664062,47.49116134643555,26.1481990814209,24.53150749206543
2021-07-28 04:00:00,48.442962646484375,82.41314697265625,47.819976806640625,26.273653030395508,25.12938117980957
2021-07-29 04:00:00,49.033729553222656,83.5453109741211,48.12348175048828,26.560401916503906,25.017282485961914
2021-07-30 04:00:00,47.90210723876953,82.92628479003906,47.26353454589844,25.834562301635742,24.382038116455078
2021-08-02 04:00:00,47.91044235229492,82.7796859741211,46.69023895263672,25.538850784301758,24.092443466186523
2021-08-03 04:00:00,48.42631912231445,83.56975555419922,47.75251770019531,25.897293090820312,24.690322875976562
2021-08-04 04:00:00,47.29471206665039,81.69634246826172,46.31083297729492,24.759246826171875,23.999027252197266
2021-08-05 04:00:00,47.59425354003906,82.45387268066406,47.17079162597656,25.01911163330078,24.466115951538086
2021-08-06 04:00:00,48.14340591430664,83.04032135009766,47.63449478149414,25.467166900634766,24.652950286865234
2021-08-09 04:00:00,47.59425354003906,81.6556396484375,46.74924087524414,25.08183479309082,23.924293518066406
2021-08-10 04:00:00,48.409690856933594,83.14620971679688,47.61762237548828,25.467166900634766,24.53150749206543
2021-08-11 04:00:00,48.5511360168457,83.77339172363281,48.21621322631836,25.968978881835938,25.073331832885742
2021-08-12 04:00:00,48.441322326660156,83.60232543945312,48.089759826660156,25.583654403686523,25.101354598999023
2021-08-13 04:00:00,47.951416015625,83.0484619140625,47.18764877319336,25.40443229675293,24.092443466186523
2021-08-16 04:00:00,47.25034713745117,82.20137023925781,46.20967102050781,24.89365577697754,23.158267974853516
2021-08-17 04:00:00,46.929386138916016,82.04658508300781,45.96517562866211,24.36495590209961,22.4950008392334
2021-08-18 04:00:00,45.941131591796875,79.82599639892578,45.130516052246094,24.024438858032227,21.906471252441406
2021-08-19 04:00:00,44.53899002075195,77.8365478515625,44.211544036865234,23.692886352539062,20.6359920501709
2021-08-20 04:00:00,44.54743194580078,77.84480285644531,44.48977279663086,23.710805892944336,20.505203247070312
2021-08-23 04:00:00,46.38035202026367,79.85079193115234,46.192806243896484,24.633790969848633,21.925151824951172
2021-08-24 04:00:00,46.76044845581055,80.7670669555664,46.71553039550781,25.287944793701172,22.775253295898438
2021-08-25 04:00:00,46.84491729736328,81.3201675415039,47.22981262207031,25.494049072265625,23.008800506591797
2021-08-26 04:00:00,46.21141815185547,80.2552719116211,46.479454040527344,25.20729637145996,22.420265197753906
2021-08-27 04:00:00,47.106754302978516,81.42747497558594,47.836830139160156,26.0585880279541,23.971004486083984
2021-08-30 04:00:00,46.59151077270508,81.22109985351562,47.38157272338867,25.34170913696289,23.587989807128906
2021-08-31 04:00:00,46.050941467285156,79.88379669189453,46.81669616699219,25.238201141357422,23.999027252197266
2021-09-01 04:00:00,45.41743469238281,79.00875091552734,46.074771881103516,25.1841983795166,23.42917823791504
2021-09-02 04:00:00,46.52395248413086,80.65977478027344,47.71879577636719,25.751243591308594,24.830448150634766
2021-09-03 04:00:00,46.3465576171875,80.4781494140625,47.415287017822266,25.283206939697266,24.21388816833496
2021-09-07 04:00:00,46.07627487182617,80.12318420410156,47.19607925415039,25.049179077148438,23.971004486083984
2021-09-08 04:00:00,45.65393829345703,79.5700912475586,46.60591506958008,23.996091842651367,23.27037239074707
2021-09-09 04:00:00,45.68772506713867,79.24815368652344,46.85886001586914,23.96009063720703,23.429244995117188
2021-09-10 04:00:00,45.594810485839844,79.30594635009766,46.98531723022461,24.104101181030273,23.345134735107422
2021-09-13 04:00:00,46.768890380859375,80.8743896484375,48.55344772338867,25.301206588745117,24.905838012695312
2021-09-14 04:00:00,46.10160827636719,79.41326141357422,48.00544357299805,24.905168533325195,24.560054779052734
2021-09-15 04:00:00,47.65578842163086,81.0972671508789,50.01198959350586,26.318294525146484,26.055335998535156
2021-09-16 04:00:00,47.14898681640625,80.33780670166016,49.93611526489258,25.976268768310547,25.54132843017578
2021-09-17 04:00:00,46.59151077270508,79.87554931640625,49.674766540527344,25.481218338012695,25.17685890197754
2021-09-20 04:00:00,45.349857330322266,78.24103546142578,48.11505889892578,24.52713966369629,23.812410354614258
2021-09-21 04:00:00,45.30762481689453,78.298828125,50.02043533325195,24.239110946655273,23.76567840576172
2021-09-22 04:00:00,46.63375473022461,80.60198211669922,52.49067306518555,24.43712615966797,24.999290466308594
2021-09-23 04:00:00,48.2132682800293,82.59968566894531,53.71316146850586,25.994272232055664,26.13010597229004
2021-09-24 04:00:00,48.64405059814453,83.04546356201172,54.817596435546875,26.111278533935547,26.260936737060547
2021-09-27 04:00:00,50.088409423828125,85.00190734863281,56.24241638183594,27.173370361328125,28.214157104492188
2021-09-28 04:00:00,50.61209487915039,85.32386779785156,57.161380767822266,27.82142448425293,27.943130493164062
2021-09-29 04:00:00,50.57831573486328,85.29907989501953,57.363739013671875,27.299381256103516,28.06463050842285
2021-09-30 04:00:00,49.68296813964844,83.74713897705078,57.136085510253906,26.678325653076172,27.64407730102539
2021-10-01 04:00:00,51.46521759033203,86.12457275390625,59.1004753112793,27.326383590698242,29.111326217651367
2021-10-04 04:00:00,52.13249588012695,86.44654083251953,60.27238464355469,27.794418334960938,29.728132247924805
2021-10-05 04:00:00,52.048030853271484,87.38761138916016,60.47473907470703,27.533401489257812,30.62529945373535
2021-10-06 04:00:00,51.09355926513672,86.61988067626953,60.54217529296875,26.948348999023438,29.905691146850586
2021-10-07 04:00:00,51.23715591430664,87.239013671875,60.28923416137695,27.920429229736328,30.354284286499023
2021-10-08 04:00:00,52.52103805541992,89.19544982910156,63.16417694091797,28.496482849121094,31.429025650024414
2021-10-11 04:00:00,51.99735641479492,88.43598175048828,62.36323928833008,29.21654510498047,31.2047176361084
2021-10-12 04:00:00,51.727054595947266,88.45250701904297,61.89112091064453,29.594575881958008,30.84958839416504
2021-10-13 04:00:00,51.58346939086914,88.98080444335938,61.739349365234375,29.486568450927734,30.167369842529297
2021-10-14 04:00:00,52.36899185180664,89.82283782958984,62.26205062866211,30.17062759399414,29.896350860595703
2021-10-15 04:00:00,52.86735153198242,90.48322296142578,62.506561279296875,30.60266876220703,29.587949752807617
2021-10-18 04:00:00,52.84201431274414,90.44194793701172,62.8100700378418,30.746681213378906,30.774831771850586
2021-10-19 04:00:00,53.63599395751953,92.20853424072266,63.50140380859375,31.088703155517578,30.784175872802734
2021-10-20 04:00:00,53.93162536621094,93.41375732421875,64.0915756225586,31.268728256225586,31.176685333251953
2021-10-21 04:00:00,52.95180892944336,92.2415542602539,62.885955810546875,30.872692108154297,30.653337478637695
2021-10-22 04:00:00,53.31502151489258,93.1165771484375,63.838661193847656,30.52166175842285,31.70937728881836
2021-10-25 04:00:00,54.35396194458008,93.98336791992188,64.51312255859375,30.926700592041016,32.914955139160156
2021-10-26 04:00:00,55.612491607666016,94.18972778320312,64.9430923461914,30.83668327331543,33.04579162597656
2021-10-27 04:00:00,54.168128967285156,92.51394653320312,63.128028869628906,29.28855323791504,31.120620727539062
2021-10-28 04:00:00,54.320167541503906,93.38074493408203,63.73870849609375,29.972610473632812,31.61592674255371
2021-10-29 04:00:00,54.455318450927734,94.51167297363281,63.17892837524414,29.036527633666992,31.33555793762207
2021-11-01 04:00:00,55.43511199951172,94.54469299316406,63.26374053955078,29.972610473632812,32.531795501708984
2021-11-02 04:00:00,54.750946044921875,93.96684265136719,61.94063186645508,29.882606506347656,32.11124038696289
2021-11-03 04:00:00,53.99919891357422,93.28993225097656,61.69467544555664,29.684587478637695,31.634614944458008
2021-11-04 04:00:00,54.404640197753906,93.70269012451172,62.17811584472656,29.837600708007812,31.54116439819336
2021-11-05 04:00:00,54.91987609863281,94.71804809570312,63.993167877197266,30.161623001098633,31.23276138305664
2021-11-08 05:00:00,55.51113510131836,95.05651092529297,64.40025329589844,30.872692108154297,32.04582214355469
2021-11-09 05:00:00,56.051719665527344,95.7581787109375,64.24758911132812,30.728683471679688,31.531816482543945
2021-11-10 05:00:00,54.94746398925781,94.23101043701172,61.91517639160156,29.459566116333008,29.737478256225586
2021-11-11 05:00:00,55.0501823425293,94.23927307128906,61.185768127441406,29.504568099975586,30.01784324645996
2021-11-12 05:00:00,54.6307373046875,94.29705810546875,61.37236404418945,29.486568450927734,29.980459213256836
2021-11-15 05:00:00,55.1015510559082,96.43509674072266,61.6777229309082,29.4505672454834,29.88700294494629
2021-11-16 05:00:00,55.657955169677734,96.8148422241211,61.60983657836914,29.603580474853516,29.756168365478516
2021-11-17 05:00:00,55.0501823425293,96.38060760498047,61.041587829589844,28.856517791748047,28.74685287475586
2021-11-18 05:00:00,54.45097351074219,95.57062530517578,61.6777229309082,28.67650032043457,28.634702682495117
2021-11-19 05:00:00,51.93429946899414,93.44961547851562,59.039947509765625,27.04735565185547,27.21417808532715
2021-11-22 05:00:00,52.653350830078125,95.11969757080078,60.97374725341797,27.308380126953125,28.045934677124023
2021-11-23 05:00:00,54.040096282958984,97.11546325683594,62.57672882080078,28.06444549560547,29.830930709838867
2021-11-24 05:00:00,54.33969497680664,97.85863494873047,63.4672966003418,28.271461486816406,29.915040969848633
2021-11-26 05:00:00,52.430789947509766,95.62071228027344,60.62599563598633,26.732328414916992,27.756223678588867
2021-11-29 05:00:00,52.721839904785156,95.90463256835938,61.19425964355469,26.68732452392578,28.092662811279297
2021-11-30 05:00:00,51.223819732666016,94.25125885009766,59.48096466064453,25.923538208007812,27.709495544433594
2021-12-01 05:00:00,51.18101119995117,93.60826110839844,58.69219207763672,25.652374267578125,27.055307388305664
2021-12-02 05:00:00,52.45646667480469,96.14679718017578,60.439388275146484,26.50202751159668,27.709495544433594
2021-12-03 05:00:00,52.122623443603516,95.53721618652344,60.312171936035156,26.429716110229492,27.251567840576172
2021-12-06 05:00:00,52.71327209472656,97.03195190429688,61.7540397644043,27.125715255737305,27.887062072753906
2021-12-07 05:00:00,53.30392074584961,98.46822357177734,63.246768951416016,27.803627014160156,29.083288192749023
2021-12-08 05:00:00,53.4580078125,98.91078186035156,62.85662078857422,28.07479476928711,28.756195068359375
2021-12-09 05:00:00,53.594966888427734,98.65193176269531,61.533531188964844,27.677085876464844,28.270069122314453
2021-12-10 05:00:00,53.9373664855957,98.81892395019531,62.33078384399414,28.011520385742188,28.765541076660156
2021-12-13 05:00:00,52.756072998046875,96.76473999023438,60.23582458496094,26.9630126953125,27.32585906982422
2021-12-14 05:00:00,52.67902374267578,97.04863739013672,59.94745635986328,26.81838607788086,26.86778450012207
2021-12-15 05:00:00,52.44791030883789,96.49749755859375,59.9729118347168,26.492990493774414,26.6621150970459
2021-12-16 05:00:00,52.533504486083984,97.39935302734375,60.812583923339844,26.845504760742188,26.531238555908203
2021-12-17 05:00:00,51.386451721191406,94.8608169555664,58.19178771972656,26.185667037963867,26.2133846282959
2021-12-20 05:00:00,50.64171600341797,94.90259552001953,58.18331527709961,25.733722686767578,25.22243309020996
2021-12-21 05:00:00,51.78878402709961,96.42236328125,59.94745635986328,26.61953353881836,26.736900329589844
2021-12-22 05:00:00,52.208229064941406,96.97347259521484,60.2867317199707,26.66472625732422,27.036056518554688
2021-12-23 05:00:00,52.23391342163086,97.20730590820312,60.38003158569336,26.728002548217773,26.970619201660156
2021-12-27 05:00:00,52.9786376953125,99.19469451904297,62.09331512451172,26.9720516204834,27.70915412902832
2021-12-28 05:00:00,52.807430267333984,99.00263977050781,62.01695251464844,27.216100692749023,27.5595760345459
2021-12-29 05:00:00,52.34518051147461,98.49325561523438,61.847320556640625,26.800310134887695,27.353914260864258
2021-12-30 05:00:00,52.03703308105469,98.05904388427734,61.30451202392578,26.95397186279297,27.082801818847656
2021-12-31 05:00:00,52.37943649291992,97.99225616455078,61.389564514160156,27.07148551940918,27.101503372192383
2022-01-03 05:00:00,54.39105987548828,99.58718872070312,62.74186706542969,28.671361923217773,29.036653518676758
2022-01-04 05:00:00,56.43693161010742,101.39921569824219,65.46348571777344,30.0633487701416,31.20551109313965
2022-01-05 05:00:00,57.138858795166016,102.05890655517578,64.34082794189453,30.0633487701416,29.737796783447266
2022-01-06 05:00:00,58.48280334472656,102.92735290527344,66.75625610351562,30.777420043945312,30.625900268554688
2022-01-07 05:00:00,58.962162017822266,104.4053726196289,68.58485412597656,31.663238525390625,31.046588897705078
2022-01-10 05:00:00,58.611202239990234,104.47216033935547,68.91653442382812,31.74458122253418,30.27066421508789
2022-01-11 05:00:00,61.0765266418457,106.86039733886719,71.09385681152344,32.973873138427734,32.43952560424805
2022-01-12 05:00:00,60.89676284790039,106.32597351074219,71.78274536132812,32.946754455566406,32.486270904541016
2022-01-13 05:00:00,60.46018600463867,105.88339233398438,71.11935424804688,32.69366455078125,31.925357818603516
2022-01-14 05:00:00,61.52164840698242,107.68708038330078,73.77294158935547,34.17605209350586,33.19675827026367
2022-01-18 05:00:00,62.557411193847656,108.03781127929688,74.4278335571289,33.932003021240234,33.68288803100586
2022-01-19 05:00:00,62.58310317993164,107.64532470703125,74.23220825195312,33.53428268432617,33.495914459228516
2022-01-20 05:00:00,62.720054626464844,107.2612075805664,72.82888793945312,33.48908615112305,32.673248291015625
2022-01-21 05:00:00,61.7784423828125,105.97525787353516,70.35389709472656,32.86540222167969,31.551416397094727
2022-01-24 05:00:00,62.309173583984375,106.2007064819336,70.60905456542969,33.08233642578125,31.794479370117188
2022-01-25 05:00:00,64.14104461669922,110.7182846069336,74.08761596679688,35.06185531616211,34.37467956542969
2022-01-26 05:00:00,63.490482330322266,110.80179595947266,74.04508972167969,35.97478485107422,34.64579391479492
2022-01-27 05:00:00,64.3036880493164,113.03968811035156,76.25641632080078,35.125125885009766,34.832763671875
2022-01-28 05:00:00,64.44065856933594,109.0649185180664,75.8822250366211,35.86631774902344,35.12256622314453
2022-01-31 05:00:00,65.02275085449219,109.66614532470703,75.37191772460938,35.31494903564453,35.21605682373047
2022-02-01 05:00:00,69.19152069091797,112.55536651611328,77.85537719726562,35.72169876098633,36.73052215576172
2022-02-02 05:00:00,69.01175689697266,113.07311248779297,78.42521667480469,35.47764587402344,37.03901672363281
2022-02-03 05:00:00,68.20710754394531,112.06269073486328,77.28553009033203,34.87204360961914,37.39426803588867
2022-02-04 05:00:00,69.68800354003906,113.46559143066406,78.13604736328125,34.80876922607422,38.142154693603516
2022-02-07 05:00:00,70.52690124511719,115.69515228271484,79.04608154296875,36.399620056152344,38.32912826538086
2022-02-08 05:00:00,68.70359802246094,113.93321228027344,77.67678833007812,35.2707633972168,36.786617279052734
2022-02-09 05:00:00,68.37470245361328,115.06047821044922,79.0545883178711,35.724124908447266,37.67472839355469
2022-02-10 05:00:00,67.71692657470703,113.59917449951172,78.17005920410156,35.51557540893555,38.02996826171875
2022-02-11 05:00:00,69.42195892333984,115.91226196289062,79.93946838378906,36.83029556274414,40.180145263671875
2022-02-14 05:00:00,68.3573989868164,114.125244140625,78.25553894042969,35.63344192504883,38.544151306152344
2022-02-15 05:00:00,67.50054168701172,113.28987121582031,76.6570816040039,36.34973907470703,37.2540397644043
2022-02-16 05:00:00,67.81214904785156,113.32364654541016,77.11012268066406,37.800472259521484,37.06707763671875
2022-02-17 05:00:00,67.70825958251953,112.74142456054688,77.92216491699219,37.27458190917969,37.26339340209961
2022-02-18 05:00:00,66.95528411865234,112.58108520507812,76.6143569946289,36.45854187011719,36.982933044433594
2022-02-22 05:00:00,66.17633056640625,111.72040557861328,75.07573699951172,35.86012649536133,35.8237190246582
2022-02-23 05:00:00,66.44464111328125,114.37842559814453,75.41765594482422,36.03240203857422,36.16959762573242
2022-02-24 05:00:00,65.60509490966797,113.78775024414062,74.99027252197266,34.74488067626953,36.38462829589844
2022-02-25 05:00:00,67.37071228027344,118.45402526855469,78.01619720458984,35.76945114135742,36.21635055541992
2022-02-28 05:00:00,67.8727035522461,121.50858306884766,81.08486938476562,35.57905197143555,40.881290435791016
2022-03-01 05:00:00,68.52183532714844,126.3351821899414,82.87991333007812,34.155517578125,43.741943359375
2022-03-02 05:00:00,69.69892120361328,130.06483459472656,83.80309295654297,35.57905197143555,45.219017028808594
2022-03-03 05:00:00,70.14034271240234,131.81997680664062,83.26457977294922,34.92621994018555,44.63941192626953
2022-03-04 05:00:00,72.7801284790039,133.8704071044922,85.7092514038086,35.307029724121094,52.492210388183594
2022-03-07 05:00:00,75.40258026123047,136.73089599609375,86.56404113769531,38.172218322753906,51.77235794067383
2022-03-08 05:00:00,75.97383117675781,143.8948516845703,84.45272064208984,40.87419891357422,51.04317092895508
2022-03-09 05:00:00,71.65495300292969,140.30026245117188,82.23882293701172,38.58930206298828,53.8825569152832
2022-03-10 05:00:00,73.87931060791016,144.1396026611328,85.2391357421875,39.35093688964844,54.472930908203125
2022-03-11 05:00:00,73.49848175048828,144.20704650878906,84.11934661865234,38.897586822509766,54.30424880981445
2022-03-14 04:00:00,70.86734771728516,140.67994689941406,82.5294418334961,37.67353439331055,52.092716217041016
2022-03-15 04:00:00,66.8341293334961,133.55821228027344,81.24728393554688,35.597171783447266,51.099403381347656
2022-03-16 04:00:00,66.5831298828125,133.07723999023438,81.0506820678711,34.34592819213867,49.65629196166992
2022-03-17 04:00:00,68.3573989868164,135.38082885742188,84.47835540771484,35.8238525390625,54.3604736328125
2022-03-18 04:00:00,68.08910369873047,136.4693145751953,85.13653564453125,36.0233268737793,52.70182418823242
2022-03-21 04:00:00,71.1443099975586,138.9248046875,87.83768463134766,37.34712219238281,57.1248779296875
2022-03-22 04:00:00,70.83273315429688,138.46070861816406,86.99141693115234,37.3561897277832,55.88792037963867
2022-03-23 04:00:00,71.94921875,139.9542999267578,89.21388244628906,38.453304290771484,56.075340270996094
2022-03-24 04:00:00,72.16560363769531,140.3255157470703,89.35917663574219,38.661834716796875,54.11682891845703
2022-03-25 04:00:00,73.74082946777344,142.86541748046875,91.88934326171875,39.60481262207031,55.01643753051758
2022-03-28 04:00:00,71.67227172851562,140.36770629882812,88.47020721435547,37.836734771728516,53.07666015625
2022-03-29 04:00:00,71.29145050048828,138.65481567382812,86.0682601928711,38.652767181396484,53.21723175048828
2022-03-30 04:00:00,72.51181030273438,139.6336212158203,86.67697143554688,38.27195739746094,53.86382293701172
2022-03-31 04:00:00,71.48184967041016,137.39752197265625,85.73391723632812,37.4559211730957,53.170372009277344
2022-04-01 04:00:00,71.9405746459961,138.57041931152344,86.23117065429688,37.800472259521484,54.454185485839844
2022-04-04 04:00:00,71.97518920898438,138.6969757080078,86.20543670654297,37.67353439331055,54.15431213378906
2022-04-05 04:00:00,71.60304260253906,137.8447723388672,84.06208801269531,36.685218811035156,52.21454620361328
2022-04-06 04:00:00,72.3992919921875,139.0682830810547,83.6248550415039,36.97536849975586,52.57063293457031
2022-04-07 04:00:00,73.61100769042969,141.00059509277344,85.69960021972656,37.147647857666016,54.051239013671875
2022-04-08 04:00:00,75.16024780273438,143.3886260986328,88.34880828857422,38.580230712890625,57.91203308105469
2022-04-11 04:00:00,72.57239532470703,139.70114135742188,84.00208282470703,37.47405242919922,54.27613830566406
2022-04-12 04:00:00,74.08702850341797,142.61227416992188,85.73391723632812,37.655391693115234,55.41938018798828
2022-04-13 04:00:00,75.13427734375,144.8568115234375,85.93109130859375,38.598365783691406,55.86917495727539
2022-04-14 04:00:00,76.01709747314453,144.789306640625,86.90847778320312,39.21493148803711,55.60679626464844
2022-04-18 04:00:00,76.6402587890625,146.73007202148438,88.70887756347656,39.60481262207031,57.509090423583984
2022-04-19 04:00:00,75.95650482177734,144.99183654785156,87.07135009765625,39.378143310546875,56.58137130737305
2022-04-20 04:00:00,76.12960815429688,145.5824737548828,88.02299499511719,38.6981086730957,57.60279846191406
2022-04-21 04:00:00,75.32469940185547,138.87420654296875,84.5936508178711,36.85750961303711,55.47560501098633
2022-04-22 04:00:00,73.68022918701172,135.8111572265625,82.3131332397461,37.764198303222656,53.05792236328125
2022-04-25 04:00:00,71.19625091552734,132.89163208007812,78.58370971679688,35.08034896850586,51.464874267578125
2022-04-26 04:00:00,71.22220611572266,132.08154296875,78.29220581054688,35.851051330566406,51.37116622924805
2022-04-27 04:00:00,73.25614929199219,131.83680725097656,79.78396606445312,36.22280502319336,52.092716217041016
2022-04-28 04:00:00,75.4718246459961,136.5199737548828,83.63343811035156,36.36787796020508,53.4421272277832
2022-04-29 04:00:00,73.78409576416016,132.19964599609375,81.89303588867188,35.37050247192383,51.624168395996094
2022-05-02 04:00:00,74.7880859375,134.79859924316406,82.23595428466797,35.461181640625,54.632225036621094
2022-05-03 04:00:00,76.32869720458984,137.1106414794922,84.8165512084961,36.40414810180664,55.513092041015625
2022-05-04 04:00:00,79.36656951904297,141.4140625,89.0432357788086,38.62556457519531,57.69650650024414
2022-05-05 04:00:00,78.16352844238281,140.2917938232422,88.18590545654297,38.154090881347656,58.37120819091797
2022-05-06 04:00:00,79.35794830322266,144.0299072265625,92.32686614990234,39.015445709228516,60.85449981689453
2022-05-09 04:00:00,73.10034942626953,134.37669372558594,83.33335876464844,34.49100112915039,54.2011604309082
2022-05-10 04:00:00,73.58503723144531,135.66773986816406,84.01921844482422,34.355003356933594,55.67239761352539
2022-05-11 04:00:00,75.11698150634766,137.67599487304688,84.91085815429688,34.79021453857422,56.31898498535156
2022-05-12 04:00:00,75.45799255371094,138.98388671875,85.39096069335938,35.38862991333008,55.49435806274414
2022-05-13 04:00:00,77.69636535644531,141.6503143310547,88.228759765625,36.93909454345703,60.0485954284668
2022-05-16 04:00:00,79.52377319335938,145.9875030517578,90.85539245605469,38.20848083496094,63.459598541259766
2022-05-17 04:00:00,80.53804779052734,146.8482208251953,92.1644058227539,38.94291687011719,63.66575622558594
2022-05-18 04:00:00,79.261474609375,142.97731018066406,89.97697448730469,37.29271697998047,60.2547607421875
2022-05-19 04:00:00,79.68990325927734,141.9563751220703,90.08892059326172,37.03883743286133,59.93614959716797
2022-05-20 04:00:00,80.31946563720703,142.77310180664062,90.44202423095703,37.28364562988281,59.280181884765625
2022-05-23 04:00:00,82.09441375732422,146.09104919433594,93.88678741455078,39.722686767578125,61.304283142089844
2022-05-24 04:00:00,82.54035186767578,146.8737335205078,94.2829360961914,39.80428695678711,60.976314544677734
2022-05-25 04:00:00,84.20166015625,149.23031616210938,95.76416778564453,40.84699249267578,62.21327209472656
2022-05-26 04:00:00,84.4989242553711,150.2341766357422,97.4434814453125,42.333984375,64.34046173095703
2022-05-27 04:00:00,85.32959747314453,151.67196655273438,98.69220733642578,43.712181091308594,66.40206909179688
2022-05-31 04:00:00,83.93933868408203,148.59222412109375,96.76313781738281,41.82390594482422,64.94956970214844
2022-06-01 04:00:00,85.54817199707031,150.00448608398438,99.68256378173828,42.4791145324707,65.98973083496094
2022-06-02 04:00:00,85.39954376220703,149.73223876953125,99.00222778320312,42.1333122253418,64.94020080566406
2022-06-03 04:00:00,86.64115142822266,151.0934295654297,101.72358703613281,43.198020935058594,65.86793518066406
2022-06-06 04:00:00,86.42253875732422,150.43836975097656,101.0863037109375,42.970523834228516,65.23068237304688
2022-06-07 04:00:00,90.3834457397461,153.305419921875,105.67644500732422,44.526634216308594,66.111572265625
2022-06-08 04:00:00,91.45015716552734,154.0966033935547,104.94442749023438,45.109039306640625,64.68717193603516
2022-06-09 04:00:00,89.47410583496094,151.025390625,102.10250091552734,43.80772399902344,61.19464111328125
2022-06-10 04:00:00,87.83901977539062,149.2217559814453,100.6126480102539,42.96141815185547,59.96473693847656
2022-06-13 04:00:00,83.80819702148438,142.35621643066406,96.2464370727539,40.331504821777344,56.171756744384766
2022-06-14 04:00:00,84.02677154541016,142.54339599609375,96.01390075683594,39.33049392700195,58.2935791015625
2022-06-15 04:00:00,82.96878814697266,139.7444305419922,94.15373992919922,37.783485412597656,56.5942497253418
2022-06-16 04:00:00,79.90850830078125,132.27484130859375,88.20291900634766,35.017059326171875,53.336421966552734
2022-06-17 04:00:00,75.30059051513672,126.23451232910156,80.727783203125,33.34264373779297,52.275508880615234
2022-06-21 04:00:00,79.9872055053711,131.51768493652344,85.49878692626953,35.32646179199219,54.33160400390625
2022-06-22 04:00:00,76.8219985961914,125.80062103271484,80.14219665527344,34.143455505371094,52.36000061035156
2022-06-23 04:00:00,74.50492095947266,121.17252349853516,75.68985748291016,31.8320369720459,52.66043472290039
2022-06-24 04:00:00,75.98258972167969,123.16326904296875,78.29064178466797,31.90484046936035,54.00300598144531
2022-06-27 04:00:00,77.84500122070312,125.54537963867188,80.04375457763672,32.66012954711914,55.29862976074219
2022-06-28 04:00:00,80.00468444824219,127.5616683959961,82.63866424560547,33.642948150634766,57.93680953979492
2022-06-29 04:00:00,77.04932403564453,125.0434341430664,79.37548065185547,32.924041748046875,55.48638916015625
2022-06-30 04:00:00,74.8808822631836,123.17178344726562,77.9435043334961,32.541839599609375,55.27985382080078
2022-07-01 04:00:00,76.5509262084961,124.64356994628906,78.95891571044922,32.44173812866211,56.74446105957031
2022-07-05 04:00:00,74.1551742553711,121.36819458007812,73.45660400390625,30.330535888671875,55.495784759521484
2022-07-06 04:00:00,72.8173828125,119.76876831054688,72.32837677001953,29.78452491760254,55.495784759521484
2022-07-07 04:00:00,75.14320373535156,122.09986114501953,74.940673828125,31.28603172302246,57.711483001708984
2022-07-08 04:00:00,75.26560974121094,121.46178436279297,75.03614044189453,31.23142433166504,56.96039962768555
2022-07-11 04:00:00,74.8808822631836,120.38983154296875,74.24636840820312,30.366924285888672,55.88071823120117
2022-07-12 04:00:00,73.88410949707031,118.18637084960938,72.42384338378906,29.78452491760254,53.86217498779297
2022-07-13 04:00:00,74.18138885498047,117.39521026611328,72.1287612915039,29.384117126464844,54.463043212890625
2022-07-14 04:00:00,72.6949691772461,115.65115356445312,70.82696533203125,28.510517120361328,53.730735778808594
2022-07-15 04:00:00,73.91908264160156,117.10591888427734,71.9378433227539,29.393218994140625,55.120243072509766
2022-07-18 04:00:00,75.28309631347656,118.74787902832031,73.82978820800781,30.148521423339844,56.37831497192383
2022-07-19 04:00:00,77.18048858642578,123.02717590332031,76.78925323486328,31.14043426513672,58.97894287109375
2022-07-20 04:00:00,78.02861022949219,124.65210723876953,78.72459411621094,31.067636489868164,59.66429901123047
2022-07-21 04:00:00,76.72581481933594,123.69926452636719,77.17976379394531,30.603530883789062,58.209075927734375
2022-07-22 04:00:00,76.13997650146484,122.66984558105469,76.48546600341797,31.913938522338867,57.32655715942383
2022-07-25 04:00:00,78.67564392089844,126.31954956054688,79.88752746582031,32.914947509765625,60.47172546386719
2022-07-26 04:00:00,78.36961364746094,125.33267211914062,79.05435943603516,32.396236419677734,58.27479553222656
2022-07-27 04:00:00,80.06590270996094,126.983154296875,80.94634246826172,33.06053924560547,58.941383361816406
2022-07-28 04:00:00,81.00147247314453,127.94450378417969,81.6319580078125,32.4963493347168,58.8099479675293
2022-07-29 04:00:00,84.75250244140625,139.33607482910156,84.55667114257812,33.697547912597656,61.72978973388672
2022-08-01 04:00:00,82.61032104492188,136.5541229248047,82.53451538085938,33.12424850463867,61.24158477783203
2022-08-02 04:00:00,82.25182342529297,135.38858032226562,82.19606018066406,33.38814926147461,61.08197021484375
2022-08-03 04:00:00,79.5849838256836,132.17274475097656,79.25399017333984,32.341644287109375,57.260833740234375
2022-08-04 04:00:00,76.23615264892578,128.5825653076172,78.0042495727539,30.894729614257812,53.94667053222656
2022-08-05 04:00:00,77.33784484863281,130.7094268798828,80.58182525634766,31.540834426879883,55.40189743041992
2022-08-08 04:00:00,77.77503967285156,130.51380920410156,81.2587661743164,31.531747817993164,56.36891555786133
2022-08-09 04:00:00,79.2090072631836,132.2152862548828,82.8903579711914,31.841140747070312,58.59400939941406
2022-08-10 04:00:00,79.96097564697266,132.56407165527344,83.29828643798828,31.777433395385742,59.0164909362793
2022-08-11 04:00:00,82.27408599853516,135.79693603515625,87.09952545166016,33.57014465332031,61.67345428466797
2022-08-12 04:00:00,82.98918914794922,135.99261474609375,89.17375946044922,33.79765319824219,61.71101760864258
2022-08-15 04:00:00,81.5059814453125,133.4063262939453,87.8486557006836,32.541839599609375,60.40599822998047
2022-08-16 04:00:00,80.74671936035156,133.06605529785156,87.26457977294922,32.37804412841797,59.62674331665039
2022-08-17 04:00:00,81.40005493164062,134.16351318359375,88.36299896240234,32.2142448425293,59.11977005004883
2022-08-18 04:00:00,83.32469177246094,136.5157470703125,91.4316177368164,33.788551330566406,60.91297912597656
2022-08-19 04:00:00,83.059814453125,135.37396240234375,91.6583023071289,33.77945327758789,66.93106079101562
2022-08-22 04:00:00,82.99801635742188,134.6957550048828,91.74547576904297,33.59744644165039,64.8092269897461
2022-08-23 04:00:00,86.52066040039062,139.06544494628906,94.54389190673828,35.81787109375,69.2781982421875
2022-08-24 04:00:00,87.03272247314453,140.09559631347656,96.34843444824219,36.3183708190918,70.3297119140625
2022-08-25 04:00:00,87.48297119140625,141.32322692871094,97.70842742919922,36.55497360229492,69.92601776123047
2022-08-26 04:00:00,86.40586853027344,140.28448486328125,97.74329376220703,35.87245559692383,69.05286407470703
2022-08-29 04:00:00,88.39231872558594,141.33184814453125,98.8765869140625,36.74607467651367,70.65830993652344
2022-08-30 04:00:00,85.02859497070312,137.88929748535156,96.33101654052734,35.19906234741211,67.60702514648438
2022-08-31 04:00:00,84.39295196533203,135.69158935546875,95.4156494140625,34.716758728027344,66.65878295898438
2022-09-01 04:00:00,82.87442779541016,133.52821350097656,93.74185180664062,33.53374481201172,64.2177505493164
2022-09-02 04:00:00,84.39295196533203,135.51132202148438,96.12178039550781,34.643951416015625,64.56511688232422
2022-09-06 04:00:00,83.82791137695312,134.88462829589844,94.70079040527344,34.154850006103516,62.79069137573242
2022-09-07 04:00:00,83.11279296875,133.15908813476562,93.0705795288086,33.88059997558594,61.429351806640625
2022-09-08 04:00:00,83.79259490966797,133.88018798828125,94.4305419921875,34.895355224609375,60.65949249267578
2022-09-09 04:00:00,85.19635772705078,137.33128356933594,97.61251068115234,36.24839782714844,61.722530364990234
2022-09-12 04:00:00,86.17633819580078,139.50326538085938,99.72223663330078,36.70550537109375,62.842041015625
2022-09-13 04:00:00,84.16341400146484,136.8505401611328,97.9263687133789,35.16962814331055,61.46853256225586
2022-09-14 04:00:00,86.22930145263672,140.16429138183594,102.61651611328125,36.787776947021484,63.21832275390625
2022-09-15 04:00:00,83.72196197509766,137.88929748535156,100.74219512939453,36.2301139831543,61.23335266113281
2022-09-16 04:00:00,82.29171752929688,134.30941772460938,98.62377166748047,35.07820510864258,60.59364700317383
2022-09-19 04:00:00,82.28289794921875,134.6957550048828,98.39713287353516,35.62673568725586,60.8476448059082
2022-09-20 04:00:00,81.6119384765625,134.1634979248047,97.69970703125,35.19706344604492,60.47134017944336
2022-09-21 04:00:00,80.29644775390625,133.0731964111328,96.84536743164062,34.355979919433594,58.96614456176758
2022-09-22 04:00:00,79.96097564697266,132.97021484375,95.94743347167969,34.95021438598633,58.213539123535156
2022-09-23 04:00:00,75.70555877685547,124.2823715209961,87.69174194335938,31.997318267822266,55.25019073486328
2022-09-26 04:00:00,74.14289855957031,121.01158905029297,86.47998809814453,30.955129623413086,54.45054626464844
2022-09-27 04:00:00,75.69673919677734,121.06305694580078,86.09638977050781,31.06482696533203,55.06203079223633
2022-09-28 04:00:00,78.45127868652344,125.1494369506836,91.08390808105469,32.39957046508789,57.771400451660156
2022-09-29 04:00:00,78.29236602783203,124.2823715209961,91.66754150390625,32.88410186767578,58.42991256713867
2022-09-30 04:00:00,77.08283996582031,123.3380355834961,90.50022888183594,32.82011032104492,57.80902099609375
2022-10-03 04:00:00,81.15283203125,130.25741577148438,97.24752807617188,35.01421356201172,60.264373779296875
2022-10-04 04:00:00,84.11042022705078,135.3224334716797,102.24388122558594,35.76385498046875,62.249351501464844
2022-10-05 04:00:00,87.50946044921875,136.09507751464844,102.51801300048828,38.00366973876953,63.726318359375
2022-10-06 04:00:00,90.10505676269531,138.5760955810547,104.03905487060547,38.844749450683594,66.32280731201172
2022-10-07 04:00:00,89.19573211669922,137.38279724121094,104.7995376586914,38.936161041259766,65.66427612304688
2022-10-10 04:00:00,87.26224517822266,134.90179443359375,103.2873764038086,38.51563262939453,61.74134826660156
2022-10-11 04:00:00,86.52066040039062,134.9275360107422,102.2085189819336,38.1773796081543,60.23615646362305
2022-10-12 04:00:00,86.9002914428711,135.33102416992188,102.84521484375,38.41506576538086,61.252166748046875
2022-10-13 04:00:00,89.93733978271484,141.8898162841797,108.5401611328125,40.398902893066406,63.97092819213867
2022-10-14 04:00:00,87.57125091552734,137.4772491455078,104.31315612792969,38.54306411743164,62.72913360595703
2022-10-17 04:00:00,88.83375549316406,138.48165893554688,104.66688537597656,39.18301010131836,63.368839263916016
2022-10-18 04:00:00,88.99266815185547,139.69212341308594,104.25127410888672,39.64011001586914,63.76396179199219
2022-10-19 04:00:00,91.6324234008789,144.2248992919922,107.0987548828125,41.569091796875,64.40367889404297
2022-10-20 04:00:00,91.75604248046875,145.04904174804688,107.71776580810547,41.77022171020508,64.77056121826172
2022-10-21 04:00:00,93.4599609375,148.680419921875,110.08769989013672,46.08528518676758,67.03776550292969
2022-10-24 04:00:00,94.11327362060547,148.62892150878906,110.6624984741211,47.67601013183594,66.63327026367188
2022-10-25 04:00:00,93.47763061523438,150.17416381835938,109.6013412475586,47.96856689453125,66.87784576416016
2022-10-26 04:00:00,94.59001159667969,152.0284881591797,111.92707824707031,47.703433990478516,68.22310638427734
2022-10-27 04:00:00,94.95199584960938,152.72384643554688,111.98897552490234,47.246337890625,67.61162567138672
2022-10-28 04:00:00,97.7330093383789,154.50950622558594,112.45765686035156,46.121849060058594,67.58338928222656
2022-10-31 04:00:00,97.83013916015625,155.29930114746094,111.50260162353516,47.56629943847656,68.29837799072266
2022-11-01 04:00:00,98.80127716064453,156.43251037597656,112.99708557128906,47.127479553222656,69.42727661132812
2022-11-02 04:00:00,96.77068328857422,153.23895263671875,111.8740234375,46.752662658691406,66.88726043701172
2022-11-03 04:00:00,98.08616638183594,155.49676513671875,118.33834075927734,47.35603332519531,67.88443756103516
2022-11-04 04:00:00,99.15442657470703,157.46267700195312,117.01187896728516,48.54450225830078,68.92865753173828
2022-11-07 05:00:00,100.32864379882812,159.34275817871094,119.3287582397461,50.10780334472656,71.46868896484375
2022-11-08 05:00:00,100.64647674560547,159.11094665527344,118.88660430908203,49.99810028076172,70.39624786376953
2022-11-09 05:00:00,96.14385986328125,152.74961853027344,110.76863861083984,48.517086029052734,63.90507507324219
2022-11-10 05:00:00,97.55643463134766,155.64273071289062,114.48272705078125,48.54450225830078,66.3039779663086
2022-11-11 05:00:00,100.6023178100586,160.0724639892578,118.46212768554688,50.116947174072266,69.92586517333984
2022-11-14 05:00:00,100.89602661132812,160.14974975585938,118.08930969238281,49.43128967285156,68.9380874633789
2022-11-15 05:00:00,101.57240295410156,161.43748474121094,119.03026580810547,49.97981643676758,70.01994323730469
2022-11-16 05:00:00,100.48661804199219,158.8105010986328,114.72494506835938,48.44395446777344,67.6680679321289
2022-11-17 05:00:00,100.6201171875,159.26034545898438,116.45597076416016,48.29767608642578,67.22591400146484
2022-11-18 05:00:00,99.74795532226562,158.30873107910156,114.14795684814453,48.85533142089844,67.02836608886719
2022-11-21 05:00:00,98.76007843017578,156.79476928710938,111.3961181640625,47.78571701049805,65.46671295166016
2022-11-22 05:00:00,101.61689758300781,160.81759643554688,115.38184356689453,49.038177490234375,68.45830535888672
2022-11-23 05:00:00,101.1095962524414,159.39015197753906,112.50572967529297,47.008628845214844,66.90606689453125
2022-11-25 05:00:00,100.75362396240234,158.9229278564453,112.5678939819336,46.46925735473633,66.11582946777344
2022-11-28 05:00:00,97.72771453857422,154.30322265625,109.93142700195312,45.60075378417969,64.18730163574219
2022-11-29 05:00:00,98.37741088867188,156.6131134033203,110.29537963867188,46.670379638671875,65.0151596069336
2022-11-30 05:00:00,99.08938598632812,158.58560180664062,109.63851165771484,47.127479553222656,65.37262725830078
2022-12-01 05:00:00,98.60879516601562,157.8761749267578,109.23902130126953,47.3194694519043,64.72354125976562
2022-12-02 05:00:00,97.77220916748047,156.6131134033203,108.45787048339844,48.26110076904297,64.1684799194336
2022-12-05 05:00:00,95.09339904785156,152.7459716796875,105.96346282958984,46.972068786621094,62.4281005859375
2022-12-06 05:00:00,92.45018768310547,148.80966186523438,102.62574005126953,46.67393493652344,60.339630126953125
2022-12-07 05:00:00,92.24549865722656,149.2509002685547,101.97774505615234,45.6832160949707,60.160892486572266
2022-12-08 05:00:00,92.93075561523438,150.13333129882812,99.95379638671875,45.79328918457031,59.935123443603516
2022-12-09 05:00:00,92.14759826660156,145.3405303955078,97.66357421875,43.08716583251953,59.01129150390625
2022-12-12 05:00:00,94.4170150756836,146.8544921875,99.22589874267578,45.04108428955078,60.359317779541016
2022-12-13 05:00:00,95.44940185546875,150.12466430664062,100.67283630371094,46.82987976074219,60.59498977661133
2022-12-14 05:00:00,94.74632263183594,149.0865478515625,100.19347381591797,46.26114273071289,60.02938461303711
2022-12-15 05:00:00,93.83854675292969,147.97052001953125,99.90941619873047,45.967586517333984,59.53919219970703
2022-12-16 05:00:00,93.17996978759766,145.96340942382812,98.03639221191406,45.297935485839844,58.94530487060547
2022-12-19 05:00:00,93.5982437133789,146.96694946289062,98.03639221191406,45.71073913574219,58.83218765258789
2022-12-20 05:00:00,94.95101928710938,149.3806915283203,99.9981918334961,47.4811897277832,58.79447555541992
2022-12-21 05:00:00,96.1702651977539,151.13687133789062,103.22049713134766,48.90305709838867,60.076515197753906
2022-12-22 05:00:00,94.23013305664062,148.87022399902344,100.22010803222656,47.14177703857422,58.25715637207031
2022-12-23 05:00:00,96.7220458984375,153.47268676757812,104.55226135253906,48.60951232910156,60.28390884399414
2022-12-27 05:00:00,98.06591033935547,155.4019012451172,105.8206558227539,49.07734680175781,60.64213180541992
2022-12-28 05:00:00,96.45507049560547,153.1093292236328,102.998046875,48.251747131347656,58.5211067199707
2022-12-29 05:00:00,97.18482971191406,154.2686309814453,103.9627456665039,48.5361213684082,58.70963668823242
2022-12-30 05:00:00,98.16380310058594,155.28079223632812,105.40082550048828,49.040653228759766,59.37894058227539
2023-01-03 05:00:00,94.79080963134766,150.5226287841797,101.04187774658203,47.242679595947266,57.55015563964844
2023-01-04 05:00:00,95.06670379638672,148.92214965820312,101.23839569091797,47.426151275634766,57.60671615600586
2023-01-05 05:00:00,97.19373321533203,151.6040496826172,104.30213928222656,48.315956115722656,58.653079986572266
2023-01-06 05:00:00,98.36848449707031,152.7459716796875,105.60629272460938,49.99467468261719,60.09536361694336
2023-01-09 05:00:00,96.53514862060547,151.55213928222656,104.82916259765625,51.04043197631836,60.40644836425781
2023-01-10 05:00:00,97.97689819335938,152.296142578125,105.47229766845703,51.3339958190918,60.472434997558594
2023-01-11 05:00:00,99.11607360839844,151.56944274902344,105.6152114868164,51.66423416137695,60.4158821105957
2023-01-12 05:00:00,100.76251220703125,153.1958465576172,107.33021545410156,53.20534896850586,61.971282958984375
2023-01-13 05:00:00,100.70023345947266,153.61111450195312,108.5003433227539,53.46220016479492,61.565940856933594
2023-01-17 05:00:00,100.50444030761719,156.14593505859375,107.40166473388672,53.6273193359375,61.009769439697266
2023-01-18 05:00:00,98.43968963623047,153.32562255859375,105.8921127319336,52.40727233886719,60.72695541381836
2023-01-19 05:00:00,99.07157135009766,154.85690307617188,106.86570739746094,52.6366081237793,61.905296325683594
2023-01-20 05:00:00,100.87821197509766,156.5006103515625,108.79509735107422,52.60908126831055,63.074222564697266
2023-01-23 05:00:00,100.35313415527344,156.2930145263672,107.30340576171875,51.242252349853516,62.68772506713867
2023-01-24 05:00:00,101.28759765625,156.4400634765625,106.12435150146484,50.88450622558594,60.736385345458984
2023-01-25 05:00:00,100.75362396240234,154.92608642578125,107.51778411865234,51.60002136230469,60.82121658325195
2023-01-26 05:00:00,104.80299377441406,162.4613037109375,111.34080505371094,52.71916198730469,63.243896484375
2023-01-27 05:00:00,102.8895492553711,155.24618530273438,110.41182708740234,52.260494232177734,62.725433349609375
2023-01-30 05:00:00,101.06510162353516,150.70433044433594,107.66069793701172,51.68257522583008,60.45357131958008
2023-01-31 05:00:00,103.24552917480469,150.54859924316406,108.85761260986328,52.26966857910156,61.07574462890625
2023-02-01 05:00:00,102.11527252197266,148.24732971191406,105.13287353515625,51.09547424316406,59.85969924926758
2023-02-02 05:00:00,98.92028045654297,146.2143096923828,99.41619873046875,47.96737289428711,58.88874816894531
2023-02-03 05:00:00,99.60555267333984,146.59498596191406,96.56682586669922,48.2884407043457,57.72926330566406
2023-02-06 05:00:00,99.43646240234375,146.7593536376953,96.01302337646484,48.70124435424805,58.021488189697266
2023-02-07 05:00:00,102.27545928955078,150.609130859375,100.05933380126953,49.669002532958984,60.89664077758789
2023-02-08 05:00:00,101.385498046875,147.07077026367188,98.96066284179688,50.424774169921875,60.26504898071289
2023-02-09 05:00:00,101.76818084716797,145.72119140625,98.19249725341797,49.6229133605957,59.576900482177734
2023-02-10 05:00:00,106.05785369873047,148.7750701904297,102.77473449707031,51.94553756713867,61.867591857910156
2023-02-13 05:00:00,105.64530944824219,147.94456481933594,100.76500701904297,52.821128845214844,61.04747009277344
2023-02-14 05:00:00,104.40768432617188,149.07789611816406,101.87755584716797,52.369503021240234,62.53688049316406
2023-02-15 05:00:00,104.09381103515625,147.5068817138672,100.17284393310547,51.60451126098633,59.294105529785156
2023-02-16 05:00:00,103.78890228271484,145.3773193359375,97.22105407714844,51.41096115112305,58.91702651977539
2023-02-17 05:00:00,99.79804229736328,142.13063049316406,93.41691589355469,49.16208267211914,57.248497009277344
2023-02-21 05:00:00,99.69941711425781,140.5159912109375,94.48457336425781,49.217384338378906,56.390663146972656
2023-02-22 05:00:00,98.4079818725586,139.94869995117188,93.38102722167969,48.30492401123047,55.0709228515625
2023-02-23 05:00:00,99.31375885009766,141.32766723632812,94.59223175048828,49.143638610839844,55.8250617980957
2023-02-24 05:00:00,99.32272338867188,141.74659729003906,94.43075561523438,49.69664764404297,55.598819732666016
2023-02-27 05:00:00,99.14336395263672,142.10443115234375,94.97804260253906,50.13905715942383,55.57997131347656
2023-02-28 05:00:00,98.56941986083984,140.31524658203125,92.72604370117188,49.04226303100586,55.20289611816406
2023-03-01 05:00:00,99.44828796386719,141.43238830566406,95.32794952392578,50.59067153930664,56.2869758605957
2023-03-02 05:00:00,99.9056625366211,141.87753295898438,97.19413757324219,50.96855926513672,56.814876556396484
2023-03-03 05:00:00,101.17018127441406,143.97215270996094,97.47228240966797,51.60451126098633,57.73868942260742
2023-03-06 05:00:00,102.06700134277344,145.02822875976562,98.29769134521484,51.01464080810547,58.144046783447266
2023-03-07 05:00:00,100.09398651123047,143.16049194335938,96.58403778076172,49.8072509765625,57.361610412597656
2023-03-08 05:00:00,98.63218688964844,142.25282287597656,96.20719909667969,49.346412658691406,58.58709716796875
2023-03-09 05:00:00,97.86988830566406,140.08831787109375,94.93318176269531,48.10214614868164,57.25407028198242
2023-03-10 05:00:00,96.65916442871094,139.35520935058594,93.50663757324219,47.0053596496582,56.59227752685547
2023-03-13 04:00:00,95.5471420288086,138.51736450195312,90.33051300048828,45.01455307006836,55.92103958129883
2023-03-14 04:00:00,95.90585327148438,140.30653381347656,90.94062042236328,45.49382019042969,56.90426254272461
2023-03-15 04:00:00,91.13477325439453,134.2320556640625,85.44971466064453,41.770259857177734,53.69932174682617
2023-03-16 04:00:00,90.60564422607422,134.65968322753906,86.49049377441406,42.562896728515625,55.817039489746094
2023-03-17 04:00:00,89.53843688964844,132.95779418945312,84.68710327148438,41.180389404296875,55.28760528564453
2023-03-20 04:00:00,91.87911987304688,134.91282653808594,86.27515411376953,42.59977340698242,55.76031494140625
2023-03-21 04:00:00,95.99553680419922,139.04103088378906,89.4602279663086,44.49840545654297,56.951534271240234
2023-03-22 04:00:00,93.7983169555664,136.2132568359375,88.25798797607422,43.687339782714844,55.47669219970703
2023-03-23 04:00:00,92.7400894165039,134.8604736328125,86.50843811035156,41.917728424072266,55.28760528564453
2023-03-24 04:00:00,92.84769439697266,136.20452880859375,85.62020874023438,41.07899475097656,55.003990173339844
2023-03-27 04:00:00,94.88347625732422,137.59217834472656,87.45947265625,43.106685638427734,56.39374542236328
2023-03-28 04:00:00,96.06729125976562,139.19813537597656,88.4073715209961,43.908531188964844,58.813987731933594
2023-03-29 04:00:00,97.7174301147461,140.39381408691406,90.05039978027344,44.88551330566406,58.70054244995117
2023-03-30 04:00:00,98.19274139404297,141.7291717529297,89.59900665283203,44.92237854003906,58.9179801940918
2023-03-31 04:00:00,98.3451919555664,142.4011993408203,89.56291198730469,45.254188537597656,59.02198028564453
2023-04-03 04:00:00,104.14762115478516,148.32728576660156,97.87733459472656,48.2311897277832,61.621856689453125
2023-04-04 04:00:00,103.15213775634766,147.5330352783203,95.96349334716797,46.50765609741211,61.29096603393555
2023-04-05 04:00:00,104.91889190673828,148.26617431640625,97.2724838256836,46.728858947753906,61.045162200927734
2023-04-06 04:00:00,103.1790542602539,146.31991577148438,95.92736053466797,45.73345184326172,59.59867858886719
2023-04-10 04:00:00,102.72169494628906,146.87847900390625,95.64752197265625,46.12055587768555,60.59135437011719
2023-04-11 04:00:00,103.44810485839844,147.69015502929688,96.36971282958984,47.134395599365234,60.85608673095703
2023-04-12 04:00:00,103.34049224853516,148.21383666992188,97.07389068603516,47.90860366821289,61.300411224365234
2023-04-13 04:00:00,103.82475280761719,150.19500732421875,98.43702697753906,47.825653076171875,61.23423767089844
2023-04-14 04:00:00,104.07587432861328,150.50048828125,97.9495620727539,48.36943435668945,60.9600715637207
2023-04-17 04:00:00,102.86516571044922,149.17384338378906,95.340576171875,47.98233413696289,59.50414276123047
2023-04-18 04:00:00,104.87403869628906,148.82476806640625,94.74474334716797,48.08372116088867,59.56086349487305
2023-04-19 04:00:00,104.5422134399414,148.96441650390625,95.02461242675781,48.5076904296875,59.05979919433594
2023-04-20 04:00:00,103.70816802978516,148.2400360107422,93.68852996826172,47.899383544921875,58.6438102722168
2023-04-21 04:00:00,104.03999328613281,147.6028594970703,92.31633758544922,45.899356842041016,58.49254608154297
2023-04-24 04:00:00,106.00403594970703,149.66262817382812,93.57118225097656,46.28645706176758,59.33396530151367
2023-04-25 04:00:00,104.49738311767578,147.4894256591797,92.16284942626953,45.125144958496094,57.982032775878906
2023-04-26 04:00:00,103.53778076171875,144.86241149902344,90.70037841796875,44.03757095336914,56.97043991088867
2023-04-27 04:00:00,104.775390625,145.708984375,91.386474609375,44.20348358154297,57.27297592163086
2023-04-28 04:00:00,106.12958526611328,147.13157653808594,92.88506317138672,45.484588623046875,58.171112060546875
2023-05-01 04:00:00,102.83826446533203,145.96209716796875,92.56006622314453,45.300270080566406,57.83076477050781
2023-05-02 04:00:00,98.73980712890625,139.67813110351562,89.04832458496094,42.562896728515625,56.762454986572266
2023-05-03 04:00:00,96.79370880126953,136.8765411376953,86.74629211425781,41.72417068481445,55.7508659362793
2023-05-04 04:00:00,95.09870147705078,136.34417724609375,87.89280700683594,41.53983688354492,55.495601654052734
2023-05-05 04:00:00,97.46631622314453,139.82652282714844,90.610107421875,42.16657257080078,57.3769645690918
2023-05-08 04:00:00,97.8519515991211,139.2766876220703,91.08858489990234,42.95922088623047,55.74140930175781
2023-05-09 04:00:00,97.87884521484375,138.8751983642578,91.65731048583984,43.475345611572266,55.74140930175781
2023-05-10 04:00:00,96.62330627441406,137.1034698486328,90.70037841796875,42.26796340942383,53.7465934753418
2023-05-11 04:00:00,94.87451171875,136.34417724609375,90.17677307128906,40.68268585205078,54.767635345458984
2023-05-12 04:00:00,94.86553955078125,136.69325256347656,89.76151275634766,40.6181640625,54.918888092041016
2023-05-15 04:00:00,95.04645538330078,137.19947814941406,91.00467681884766,41.106651306152344,55.32542419433594
2023-05-16 04:00:00,92.73971557617188,133.97894287109375,88.9902114868164,39.86239242553711,54.96616744995117
2023-05-17 04:00:00,94.82029724121094,135.8990478515625,91.38578033447266,41.01448059082031,55.703582763671875
2023-05-18 04:00:00,95.67967224121094,135.73159790039062,91.41299438476562,41.337066650390625,55.07016372680664
2023-05-19 04:00:00,96.12294006347656,136.80679321289062,93.10079956054688,41.72417068481445,55.90212631225586
2023-05-22 04:00:00,94.95600128173828,134.34791564941406,94.12618255615234,42.396995544433594,55.817039489746094
2023-05-23 04:00:00,96.24958038330078,138.2345428466797,94.7250747680664,42.452293395996094,56.42210388183594
2023-05-24 04:00:00,97.3260498046875,138.6046905517578,94.35302734375,42.608970642089844,56.14794158935547
2023-05-25 04:00:00,95.5801773071289,136.21630859375,92.2750473022461,41.62278366088867,55.59959030151367
2023-05-26 04:00:00,94.95600128173828,135.79327392578125,92.42023468017578,40.99605178833008,55.722496032714844
2023-05-30 04:00:00,94.11471557617188,134.9472198486328,91.83041381835938,40.83936309814453,55.391605377197266
2023-05-31 04:00:00,92.43215942382812,132.74391174316406,90.10633087158203,39.47529220581055,54.51237487792969
2023-06-01 04:00:00,93.49958801269531,134.1011505126953,90.31503295898438,41.45688247680664,54.9472541809082
2023-06-02 04:00:00,95.67062377929688,137.7145538330078,92.87394714355469,43.106685638427734,56.43156051635742
2023-06-05 04:00:00,95.2454605102539,137.0535430908203,92.619873046875,42.59977340698242,56.15738296508789
2023-06-06 04:00:00,96.02342987060547,137.3003387451172,92.50192260742188,43.507911682128906,56.19520568847656
2023-06-07 04:00:00,98.17637634277344,140.86082458496094,95.10618591308594,44.601402282714844,56.762454986572266
2023-06-08 04:00:00,97.86881256103516,140.34091186523438,94.8611831665039,43.97126388549805,56.620208740234375
2023-06-09 04:00:00,97.14513397216797,140.0059814453125,94.27135467529297,44.04539108276367,56.250396728515625
2023-06-12 04:00:00,96.26766967773438,138.65756225585938,93.3004379272461,43.572784423828125,56.127113342285156
2023-06-13 04:00:00,96.28575897216797,139.69749450683594,93.83580780029297,44.44387435913086,55.728851318359375
2023-06-14 04:00:00,95.12786865234375,138.446044921875,93.16431427001953,43.80445098876953,55.44437789916992
2023-06-15 04:00:00,95.7882308959961,139.49481201171875,94.5073013305664,44.388267517089844,55.39695739746094
2023-06-16 04:00:00,95.10073852539062,138.5958709716797,95.20600891113281,44.27706527709961,55.140933990478516
2023-06-20 04:00:00,92.92063903808594,135.44073486328125,92.58358001708984,43.795196533203125,54.2685432434082
2023-06-21 04:00:00,93.9609375,136.49835205078125,94.09895324707031,44.25852966308594,54.496124267578125
2023-06-22 04:00:00,93.44532012939453,134.52415466308594,92.03913116455078,43.40597152709961,53.59528350830078
2023-06-23 04:00:00,92.63117980957031,133.38729858398438,91.158935546875,43.174312591552734,53.168575286865234
2023-06-26 04:00:00,94.34086608886719,135.73159790039062,92.48259735107422,43.887855529785156,54.28751754760742
2023-06-27 04:00:00,94.5760726928711,135.30853271484375,92.00789642333984,44.61067581176758,54.17371368408203
2023-06-28 04:00:00,95.34497833251953,136.53358459472656,93.57804870605469,45.027687072753906,54.48663330078125
2023-06-29 04:00:00,96.52094268798828,137.69692993164062,94.08008575439453,44.91648483276367,55.491790771484375
2023-06-30 04:00:00,97.01850128173828,138.6751708984375,94.58218383789062,45.51882553100586,55.75729751586914
2023-07-03 04:00:00,97.20846557617188,138.5518035888672,95.14816284179688,45.84316635131836,56.146080017089844
2023-07-05 04:00:00,96.71092224121094,137.75860595703125,94.95645141601562,45.68562698364258,55.842647552490234
2023-07-06 04:00:00,93.10157775878906,134.73570251464844,91.59709930419922,45.51882553100586,54.62887954711914
2023-07-07 04:00:00,93.31867980957031,135.91668701171875,94.23528289794922,49.43869400024414,55.5771369934082
2023-07-10 04:00:00,94.70272064208984,136.8244171142578,95.25769805908203,49.68891143798828,55.662479400634766
2023-07-11 04:00:00,95.86058044433594,139.3538055419922,98.07846069335938,51.94076156616211,57.41674041748047
2023-07-12 04:00:00,96.33100128173828,140.6934051513672,99.78553009033203,52.524574279785156,58.14690017700195
2023-07-13 04:00:00,94.56703186035156,138.81619262695312,100.91747283935547,53.21031951904297,58.26069259643555
2023-07-14 04:00:00,91.31045532226562,135.3526153564453,97.75894165039062,52.94157791137695,56.307289123535156
2023-07-17 04:00:00,91.70848083496094,135.22923278808594,97.16559600830078,52.36703109741211,56.221946716308594
2023-07-18 04:00:00,91.29236602783203,135.50244140625,99.2743148803711,52.80257797241211,56.971065521240234
2023-07-19 04:00:00,91.92557525634766,136.3308868408203,99.94071960449219,53.154727935791016,57.04692840576172
2023-07-20 04:00:00,93.5448226928711,137.83795166015625,101.95816040039062,53.062049865722656,57.33140182495117
2023-07-21 04:00:00,93.97903442382812,139.85614013671875,103.05358123779297,51.9036865234375,57.5969123840332
2023-07-24 04:00:00,95.45352935791016,142.61468505859375,104.72415161132812,52.83965301513672,59.09514617919922
2023-07-25 04:00:00,95.59827423095703,143.26687622070312,106.05693054199219,53.636600494384766,60.12874984741211
2023-07-26 04:00:00,95.0645523071289,142.19163513183594,106.65028381347656,53.441993713378906,59.59772872924805
2023-07-27 04:00:00,95.36306762695312,140.71104431152344,105.69178009033203,52.83965301513672,58.649471282958984
2023-07-28 04:00:00,94.22327423095703,140.0147705078125,105.8287124633789,52.960113525390625,58.86757278442383
2023-07-31 04:00:00,97.00943756103516,144.2362823486328,107.4627456665039,54.062870025634766,59.86323165893555
2023-08-01 04:00:00,96.4485855102539,143.0377197265625,107.15235137939453,53.386390686035156,59.39860153198242
2023-08-02 04:00:00,95.2454605102539,140.77272033691406,105.5183334350586,53.256649017333984,58.28914260864258
2023-08-03 04:00:00,96.90089416503906,140.71983337402344,104.9706039428711,53.72926330566406,58.990840911865234
2023-08-04 04:00:00,97.1722640991211,140.40257263183594,103.80213928222656,53.441993713378906,60.23305892944336
2023-08-07 04:00:00,96.9732666015625,140.9136962890625,104.50506591796875,53.720001220703125,60.5933952331543
2023-08-08 04:00:00,97.45269775390625,140.70220947265625,105.5183334350586,54.22040939331055,60.45115661621094
2023-08-09 04:00:00,99.10811614990234,140.88729858398438,106.29427337646484,55.1470947265625,60.50804901123047
2023-08-10 04:00:00,99.61470031738281,141.74215698242188,105.7374267578125,54.60034942626953,60.432193756103516
2023-08-11 04:00:00,101.16156005859375,144.6681365966797,107.54489135742188,55.276832580566406,62.43301010131836
2023-08-14 04:00:00,101.24298858642578,144.56240844726562,107.43535614013672,55.1563606262207,61.74078369140625
2023-08-15 04:00:00,98.64373779296875,140.34091186523438,105.90423583984375,54.0536003112793,60.26150131225586
2023-08-16 04:00:00,96.98385620117188,139.80328369140625,105.1065673828125,53.534664154052734,59.31325149536133
2023-08-17 04:00:00,98.86260986328125,142.14341735839844,107.02278137207031,53.64586639404297,59.891685485839844
2023-08-18 04:00:00,100.35831451416016,143.16665649414062,107.53620147705078,53.77559280395508,60.754600524902344
2023-08-21 04:00:00,99.14533233642578,142.68618774414062,107.4628677368164,53.22885513305664,60.432193756103516
2023-08-22 04:00:00,98.58900451660156,141.5116729736328,106.49101257324219,52.27436828613281,59.654624938964844
2023-08-23 04:00:00,97.72260284423828,141.69854736328125,106.17928314208984,53.64586639404297,58.62101745605469
2023-08-24 04:00:00,96.99297332763672,140.53289794921875,105.2532730102539,52.62650680541992,58.17534255981445
2023-08-25 04:00:00,98.72579956054688,141.58285522460938,106.83023834228516,52.320701599121094,58.63999557495117
2023-08-28 04:00:00,99.55574035644531,142.55270385742188,107.74707794189453,53.59025955200195,59.01929473876953
2023-08-29 04:00:00,100.1485595703125,142.3302764892578,107.87544250488281,53.95166778564453,59.1710090637207
2023-08-30 04:00:00,101.12442016601562,142.52598571777344,108.82894897460938,54.67448043823242,59.38911056518555
2023-08-31 04:00:00,101.40714263916016,143.3446502685547,109.13150024414062,54.63741683959961,59.540836334228516
2023-09-01 04:00:00,103.53213500976562,146.19192504882812,111.98289489746094,55.712371826171875,61.228721618652344
2023-09-05 04:00:00,103.54124450683594,148.1138916015625,112.61550903320312,56.02876281738281,62.75541305541992
2023-09-06 04:00:00,104.4350357055664,148.26516723632812,112.83554077148438,56.76390838623047,62.176971435546875
2023-09-07 04:00:00,103.92430877685547,148.27403259277344,111.58863830566406,56.60570526123047,61.39727020263672
2023-09-08 04:00:00,105.43824768066406,148.78121948242188,112.5146484375,55.99154281616211,62.07238006591797
2023-09-11 04:00:00,104.11583709716797,145.71142578125,110.42426300048828,56.54987335205078,60.70314025878906
2023-09-12 04:00:00,107.15284729003906,148.42530822753906,112.84471893310547,57.787513732910156,63.165870666503906
2023-09-13 04:00:00,106.19523620605469,147.8825225830078,112.13874816894531,56.4102897644043,63.061275482177734
2023-09-14 04:00:00,108.09221649169922,148.79901123046875,114.14663696289062,57.322235107421875,63.99312210083008
2023-09-15 04:00:00,106.43235778808594,148.14944458007812,113.2939682006836,56.373069763183594,62.89962387084961
2023-09-18 04:00:00,107.28964233398438,148.79013061523438,114.12828063964844,56.95931625366211,63.061275482177734
2023-09-19 04:00:00,107.0069351196289,148.77230834960938,112.9180679321289,56.233482360839844,62.57634735107422
2023-09-20 04:00:00,106.15875244140625,148.3185577392578,111.09353637695312,55.6379280090332,61.092987060546875
2023-09-21 04:00:00,104.66304016113281,146.98385620117188,109.16819763183594,54.73528289794922,59.48603820800781
2023-09-22 04:00:00,104.82719421386719,147.95372009277344,109.25069427490234,54.94001007080078,59.79981994628906
2023-09-25 04:00:00,106.00370025634766,150.11590576171875,111.00186920166016,55.6844596862793,60.05654525756836
2023-09-26 04:00:00,106.1678695678711,149.3061981201172,110.14920806884766,55.02376174926758,60.04703903198242
2023-09-27 04:00:00,109.62440490722656,152.1890869140625,113.42032623291016,56.577789306640625,62.37666320800781
2023-09-28 04:00:00,108.95864868164062,151.7886962890625,113.07939147949219,56.70806884765625,62.64290237426758
2023-09-29 04:00:00,107.23491668701172,150.03579711914062,110.38877868652344,54.25139617919922,61.69203186035156
2023-10-02 04:00:00,105.45648193359375,148.18504333496094,107.90089416503906,53.916404724121094,59.23880386352539
2023-10-03 04:00:00,105.63890838623047,148.5320587158203,108.36160278320312,54.539878845214844,59.39094161987305
2023-10-04 04:00:00,101.68986511230469,145.07078552246094,104.42704772949219,51.95292663574219,57.08985900878906
2023-10-05 04:00:00,99.40071105957031,145.83602905273438,104.50997924804688,51.552791595458984,56.50032043457031
2023-10-06 04:00:00,97.74082946777344,144.35006713867188,106.2699203491211,51.83195877075195,58.38302993774414
2023-10-09 04:00:00,101.16089630126953,148.34523010253906,112.25009155273438,54.1955680847168,61.026432037353516
2023-10-10 04:00:00,100.73224639892578,148.18504333496094,110.93241882324219,54.54917907714844,60.83625411987305
2023-10-11 04:00:00,97.12067413330078,143.3446502685547,110.60991668701172,54.67945098876953,60.237213134765625
2023-10-12 04:00:00,97.1024169921875,143.46026611328125,111.59587097167969,54.31654357910156,60.11360549926758
2023-10-13 04:00:00,100.20327758789062,145.97837829589844,115.05127716064453,54.865562438964844,61.20710372924805
2023-10-16 04:00:00,100.27622985839844,147.17068481445312,115.4659194946289,55.32154083251953,62.157958984375
2023-10-17 04:00:00,101.58954620361328,149.1193389892578,115.6041488647461,56.05668640136719,62.310096740722656
2023-10-18 04:00:00,103.01227569580078,150.302734375,116.64535522460938,56.38237380981445,63.23243713378906
2023-10-19 04:00:00,103.07612609863281,150.46292114257812,116.45186614990234,55.80543518066406,63.19440841674805
2023-10-20 04:00:00,101.30681610107422,148.44309997558594,114.31411743164062,54.16764831542969,61.97728729248047
2023-10-23 04:00:00,99.8202133178711,142.9709014892578,111.80778503417969,54.75390625,59.73326110839844
2023-10-24 04:00:00,98.85350036621094,139.3850555419922,110.52698516845703,53.04167938232422,59.45750045776367
2023-10-25 04:00:00,99.03588104248047,138.6910400390625,110.95085144042969,52.68806838989258,60.16115188598633
2023-10-26 04:00:00,98.13299560546875,137.69447326660156,109.01582336425781,51.99015426635742,60.16115188598633
2023-10-27 04:00:00,96.26336669921875,128.440673828125,108.54588317871094,51.95292663574219,59.172245025634766
2023-10-30 04:00:00,96.5643310546875,129.98890686035156,108.85917663574219,52.48335266113281,58.6397590637207
2023-10-31 04:00:00,96.53695678710938,129.66859436035156,109.46733856201172,51.794734954833984,58.772884368896484
2023-11-01 04:00:00,96.3454360961914,128.11148071289062,107.50465393066406,51.98084259033203,58.34499740600586
2023-11-02 04:00:00,99.51013946533203,132.3646240234375,112.43438720703125,53.37668228149414,60.16115188598633
2023-11-03 04:00:00,98.29716491699219,131.34144592285156,110.34271240234375,52.92070388793945,59.91392135620117
2023-11-06 05:00:00,96.55521392822266,130.7986602783203,109.16326141357422,52.55778884887695,58.71582794189453
2023-11-07 05:00:00,95.04126739501953,128.49407958984375,106.19622039794922,49.62654495239258,57.24199676513672
2023-11-08 05:00:00,93.8738784790039,126.7055892944336,105.45906066894531,49.25431823730469,58.14531326293945
2023-11-09 05:00:00,93.9012222290039,126.29633331298828,105.18263244628906,49.077510833740234,57.60332107543945
2023-11-10 05:00:00,94.62173461914062,127.1949691772461,106.5279312133789,49.5986213684082,57.983665466308594
2023-11-13 05:00:00,95.61581420898438,128.1292724609375,106.83354187011719,50.2500114440918,58.58271408081055
2023-11-14 05:00:00,95.98397064208984,129.06353759765625,107.000244140625,50.57571029663086,58.69681167602539
2023-11-15 05:00:00,95.4041519165039,129.517333984375,106.52793884277344,49.952232360839844,58.287940979003906
2023-11-16 05:00:00,94.29972839355469,127.46734619140625,103.71261596679688,48.491268157958984,57.34658432006836
2023-11-17 05:00:00,96.60062408447266,129.88595581054688,106.12044525146484,49.17987060546875,57.96464920043945
2023-11-20 05:00:00,96.17725372314453,129.81402587890625,106.86132049560547,49.077510833740234,58.13580322265625
2023-11-21 05:00:00,96.14043426513672,129.5083465576172,106.65758514404297,49.058902740478516,57.76497268676758
2023-11-22 05:00:00,95.72627258300781,129.7690887451172,106.3612289428711,48.87278747558594,57.251502990722656
2023-11-24 05:00:00,96.24168395996094,130.28158569335938,106.95393371582031,48.947227478027344,57.20395278930664
2023-11-27 05:00:00,95.68025207519531,129.79603576660156,106.3149185180664,48.90070343017578,56.92820358276367
2023-11-28 05:00:00,95.62503814697266,130.83001708984375,106.48164367675781,48.6773681640625,57.10887145996094
2023-11-29 05:00:00,94.18928527832031,129.39146423339844,105.54627990722656,48.26792907714844,57.365604400634766
2023-11-30 05:00:00,94.55741882324219,129.1127471923828,107.02802276611328,48.42612075805664,56.24359130859375
2023-12-01 05:00:00,94.78751373291016,130.20066833496094,106.7131576538086,48.75182342529297,55.93931198120117
2023-12-04 05:00:00,94.2721176147461,130.25462341308594,106.06488037109375,48.41682052612305,55.0169677734375
2023-12-05 05:00:00,92.44059753417969,128.44740295410156,104.77762603759766,47.322811126708984,54.46546936035156
2023-12-06 05:00:00,91.21653747558594,128.15066528320312,102.35126495361328,45.938934326171875,53.704776763916016
2023-12-07 05:00:00,90.58148193359375,128.05177307128906,102.6568832397461,45.31245040893555,53.8001708984375
2023-12-08 05:00:00,91.62149047851562,129.7510986328125,103.78670501708984,45.630374908447266,53.866947174072266
2023-12-11 05:00:00,91.68592071533203,129.78709411621094,103.87005615234375,45.957637786865234,54.429744720458984
2023-12-12 05:00:00,90.2409439086914,128.1237030029297,102.85135650634766,45.85478210449219,52.98934555053711
2023-12-13 05:00:00,91.04166412353516,130.0208282470703,103.58296966552734,45.99503707885742,54.58237075805664
2023-12-14 05:00:00,93.48980712890625,134.80409240722656,106.45384979248047,49.01525115966797,56.051387786865234
2023-12-15 05:00:00,92.86397552490234,134.2826385498047,106.07415771484375,48.80017852783203,55.86060333251953
2023-12-18 05:00:00,93.55422973632812,134.579345703125,106.40754699707031,48.884342193603516,56.2516975402832
2023-12-19 05:00:00,94.78751373291016,136.34161376953125,107.88002014160156,49.53887176513672,57.52039337158203
2023-12-20 05:00:00,93.20449829101562,135.09182739257812,108.06524658203125,49.136802673339844,57.39638900756836
2023-12-21 05:00:00,93.62787628173828,135.5054168701172,108.19489288330078,49.16485595703125,57.65393829345703
2023-12-22 05:00:00,93.79352569580078,135.81112670898438,108.96355438232422,49.632381439208984,58.00688171386719
2023-12-26 05:00:00,94.00521087646484,137.033935546875,110.2230224609375,50.19340896606445,58.60783767700195
2023-12-27 05:00:00,93.56344604492188,136.5843963623047,109.7322006225586,49.585628509521484,58.226280212402344
2023-12-28 05:00:00,92.21051025390625,134.66024780273438,107.8892822265625,48.84694290161133,57.20560836791992
2023-12-29 05:00:00,92.01724243164062,134.11181640625,107.4910659790039,48.659934997558594,56.957584381103516
2024-01-02 05:00:00,94.20769500732422,134.39952087402344,108.89871978759766,48.603824615478516,57.28192138671875
2024-01-03 05:00:00,94.99921417236328,136.96200561523438,111.06576538085938,49.23030471801758,57.81610107421875
2024-01-04 05:00:00,94.17086029052734,135.46047973632812,107.87076568603516,48.33265686035156,56.39479446411133
2024-01-05 05:00:00,94.45619201660156,135.22669982910156,107.91706848144531,48.49162292480469,56.223087310791016
2024-01-08 05:00:00,92.88236999511719,134.41751098632812,106.03710174560547,47.0516471862793,55.583961486816406
2024-01-09 05:00:00,91.73192596435547,131.00086975097656,104.42572021484375,45.40596008300781,54.811302185058594
2024-01-10 05:00:00,90.82997131347656,129.9219207763672,102.96249389648438,45.30310821533203,54.18173599243164
2024-01-11 05:00:00,90.81158447265625,130.62326049804688,102.7957992553711,45.630374908447266,54.49652099609375
2024-01-12 05:00:00,91.9896240234375,132.41246032714844,103.44406127929688,46.7056770324707,55.3836555480957
2024-01-16 05:00:00,89.90962219238281,129.1936492919922,100.61022186279297,45.162845611572266,54.010032653808594
2024-01-17 05:00:00,89.25617980957031,128.68112182617188,99.61932373046875,44.779483795166016,53.62846755981445
2024-01-18 05:00:00,89.09051513671875,127.5123291015625,99.026611328125,45.40596008300781,53.866947174072266
2024-01-19 05:00:00,89.22855377197266,127.88994598388672,99.89713287353516,46.415809631347656,53.819244384765625
2024-01-22 05:00:00,89.10890197753906,128.11471557617188,100.07310485839844,47.388267517089844,54.12449264526367
2024-01-23 05:00:00,90.11210632324219,127.75508117675781,100.0082778930664,47.14514923095703,54.11495590209961
2024-01-24 05:00:00,91.66751098632812,130.29954528808594,101.56409454345703,48.313961029052734,54.668216705322266
2024-01-25 05:00:00,93.99600219726562,133.58132934570312,103.76818084716797,49.062007904052734,55.33595275878906
2024-01-26 05:00:00,94.7967300415039,134.09384155273438,103.93488311767578,49.48276901245117,55.70798110961914
2024-01-29 05:00:00,94.91636657714844,134.03988647460938,103.35144805908203,49.74458312988281,55.53627395629883
2024-01-30 05:00:00,96.49937438964844,134.97496032714844,105.62037658691406,46.14463806152344,56.1849250793457
2024-01-31 05:00:00,94.6218490600586,132.5563201904297,103.60149383544922,45.536869049072266,54.916229248046875
2024-02-01 05:00:00,94.23530578613281,132.96994018554688,103.147705078125,45.817378997802734,54.67776107788086
2024-02-02 05:00:00,93.84874725341797,136.88107299804688,102.4531478881836,45.817378997802734,54.410667419433594
2024-02-05 05:00:00,93.46220397949219,136.96200561523438,101.84192657470703,45.3966064453125,54.35344314575195
2024-02-06 05:00:00,94.10646057128906,136.97999572753906,103.27735900878906,45.14741134643555,54.916229248046875
2024-02-07 05:00:00,94.07884216308594,136.7821502685547,104.01822662353516,44.62080001831055,54.96393585205078
2024-02-08 05:00:00,95.68946838378906,138.5174560546875,105.48146057128906,44.94053268432617,55.37411117553711
2024-02-09 05:00:00,93.6646728515625,135.80210876464844,102.94397735595703,44.27286148071289,54.82084274291992
2024-02-12 05:00:00,94.95317840576172,136.73721313476562,102.8884048461914,45.2696647644043,55.35503387451172
2024-02-13 05:00:00,94.1357421875,135.40652465820312,101.6567153930664,44.74304962158203,54.95439529418945
2024-02-14 05:00:00,93.67127227783203,135.7751922607422,101.9808349609375,44.90291213989258,54.65868377685547
2024-02-15 05:00:00,96.3558349609375,140.3925018310547,103.52911376953125,45.68342590332031,57.33915328979492
2024-02-16 05:00:00,96.3558349609375,140.54702758789062,103.1280517578125,45.67401885986328,57.730255126953125
2024-02-20 05:00:00,95.44549560546875,139.97439575195312,102.1673812866211,45.62699890136719,56.81450271606445
2024-02-21 05:00:00,97.39620971679688,141.28326416015625,105.27326202392578,46.27586364746094,57.682559967041016
2024-02-22 05:00:00,97.31260681152344,141.27413940429688,104.66700744628906,46.322872161865234,57.73979568481445
2024-02-23 05:00:00,96.4580078125,140.5742950439453,104.00477600097656,45.909122467041016,57.25330352783203
2024-02-26 05:00:00,96.8388671875,140.38343811035156,104.8535385131836,45.66462326049805,57.682559967041016
2024-02-27 05:00:00,96.63450622558594,138.302001953125,104.09806060791016,45.570579528808594,57.80656051635742
2024-02-28 05:00:00,96.90389251708984,138.46556091308594,104.49911499023438,45.28846740722656,57.482234954833984
2024-02-29 05:00:00,97.08966827392578,138.16563415527344,104.96546173095703,45.44832992553711,57.81610107421875
2024-03-01 05:00:00,98.31582641601562,138.89279174804688,106.55103302001953,46.40751266479492,58.531532287597656
2024-03-04 05:00:00,96.9410400390625,135.32073974609375,104.12604522705078,46.47333908081055,57.882869720458984
2024-03-05 05:00:00,98.13005065917969,135.96604919433594,103.73429870605469,46.699031829833984,57.78749084472656
2024-03-06 05:00:00,99.1797103881836,134.82080078125,104.45246887207031,47.046958923339844,58.27397537231445
2024-03-07 05:00:00,99.737060546875,135.76608276367188,105.1520004272461,47.75225067138672,58.4463005065918
2024-03-08 05:00:00,100.67526245117188,136.2296142578125,105.3945083618164,47.3949089050293,58.206974029541016
2024-03-11 04:00:00,101.26976013183594,138.15655517578125,107.49308013916016,48.45753479003906,58.89625549316406
2024-03-12 04:00:00,100.61952209472656,138.0565643310547,107.27853393554688,48.495147705078125,58.53246307373047
2024-03-13 04:00:00,101.7435073852539,139.87442016601562,109.63826751708984,49.43552017211914,59.413230895996094
2024-03-14 04:00:00,103.54560089111328,141.51954650878906,111.71817016601562,50.05615997314453,59.911048889160156
2024-03-15 04:00:00,103.35980224609375,141.3832550048828,111.96066284179688,49.71763610839844,59.97806167602539
2024-03-18 04:00:00,104.31658172607422,141.2559814453125,112.16586303710938,50.2442512512207,60.504600524902344
2024-03-19 04:00:00,105.0504379272461,142.3557586669922,113.80741882324219,51.23163604736328,61.32793045043945
2024-03-20 04:00:00,104.9575424194336,140.4743194580078,113.70482635498047,51.156410217285156,61.0694465637207
2024-03-21 04:00:00,105.42198944091797,140.75607299804688,115.1971206665039,51.19402313232422,61.20347213745117
2024-03-22 04:00:00,105.42198944091797,140.5742950439453,114.74942779541016,50.77085494995117,61.088592529296875
2024-03-25 04:00:00,106.4995346069336,142.21945190429688,117.73405456542969,51.07177734375,61.79703140258789
2024-03-26 04:00:00,105.70066833496094,141.1287384033203,117.51020050048828,50.84608840942383,60.6194953918457
2024-03-27 04:00:00,106.7967758178711,142.11038208007812,118.3030014038086,51.6265983581543,61.461952209472656
2024-03-28 04:00:00,107.97650146484375,143.373779296875,118.71337890625,51.54196548461914,62.218265533447266
2024-04-01 04:00:00,108.67317962646484,144.59173583984375,120.0191421508789,51.92751693725586,63.54897689819336
2024-04-02 04:00:00,110.80037689208984,145.22799682617188,121.87519836425781,51.41971206665039,64.3914566040039
2024-04-03 04:00:00,110.81896209716797,145.827880859375,122.77061462402344,51.58898162841797,64.82225799560547
2024-04-04 04:00:00,111.20909118652344,146.05508422851562,122.88252258300781,51.034156799316406,64.74566650390625
2024-04-05 04:00:00,112.74180603027344,146.8822479248047,124.53340911865234,51.74884033203125,66.29659271240234
2024-04-08 04:00:00,111.9801025390625,146.582275390625,123.50741577148438,50.81787109375,65.79875946044922
2024-04-09 04:00:00,112.5653076171875,147.24581909179688,123.3488998413086,50.94011688232422,65.6264419555664
2024-04-10 04:00:00,113.51280212402344,147.85476684570312,123.88052368164062,50.96833419799805,65.99980926513672
2024-04-11 04:00:00,113.1319351196289,147.14581298828125,123.9737777709961,50.78025436401367,66.30615234375
2024-04-12 04:00:00,111.8128890991211,144.482666015625,122.36953735351562,48.899505615234375,66.06681823730469
2024-04-15 04:00:00,111.17194366455078,143.2374267578125,121.48348236083984,48.58917999267578,65.42538452148438
2024-04-16 04:00:00,110.2523193359375,142.04673767089844,120.81193542480469,48.34468460083008,63.97022247314453
2024-04-17 04:00:00,110.19658660888672,142.15579223632812,119.69271087646484,47.780460357666016,63.166046142578125
2024-04-18 04:00:00,110.09440612792969,143.21925354003906,119.20771026611328,47.90270233154297,63.223487854003906
2024-04-19 04:00:00,111.35774230957031,145.42794799804688,120.67203521728516,46.87770080566406,63.7883186340332
2024-04-22 04:00:00,111.98937225341797,147.173095703125,120.62540435791016,46.5579719543457,64.14254760742188
2024-04-23 04:00:00,112.42596435546875,148.0183868408203,121.10107421875,46.5955924987793,64.51592254638672
2024-04-24 04:00:00,112.44456481933594,148.67282104492188,120.57878112792969,46.181827545166016,64.45848083496094
2024-04-25 04:00:00,112.70464324951172,150.22708129882812,121.35291290283203,46.492149353027344,64.98500061035156
2024-04-26 04:00:00,109.57422637939453,150.78150939941406,121.47415924072266,46.26646041870117,64.8892822265625
2024-04-29 04:00:00,111.13478088378906,151.18142700195312,121.45549774169922,46.27586364746094,65.32007598876953
2024-04-30 04:00:00,109.86216735839844,146.582275390625,117.16510772705078,44.649009704589844,63.319217681884766
2024-05-01 04:00:00,107.78141784667969,145.09165954589844,115.97126007080078,44.34809112548828,61.7012939453125
2024-05-02 04:00:00,107.97650146484375,146.09144592285156,114.02192687988281,44.74304962158203,61.902347564697266
2024-05-03 04:00:00,107.7535629272461,145.65518188476562,114.00326538085938,44.818275451660156,61.64385223388672
2024-05-06 04:00:00,108.45024871826172,147.5184783935547,115.23444366455078,45.10039138793945,62.24698257446289
2024-05-07 04:00:00,107.9114761352539,147.85476684570312,115.22509765625,45.29787826538086,62.29485321044922
2024-05-08 04:00:00,107.89289855957031,147.7366180419922,114.77740478515625,45.00635528564453,60.96413803100586
2024-05-09 04:00:00,110.02010345458984,150.381591796875,115.08518981933594,45.589385986328125,61.50025177001953
2024-05-10 04:00:00,109.57422637939453,150.71791076660156,114.42817687988281,45.60820007324219,60.85882568359375
2024-05-13 04:00:00,109.52777862548828,149.54537963867188,114.1278076171875,45.84328842163086,60.22697830200195
2024-05-14 04:00:00,110.19265747070312,148.70916748046875,113.61155700683594,45.721038818359375,60.370582580566406
2024-05-15 04:00:00,111.04483795166016,148.20016479492188,113.29242706298828,45.42951965332031,60.67693328857422
2024-05-16 04:00:00,110.37995147705078,147.89718627929688,112.47581481933594,45.532962799072266,60.17911148071289
2024-05-17 04:00:00,112.03746795654297,149.34779357910156,114.24042510986328,45.69282913208008,60.70565414428711
2024-05-20 04:00:00,111.1291275024414,147.94309997558594,113.47076416015625,45.35429382324219,60.85882568359375
2024-05-21 04:00:00,110.36121368408203,146.86891174316406,113.02021789550781,45.41072082519531,60.64820861816406
2024-05-22 04:00:00,108.1418228149414,144.66546630859375,110.93646240234375,43.70863342285156,59.98763656616211
2024-05-23 04:00:00,106.2969970703125,144.08706665039062,110.42961120605469,43.55817794799805,59.31748962402344
2024-05-24 04:00:00,106.21271514892578,144.83070373535156,110.05415344238281,43.48295593261719,59.30792236328125
2024-05-28 04:00:00,107.56123352050781,146.01507568359375,111.6592025756836,43.75565719604492,59.556827545166016
2024-05-29 04:00:00,106.40937805175781,144.05035400390625,108.17691040039062,42.91872024536133,58.51331329345703
2024-05-30 04:00:00,106.74650573730469,145.29898071289062,106.60938262939453,42.8717041015625,58.59947967529297
2024-05-31 04:00:00,109.8087158203125,149.0081024169922,109.33141326904297,43.15381622314453,59.8344612121582
2024-06-03 04:00:00,107.1772689819336,144.56446838378906,106.88159942626953,41.44233322143555,57.98677444458008
2024-06-04 04:00:00,105.5103759765625,143.34341430664062,105.37979125976562,40.821685791015625,57.33577346801758
2024-06-05 04:00:00,105.9317855834961,142.28758239746094,105.34223937988281,40.883201599121094,57.287906646728516
2024-06-06 04:00:00,106.727783203125,143.1597900390625,105.3140869140625,41.31853103637695,57.51767349243164
2024-06-07 04:00:00,105.58529663085938,143.29750061035156,105.12635803222656,42.16080093383789,56.943260192871094
2024-06-10 04:00:00,105.89433288574219,143.90345764160156,106.34657287597656,42.5677375793457,58.11556625366211
2024-06-11 04:00:00,105.04215240478516,143.6739044189453,106.65631866455078,42.5488166809082,58.240482330322266
2024-06-12 04:00:00,103.88095092773438,141.58982849121094,105.30470275878906,42.31222152709961,57.942596435546875
2024-06-13 04:00:00,103.04750061035156,140.3228302001953,104.08447265625,41.46049118041992,57.46214294433594
2024-06-14 04:00:00,102.17659759521484,140.074951171875,102.6765365600586,40.69392776489258,57.50058364868164
2024-06-17 04:00:00,101.47425842285156,140.64419555664062,102.81733703613281,41.290138244628906,57.84651184082031
2024-06-18 04:00:00,102.429443359375,140.772705078125,102.6953125,42.05670166015625,58.86506271362305
2024-06-20 04:00:00,104.63947296142578,143.8116455078125,104.49748229980469,43.02199935913086,59.99893569946289
2024-06-21 04:00:00,103.72176361083984,142.56300354003906,104.50685119628906,43.21126937866211,58.53835678100586
2024-06-24 04:00:00,106.80268859863281,146.2629852294922,108.101806640625,44.93366241455078,60.77727127075195
2024-06-25 04:00:00,107.10236358642578,145.4825897216797,107.93285369873047,44.97152328491211,60.63313674926758
2024-06-26 04:00:00,107.13981628417969,143.17811584472656,106.63754272460938,43.750701904296875,60.41212844848633
2024-06-27 04:00:00,107.59867858886719,143.51785278320312,106.97545623779297,44.48886489868164,60.239166259765625
2024-06-28 04:00:00,107.80469512939453,143.60964965820312,107.36029815673828,44.649757385253906,60.56586837768555
2024-07-01 04:00:00,107.65486907958984,143.7014617919922,107.3415298461914,44.08193588256836,60.4217414855957
2024-07-02 04:00:00,106.92443084716797,143.91261291503906,107.11624908447266,44.186031341552734,59.92206573486328
2024-07-03 04:00:00,107.46758270263672,143.87591552734375,107.72634887695312,44.77278518676758,59.88363265991211
2024-07-05 04:00:00,106.16590881347656,141.67245483398438,105.6426010131836,43.66552734375,59.37434768676758
2024-07-08 04:00:00,105.051513671875,141.69082641601562,105.34223937988281,43.76017379760742,58.56718826293945
2024-07-09 04:00:00,103.89031982421875,140.4513702392578,104.3660659790039,42.775943756103516,58.634456634521484
2024-07-10 04:00:00,104.80804443359375,142.42529296875,105.62382507324219,42.851646423339844,59.00920867919922
2024-07-11 04:00:00,106.05352783203125,142.54466247558594,106.99423217773438,43.71284866333008,59.07646560668945
2024-07-12 04:00:00,106.07225036621094,142.84762573242188,106.1963882446289,43.930511474609375,58.80741500854492
2024-07-15 04:00:00,107.88896942138672,145.09695434570312,107.53861999511719,45.38792037963867,59.576141357421875
2024-07-16 04:00:00,108.6662368774414,144.84909057617188,108.1205825805664,46.1071662902832,59.691444396972656
2024-07-17 04:00:00,110.16455841064453,148.0257110595703,108.95596313476562,46.27751541137695,60.681182861328125
2024-07-18 04:00:00,111.25084686279297,148.7051239013672,109.45343017578125,46.1071662902832,61.238502502441406
2024-07-19 04:00:00,108.6943359375,146.11605834960938,107.3321304321289,47.00621795654297,60.66196823120117
2024-07-22 04:00:00,107.94515991210938,144.1329803466797,105.42671203613281,46.788551330566406,58.8170280456543
2024-07-23 04:00:00,106.20336151123047,141.47047424316406,104.02816009521484,46.419471740722656,58.04829406738281
2024-07-24 04:00:00,107.70169067382812,142.3702392578125,104.2815933227539,45.454166412353516,57.72159194946289
2024-07-25 04:00:00,109.96790313720703,144.63792419433594,104.21588897705078,45.6434440612793,58.16360855102539
2024-07-26 04:00:00,109.874267578125,144.913330078125,104.05631256103516,46.211265563964844,58.1732177734375
2024-07-29 04:00:00,108.72241973876953,143.77493286132812,102.42311096191406,45.29328536987305,57.82728958129883
2024-07-30 04:00:00,110.660888671875,146.50167846679688,103.16462707519531,45.05669403076172,57.91377639770508
2024-07-31 04:00:00,111.05418395996094,147.32797241210938,104.37544250488281,45.70022964477539,58.44226837158203
2024-08-01 04:00:00,109.5184097290039,140.12088012695312,101.73790740966797,44.15763854980469,57.058570861816406
2024-08-02 04:00:00,109.4528579711914,136.38418579101562,99.27869415283203,42.52042007446289,55.41541290283203
2024-08-05 04:00:00,107.4769287109375,132.81275939941406,98.15234375,41.42263412475586,53.983673095703125
2024-08-06 04:00:00,106.90570068359375,131.4998779296875,99.30686950683594,41.07247543334961,53.93561935424805
2024-08-07 04:00:00,108.32911682128906,130.7470245361328,100.36750793457031,40.561439514160156,53.91640853881836
2024-08-08 04:00:00,110.398681640625,132.65670776367188,101.62527465820312,41.346920013427734,56.24180221557617
2024-08-09 04:00:00,111.29766082763672,133.11573791503906,101.94441223144531,41.21443176269531,56.126487731933594
2024-08-12 04:00:00,111.43814086914062,133.14329528808594,104.02432250976562,41.545658111572266,56.67420196533203
2024-08-13 04:00:00,110.3705825805664,132.34454345703125,102.42656707763672,41.42263412475586,55.213626861572266
2024-08-14 04:00:00,111.39131927490234,132.8219451904297,103.36251831054688,41.43209457397461,54.71395492553711
2024-08-15 04:00:00,112.0804443359375,134.7775115966797,105.15882873535156,42.6245231628418,55.54994583129883
2024-08-16 04:00:00,111.55179595947266,135.20899963378906,105.11155700683594,42.37846374511719,55.35776901245117
2024-08-19 04:00:00,111.89163970947266,136.31378173828125,105.6409912109375,42.927364349365234,55.14636993408203
2024-08-20 04:00:00,108.16285705566406,134.32704162597656,103.8541488647461,41.66868591308594,53.974056243896484
2024-08-21 04:00:00,107.47373962402344,134.9119415283203,103.63671112060547,41.82957077026367,53.82992172241211
2024-08-22 04:00:00,108.30445861816406,135.29257202148438,103.96760559082031,41.75385665893555,53.906803131103516
2024-08-23 04:00:00,109.80540466308594,137.04721069335938,105.31954193115234,42.70022964477539,55.002227783203125
2024-08-26 04:00:00,112.15595245361328,137.86416625976562,107.36164855957031,43.154483795166016,55.12714767456055
2024-08-27 04:00:00,111.0892562866211,136.42518615722656,106.29331970214844,42.6245231628418,54.61787033081055
2024-08-28 04:00:00,109.99420928955078,135.54322814941406,106.02861022949219,41.39424514770508,54.560211181640625
2024-08-29 04:00:00,111.51403045654297,136.86151123046875,108.12743377685547,41.810646057128906,54.9734001159668
2024-08-30 04:00:00,111.33467864990234,137.3535614013672,107.57909393310547,41.630828857421875,54.75239181518555
2024-09-03 04:00:00,109.00301361083984,134.2991943359375,103.8541488647461,40.022003173828125,53.234161376953125
2024-09-04 04:00:00,107.6719741821289,131.8946990966797,102.63455200195312,39.35997772216797,52.494266510009766
2024-09-05 04:00:00,106.83182525634766,130.83633422851562,101.58513641357422,39.26471710205078,51.63906478881836
2024-09-06 04:00:00,106.33150482177734,128.63607788085938,100.23319244384766,38.693180084228516,49.99591064453125
2024-09-09 04:00:00,108.56878662109375,130.25148010253906,99.83612823486328,38.49313735961914,50.140045166015625
2024-09-10 04:00:00,104.61343383789062,128.32972717285156,98.32344818115234,37.7120361328125,49.59001541137695
2024-09-11 04:00:00,103.5750503540039,128.00479125976562,96.97151184082031,37.6929817199707,48.885581970214844
2024-09-12 04:00:00,105.00048065185547,129.23953247070312,97.28349304199219,37.91206741333008,49.20402908325195
2024-09-13 04:00:00,104.92496490478516,130.53927612304688,97.85073852539062,38.06447982788086,49.26192092895508
2024-09-16 04:00:00,106.3975830078125,131.91326904296875,99.78885650634766,38.48360824584961,49.49351501464844
2024-09-17 04:00:00,107.78526306152344,133.1387176513672,102.3792953491211,39.531436920166016,50.23655319213867
2024-09-18 04:00:00,108.16285705566406,133.6493377685547,102.6912841796875,39.45522689819336,49.937400817871094
2024-09-19 04:00:00,109.50333404541016,134.60557556152344,104.51593780517578,40.72214126586914,50.20759582519531
2024-09-20 04:00:00,108.814208984375,135.2461395263672,103.87306213378906,40.39826583862305,49.83125686645508
2024-09-23 04:00:00,110.78716278076172,136.97293090820312,103.702880859375,40.86502456665039,50.410240173339844
2024-09-24 04:00:00,110.49452209472656,136.88937377929688,102.9654541015625,40.94123077392578,50.56463623046875
2024-09-25 04:00:00,108.34221649169922,133.65863037109375,99.95902252197266,39.82673263549805,49.329471588134766
2024-09-26 04:00:00,106.48255920410156,131.8204345703125,96.72569274902344,39.21708679199219,48.16184616088867
2024-09-27 04:00:00,109.33341217041016,135.06976318359375,99.004150390625,40.28396224975586,49.24262237548828
2024-09-30 04:00:00,110.65499877929688,136.72225952148438,99.53358459472656,39.960086822509766,49.734764099121094
2024-10-01 04:00:00,113.21322631835938,138.9781951904297,103.40035247802734,41.09364318847656,51.38486862182617
2024-10-02 04:00:00,114.71417236328125,140.13870239257812,104.33631134033203,41.855690002441406,51.56821060180664
2024-10-03 04:00:00,115.71480560302734,140.41720581054688,106.28386688232422,42.76062774658203,52.87092208862305
2024-10-04 04:00:00,117.83879852294922,139.94375610351562,108.28815460205078,43.303592681884766,53.80694580078125
2024-10-07 04:00:00,118.34855651855469,140.2965087890625,108.45833587646484,43.427425384521484,53.951698303222656
2024-10-08 04:00:00,115.20506286621094,138.0962677001953,104.75228881835938,42.046207427978516,52.41738510131836
2024-10-09 04:00:00,115.25225067138672,138.93179321289062,104.91301727294922,42.112884521484375,52.0120964050293
2024-10-10 04:00:00,116.24345397949219,139.8323211669922,105.75444030761719,42.48438262939453,52.65863800048828
2024-10-11 04:00:00,116.68711853027344,140.57501220703125,104.45922088623047,42.655845642089844,52.841976165771484
2024-10-14 04:00:00,117.13080596923828,140.9092559814453,103.4948959350586,42.57964324951172,52.02174758911133
2024-10-15 04:00:00,113.60971069335938,137.14932250976562,99.4674072265625,40.91265106201172,49.75406265258789
2024-10-16 04:00:00,113.90234375,138.0777130126953,99.42015075683594,41.6080207824707,49.464569091796875
2024-10-17 04:00:00,113.60971069335938,140.37078857421875,100.3561019897461,41.9033203125,49.9084587097168
2024-10-18 04:00:00,113.28874969482422,139.9530029296875,99.90230560302734,39.931514739990234,49.850555419921875
2024-10-21 04:00:00,113.35482025146484,140.07373046875,99.25941467285156,40.41731643676758,50.00495147705078
2024-10-22 04:00:00,113.94010162353516,140.11085510253906,99.26886749267578,39.9410400390625,50.275142669677734
2024-10-23 04:00:00,113.53418731689453,139.70236206054688,98.80561828613281,40.13154602050781,49.52246856689453
2024-10-24 04:00:00,112.89225769042969,139.67453002929688,98.67325592041016,39.29328918457031,49.55141067504883
2024-10-25 04:00:00,112.7978744506836,140.00872802734375,98.85289001464844,39.760047912597656,49.77336502075195
2024-10-28 04:00:00,112.24091339111328,139.75804138183594,97.62384033203125,39.42665100097656,48.856632232666016
2024-10-29 04:00:00,110.71163940429688,137.88275146484375,96.73514556884766,38.51219177246094,48.325897216796875
2024-10-30 04:00:00,110.15469360351562,137.4464111328125,97.35912322998047,38.24546813964844,48.412742614746094
2024-10-31 04:00:00,110.23965454101562,138.1612548828125,103.56107330322266,38.16926956176758,48.3548469543457
2024-11-01 04:00:00,108.51213073730469,142.1068878173828,101.953857421875,37.873966217041016,47.83375930786133
2024-11-04 05:00:00,111.96715545654297,142.94241333007812,102.9181900024414,38.40740966796875,48.78908920288086
2024-11-05 05:00:00,112.29756164550781,142.42250061035156,103.24908447265625,38.62649917602539,48.63468933105469
2024-11-06 05:00:00,114.22330474853516,146.42381286621094,107.42782592773438,41.693756103515625,49.59001541137695
2024-11-07 05:00:00,114.36490631103516,145.54188537597656,106.26496124267578,41.18889236450195,49.416316986083984
2024-11-08 05:00:00,114.32714080810547,145.6903839111328,106.23640441894531,41.13174057006836,48.76013946533203
2024-11-11 05:00:00,113.72299194335938,145.2912139892578,106.67434692382812,42.189090728759766,49.030330657958984
2024-11-12 05:00:00,113.60971069335938,144.16786193847656,105.33199310302734,42.22718811035156,48.52854919433594
2024-11-13 05:00:00,114.66697692871094,147.35220336914062,106.45538330078125,41.52229690551758,49.329471588134766
2024-11-14 05:00:00,114.74310302734375,150.21160888671875,107.50260162353516,41.38893508911133,48.89522933959961
2024-11-15 05:00:00,113.55342864990234,149.85882568359375,106.93138885498047,41.13174057006836,48.219749450683594
2024-11-18 05:00:00,114.50517272949219,150.76852416992188,108.30230712890625,41.427040100097656,49.1268310546875
2024-11-19 05:00:00,112.90623474121094,149.6806182861328,107.66444396972656,41.055538177490234,48.73118591308594
2024-11-20 05:00:00,114.51470184326172,151.30311584472656,107.98812866210938,41.46514129638672,49.1268310546875
2024-11-21 05:00:00,116.0470199584961,151.58447265625,106.53153991699219,41.96999740600586,49.734764099121094
2024-11-22 05:00:00,115.91378021240234,152.2690887451172,106.38873291015625,42.131935119628906,50.11110305786133
2024-11-25 05:00:00,114.18159484863281,150.39340209960938,101.0097885131836,41.674705505371094,48.673282623291016
2024-11-26 05:00:00,112.27809143066406,152.4285125732422,101.65716552734375,41.41751480102539,48.10395050048828
2024-11-27 05:00:00,111.98304748535156,152.0346221923828,102.23789978027344,41.58897018432617,48.55748748779297
2024-11-29 05:00:00,112.26856231689453,151.86582946777344,103.14232635498047,41.855690002441406,48.808387756347656
2024-12-02 05:00:00,112.16387939453125,152.12841796875,101.04786682128906,41.560394287109375,48.65399169921875
2024-12-03 05:00:00,111.99256134033203,151.8564453125,100.96218872070312,41.57944869995117,48.63468933105469
2024-12-04 05:00:00,108.76612854003906,148.4801788330078,98.5440444946289,40.97072982788086,47.18723678588867
2024-12-05 05:00:00,109.24198913574219,149.4274139404297,99.429443359375,40.28053665161133,46.78194046020508
2024-12-06 05:00:00,108.09037780761719,145.59161376953125,98.26795196533203,39.26441955566406,45.8748664855957
2024-12-09 05:00:00,107.45271301269531,147.31723022460938,98.2108383178711,39.46572494506836,47.01353073120117
2024-12-10 05:00:00,107.23380279541016,147.24220275878906,97.44921875,39.178138732910156,46.57732009887695
2024-12-11 05:00:00,106.51998138427734,146.50132751464844,97.2873764038086,39.83958053588867,46.98445129394531
2024-12-12 05:00:00,106.42481994628906,145.0945587158203,96.06879425048828,39.398616790771484,46.713035583496094
2024-12-13 05:00:00,105.4920883178711,144.3067626953125,96.17350006103516,38.5550537109375,46.179893493652344
2024-12-16 05:00:00,103.2364501953125,140.0770721435547,94.79307556152344,38.2291259765625,45.1717643737793
2024-12-17 05:00:00,102.79865264892578,138.9047393798828,93.54592895507812,37.318450927734375,45.13299560546875
2024-12-18 05:00:00,101.28536224365234,135.1251983642578,91.25154113769531,35.78468704223633,44.60953903198242
2024-12-19 05:00:00,100.41927337646484,132.37730407714844,90.61368560791016,35.38207244873047,43.96977233886719
2024-12-20 05:00:00,100.76189422607422,133.9716796875,90.55656433105469,35.305381774902344,45.685523986816406
2024-12-23 05:00:00,101.17115020751953,134.084228515625,91.75611114501953,35.717586517333984,46.37376022338867
2024-12-24 05:00:00,101.26631927490234,134.90011596679688,92.45108795166016,36.168128967285156,46.645179748535156
2024-12-26 05:00:00,101.35198211669922,135.03143310546875,92.24164581298828,36.168128967285156,46.72272491455078
2024-12-27 05:00:00,101.34246063232422,135.05018615722656,92.27020263671875,36.235225677490234,47.071693420410156
2024-12-30 05:00:00,100.6572036743164,134.17799377441406,92.43204498291016,36.244815826416016,46.97475814819336
2024-12-31 05:00:00,102.37987518310547,135.83795166015625,94.41226196289062,36.75287628173828,47.8956413269043
2025-01-02 05:00:00,102.13240814208984,137.59178161621094,95.27860260009766,36.810394287109375,48.28338623046875
2025-01-03 05:00:00,102.65587615966797,138.66091918945312,96.24014282226562,36.99252700805664,48.9619255065918
2025-01-06 05:00:00,102.54166412353516,138.10757446289062,95.19292449951172,37.155487060546875,49.213958740234375
2025-01-07 05:00:00,103.50294494628906,140.2927703857422,96.79232788085938,37.740238189697266,49.97005081176758
2025-01-08 05:00:00,101.77075958251953,140.95863342285156,96.74472045898438,37.20341491699219,49.62108612060547
2025-01-10 05:00:00,101.39958190917969,143.62210083007812,97.03032684326172,37.02128219604492,49.72771453857422
2025-01-13 05:00:00,104.01688385009766,145.6947784423828,99.22950744628906,38.20036697387695,51.06542205810547
2025-01-14 05:00:00,104.4261474609375,147.1484375,99.84832763671875,38.219539642333984,50.48381042480469
2025-01-15 05:00:00,106.12977600097656,148.48956298828125,100.4195327758789,38.95766067504883,51.084808349609375
2025-01-16 05:00:00,105.94892883300781,149.4743194580078,100.54329681396484,39.389034271240234,50.69706726074219
2025-01-17 05:00:00,106.90069580078125,151.43441772460938,100.77178955078125,41.77596664428711,50.37718200683594
2025-01-21 05:00:00,106.09170532226562,148.40516662597656,99.27711486816406,41.92934036254883,49.000701904296875
2025-01-22 05:00:00,104.24531555175781,146.68887329101562,98.11563110351562,39.90668487548828,48.66143035888672
2025-01-23 05:00:00,104.83538818359375,146.3137664794922,99.00102233886719,40.290122985839844,48.79713821411133
2025-01-24 05:00:00,103.41728973388672,145.9761199951172,96.94464874267578,40.50101089477539,47.779319763183594
2025-01-27 05:00:00,104.85443115234375,147.45791625976562,97.76338958740234,40.77901840209961,48.041046142578125
2025-01-28 05:00:00,102.82720184326172,146.50132751464844,96.5162353515625,39.609519958496094,47.498207092285156
2025-01-29 05:00:00,103.42679595947266,146.01365661621094,96.68759155273438,39.245243072509766,47.33341979980469
2025-01-30 05:00:00,104.28337097167969,146.60447692871094,96.59239959716797,39.32193374633789,47.420654296875
2025-01-31 05:00:00,101.67557525634766,139.91763305664062,94.08856964111328,38.612571716308594,45.22023391723633
2025-02-03 05:00:00,101.92303466796875,140.0583038330078,93.75537109375,38.497535705566406,44.948814392089844
2025-02-04 05:00:00,104.65455627441406,143.6971435546875,95.75462341308594,39.51365661621094,46.13142395019531
2025-02-05 05:00:00,104.57841491699219,143.48146057128906,95.4023666381836,39.39299774169922,45.90847396850586
2025-02-06 05:00:00,103.19837951660156,142.45919799804688,95.14532470703125,38.65938186645508,45.540122985839844
2025-02-07 05:00:00,103.63617706298828,143.1344451904297,93.64112854003906,38.76556396484375,45.34624481201172
2025-02-10 05:00:00,105.61582946777344,146.0886688232422,94.7073974609375,39.77910232543945,46.89720916748047
2025-02-11 05:00:00,106.28205108642578,147.65487670898438,96.83040618896484,40.329315185546875,47.12016296386719
2025-02-12 05:00:00,103.0843734741211,145.27272033691406,93.67920684814453,40.01077651977539,46.364070892333984
2025-02-13 05:00:00,103.8333740234375,146.1918487548828,92.25117492675781,40.618896484375,46.412532806396484
2025-02-14 05:00:00,103.93900299072266,147.30128479003906,92.38552856445312,40.30036163330078,46.58701705932617
2025-02-18 05:00:00,105.76351165771484,148.078857421875,93.52762603759766,41.16910934448242,47.343116760253906
2025-02-19 05:00:00,105.91715240478516,149.09347534179688,95.56230926513672,40.71542739868164,49.42721939086914
2025-02-20 05:00:00,107.54959869384766,150.57273864746094,97.89449310302734,41.12084197998047,50.493507385253906
2025-02-21 05:00:00,106.29166412353516,148.7995147705078,93.99790954589844,40.290706634521484,48.87468719482422
2025-02-24 05:00:00,106.8486099243164,149.71932983398438,94.84249114990234,40.08799362182617,48.331844329833984
2025-02-25 05:00:00,105.36980438232422,148.3253936767578,93.17252349853516,39.5860481262207,47.391578674316406
2025-02-26 05:00:00,105.11053466796875,147.1116485595703,92.26075744628906,39.190284729003906,47.06199645996094
2025-02-27 05:00:00,105.77311706542969,148.5624542236328,93.45086669921875,39.489524841308594,47.158935546875
2025-02-28 05:00:00,106.9062271118164,150.4115447998047,95.15921020507812,40.21348571777344,47.343116760253906
2025-03-03 05:00:00,103.47808837890625,145.16773986816406,88.90164184570312,38.43737030029297,45.026363372802734
2025-03-04 05:00:00,103.26683044433594,144.13414001464844,86.99174499511719,37.72306823730469,45.10390853881836
2025-03-05 05:00:00,101.2502670288086,143.00570678710938,85.30256652832031,38.0609130859375,44.115169525146484
2025-03-06 05:00:00,103.34363555908203,145.03497314453125,85.03384399414062,38.379451751708984,44.30904006958008
2025-03-07 05:00:00,104.6880111694336,148.24952697753906,86.98213958740234,39.93355178833008,45.792152404785156
2025-03-10 04:00:00,107.35755157470703,149.4158935546875,89.16078186035156,39.7115364074707,46.14289855957031
2025-03-11 04:00:00,104.82245635986328,146.1064910888672,91.56975555419922,38.68834686279297,45.09065246582031
2025-03-12 04:00:00,104.79364776611328,144.7694549560547,93.81555938720703,38.65938186645508,44.91527557373047
2025-03-13 04:00:00,104.35192108154297,145.6608123779297,92.318359375,38.543548583984375,44.281986236572266
2025-03-14 04:00:00,107.45358276367188,148.8943634033203,94.96725463867188,39.67292404174805,45.334228515625
2025-03-17 04:00:00,109.23966979980469,150.50637817382812,95.36075592041016,39.9914665222168,46.045467376708984
2025-03-18 04:00:00,109.12443542480469,152.48822021484375,96.48365783691406,39.70188522338867,46.42544937133789
2025-03-19 04:00:00,110.8240966796875,155.560546875,97.25146484375,39.653621673583984,46.727474212646484
2025-03-20 04:00:00,111.29463195800781,156.2432861328125,98.19203186035156,39.846675872802734,46.727474212646484
2025-03-21 04:00:00,110.91053009033203,156.2243194580078,97.81771850585938,39.566749572753906,46.70799255371094
2025-03-24 04:00:00,111.1986083984375,156.48036193847656,98.07685089111328,40.25209045410156,46.688507080078125
2025-03-25 04:00:00,111.95720672607422,157.35275268554688,98.42236328125,40.811954498291016,47.7504997253418
2025-03-26 04:00:00,113.57044982910156,159.2777099609375,99.04619598388672,40.94709396362305,48.47147750854492
2025-03-27 04:00:00,113.20555877685547,158.0260009765625,98.68148803710938,40.63820266723633,48.23764419555664
2025-03-28 04:00:00,113.05191802978516,157.49496459960938,98.2496109008789,40.42584228515625,47.57512664794922
2025-03-31 04:00:00,114.20423126220703,158.6328887939453,100.79293823242188,40.34861755371094,48.09150314331055
2025-04-01 04:00:00,114.30986785888672,159.7897491455078,101.14805603027344,40.73473358154297,47.92586898803711
2025-04-02 04:00:00,113.95455932617188,157.85531616210938,101.8294677734375,40.72507858276367,48.06227493286133
2025-04-03 04:00:00,107.96250915527344,148.04092407226562,91.41618347167969,37.84855270385742,42.77181625366211
2025-04-04 04:00:00,100.1939697265625,135.86538696289062,82.81681823730469,33.57236862182617,39.4981689453125
2025-04-07 04:00:00,98.849609375,132.89735412597656,82.2217788696289,31.989309310913086,37.75416564941406
2025-04-08 04:00:00,96.76583099365234,129.84397888183594,79.33293151855469,30.840633392333984,35.182010650634766
2025-04-09 04:00:00,101.59596252441406,138.47308349609375,87.82672119140625,34.730709075927734,39.19613265991211
2025-04-10 04:00:00,95.95921325683594,127.99491882324219,79.93756866455078,31.410146713256836,35.53276443481445
2025-04-11 04:00:00,99.04165649414062,128.6112518310547,82.91280364990234,32.780845642089844,36.70192337036133
2025-04-14 04:00:00,99.28173065185547,128.3173065185547,82.97038269042969,32.742225646972656,36.92600631713867
2025-04-15 04:00:00,99.00324249267578,127.5776596069336,82.269775390625,32.58778381347656,36.82857894897461
2025-04-16 04:00:00,100.04993438720703,128.355224609375,82.88401794433594,32.9642448425293,37.46187973022461
2025-04-17 04:00:00,102.67145538330078,130.7353515625,85.3985595703125,33.89091110229492,38.68949508666992
2025-04-21 04:00:00,101.16384887695312,126.8095703125,84.02611541748047,33.41791915893555,38.01722717285156
2025-04-22 04:00:00,103.99662780761719,130.19483947753906,86.14715576171875,33.40827178955078,38.94281768798828
2025-04-23 04:00:00,103.10357666015625,129.60691833496094,86.31031036376953,32.848411560058594,38.80641174316406
2025-04-24 04:00:00,104.31351470947266,131.87326049804688,88.10505676269531,33.717159271240234,39.3325309753418
2025-04-25 04:00:00,104.25588989257812,131.5508270263672,88.02826690673828,33.32139205932617,39.322792053222656
2025-04-28 04:00:00,104.31351470947266,132.84994506835938,89.18956756591797,32.915977478027344,39.46893310546875
2025-04-29 04:00:00,104.05424499511719,132.09133911132812,88.18182373046875,32.925636291503906,39.31304931640625
2025-04-30 04:00:00,101.4327163696289,129.01901245117188,85.53292083740234,32.09549331665039,38.3972053527832
2025-05-01 04:00:00,101.5767593383789,129.2086639404297,87.00133514404297,32.568477630615234,39.400733947753906
2025-05-02 04:00:00,101.98966979980469,131.33274841308594,87.73074340820312,33.524105072021484,39.56636428833008
2025-05-05 04:00:00,99.16649627685547,128.4879913330078,84.08369445800781,32.58778381347656,37.81262969970703
2025-05-06 04:00:00,100.54927062988281,128.58282470703125,84.1028823852539,32.41403579711914,38.270545959472656
2025-05-07 04:00:00,100.45325469970703,128.7629852294922,84.17967224121094,32.336814880371094,38.007484436035156
2025-05-08 04:00:00,101.85523223876953,129.9482879638672,85.24498748779297,33.12834167480469,40.37503433227539
2025-05-09 04:00:00,103.04596710205078,131.32327270507812,85.02424621582031,33.35035705566406,41.0765380859375
2025-05-12 04:00:00,104.82245635986328,134.29129028320312,88.55612182617188,34.605220794677734,42.732845306396484
2025-05-13 04:00:00,105.11053466796875,134.9835205078125,90.37965393066406,34.85619354248047,43.24922180175781
2025-05-14 04:00:00,104.16947174072266,134.3386993408203,88.84405517578125,34.75966262817383,42.693870544433594
2025-05-15 04:00:00,105.22579956054688,134.89817810058594,89.2183609008789,34.479732513427734,42.25543975830078
2025-05-16 04:00:00,104.84785461425781,134.7464599609375,88.7096939086914,34.52799606323242,41.93391799926758
2025-05-19 04:00:00,103.18099212646484,132.92283630371094,87.50947570800781,33.89091110229492,41.222679138183594
2025-05-20 04:00:00,101.70793151855469,131.7518768310547,86.81257629394531,33.36966323852539,40.82321548461914
2025-05-21 04:00:00,100.4577865600586,130.11061096191406,84.35405731201172,32.693965911865234,40.073001861572266
2025-05-22 04:00:00,99.78910064697266,129.85145568847656,83.36678314208984,32.57813262939453,40.024295806884766
2025-05-23 04:00:00,99.84724426269531,131.0511932373047,82.45694732666016,32.49126052856445,40.2288932800293
2025-05-27 04:00:00,100.32210540771484,132.2893524169922,82.80538940429688,32.751888275146484,40.550411224365234
2025-05-28 04:00:00,98.95567321777344,130.5521240234375,81.86650848388672,32.41403579711914,40.06325912475586
2025-05-29 04:00:00,99.51775360107422,132.36614990234375,82.85379028320312,32.510562896728516,40.39452362060547
2025-05-30 04:00:00,99.13980865478516,131.20477294921875,82.61180877685547,31.90243911743164,39.73199462890625
2025-06-02 04:00:00,99.86663055419922,132.2989501953125,83.93785095214844,32.18236541748047,40.37503433227539
2025-06-03 04:00:00,100.59346771240234,133.9402313232422,85.08967590332031,32.925636291503906,41.59291458129883
2025-06-04 04:00:00,99.13980865478516,131.84783935546875,83.19255828857422,32.35618591308594,40.83295822143555
2025-06-05 04:00:00,98.684326171875,131.396728515625,82.61180877685547,32.200443267822266,40.74527359008789
2025-06-06 04:00:00,101.04894256591797,134.57369995117188,84.42180633544922,32.96943664550781,41.44676971435547
2025-06-09 04:00:00,101.7273178100586,135.1015625,85.21550750732422,33.21278762817383,42.128780364990234
2025-06-10 04:00:00,103.90782165527344,137.58746337890625,88.25476837158203,34.575565338134766,43.02034378051758
2025-06-11 04:00:00,105.9332504272461,138.95997619628906,90.35515594482422,34.74104309082031,43.93149948120117
2025-06-12 04:00:00,106.34027862548828,139.142333984375,91.65216064453125,34.682640075683594,43.85311508178711
2025-06-13 04:00:00,108.65644836425781,140.0445556640625,93.84933471679688,35.33482360839844,45.508880615234375
2025-06-16 04:00:00,109.00531768798828,140.15972900390625,91.95221710205078,34.955196380615234,44.41157150268555
2025-06-17 04:00:00,110.4783706665039,142.8663787841797,92.4361801147461,35.12067794799805,45.048404693603516
2025-06-18 04:00:00,109.69338989257812,142.23287963867188,90.79071807861328,34.896793365478516,44.43116760253906
2025-06-20 04:00:00,111.15674591064453,143.5382080078125,91.65216064453125,34.88705825805664,44.70549392700195
2025-06-23 04:00:00,108.2881851196289,140.9563446044922,88.76776123046875,32.833160400390625,43.05953598022461
2025-06-24 04:00:00,104.99320983886719,137.7794189453125,86.5221939086914,32.609275817871094,41.61931610107422
2025-06-25 04:00:00,105.02229309082031,137.4722900390625,86.14470672607422,32.29778289794922,41.56053161621094
2025-06-26 04:00:00,106.59223937988281,138.63365173339844,87.97407531738281,32.930503845214844,42.28554153442383
2025-06-27 04:00:00,106.00108337402344,138.009765625,87.27716827392578,33.105712890625,41.73688507080078
2025-06-30 04:00:00,104.46990203857422,137.43389892578125,86.86096954345703,32.90129852294922,41.15884017944336
2025-07-01 04:00:00,105.86540985107422,139.7182159423828,89.03878021240234,34.264076232910156,41.991615295410156
2025-07-02 04:00:00,107.6195068359375,142.0313262939453,91.4101791381836,34.955196380615234,43.039939880371094
2025-07-03 04:00:00,108.73397064208984,142.40565490722656,90.67456817626953,34.702110290527344,42.91257095336914
2025-07-07 04:00:00,107.67764282226562,141.47463989257812,89.58081817626953,34.020721435546875,42.47168731689453
2025-07-08 04:00:00,110.6624984741211,147.0799102783203,92.71687316894531,35.568443298339844,44.82305908203125
2025-07-09 04:00:00,110.28455352783203,146.86874389648438,91.4972915649414,35.286155700683594,44.64670944213867
2025-07-10 04:00:00,111.379638671875,147.97250366210938,92.31034851074219,35.67552185058594,44.92103576660156
2025-07-11 04:00:00,111.86419677734375,149.06668090820312,92.54264831542969,36.317970275878906,45.37171936035156
2025-07-14 04:00:00,110.40084075927734,145.55380249023438,91.14884185791016,35.256954193115234,44.15684127807617
2025-07-15 04:00:00,109.42204284667969,144.6324005126953,89.58081817626953,34.13753128051758,41.8250617980957
2025-07-16 04:00:00,108.76304626464844,143.89334106445312,88.57418060302734,33.670291900634766,41.76628112792969
2025-07-17 04:00:00,108.21065521240234,145.29464721679688,89.83247375488281,33.748165130615234,42.66763687133789
2025-07-18 04:00:00,104.4408187866211,144.00851440429688,88.70000457763672,32.43406295776367,42.73621368408203
2025-07-21 04:00:00,104.71217346191406,143.66297912597656,88.0805435180664,32.64821243286133,42.1287841796875
2025-07-22 04:00:00,105.1870346069336,144.00851440429688,89.99702453613281,33.436668395996094,42.67743682861328
2025-07-23 04:00:00,106.53409576416016,146.96470642089844,91.99093627929688,34.205665588378906,43.53960418701172
2025-07-24 04:00:00,107.3675308227539,149.56576538085938,92.55232238769531,34.303016662597656,43.72575378417969
2025-07-25 04:00:00,106.98957824707031,148.6155548095703,91.90381622314453,34.52689743041992,43.804134368896484
2025-07-28 04:00:00,107.99745178222656,149.9976806640625,93.90740203857422,35.04279708862305,44.627113342285156
2025-07-29 04:00:00,109.39295959472656,150.71754455566406,94.8462905883789,34.682640075683594,44.5389404296875
2025-07-30 04:00:00,108.44324493408203,147.38702392578125,93.56863403320312,33.26145935058594,43.510215759277344
2025-07-31 04:00:00,108.19126892089844,145.54420471191406,92.28131103515625,32.90129852294922,43.04973602294922
2025-08-01 04:00:00,106.25305938720703,145.3138427734375,89.7840805053711,32.171241760253906,42.53047180175781
2025-08-04 04:00:00,104.05318450927734,144.9683074951172,89.8711929321289,32.005760192871094,41.991615295410156
2025-08-05 04:00:00,103.92720031738281,146.88792419433594,90.2099609375,32.609275817871094,42.20716094970703
2025-08-06 04:00:00,103.2197494506836,146.6383819580078,90.12285614013672,31.98629379272461,41.678104400634766
2025-08-07 04:00:00,102.67704772949219,147.00311279296875,89.62921142578125,31.918153762817383,42.706825256347656
2025-08-08 04:00:00,103.50079345703125,148.77871704101562,90.8971939086914,31.99602508544922,43.42203903198242
2025-08-11 04:00:00,102.56075286865234,147.2814483642578,90.52937316894531,31.509321212768555,42.82439422607422
2025-08-12 04:00:00,102.85147857666016,148.23162841796875,91.55536651611328,32.06416320800781,43.25548553466797
2025-08-13 04:00:00,104.27606964111328,149.60414123535156,92.80398559570312,32.65794372558594,43.843318939208984
2025-08-14 04:00:00,104.0628662109375,148.92269897460938,92.58136749267578,32.33671951293945,43.862918853759766
2025-08-15 04:00:00,104.16068267822266,150.25682067871094,92.27163696289062,32.11283874511719,43.70615768432617
2025-08-18 04:00:00,104.38565826416016,149.07627868652344,91.7348861694336,32.41459274291992,43.31426239013672
2025-08-19 04:00:00,105.07034301757812,147.5137939453125,91.50067138671875,32.45352554321289,43.069332122802734
2025-08-20 04:00:00,106.15605926513672,148.69776916503906,92.60343170166016,32.472999572753906,43.373050689697266
2025-08-21 04:00:00,106.84075164794922,150.95901489257812,92.49608612060547,32.911033630371094,43.65717315673828
2025-08-22 04:00:00,108.84590148925781,153.51138305664062,94.44789123535156,34.66317367553711,44.90144729614258
2025-08-25 04:00:00,109.29583740234375,153.53079223632812,95.81415557861328,34.702110290527344,45.459896087646484
2025-08-26 04:00:00,109.05130767822266,152.71559143066406,94.71139526367188,34.38087844848633,45.1071891784668
2025-08-27 04:00:00,110.28376007080078,154.54010009765625,95.54090881347656,35.02333450317383,45.92036819458008
2025-08-28 04:00:00,110.87063598632812,154.6177520751953,96.07765197753906,35.510040283203125,46.547401428222656
2025-08-29 04:00:00,111.7900619506836,155.85995483398438,96.58512115478516,35.86046600341797,46.64537811279297
2025-09-02 04:00:00,112.18132019042969,157.0536651611328,96.6046371459961,34.94546127319336,47.07645797729492
2025-09-03 04:00:00,109.46212768554688,153.39492797851562,92.36922454833984,34.34202575683594,45.36191940307617
2025-09-04 04:00:00,109.94140625,153.0358428955078,93.46222686767578,35.333038330078125,45.66564178466797
2025-09-05 04:00:00,106.84075164794922,149.1248016357422,90.71018981933594,35.146610260009766,44.97981643676758
2025-09-08 04:00:00,107.44718170166016,149.4547576904297,89.1975326538086,35.107357025146484,44.4605598449707
2025-09-09 04:00:00,108.22969055175781,150.27969360351562,89.64645385742188,35.107357025146484,44.22542190551758
2025-09-10 04:00:00,110.03923034667969,153.1328887939453,92.04717254638672,35.48021697998047,45.61423873901367
2025-09-11 04:00:00,109.68710327148438,153.57931518554688,91.86174774169922,35.352657318115234,45.32859420776367
2025-09-12 04:00:00,109.70665740966797,152.4729766845703,90.20272064208984,34.90130615234375,44.98385238647461
2025-09-15 04:00:00,109.89250183105469,152.6670684814453,90.10513305664062,34.1163444519043,44.786861419677734
2025-09-16 04:00:00,112.17153930664062,154.8312530517578,92.26187133789062,34.5775146484375,47.04245376586914
2025-09-17 04:00:00,112.76820373535156,155.36502075195312,91.55921936035156,34.1359748840332,46.48101806640625
2025-09-18 04:00:00,111.43794250488281,154.15188598632812,91.2274169921875,34.0869140625,46.64846420288086
2025-09-19 04:00:00,110.35221862792969,151.5995330810547,89.70500183105469,33.782737731933594,45.40739059448242
2025-09-22 04:00:00,109.56971740722656,151.4442596435547,89.79283905029297,33.282325744628906,45.0724983215332
2025-09-23 04:00:00,111.45750427246094,152.77381896972656,91.21765899658203,33.84161376953125,45.72258377075195
2025-09-24 04:00:00,112.05416107177734,154.4818572998047,93.32560729980469,33.959354400634766,46.185523986816406
2025-09-25 04:00:00,113.06163024902344,155.97642517089844,94.47716522216797,33.939727783203125,46.28402328491211
2025-09-26 04:00:00,114.65597534179688,155.43295288085938,96.10692596435547,34.85224914550781,46.75680923461914
2025-09-29 04:00:00,111.72160339355469,151.49278259277344,93.54029846191406,34.449954986572266,47.37734603881836
2025-09-30 04:00:00,110.28376007080078,150.7066650390625,92.31066131591797,33.7238655090332,46.54011535644531
2025-10-01 04:00:00,109.54037475585938,150.01763916015625,93.15970611572266,34.43033218383789,47.003055572509766
2025-10-02 04:00:00,108.8556900024414,148.84335327148438,91.12981414794922,33.468753814697266,43.565486907958984
2025-10-03 04:00:00,110.78260040283203,149.01805114746094,91.89103698730469,33.61593246459961,44.176170349121094
2025-10-06 04:00:00,111.70203399658203,149.4741668701172,92.62295532226562,33.939727783203125,44.71791076660156
2025-10-07 04:00:00,111.76072692871094,150.33790588378906,92.93524932861328,33.76311111450195,44.64896011352539
2025-10-08 04:00:00,111.52597045898438,149.2024383544922,91.49090576171875,33.331390380859375,44.363319396972656
2025-10-09 04:00:00,110.44026184082031,147.16441345214844,89.73428344726562,32.507179260253906,43.851131439208984
2025-10-10 04:00:00,108.30793762207031,144.5052947998047,85.52813720703125,31.123685836791992,41.51673889160156
2025-10-13 04:00:00,109.78490447998047,147.45556640625,86.64067077636719,31.663345336914062,41.782684326171875
2025-10-14 04:00:00,109.83380889892578,147.89227294921875,86.04537200927734,31.957704544067383,41.64478302001953
2025-10-15 04:00:00,109.16868591308594,147.62054443359375,85.62572479248047,31.957704544067383,41.25079345703125
2025-10-16 04:00:00,108.21990966796875,147.2323455810547,84.81573486328125,32.301124572753906,40.42341613769531
2025-10-17 04:00:00,109.78490447998047,148.56192016601562,84.3960952758789,32.016578674316406,40.2855224609375
2025-10-20 04:00:00,110.2348403930664,149.9205780029297,84.96211242675781,32.801536560058594,40.4135627746582
2025-10-21 04:00:00,110.24462890625,149.25094604492188,84.3277816772461,32.88984298706055,40.29536819458008
2025-10-22 04:00:00,112.20088195800781,150.97842407226562,85.3036880493164,34.24390411376953,41.10304641723633
2025-10-23 04:00:00,113.44310760498047,151.93919372558594,87.90933990478516,35.333038330078125,42.23577117919922
2025-10-24 04:00:00,112.86600494384766,150.96871948242188,85.90873718261719,35.15642547607422,41.9304313659668
2025-10-27 04:00:00,113.40397644042969,150.6969757080078,86.55284118652344,35.48021697998047,41.66448211669922
2025-10-28 04:00:00,112.51387786865234,149.5809326171875,84.69862365722656,35.185855865478516,40.21657180786133
2025-10-29 04:00:00,113.9028091430664,150.52230834960938,85.9575424194336,36.13762664794922,39.9703254699707
2025-10-30 04:00:00,112.18132019042969,148.98892211914062,86.01609802246094,35.63720703125,40.088523864746094
2025-10-31 04:00:00,111.85853576660156,153.06497192382812,86.71874237060547,35.38209915161133,40.58101272583008
2025-11-03 05:00:00,111.27166748046875,149.4935760498047,86.43572998046875,36.32405090332031,40.30521774291992
2025-11-04 05:00:00,111.64334869384766,148.8627471923828,85.79164123535156,35.44096755981445,39.477840423583984
2025-11-05 05:00:00,111.19342041015625,148.15431213378906,85.5866928100586,35.86288070678711,39.15279769897461
2025-11-06 05:00:00,111.9954833984375,148.42604064941406,83.59585571289062,35.676456451416016,39.69453430175781
2025-11-07 05:00:00,114.65597534179688,150.44467163085938,84.73766326904297,35.97081756591797,40.68935775756836
2025-11-10 05:00:00,115.63410949707031,151.05606079101562,86.10392761230469,36.21611404418945,41.1719970703125
2025-11-11 05:00:00,117.15998077392578,151.62864685058594,88.50464630126953,36.902957916259766,41.22124481201172
2025-11-12 05:00:00,115.53629302978516,148.79483032226562,86.9236831665039,35.391910552978516,41.300045013427734
2025-11-13 05:00:00,116.19164276123047,150.9881134033203,87.26524353027344,35.62739944458008,41.388694763183594
2025-11-14 05:00:00,117.70126342773438,152.96791076660156,89.16826629638672,36.24555206298828,42.11757278442383
2025-11-17 05:00:00,116.11270141601562,150.25054931640625,87.38548278808594,35.126983642578125,41.06364822387695
2025-11-18 05:00:00,117.44471740722656,150.75103759765625,88.33103942871094,35.36247253417969,41.88117980957031
2025-11-19 05:00:00,115.78709411621094,148.8668975830078,86.6566162109375,35.185855865478516,40.8272590637207
2025-11-20 05:00:00,115.46148681640625,147.50283813476562,86.15428161621094,34.52845001220703,40.59086227416992
2025-11-21 05:00:00,115.52069091796875,147.17901611328125,86.0557861328125,35.5096549987793,40.817405700683594
2025-11-24 05:00:00,114.42547607421875,146.95330810546875,86.24292755126953,35.03867721557617,40.80755615234375
2025-11-25 05:00:00,112.98491668701172,145.75608825683594,85.31707000732422,35.22510528564453,40.78785705566406
2025-11-26 05:00:00,113.241455078125,146.71778869628906,85.77999877929688,34.9896125793457,40.797706604003906
2025-11-28 05:00:00,114.37613677978516,148.3075408935547,87.3559341430664,35.5587158203125,41.36899185180664
2025-12-01 05:00:00,115.0766830444336,149.69119262695312,88.9023208618164,35.91194534301758,41.70388412475586
2025-12-02 05:00:00,113.84333038330078,147.4439697265625,87.94690704345703,35.676456451416016,41.34929275512695
2025-12-03 05:00:00,116.2311019897461,148.75894165039062,90.42900085449219,37.135162353515625,41.812232971191406
2025-12-04 05:00:00,115.57988739013672,149.4164276123047,91.71929931640625,37.6988639831543,42.02892303466797
2025-12-05 05:00:00,114.9878921508789,147.19863891601562,92.28073120117188,38.03510665893555,41.79253387451172
2025-12-08 05:00:00,114.43534088134766,145.9327392578125,91.48290252685547,37.817543029785156,40.738609313964844
2025-12-09 05:00:00,116.67510986328125,145.71685791015625,92.0246353149414,37.87687683105469,40.925750732421875
2025-12-10 05:00:00,117.94792938232422,148.58230590820312,95.34394836425781,39.488868713378906,41.36166000366211
2025-12-11 05:00:00,117.94792938232422,147.9051971435547,95.25529479980469,39.89434051513672,40.816776275634766
2025-12-12 05:00:00,117.23751831054688,147.18882751464844,94.10289764404297,39.0141716003418,40.687984466552734
2025-12-15 05:00:00,116.19164276123047,147.00238037109375,92.94064331054688,38.47024917602539,39.816165924072266
2025-12-16 05:00:00,113.15265655517578,144.0093231201172,89.4046401977539,37.19449996948242,38.557979583740234
2025-12-17 05:00:00,115.84630584716797,146.7276153564453,93.5316162109375,38.104331970214844,40.252079010009766
2025-12-18 05:00:00,114.9878921508789,144.93179321289062,90.84268951416016,37.70875549316406,39.360450744628906
2025-12-19 05:00:00,115.1358871459961,144.9906463623047,90.55705261230469,37.65930938720703,39.251468658447266
2025-12-22 05:00:00,116.57644653320312,147.00238037109375,91.90643310546875,37.90654754638672,39.89542770385742
2025-12-23 05:00:00,117.82952880859375,147.69911193847656,91.33516693115234,37.77798080444336,39.72700500488281
2025-12-24 05:00:00,117.63218688964844,147.68931579589844,90.41915130615234,37.5505256652832,39.62793731689453
2025-12-26 05:00:00,117.5236587524414,147.21826171875,90.16307067871094,37.37251281738281,39.479331970214844
2025-12-29 05:00:00,118.92474365234375,148.17015075683594,91.23666381835938,37.481300354003906,40.034122467041016
2025-12-30 05:00:00,119.37861633300781,149.46548461914062,92.68455505371094,38.124114990234375,41.07435607910156
2025-12-31 05:00:00,118.73727416992188,149.56362915039062,92.20193481445312,37.95599365234375,40.737518310546875
2026-01-02 05:00:00,121.01651763916016,152.9884490966797,95.24544525146484,39.75588607788086,41.985801696777344
2026-01-05 05:00:00,123.69042205810547,160.7899932861328,97.70783996582031,43.31611633300781,40.84649658203125
2026-01-06 05:00:00,119.43782043457031,153.6165008544922,95.64928436279297,43.14799499511719,41.35175323486328
2026-01-07 05:00:00,116.91191101074219,152.30152893066406,92.52696990966797,41.901912689208984,40.60873031616211
2026-01-08 05:00:00,121.27305603027344,156.27587890625,97.23506164550781,43.93915557861328,42.8278923034668
2026-01-09 05:00:00,122.95040893554688,159.08248901367188,96.04326629638672,44.70064926147461,42.461334228515625
2026-01-12 05:00:00,122.37812805175781,159.30816650390625,94.0634994506836,44.65120315551758,42.32263946533203
2026-01-13 05:00:00,124.85469818115234,160.80960083007812,95.0090560913086,45.39291763305664,42.90715026855469
2026-01-14 05:00:00,128.4659423828125,164.11668395996094,98.83069610595703,46.45109558105469,43.90775680541992
2026-01-15 05:00:00,127.41020965576172,163.0568389892578,97.44190216064453,46.055511474609375,42.76845169067383
2026-01-16 05:00:00,128.1600799560547,163.15496826171875,96.7130355834961,46.2137451171875,42.30282211303711
2026-01-20 05:00:00,128.72250366210938,162.21290588378906,94.08319091796875,45.93684005737305,41.847103118896484
2026-01-21 05:00:00,131.83055114746094,163.61618041992188,95.68868255615234,47.983970642089844,43.10528564453125
2026-01-22 05:00:00,131.8601531982422,163.54751586914062,95.42273712158203,48.77513122558594,42.74863815307617
2026-01-23 05:00:00,133.17242431640625,163.60638427734375,96.8706283569336,48.60701370239258,43.68980026245117
2026-01-26 05:00:00,133.0441436767578,164.37181091308594,96.96912384033203,49.150936126708984,43.511474609375
2026-01-27 05:00:00,135.00765991210938,165.8928680419922,98.3677749633789,50.10032653808594,44.13561248779297
2026-01-28 05:00:00,135.74766540527344,166.7564239501953,99.86489868164062,48.33010482788086,44.41301345825195
2026-01-29 05:00:00,138.63864135742188,167.99290466308594,101.25369262695312,47.91474533081055,44.997520446777344
2026-01-30 05:00:00,139.51678466796875,173.5962677001953,102.66218566894531,47.84552001953125,44.96780014038086
2026-02-02 05:00:00,136.55674743652344,170.7798614501953,100.25888061523438,47.519161224365234,43.3925895690918
2026-02-03 05:00:00,141.81576538085938,174.7149658203125,103.33195495605469,49.210269927978516,44.839012145996094
2026-02-04 05:00:00,145.6243438720703,177.8453826904297,105.97164154052734,50.7827033996582,46.255706787109375
2026-02-05 05:00:00,144.13446044921875,175.8827362060547,103.4009017944336,48.96303176879883,44.67059326171875
2026-02-06 05:00:00,147.06491088867188,177.4822998046875,106.00119018554688,50.139888763427734,45.87924575805664
2026-02-09 05:00:00,149.19615173339844,179.1898193359375,107.06494140625,49.98165512084961,46.22598648071289
2026-02-10 05:00:00,149.57107543945312,178.8561553955078,105.88299560546875,49.76408386230469,45.83961486816406
2026-02-11 05:00:00,153.4882049560547,182.34967041015625,109.53719329833984,51.291080474853516,46.800594329833984
2026-02-12 05:00:00,148.91920471191406,178.99354553222656,109.16290283203125,50.375877380371094,45.066871643066406
2026-02-13 05:00:00,147.44918823242188,180.30853271484375,109.75387573242188,50.12717819213867,45.641475677490234
2026-02-17 05:00:00,145.20443725585938,178.91131591796875,107.14373779296875,49.580047607421875,45.5126838684082
2026-02-18 05:00:00,149.66415405273438,182.20118713378906,109.70470428466797,51.3209228515625,46.67180252075195
2026-02-19 05:00:00,149.95220947265625,183.10292053222656,110.76681518554688,51.271183013916016,51.050689697265625
2026-02-20 05:00:00,146.28707885742188,182.26063537597656,109.71463775634766,50.584781646728516,51.35780715942383
2026-02-23 05:00:00,149.74362182617188,183.23175048828125,109.06942749023438,50.972747802734375,51.942317962646484
2026-02-24 05:00:00,148.25372314453125,183.6578369140625,109.7741928100586,51.57956314086914,51.46678161621094
2026-02-25 05:00:00,148.05508422851562,182.54800415039062,109.19847869873047,51.39055633544922,50.46617889404297
2026-02-26 05:00:00,147.53857421875,182.48855590820312,109.88337707519531,51.22144317626953,50.95161819458008
2026-02-27 05:00:00,151.47189331054688,185.06495666503906,112.6230239868164,51.072227478027344,52.586273193359375
2026-03-02 05:00:00,153.1802978515625,187.87918090820312,117.36775970458984,51.00259017944336,53.70576095581055
2026-03-03 05:00:00,150.80641174316406,187.0567169189453,117.64569091796875,48.326622009277344,53.18069076538086
2026-03-04 05:00:00,148.80996704101562,184.34158325195312,114.79686737060547,47.640220642089844,53.11134338378906
2026-03-05 05:00:00,149.74362182617188,188.17645263671875,115.95823669433594,47.15277862548828,52.744789123535156
2026-03-06 05:00:00,150.1905975341797,188.21609497070312,116.20639038085938,46.6553840637207,53.68594741821289
2026-03-09 04:00:00,149.42578125,187.7206268310547,116.16668701171875,46.943870544433594,54.50822830200195
2026-03-10 04:00:00,147.13136291503906,184.59921264648438,113.30793762207031,47.859073638916016,52.87576675415039
2026-03-11 04:00:00,150.55809020996094,190.04930114746094,116.16668701171875,47.918758392333984,55.324459075927734
2026-03-12 04:00:00,152.4949493408203,195.1822967529297,119.37286376953125,44.32759094238281,58.14144515991211
2026-03-13 04:00:00,155.06747436523438,195.03366088867188,120.99083709716797,44.48675537109375,57.61388397216797
2026-03-16 04:00:00,156.1699981689453,195.053466796875,120.42504119873047,44.725502014160156,56.98678207397461
2026-03-17 04:00:00,157.73934936523438,196.1732177734375,121.96360778808594,45.889400482177734,57.46457290649414
2026-03-18 04:00:00,156.52757263183594,196.80740356445312,122.73785400390625,45.08362579345703,58.11158752441406
2026-03-19 04:00:00,157.09373474121094,199.61172485351562,125.09036254882812,47.57058334350586,59.306068420410156
2026-03-20 04:00:00,158.5935516357422,199.89907836914062,125.98372650146484,46.38679122924805,60.430870056152344
2026-03-23 04:00:00,160.04371643066406,203.34750366210938,126.25173950195312,48.993125915527344,60.032711029052734
2026-03-24 04:00:00,164.2650604248047,204.9131622314453,128.39581298828125,50.246551513671875,60.968387603759766
2026-03-25 04:00:00,162.1593475341797,203.2880401611328,127.97889709472656,51.61935806274414,61.56562805175781
2026-03-26 04:00:00,164.31471252441406,205.90408325195312,132.26702880859375,52.037166595458984,64.06409454345703
2026-03-27 04:00:00,169.8372344970703,209.23358154296875,132.81297302246094,53.2209587097168,65.0196762084961
2026-03-30 04:00:00,170.31399536132812,208.79759216308594,131.90968322753906,51.261234283447266,65.9354476928711
2026-03-31 04:00:00,168.51620483398438,205.02215576171875,131.02626037597656,51.12196350097656,64.7011489868164
2026-04-01 04:00:00,159.69607543945312,195.61830139160156,127.43296813964844,49.76905822753906,61.94388198852539
2026-04-02 04:00:00,159.60667419433594,197.1641387939453,129.5571746826172,49.182132720947266,62.68048095703125
2026-04-06 04:00:00,162.2686004638672,197.0551300048828,130.66891479492188,49.520362854003906,62.67052459716797
2026-04-07 04:00:00,162.8049774169922,199.71080017089844,130.79795837402344,50.08738708496094,62.65061950683594
2026-04-08 04:00:00,155.16680908203125,191.13931274414062,124.29627227783203,51.60940933227539,59.49519348144531
2026-04-09 04:00:00,153.99476623535156,188.6322784423828,122.5591812133789,52.265968322753906,58.260894775390625
2026-04-10 04:00:00,151.4818115234375,186.83871459960938,121.6459732055664,51.649200439453125,57.70347213745117
2026-04-13 04:00:00,151.61094665527344,190.03939819335938,122.70807647705078,51.649200439453125,57.79305648803711
2026-04-14 04:00:00,148.23387145996094,185.32260131835938,117.91370391845703,51.22144317626953,55.1253776550293
2026-04-15 04:00:00,148.0054168701172,183.23175048828125,118.04273986816406,52.14659118652344,55.57331085205078
2026-04-16 04:00:00,150.9553985595703,186.4423370361328,120.6731948852539,51.46018981933594,56.60852813720703
2026-04-17 04:00:00,145.45274353027344,182.32009887695312,115.18399047851562,52.38534164428711,53.54269027709961
2026-04-20 04:00:00,146.6843719482422,181.58680725097656,115.5909652709961,51.92774200439453,54.229515075683594
2026-04-21 04:00:00,147.35980224609375,184.2920379638672,119.37286376953125,52.49476623535156,56.07101058959961
2026-04-22 04:00:00,148.4921112060547,184.6289520263672,121.69559478759766,54.066524505615234,56.78770065307617
2026-04-23 04:00:00,149.51516723632812,185.8973388671875,123.45254516601562,54.45449447631836,57.56411361694336
2026-04-24 04:00:00,147.90609741210938,183.52902221679688,120.8617935180664,55.857139587402344,56.85737609863281
2026-04-27 04:00:00,147.19094848632812,183.10292053222656,120.78238677978516,54.94193649291992,57.00668716430664
2026-04-28 04:00:00,149.5449676513672,186.6504364013672,123.40290832519531,55.35974884033203,58.34052658081055
2026-04-29 04:00:00,153.62725830078125,190.47540283203125,127.30391693115234,55.40948486328125,60.48064041137695
2026-04-30 04:00:00,153.28955078125,191.55551147460938,124.85214233398438,56.58333206176758,60.30147171020508
2026-05-01 04:00:00,151.72019958496094,188.89984130859375,122.28125,56.62311935424805,58.440067291259766
2026-05-04 04:00:00,152.65386962890625,190.53485107421875,123.98856353759766,55.33985137939453,59.992897033691406
2026-05-05 04:00:00,153.83584594726562,190.89158630371094,122.41028594970703,55.70792007446289,59.06717300415039
2026-05-06 04:00:00,147.6875762939453,183.47947692871094,118.02289581298828,54.8723030090332,54.866573333740234
2026-05-07 04:00:00,145.591796875,180.84361267089844,114.03254699707031,52.723567962646484,53.69199752807617
2026-05-08 04:00:00,143.59535217285156,179.9716033935547,113.02999877929688,52.99216079711914,52.78618240356445
2026-05-11 04:00:00,148.6708984375,183.06329345703125,115.55000305175781,54.64350128173828,54.88648223876953
2026-05-12 04:00:00,149.614501953125,184.26229858398438,117.87000274658203,55.349796295166016,56.011287689208984
2026-05-13 04:00:00,150.5481719970703,184.31185913085938,117.4000015258789,55.091156005859375,55.92169952392578
2026-05-14 04:00:00,151.75,184.946044921875,118.97000122070312,55.459224700927734,56.57866668701172
2026-05-15 04:00:00,157.9199981689453,189.36557006835938,122.41000366210938,55.091156005859375,59.345882415771484
2026-05-18 04:00:00,160.49000549316406,194.33999633789062,124.54000091552734,56.851924896240234,59.42551803588867
2026-05-19 04:00:00,162.5500030517578,197.25,125.11000061035156,56.47390365600586,60.42091751098633
2026-05-20 04:00:00,156.27999877929688,191.3300018310547,122.36000061035156,56.98124313354492,58.59933090209961
2026-05-21 04:00:00,155.2899932861328,191.00999450683594,120.55000305175781,56.95140075683594,58.55951690673828
2026-05-22 04:00:00,154.9199981689453,191.42999267578125,120.45999908447266,56.98124313354492,58.539608001708984
2026-05-26 04:00:00,149.80999755859375,184.7100067138672,116.56999969482422,57.67759323120117,57.1958122253418
2026-05-27 04:00:00,147.89999389648438,182.39999389648438,115.12999725341797,56.2053108215332,56.62843322753906
2026-05-28 04:00:00,146.9600067138672,183.02999877929688,114.98999786376953,54.8325080871582,57.05645751953125
2026-05-29 04:00:00,145.25999450683594,182.4600067138672,113.9800033569336,54.26548385620117,56.369632720947266
2026-06-01 04:00:00,149.3800048828125,185.8300018310547,115.58000183105469,54.464439392089844,58.64910125732422
2026-06-02 04:00:00,149.55999755859375,187.5500030517578,116.87000274658203,56.26499938964844,58.818321228027344
2026-06-03 04:00:00,152.52999877929688,189.7100067138672,119.05000305175781,56.849998474121094,59.36579132080078
2026-06-04 04:00:00,152.0399932861328,188.35000610351562,119.2300033569336,58.0099983215332,58.40024948120117
2026-06-05 04:00:00,149.9199981689453,187.30999755859375,117.13999938964844,54.869998931884766,56.668251037597656
2026-06-08 04:00:00,151.75,189.24000549316406,118.88999938964844,56.54999923706055,57.215721130371094
2026-06-09 04:00:00,148.91000366210938,186.75999450683594,116.79000091552734,55.849998474121094,56.28999710083008
2026-06-10 04:00:00,150.6199951171875,189.8000030517578,119.91999816894531,55.5099983215332,57.099998474121094
2026-06-11 04:00:00,146.60000610351562,185.82000732421875,115.36000061035156,56.0,55.470001220703125
2026-06-12 04:00:00,147.00999450683594,187.22000122070312,116.9800033569336,56.18000030517578,56.540000915527344
2026-06-15 04:00:00,140.9199981689453,180.39999389648438,112.26000213623047,53.709999084472656,54.459999084472656
2026-06-16 04:00:00,141.86000061035156,180.11000061035156,111.33999633789062,53.06999969482422,53.66999816894531
2026-06-17 04:00:00,140.74000549316406,177.5800018310547,111.20999908447266,50.33000183105469,53.040000915527344
2026-06-18 04:00:00,137.80999755859375,173.6300048828125,107.73999786376953,48.09000015258789,51.81999969482422
2026-06-22 04:00:00,138.47000122070312,175.05999755859375,109.69999694824219,47.95000076293945,52.0
2026-06-23 04:00:00,139.72999572753906,175.97999572753906,109.97000122070312,47.790000915527344,52.22999954223633
2026-06-24 04:00:00,136.89999389648438,171.4499969482422,106.91999816894531,46.61000061035156,51.09000015258789
2026-06-25 04:00:00,137.5500030517578,172.24000549316406,106.41000366210938,47.41999816894531,51.209999084472656
2026-06-26 04:00:00,136.5399932861328,171.05999755859375,105.95999908447266,47.0,49.9900016784668
2026-06-29 04:00:00,136.05999755859375,168.47000122070312,104.19999694824219,46.380001068115234,49.09000015258789
2026-06-30 04:00:00,136.72000122070312,165.75999450683594,103.95999908447266,46.4900016784668,48.56999969482422
2026-07-01 04:00:00,136.27999877929688,165.69000244140625,103.22000122070312,45.09000015258789,47.939998626708984
2026-07-02 04:00:00,137.08999633789062,169.1999969482422,104.7300033569336,45.130001068115234,48.90999984741211
2026-07-06 04:00:00,136.44000244140625,168.10000610351562,103.58000183105469,45.720001220703125,48.810001373291016
2026-07-07 04:00:00,141.69000244140625,174.00999450683594,108.44000244140625,46.41999816894531,51.68000030517578
2026-07-08 04:00:00,141.1300048828125,175.97000122070312,110.72000122070312,47.43000030517578,53.59000015258789
2026-07-09 04:00:00,137.4600067138672,174.0500030517578,108.0199966430664,47.2400016784668,52.29999923706055
2026-07-10 04:00:00,138.8800048828125,176.39999389648438,109.04000091552734,47.7599983215332,52.88999938964844
2026-07-13 04:00:00,144.50999450683594,182.1999969482422,112.8499984741211,47.36000061035156,54.810001373291016
2026-07-14 04:00:00,145.08999633789062,181.75999450683594,111.87000274658203,47.540000915527344,54.56999969482422
2026-07-15 04:00:00,144.50999450683594,181.60000610351562,111.45999908447266,47.54999923706055,53.77000045776367
2026-07-16 04:00:00,145.9499969482422,183.86000061035156,112.83999633789062,47.08000183105469,53.650001525878906
2026-07-17 04:00:00,147.36000061035156,187.3800048828125,114.70999908447266,46.9900016784668,54.86000061035156
2026-07-20 04:00:00,148.36000061035156,189.7100067138672,115.68000030517578,46.38999938964844,55.189998626708984
2026-07-21 04:00:00,151.7100067138672,191.07000732421875,117.5,46.59000015258789,56.5
2026-07-22 04:00:00,154.4499969482422,192.97999572753906,118.79000091552734,47.66999816894531,57.5
2026-07-23 04:00:00,156.88999938964844,194.4199981689453,120.19999694824219,47.220001220703125,57.599998474121094
2026-07-24 04:00:00,156.94000244140625,194.7899932861328,120.26000213623047,52.41999816894531,57.29999923706055
2026-07-27 04:00:00,154.77000427246094,190.0,115.58000183105469,51.529998779296875,54.93000030517578
2026-07-28 04:00:00,153.0399932861328,187.5800018310547,114.0999984741211,49.97999954223633,53.93000030517578
2026-07-29 04:00:00,156.75,191.86000061035156,118.05999755859375,48.959999084472656,56.029998779296875
2026-07-30 04:00:00,156.97000122070312,192.30999755859375,119.02999877929688,48.90999984741211,55.95000076293945
2026-07-31 04:00:00,155.44000244140625,196.8300018310547,120.4800033569336,49.59000015258789,57.06999969482422
2026-08-03 04:00:00,155.05999755859375,193.17999267578125,119.16000366210938,49.310001373291016,55.470001220703125
2026-08-04 04:00:00,153.9600067138672,190.39999389648438,117.94000244140625,50.810001373291016,55.09000015258789
2026-08-05 04:00:00,151.6300048828125,186.41000366210938,115.04000091552734,49.90999984741211,53.810001373291016
2026-08-06 04:00:00,154.83999633789062,189.22999572753906,116.76000213623047,51.540000915527344,56.040000915527344
2026-08-07 04:00:00,153.0399932861328,186.55999755859375,117.61000061035156,50.529998779296875,55.90999984741211
2026-08-10 04:00:00,159.7899932861328,194.91000366210938,123.02999877929688,53.20000076293945,58.650001525878906
2026-08-11 04:00:00,159.8000030517578,196.66000366210938,125.91999816894531,53.68000030517578,59.060001373291016
2026-08-12 04:00:00,159.75,196.60000610351562,127.30000305175781,52.61000061035156,58.54999923706055
2026-08-13 04:00:00,158.61000061035156,197.6999969482422,124.5199966430664,52.060001373291016,57.70000076293945
