Date,JPM,BAC,GS,WFC,MS
2014-01-02 05:00:00,41.7945671081543,12.54671573638916,139.08729553222656,31.637386322021484,22.400226593017578
2014-01-03 05:00:00,42.11767578125,12.788299560546875,140.07803344726562,31.862272262573242,22.74674415588379
2014-01-06 05:00:00,42.361785888671875,12.983121871948242,141.0373077392578,31.918481826782227,22.82615089416504
2014-01-07 05:00:00,41.87355041503906,12.858433723449707,140.1881561279297,31.90443992614746,22.753957748413086
2014-01-08 05:00:00,42.268436431884766,12.92077922821045,140.30609130859375,32.269866943359375,22.782835006713867
2014-01-09 05:00:00,42.1894645690918,13.11560344696045,139.48831176757812,32.43851852416992,22.775617599487305
2014-01-10 05:00:00,41.99561309814453,13.068845748901367,140.2667694091797,32.283912658691406,22.59514617919922
2014-01-13 05:00:00,41.42839813232422,12.80388355255127,138.2931671142578,32.01688003540039,22.284732818603516
2014-01-14 05:00:00,41.45710372924805,13.068845748901367,138.85931396484375,32.03794479370117,22.45076560974121
2014-01-15 05:00:00,42.713600158691406,13.364977836608887,140.5498046875,32.607181549072266,23.2592830657959
2014-01-16 05:00:00,42.354610443115234,13.310428619384766,137.73487854003906,32.60015106201172,23.1004695892334
2014-01-17 05:00:00,41.72276306152344,13.255878448486328,138.60768127441406,32.60015106201172,24.11111068725586
2014-01-21 05:00:00,41.765846252441406,13.255878448486328,136.1859130859375,32.67744827270508,23.555259704589844
2014-01-22 05:00:00,41.34941101074219,13.364977836608887,136.56332397460938,32.79690170288086,23.309816360473633
2014-01-23 05:00:00,40.545257568359375,13.138980865478516,134.25949096679688,32.5720329284668,22.725082397460938
2014-01-24 05:00:00,39.55442810058594,12.81947135925293,131.8140869140625,31.96065330505371,21.981538772583008
2014-01-27 05:00:00,39.55442810058594,12.710363388061523,129.49453735351562,31.995784759521484,21.635026931762695
2014-01-28 05:00:00,40.021114349365234,13.037670135498047,130.7212371826172,32.297977447509766,21.750532150268555
2014-01-29 05:00:00,39.87034606933594,12.998705863952637,128.8733673095703,32.03794479370117,21.64930534362793
2014-01-30 05:00:00,40.20779800415039,13.1935396194458,130.39874267578125,32.361228942871094,21.67822265625
2014-01-31 05:00:00,39.74828338623047,13.05325984954834,129.04640197753906,31.862272262573242,21.338367462158203
2014-02-03 05:00:00,38.994380950927734,12.741540908813477,125.665283203125,31.222774505615234,20.933446884155273
2014-02-04 05:00:00,39.45390319824219,12.741540908813477,127.19072723388672,31.461698532104492,20.98405647277832
2014-02-05 05:00:00,39.64057922363281,12.780500411987305,126.13709259033203,31.291894912719727,21.099750518798828
2014-02-06 05:00:00,40.552433013916016,13.006500244140625,127.18285369873047,31.681026458740234,21.468524932861328
2014-02-07 05:00:00,40.652957916259766,13.107810974121094,127.3243408203125,32.09842300415039,21.468524932861328
2014-02-10 05:00:00,40.739112854003906,13.02988052368164,126.59307098388672,32.204559326171875,21.47576332092285
2014-02-11 05:00:00,41.23453140258789,13.154568672180176,129.25868225097656,32.52293014526367,21.887922286987305
2014-02-12 05:00:00,41.29914093017578,13.05325984954834,128.55889892578125,32.53707504272461,21.808378219604492
2014-02-13 05:00:00,41.66531753540039,13.05325984954834,128.99913024902344,32.52998733520508,21.62760353088379
2014-02-14 05:00:00,41.751487731933594,13.01429271697998,128.7318115234375,32.63612747192383,21.468524932861328
2014-02-18 05:00:00,41.99561309814453,12.835053443908691,129.46310424804688,32.63612747192383,21.37452507019043
2014-02-19 05:00:00,41.11247253417969,12.62464427947998,128.37014770507812,32.21163558959961,20.94066619873047
2014-02-20 05:00:00,41.34223175048828,12.7025728225708,129.34519958496094,32.282379150390625,21.208215713500977
2014-02-21 05:00:00,41.36376953125,12.694782257080078,129.34519958496094,32.26116180419922,21.417911529541016
2014-02-24 05:00:00,41.66531753540039,12.881811141967773,130.94918823242188,32.60075378417969,21.916847229003906
2014-02-25 05:00:00,40.94732666015625,12.733747482299805,128.5431365966797,32.60075378417969,21.48299217224121
2014-02-26 05:00:00,40.74630355834961,12.725951194763184,128.44056701660156,32.57952117919922,21.64930534362793
2014-02-27 05:00:00,40.70321273803711,12.850638389587402,130.47604370117188,32.57952117919922,21.953001022338867
2014-02-28 05:00:00,40.79655456542969,12.881811141967773,131.32022094726562,32.84130096435547,22.27115249633789
2014-03-03 05:00:00,40.35857391357422,12.7025728225708,129.9711151123047,32.650272369384766,21.880687713623047
2014-03-04 05:00:00,41.11247253417969,13.037670135498047,133.1189727783203,33.067691802978516,22.488082885742188
2014-03-05 05:00:00,41.758663177490234,13.450942039489746,135.61997985839844,33.315311431884766,23.117170333862305
2014-03-06 05:00:00,42.28999710083008,13.528923988342285,136.17225646972656,33.49217224121094,23.023170471191406
2014-03-07 05:00:00,42.64897918701172,13.513327598571777,137.4818572998047,33.923744201660156,23.29071807861328
2014-03-10 04:00:00,42.50538635253906,13.622493743896484,136.89022827148438,34.06523513793945,23.232864379882812
2014-03-11 04:00:00,41.78020095825195,13.466548919677734,134.0341796875,33.82469177246094,22.921932220458984
2014-03-12 04:00:00,41.58635330200195,13.474340438842773,133.90008544921875,34.04401397705078,22.73393440246582
2014-03-13 04:00:00,41.22733688354492,13.38077163696289,131.51742553710938,33.845909118652344,22.73393440246582
2014-03-14 04:00:00,40.78218460083008,13.100055694580078,130.45233154296875,33.534629821777344,22.488082885742188
2014-03-17 04:00:00,41.34223175048828,13.341778755187988,131.62789916992188,34.051082611083984,22.683313369750977
2014-03-18 04:00:00,41.686859130859375,13.404165267944336,132.61407470703125,34.24211502075195,22.88578224182129
2014-03-19 04:00:00,41.85919189453125,13.599105834960938,132.68507385253906,33.82469177246094,23.001474380493164
2014-03-20 04:00:00,43.15876388549805,13.973397254943848,133.50558471679688,34.68782424926758,23.710105895996094
2014-03-21 04:00:00,43.201839447021484,13.692675590515137,131.71469116210938,34.751487731933594,23.57271957397461
2014-03-24 04:00:00,43.84804153442383,13.544519424438477,130.7442626953125,34.6524543762207,23.457014083862305
2014-03-25 04:00:00,43.74752426147461,13.419753074645996,128.7955780029297,34.63829803466797,22.84239959716797
2014-03-26 04:00:00,43.00799560546875,13.39636516571045,127.5964126586914,34.312843322753906,22.57485008239746
2014-03-27 04:00:00,43.022335052490234,13.26380729675293,128.03817749023438,34.73734664916992,22.34347152709961
2014-03-28 04:00:00,43.1085090637207,13.240410804748535,128.04608154296875,34.87177658081055,22.35070037841797
2014-03-31 04:00:00,43.58956527709961,13.411965370178223,129.26893615722656,35.19013977050781,22.538700103759766
2014-04-01 04:00:00,43.56083297729492,13.521122932434082,130.9020538330078,35.21136474609375,22.567617416381836
2014-04-02 04:00:00,43.69812774658203,13.435355186462402,131.9671630859375,35.204280853271484,22.712242126464844
2014-04-03 04:00:00,43.828163146972656,13.372971534729004,131.0361785888672,35.25379943847656,22.379615783691406
2014-04-04 04:00:00,43.21403503417969,13.03767204284668,128.78770446777344,35.06279373168945,21.960227966308594
2014-04-07 04:00:00,42.628787994384766,12.772553443908691,125.09540557861328,34.426048278808594,21.345598220825195
2014-04-08 04:00:00,42.5203971862793,12.819340705871582,123.51751708984375,34.54632568359375,21.352834701538086
2014-04-09 04:00:00,42.82386779785156,12.959697723388672,124.77983093261719,34.73734664916992,21.85175895690918
2014-04-10 04:00:00,41.472755432128906,12.569812774658203,123.05992126464844,33.75394058227539,21.150360107421875
2014-04-11 04:00:00,39.955440521240234,12.296895980834961,120.48799133300781,34.01572799682617,20.58635902404785
2014-04-14 04:00:00,39.70979690551758,12.47624397277832,122.08158874511719,34.036930084228516,21.012977600097656
2014-04-15 04:00:00,39.594200134277344,12.780353546142578,122.22364807128906,34.510955810546875,21.36729621887207
2014-04-16 04:00:00,39.926551818847656,12.577611923217773,124.0382080078125,34.73027038574219,21.613147735595703
2014-04-17 04:00:00,39.89765167236328,12.593205451965332,124.21183013916016,34.6170654296875,22.242233276367188
2014-04-21 04:00:00,39.760372161865234,12.546420097351074,124.49580383300781,34.751487731933594,22.40131378173828
2014-04-22 04:00:00,40.32394790649414,12.702375411987305,126.59439086914062,34.829307556152344,22.560392379760742
2014-04-23 04:00:00,40.497344970703125,12.764753341674805,126.58650207519531,35.08401107788086,22.4446964263916
2014-04-24 04:00:00,40.598487854003906,12.741363525390625,126.90215301513672,34.89299392700195,22.37238883972168
2014-04-25 04:00:00,40.24446487426758,12.437252044677734,124.84292602539062,34.70197677612305,22.112077713012695
2014-04-28 04:00:00,40.092735290527344,11.657487869262695,123.5017318725586,34.62415313720703,21.75659942626953
2014-04-29 04:00:00,40.53346252441406,11.883624076843262,124.84292602539062,34.999122619628906,22.141090393066406
2014-04-30 04:00:00,40.4467658996582,11.805642127990723,126.08949279785156,35.119388580322266,22.438535690307617
2014-05-01 04:00:00,40.258907318115234,11.766655921936035,126.52342224121094,35.119388580322266,22.648914337158203
2014-05-02 04:00:00,40.15776062011719,11.891419410705566,125.34795379638672,35.07695007324219,22.264419555664062
2014-05-05 04:00:00,39.17512512207031,11.758857727050781,123.35186004638672,35.06279373168945,21.814638137817383
2014-05-06 04:00:00,38.539302825927734,11.48593807220459,121.9238510131836,34.73027038574219,21.37210464477539
2014-05-07 04:00:00,39.052303314208984,11.540521621704102,122.69700622558594,35.19343948364258,21.54621124267578
2014-05-08 04:00:00,39.276268005371094,11.641891479492188,124.18025970458984,35.150691986083984,21.53896713256836
2014-05-09 04:00:00,39.02339553833008,11.493736267089844,124.02244567871094,34.97254180908203,21.531702041625977
2014-05-12 04:00:00,39.485809326171875,11.751060485839844,125.87649536132812,35.45707702636719,22.003257751464844
2014-05-13 04:00:00,39.46413803100586,11.71987247467041,126.45237731933594,35.49271011352539,22.003257751464844
2014-05-14 04:00:00,39.276268005371094,11.571715354919434,125.7976303100586,35.1221923828125,21.945219039916992
2014-05-15 04:00:00,38.66213607788086,11.345582962036133,123.58064270019531,34.936912536621094,21.59699249267578
2014-05-16 04:00:00,38.51763153076172,11.314390182495117,123.41499328613281,34.97254180908203,21.865415573120117
2014-05-19 04:00:00,38.89335250854492,11.439152717590332,124.39327239990234,35.26469421386719,21.87993049621582
2014-05-20 04:00:00,38.81387710571289,11.329989433288574,123.35186004638672,34.88703155517578,21.553470611572266
2014-05-21 04:00:00,39.10285949707031,11.392369270324707,125.71868896484375,35.39295959472656,21.771100997924805
2014-05-22 04:00:00,39.413551330566406,11.470345497131348,126.11316680908203,35.620975494384766,22.046781539916992
2014-05-23 04:00:00,39.399112701416016,11.478141784667969,126.35773468017578,35.742103576660156,22.11932945251465
2014-05-27 04:00:00,39.839847564697266,11.868026733398438,127.6279525756836,36.02001190185547,22.576372146606445
2014-05-28 04:00:00,40.06382751464844,11.805642127990723,127.60420227050781,35.94161605834961,22.438535690307617
2014-05-29 04:00:00,40.258907318115234,11.813440322875977,127.24798583984375,35.82048416137695,22.583621978759766
2014-05-30 04:00:00,40.1505241394043,11.805642127990723,126.51168823242188,36.18388748168945,22.387754440307617
2014-06-02 04:00:00,39.9915771484375,11.899215698242188,126.68588256835938,36.40479278564453,22.41676902770996
2014-06-03 04:00:00,40.17219924926758,11.860225677490234,128.08714294433594,36.40479278564453,22.3804931640625
2014-06-04 04:00:00,40.230018615722656,11.860225677490234,128.55413818359375,36.369171142578125,22.63440704345703
2014-06-05 04:00:00,40.916404724121094,12.031776428222656,128.70458984375,36.78957748413086,22.94635772705078
2014-06-06 04:00:00,41.16205596923828,12.156540870666504,131.56243896484375,37.038963317871094,23.178508758544922
2014-06-09 04:00:00,41.487186431884766,12.351479530334473,131.41192626953125,37.4166259765625,23.20026969909668
2014-06-10 04:00:00,41.834007263183594,12.413861274719238,131.697021484375,37.47364044189453,23.272817611694336
2014-06-11 04:00:00,41.37882614135742,12.156540870666504,130.9607696533203,37.2242317199707,22.989885330200195
2014-06-12 04:00:00,41.212642669677734,12.023977279663086,131.3803253173828,36.84658432006836,23.018905639648438
2014-06-13 04:00:00,41.212642669677734,12.039570808410645,131.3249053955078,36.98196792602539,22.91733741760254
2014-06-16 04:00:00,41.089805603027344,11.914811134338379,131.293212890625,36.40479278564453,23.004396438598633
2014-06-17 04:00:00,41.487186431884766,12.156540870666504,133.16943359375,36.81096649169922,23.577512741088867
2014-06-18 04:00:00,41.74730682373047,12.203323364257812,134.46771240234375,37.08173370361328,23.69358253479004
2014-06-19 04:00:00,41.4005012512207,12.125347137451172,134.36474609375,37.06748962402344,23.606525421142578
2014-06-20 04:00:00,41.581119537353516,12.055122375488281,134.45181274414062,37.687408447265625,23.42515754699707
2014-06-23 04:00:00,42.043540954589844,12.203372955322266,134.76852416992188,37.751529693603516,23.59201431274414
2014-06-24 04:00:00,41.487186431884766,12.086331367492676,133.1773681640625,37.402381896972656,23.236536026000977
2014-06-25 04:00:00,41.566680908203125,12.070730209350586,133.2960968017578,37.48074722290039,23.381629943847656
2014-06-26 04:00:00,41.46552658081055,12.02391529083252,133.00315856933594,37.316871643066406,23.134973526000977
2014-06-27 04:00:00,41.566680908203125,11.961492538452148,132.0294952392578,37.69453430175781,22.888322830200195
2014-06-30 04:00:00,41.6317024230957,11.992701530456543,132.55194091796875,37.4522590637207,23.45418357849121
2014-07-01 04:00:00,41.88636016845703,12.172165870666504,132.05322265625,37.56625747680664,23.446924209594727
2014-07-02 04:00:00,41.44981002807617,12.367232322692871,132.11656188964844,37.52352523803711,23.57025718688965
2014-07-03 04:00:00,41.508033752441406,12.507678031921387,134.1510467529297,37.76577377319336,23.664560317993164
2014-07-07 04:00:00,41.231544494628906,12.437454223632812,132.8211669921875,37.40950393676758,23.497711181640625
2014-07-08 04:00:00,40.5694465637207,12.156558990478516,130.5491180419922,37.23136520385742,23.03340721130371
2014-07-09 04:00:00,40.75863265991211,12.172165870666504,130.3590850830078,37.188602447509766,23.22203254699707
2014-07-10 04:00:00,40.423927307128906,12.047319412231445,129.36953735351562,36.9178352355957,22.98262596130371
2014-07-11 04:00:00,40.598533630371094,12.000503540039062,130.4620361328125,36.68981170654297,22.786754608154297
2014-07-14 04:00:00,40.955074310302734,12.148752212524414,132.20361328125,36.56155014038086,23.07693099975586
2014-07-15 04:00:00,42.39565658569336,12.336019515991211,133.92147827148438,36.59006881713867,23.214780807495117
2014-07-16 04:00:00,42.71578598022461,12.101934432983398,134.95059204101562,36.461788177490234,23.577512741088867
2014-07-17 04:00:00,42.09735107421875,11.860054016113281,134.68939208984375,36.11265563964844,23.432418823242188
2014-07-18 04:00:00,42.3665657043457,12.086331367492676,135.74224853515625,36.54016876220703,23.679067611694336
2014-07-21 04:00:00,42.37383270263672,12.10974407196045,135.94012451171875,36.376285552978516,23.613786697387695
2014-07-22 04:00:00,42.68669128417969,12.10974407196045,138.5526123046875,36.59006881713867,23.874948501586914
2014-07-23 04:00:00,42.92679214477539,12.10974407196045,139.97756958007812,36.57581329345703,24.194154739379883
2014-07-24 04:00:00,43.05046844482422,12.187767028808594,139.5342254638672,36.761085510253906,24.230422973632812
2014-07-25 04:00:00,42.93405532836914,12.164362907409668,138.85342407226562,36.768192291259766,24.11434555053711
2014-07-28 04:00:00,43.06502151489258,12.094134330749512,139.28878784179688,36.768192291259766,23.991016387939453
2014-07-29 04:00:00,42.66485595703125,11.969292640686035,138.96420288085938,36.72543716430664,23.758169174194336
2014-07-30 04:00:00,42.86130905151367,12.156558990478516,139.1383819580078,37.124481201171875,24.26025390625
2014-07-31 04:00:00,41.95912170410156,11.899068832397461,136.8505096435547,36.26940155029297,23.532594680786133
2014-08-01 04:00:00,41.09328842163086,11.688397407531738,134.7764892578125,35.87749481201172,22.994125366210938
2014-08-04 04:00:00,41.216983795166016,11.743016242980957,135.9163818359375,36.33354187011719,23.161483764648438
2014-08-05 04:00:00,40.7877197265625,11.704005241394043,134.11935424804688,35.91312026977539,22.855865478515625
2014-08-06 04:00:00,40.91139602661133,11.860054016113281,134.37271118164062,35.920291900634766,22.965023040771484
2014-08-07 04:00:00,40.6785774230957,11.797636032104492,133.86607360839844,35.661983489990234,22.81948471069336
2014-08-08 04:00:00,40.99142837524414,11.860054016113281,136.36766052246094,35.87724304199219,23.248809814453125
2014-08-11 04:00:00,40.97688674926758,11.875661849975586,136.52597045898438,35.798316955566406,23.343400955200195
2014-08-12 04:00:00,40.998714447021484,11.867857933044434,136.4230499267578,35.719390869140625,23.292463302612305
2014-08-13 04:00:00,41.267921447753906,11.899068832397461,136.4547576904297,35.87007141113281,23.299739837646484
2014-08-14 04:00:00,41.457096099853516,11.953690528869629,136.73974609375,36.14991760253906,23.40888786315918
2014-08-15 04:00:00,41.289737701416016,11.875661849975586,136.0826416015625,36.02793502807617,23.44527816772461
2014-08-18 04:00:00,41.63898468017578,12.055122375488281,138.18052673339844,36.37234878540039,23.729066848754883
2014-08-19 04:00:00,41.87908172607422,12.055122375488281,137.7134552001953,36.494346618652344,23.670848846435547
2014-08-20 04:00:00,41.93728256225586,12.10974407196045,137.76881408691406,36.487159729003906,23.67812728881836
2014-08-21 04:00:00,42.56299591064453,12.609112739562988,138.6554718017578,36.8028678894043,24.034679412841797
2014-08-22 04:00:00,42.55572509765625,12.585702896118164,138.9088592529297,36.72394943237305,24.354854583740234
2014-08-25 04:00:00,43.17415237426758,12.71054744720459,140.8087615966797,36.917694091796875,24.886043548583984
2014-08-26 04:00:00,43.46520233154297,12.741758346557617,140.83241271972656,36.996612548828125,25.03158950805664
2014-08-27 04:00:00,43.356056213378906,12.6403226852417,141.19775390625,36.83876037597656,24.83510971069336
2014-08-28 04:00:00,43.043190002441406,12.492072105407715,141.07070922851562,36.702430725097656,24.784177780151367
2014-08-29 04:00:00,43.25418472290039,12.554492950439453,142.2300567626953,36.910518646240234,24.96609115600586
2014-09-02 04:00:00,43.414249420166016,12.69494342803955,142.75416564941406,37.00379180908203,25.140724182128906
2014-09-03 04:00:00,43.43609619140625,12.601024627685547,142.61917114257812,36.989437103271484,25.14800262451172
2014-09-04 04:00:00,43.443359375,12.608848571777344,143.0003662109375,37.00379180908203,25.249874114990234
2014-09-05 04:00:00,43.588871002197266,12.538409233093262,142.7383575439453,37.06119918823242,25.198936462402344
2014-09-08 04:00:00,43.5743293762207,12.796689987182617,143.02418518066406,36.93204116821289,25.366300582885742
2014-09-09 04:00:00,42.9704475402832,12.63232707977295,140.87217712402344,36.645015716552734,24.675018310546875
2014-09-10 04:00:00,43.08685302734375,12.804515838623047,142.8335723876953,36.96791458129883,24.98064613342285
2014-09-11 04:00:00,43.479736328125,12.968878746032715,143.7309112548828,37.01813888549805,25.271711349487305
2014-09-12 04:00:00,43.67617416381836,13.141066551208496,145.45411682128906,37.097076416015625,25.475448608398438
2014-09-15 04:00:00,43.6107063293457,13.101930618286133,146.09730529785156,37.269287109375,25.620983123779297
2014-09-16 04:00:00,43.647090911865234,13.078453063964844,146.14495849609375,37.53477478027344,25.548227310180664
2014-09-17 04:00:00,43.879886627197266,13.125411033630371,146.76437377929688,37.67828369140625,25.875667572021484
2014-09-18 04:00:00,44.6147575378418,13.336732864379883,149.20223999023438,38.20209503173828,26.290437698364258
2014-09-19 04:00:00,44.46195983886719,13.2662935256958,147.86019897460938,38.28819274902344,26.021196365356445
2014-09-22 04:00:00,44.31644821166992,13.32890510559082,147.13755798339844,37.9581184387207,25.599151611328125
2014-09-23 04:00:00,44.33827590942383,13.344561576843262,146.978759765625,37.384090423583984,25.482725143432617
2014-09-24 04:00:00,44.840301513671875,13.446309089660645,149.13868713378906,37.405609130859375,25.45362663269043
2014-09-25 04:00:00,43.76350402832031,13.188021659851074,146.18466186523438,36.88898468017578,24.900596618652344
2014-09-26 04:00:00,44.06179428100586,13.32890510559082,147.00259399414062,37.21904373168945,25.2134952545166
2014-09-29 04:00:00,43.89445877075195,13.313257217407227,145.97816467285156,37.08989715576172,25.10434913635254
2014-09-30 04:00:00,43.82897186279297,13.344561576843262,145.771728515625,37.21904373168945,25.155284881591797
2014-10-01 04:00:00,43.48701095581055,13.164545059204102,143.49269104003906,36.78134536743164,24.711402893066406
2014-10-02 04:00:00,43.09879684448242,13.211503982543945,145.22381591796875,36.881797790527344,24.944259643554688
2014-10-03 04:00:00,44.168212890625,13.532403945922852,149.34515380859375,37.384090423583984,25.504554748535156
2014-10-06 04:00:00,44.08032989501953,13.532403945922852,148.87667846679688,37.3338623046875,25.46090316772461
2014-10-07 04:00:00,43.41377258300781,13.211503982543945,145.95433044433594,36.65218734741211,24.755069732666016
2014-10-08 04:00:00,44.24146270751953,13.399344444274902,148.2096710205078,37.41996765136719,25.10434913635254
2014-10-09 04:00:00,43.274600982666016,12.984528541564941,143.94528198242188,36.680904388427734,24.23114013671875
2014-10-10 04:00:00,42.86440658569336,12.898438453674316,143.23854064941406,36.33647537231445,23.969194412231445
2014-10-13 04:00:00,42.6007194519043,12.835824966430664,141.9600830078125,36.02075958251953,23.903697967529297
2014-10-14 04:00:00,42.47620391845703,12.9297456741333,141.904541015625,35.037723541259766,24.020130157470703
2014-10-15 04:00:00,40.67430877685547,12.33491325378418,140.74508666992188,34.33454132080078,23.729066848754883
2014-10-16 04:00:00,40.34470748901367,12.585368156433105,137.04464721679688,34.535430908203125,23.670848846435547
2014-10-17 04:00:00,41.16507339477539,12.687117576599121,140.48306274414062,34.937252044677734,24.17293930053711
2014-10-20 04:00:00,41.48002624511719,12.726248741149902,141.2215576171875,35.28886032104492,24.245708465576172
2014-10-21 04:00:00,42.43225860595703,12.992361068725586,143.07974243164062,36.200138092041016,24.784177780151367
2014-10-22 04:00:00,42.080665588378906,12.835824966430664,140.41952514648438,35.99922180175781,24.32574462890625
2014-10-23 04:00:00,42.5274772644043,12.992361068725586,142.9844970703125,36.30777359008789,24.711402893066406
2014-10-24 04:00:00,43.02556610107422,13.086276054382324,145.5970458984375,36.73828887939453,24.973365783691406
2014-10-27 04:00:00,42.95231246948242,12.984528541564941,146.04171752929688,36.81723403930664,24.711402893066406
2014-10-28 04:00:00,43.677459716796875,13.14888858795166,147.95553588867188,37.15447235107422,25.002470016479492
2014-10-29 04:00:00,43.42841720581055,13.297598838806152,147.7649688720703,37.43431854248047,25.097341537475586
2014-10-30 04:00:00,43.50166320800781,13.32890510559082,148.4716796875,37.64241027832031,25.192218780517578
2014-10-31 04:00:00,44.300071716308594,13.430654525756836,150.8697967529297,38.09446716308594,25.506027221679688
2014-11-03 05:00:00,44.59305191040039,13.516754150390625,151.53684997558594,38.29537582397461,25.33086585998535
2014-11-04 05:00:00,44.1316032409668,13.469782829284668,151.09217834472656,38.223628997802734,25.294395446777344
2014-11-05 05:00:00,44.79081726074219,13.571533203125,150.7506561279297,38.664222717285156,25.469528198242188
2014-11-06 05:00:00,44.84940719604492,13.587188720703125,151.67189025878906,39.04702377319336,25.76874542236328
2014-11-07 05:00:00,45.02521514892578,13.587188720703125,151.4416046142578,38.88812255859375,26.0241756439209
2014-11-10 05:00:00,45.36214828491211,13.595013618469238,152.30714416503906,38.88090515136719,26.184728622436523
2014-11-11 05:00:00,44.951969146728516,13.555882453918457,152.3706512451172,38.7003288269043,26.119047164916992
2014-11-12 05:00:00,44.3586540222168,13.532403945922852,151.0206756591797,38.67143630981445,26.25040626525879
2014-11-13 05:00:00,44.116947174072266,13.477612495422363,151.06832885742188,38.56308364868164,26.155529022216797
2014-11-14 05:00:00,44.153560638427734,13.41500186920166,150.86187744140625,38.53418731689453,26.046070098876953
2014-11-17 05:00:00,44.22682189941406,13.375863075256348,150.82217407226562,38.59920120239258,25.980384826660156
2014-11-18 05:00:00,44.33668899536133,13.41500186920166,150.59188842773438,38.476417541503906,25.885513305664062
2014-11-19 05:00:00,44.38795852661133,13.352384567260742,150.23455810546875,38.54143524169922,25.892812728881836
2014-11-20 05:00:00,44.03636932373047,13.305429458618164,150.6792449951172,38.628108978271484,25.827131271362305
2014-11-21 05:00:00,44.27808380126953,13.399344444274902,150.55223083496094,38.866455078125,25.929302215576172
2014-11-24 05:00:00,44.651641845703125,13.446309089660645,150.93333435058594,39.075904846191406,25.994977951049805
2014-11-25 05:00:00,44.168212890625,13.383697509765625,149.97250366210938,38.91701889038086,25.761444091796875
2014-11-26 05:00:00,44.197505950927734,13.391517639160156,149.70248413085938,39.205936431884766,25.63008689880371
2014-11-28 05:00:00,44.065670013427734,13.336732864379883,150.09288024902344,39.35039138793945,25.67388153076172
2014-12-01 05:00:00,43.948463439941406,13.141066551208496,149.92555236816406,38.87368392944336,25.615495681762695
2014-12-02 05:00:00,44.73955154418945,13.422823905944824,151.51087951660156,39.162601470947266,26.104455947875977
2014-12-03 05:00:00,45.07646942138672,13.57197093963623,152.11627197265625,39.28538131713867,26.651792526245117
2014-12-04 05:00:00,44.95928955078125,13.509166717529297,152.91290283203125,39.36484909057617,26.84884262084961
2014-12-05 05:00:00,45.92615509033203,13.878107070922852,155.70114135742188,39.74764633178711,27.177236557006836
2014-12-08 05:00:00,45.90418243408203,13.862404823303223,156.63319396972656,39.55985641479492,27.731874465942383
2014-12-09 05:00:00,45.74303436279297,13.783910751342773,156.84829711914062,39.60319900512695,27.80484962463379
2014-12-10 05:00:00,44.446556091308594,13.642614364624023,152.95277404785156,39.19147872924805,27.28669548034668
2014-12-11 05:00:00,44.78349685668945,13.71325969696045,154.17955017089844,39.31427764892578,27.293996810913086
2014-12-12 05:00:00,43.97775650024414,13.446374893188477,150.41952514648438,38.78700256347656,26.454744338989258
2014-12-15 05:00:00,43.33319854736328,13.226584434509277,147.80653381347656,38.41863250732422,26.221214294433594
2014-12-16 05:00:00,42.798492431640625,13.124539375305176,146.030029296875,38.11527633666992,25.92200469970703
2014-12-17 05:00:00,43.779998779296875,13.548423767089844,147.4002685546875,38.85200500488281,26.8050479888916
2014-12-18 05:00:00,45.03255081176758,13.760359764099121,152.64207458496094,39.877655029296875,27.80484962463379
2014-12-19 05:00:00,45.36214828491211,13.831007957458496,153.97242736816406,39.32872009277344,28.104063034057617
2014-12-22 05:00:00,45.36947250366211,13.901649475097656,154.89657592773438,39.70431137084961,28.147859573364258
2014-12-23 05:00:00,45.7650032043457,14.07434368133545,155.74090576171875,40.06544876098633,28.425159454345703
2014-12-24 05:00:00,45.7650032043457,14.113594055175781,156.05160522460938,39.971561431884766,28.32300567626953
2014-12-26 05:00:00,45.816280364990234,14.113594055175781,155.70114135742188,39.92821502685547,28.257314682006836
2014-12-29 05:00:00,46.11659622192383,14.21563720703125,156.2906494140625,40.238807678222656,28.432456970214844
2014-12-30 05:00:00,46.255775451660156,14.231332778930664,155.90818786621094,40.02933883666992,28.4616641998291
2014-12-31 05:00:00,45.838260650634766,14.042946815490723,154.4105682373047,39.59596252441406,28.315704345703125
2015-01-02 05:00:00,46.06679916381836,14.05079460144043,154.87261962890625,39.50929260253906,28.250022888183594
2015-01-05 05:00:00,44.63665008544922,13.642614364624023,150.037109375,38.42585372924805,27.36697769165039
2015-01-06 05:00:00,43.4792594909668,13.234435081481934,147.00193786621094,37.624114990234375,26.578807830810547
2015-01-07 05:00:00,43.54560852050781,13.297233581542969,149.19265747070312,37.84803009033203,26.95829963684082
2015-01-08 05:00:00,44.51868438720703,13.57197093963623,151.5746307373047,38.68587875366211,27.359689712524414
2015-01-09 05:00:00,43.7446403503418,13.328631401062012,149.2484588623047,38.050254821777344,26.914525985717773
2015-01-12 05:00:00,43.368690490722656,13.093144416809082,147.43209838867188,37.59521484375,26.54232406616211
2015-01-13 05:00:00,43.37605285644531,12.912605285644531,147.32057189941406,37.45077896118164,26.294191360473633
2015-01-14 05:00:00,41.87956619262695,12.59076976776123,143.57640075683594,37.01738739013672,25.69576644897461
2015-01-15 05:00:00,40.53787612915039,11.931401252746582,142.1903076171875,36.634578704833984,25.236007690429688
2015-01-16 05:00:00,41.230838775634766,12.072693824768066,141.18653869628906,37.2990837097168,25.46224021911621
2015-01-20 05:00:00,41.06867599487305,11.978499412536621,139.9119873046875,37.55910873413086,25.36006736755371
2015-01-21 05:00:00,41.20137023925781,12.096244812011719,141.12281799316406,37.63133239746094,25.345470428466797
2015-01-22 05:00:00,42.454566955566406,12.63001823425293,145.0182647705078,38.83757400512695,25.929302215576172
2015-01-23 05:00:00,41.78373336791992,12.347432136535645,143.78358459472656,38.469200134277344,25.651975631713867
2015-01-26 05:00:00,41.85007858276367,12.441627502441406,143.727783203125,38.7003288269043,25.622793197631836
2015-01-27 05:00:00,41.42988586425781,12.268935203552246,140.59701538085938,38.259742736816406,25.294395446777344
2015-01-28 05:00:00,40.360965728759766,11.931401252746582,137.85659790039062,37.6746711730957,24.7161865234375
2015-01-29 05:00:00,41.0391731262207,12.111944198608398,140.19873046875,38.10805130004883,25.155324935913086
2015-01-30 05:00:00,40.08819580078125,11.892152786254883,137.34681701660156,37.50132751464844,24.74546241760254
2015-02-02 05:00:00,40.89173889160156,12.135490417480469,139.80039978027344,38.1441650390625,25.19191551208496
2015-02-03 05:00:00,41.813209533691406,12.473024368286133,143.5843505859375,38.606441497802734,25.645694732666016
2015-02-04 05:00:00,41.562564849853516,12.39452838897705,142.4213409423828,38.55552291870117,25.44808006286621
2015-02-05 05:00:00,41.85007858276367,12.5358247756958,144.006591796875,39.020843505859375,25.565181732177734
2015-02-06 05:00:00,42.67573928833008,12.944001197814941,146.12567138671875,39.58795166015625,26.194625854492188
2015-02-09 05:00:00,42.62411880493164,12.8341064453125,145.1617889404297,39.41347122192383,26.0775089263916
2015-02-10 05:00:00,43.09592819213867,12.889052391052246,147.0258331298828,39.67519760131836,26.46542739868164
2015-02-11 05:00:00,43.02958297729492,12.84195613861084,149.48741149902344,39.18807601928711,26.61911964416504
2015-02-12 05:00:00,43.91419982910156,13.085293769836426,151.18423461914062,39.88603973388672,27.00702667236328
2015-02-13 05:00:00,43.98793029785156,13.03819751739502,150.5628662109375,40.22775650024414,26.9191951751709
2015-02-17 05:00:00,44.30491256713867,13.053894996643066,151.37542724609375,40.256832122802734,27.02165985107422
2015-02-18 05:00:00,43.766761779785156,12.794858932495117,150.2999725341797,39.63883590698242,26.61911964416504
2015-02-19 05:00:00,43.663551330566406,12.724213600158691,150.65049743652344,39.66792678833008,26.589845657348633
2015-02-20 05:00:00,44.083744049072266,12.85765552520752,152.56239318847656,39.86423110961914,26.889928817749023
2015-02-23 05:00:00,43.752037048339844,12.716362953186035,151.60643005371094,40.060523986816406,26.54593849182129
2015-02-24 05:00:00,44.83567810058594,12.85765552520752,153.12802124023438,40.256832122802734,26.889928817749023
2015-02-25 05:00:00,45.07158660888672,12.944001197814941,152.72962951660156,40.22775650024414,26.78014373779297
2015-02-26 05:00:00,45.39595413208008,12.59076976776123,153.59275817871094,40.09688949584961,26.39223861694336
2015-02-27 05:00:00,45.17478942871094,12.41023063659668,151.66683959960938,39.83515930175781,26.194625854492188
2015-03-02 05:00:00,45.536006927490234,12.567217826843262,153.26507568359375,40.38771057128906,26.523975372314453
2015-03-03 05:00:00,45.6834602355957,12.59076976776123,152.84951782226562,40.31498718261719,26.216571807861328
2015-03-04 05:00:00,45.80140686035156,12.47265625,151.5709228515625,39.856956481933594,25.682296752929688
2015-03-05 05:00:00,45.705570220947266,12.59864330291748,151.89857482910156,39.87150573730469,25.997013092041016
2015-03-06 05:00:00,44.88729476928711,12.771871566772461,149.3653106689453,39.68973922729492,26.004323959350586
2015-03-09 04:00:00,45.336971282958984,12.732501983642578,150.18045043945312,39.74790573120117,26.10679817199707
2015-03-10 04:00:00,44.20170211791992,12.433286666870117,146.00900268554688,38.74458312988281,25.528593063354492
2015-03-11 04:00:00,44.408119201660156,12.685261726379395,147.18373107910156,39.04265594482422,25.5798282623291
2015-03-12 04:00:00,45.24113845825195,12.669510841369629,151.794677734375,40.416786193847656,27.14609146118164
2015-03-13 04:00:00,44.968379974365234,12.669510841369629,151.30726623535156,40.23501205444336,26.60447883605957
2015-03-16 04:00:00,45.59498596191406,12.701006889343262,153.3529815673828,40.518577575683594,26.88260269165039
2015-03-17 04:00:00,45.41807174682617,12.669510841369629,152.29014587402344,40.64944839477539,26.750864028930664
2015-03-18 04:00:00,45.521278381347656,12.582890510559082,153.68861389160156,40.838478088378906,26.88260269165039
2015-03-19 04:00:00,45.11581802368164,12.291547775268555,151.8107147216797,40.358619689941406,26.42882537841797
2015-03-20 04:00:00,45.521278381347656,12.47265625,154.3359832763672,40.72214889526367,26.714275360107422
2015-03-23 04:00:00,45.07158660888672,12.378166198730469,153.40093994140625,40.55492401123047,26.57520866394043
2015-03-24 04:00:00,44.5703010559082,12.291547775268555,152.85755920410156,40.24229049682617,26.523975372314453
2015-03-25 04:00:00,43.943687438964844,12.134069442749023,149.71701049804688,39.65338897705078,25.94577980041504
2015-03-26 04:00:00,43.8920783996582,12.141942977905273,149.6290740966797,39.62431335449219,26.070201873779297
2015-03-27 04:00:00,43.89947509765625,12.055327415466309,150.28436279296875,39.348026275634766,26.223899841308594
2015-03-30 04:00:00,44.938880920410156,12.220682144165039,152.64976501464844,39.82061767578125,26.57520866394043
2015-03-31 04:00:00,44.658756256103516,12.118321418762207,150.2124481201172,39.55158996582031,26.12143325805664
2015-04-01 04:00:00,44.48809051513672,12.134069442749023,153.61676025390625,39.2171516418457,26.326358795166016
2015-04-02 04:00:00,44.911067962646484,12.236431121826172,153.07334899902344,39.529788970947266,26.39223861694336
2015-04-06 04:00:00,44.873966217041016,12.212807655334473,153.47283935546875,39.31895065307617,26.282447814941406
2015-04-07 04:00:00,45.15596008300781,12.173437118530273,153.74461364746094,39.27531433105469,26.304401397705078
2015-04-08 04:00:00,45.30438232421875,12.291547775268555,153.8804473876953,39.260780334472656,26.53860855102539
2015-04-09 04:00:00,45.616050720214844,12.370293617248535,155.74240112304688,39.39891052246094,26.81673240661621
2015-04-10 04:00:00,45.786739349365234,12.378166198730469,156.34178161621094,39.49343490600586,26.523975372314453
2015-04-13 04:00:00,46.061302185058594,12.441161155700684,156.2938232421875,39.68973922729492,26.567888259887695
2015-04-14 04:00:00,46.7811164855957,12.456907272338867,158.00392150878906,39.39891052246094,26.963111877441406
2015-04-15 04:00:00,47.64936065673828,12.315176963806152,160.7050018310547,39.849693298339844,27.365650177001953
2015-04-16 04:00:00,47.35253143310547,12.433286666870117,159.99383544921875,39.849693298339844,27.343692779541016
2015-04-17 04:00:00,46.632713317871094,12.252180099487305,157.70826721191406,39.29712677001953,26.897239685058594
2015-04-20 04:00:00,46.92953872680664,12.260052680969238,158.30764770507812,39.52251434326172,27.050941467285156
2015-04-21 04:00:00,46.23941421508789,12.204936027526855,157.30067443847656,39.464351654052734,26.897239685058594
2015-04-22 04:00:00,46.7069206237793,12.39391803741455,158.48341369628906,39.74790573120117,27.226598739624023
2015-04-23 04:00:00,46.603031158447266,12.354546546936035,159.27459716796875,39.88603973388672,27.358333587646484
2015-04-24 04:00:00,46.45460891723633,12.315176963806152,158.2197265625,39.76970672607422,27.343692779541016
2015-04-27 04:00:00,46.26166915893555,12.252180099487305,157.0449676513672,39.96601104736328,27.116809844970703
2015-04-28 04:00:00,46.573341369628906,12.32304573059082,157.8201904296875,40.285919189453125,27.219694137573242
2015-04-29 04:00:00,47.19670104980469,12.582890510559082,158.6752166748047,40.322265625,27.550397872924805
2015-04-30 04:00:00,46.94438934326172,12.543523788452148,156.96507263183594,40.060523986816406,27.41811180114746
2015-05-01 04:00:00,47.2041130065918,12.685261726379395,157.8520965576172,40.12596130371094,27.565088272094727
2015-05-04 04:00:00,48.02783966064453,12.945108413696289,159.2665557861328,40.518577575683594,27.859041213989258
2015-05-05 04:00:00,47.790367126464844,12.87424087524414,157.66030883789062,40.51129913330078,27.520992279052734
2015-05-06 04:00:00,47.43415451049805,12.82699203491211,156.82920837402344,40.20021438598633,27.227039337158203
2015-05-07 04:00:00,47.86457061767578,12.787620544433594,157.74021911621094,40.11970520019531,27.587129592895508
2015-05-08 04:00:00,48.599239349365234,12.952981948852539,160.22555541992188,41.02734375,27.844335556030273
2015-05-11 04:00:00,48.56955337524414,12.984478950500488,161.2084503173828,40.632080078125,28.10888671875
2015-05-12 04:00:00,48.50277328491211,12.937230110168457,160.24954223632812,40.60280990600586,27.71941375732422
2015-05-13 04:00:00,48.62149429321289,12.968728065490723,160.96871948242188,40.69795227050781,27.76349639892578
2015-05-14 04:00:00,49.014801025390625,13.008097648620605,161.91966247558594,41.0200309753418,28.02804946899414
2015-05-15 04:00:00,48.88864517211914,12.87424087524414,162.19935607910156,40.63939666748047,27.8149356842041
2015-05-18 04:00:00,49.28937911987305,13.000226020812988,163.54994201660156,40.80775833129883,28.167686462402344
2015-05-19 04:00:00,49.72722244262695,13.204955101013184,164.14126586914062,41.28354263305664,28.432231903076172
2015-05-20 04:00:00,49.333900451660156,13.181330680847168,163.88552856445312,41.04930877685547,28.167686462402344
2015-05-21 04:00:00,49.460052490234375,13.17345142364502,163.78163146972656,40.998085021972656,27.954565048217773
2015-05-22 04:00:00,49.32646942138672,13.189205169677734,166.0592041015625,40.99076461791992,28.05009651184082
2015-05-26 04:00:00,48.777339935302734,12.992353439331055,164.92442321777344,40.74186706542969,27.77085304260254
2015-05-27 04:00:00,49.32646942138672,13.181330680847168,167.06605529785156,41.04198455810547,28.38080406188965
2015-05-28 04:00:00,49.12611389160156,13.126213073730469,167.12217712402344,41.144466400146484,28.46162986755371
2015-05-29 04:00:00,48.814453125,12.992353439331055,165.28646850585938,40.961463928222656,28.07213592529297
2015-06-01 04:00:00,49.037078857421875,13.031718254089355,166.58511352539062,41.0200309753418,28.35139274597168
2015-06-02 04:00:00,48.9925422668457,13.165579795837402,165.47885131835938,41.122501373291016,28.30730628967285
2015-06-03 04:00:00,49.49717330932617,13.370925903320312,166.96987915039062,41.65684127807617,28.667390823364258
2015-06-04 04:00:00,49.22258377075195,13.252455711364746,167.434814453125,41.09321975708008,28.439577102661133
2015-06-05 04:00:00,50.03147506713867,13.576268196105957,168.70140075683594,41.43726348876953,28.873153686523438
2015-06-08 04:00:00,49.63815689086914,13.48939037322998,168.17237854003906,41.07858657836914,28.726181030273438
2015-06-09 04:00:00,49.85335922241211,13.671038627624512,167.5550537109375,41.50312805175781,28.755569458007812
2015-06-10 04:00:00,50.65484619140625,13.89217472076416,170.84979248046875,41.87643814086914,29.31407356262207
2015-06-11 04:00:00,50.84775161743164,13.813199043273926,171.4990234375,41.91303634643555,29.299388885498047
2015-06-12 04:00:00,50.647403717041016,13.813199043273926,170.7936248779297,41.788597106933594,29.108322143554688
2015-06-15 04:00:00,50.4544563293457,13.797401428222656,169.75152587890625,41.708099365234375,29.04952621459961
2015-06-16 04:00:00,50.736446380615234,13.860581398010254,171.19447326660156,41.8837776184082,29.203855514526367
2015-06-17 04:00:00,50.56576919555664,13.718425750732422,170.6894073486328,41.84716796875,29.08627700805664
2015-06-18 04:00:00,51.04069900512695,13.726322174072266,172.0281219482422,42.235103607177734,29.240604400634766
2015-06-19 04:00:00,50.52124786376953,13.560469627380371,170.89788818359375,41.75932312011719,28.93195152282715
2015-06-22 04:00:00,51.17426681518555,13.797401428222656,173.55923461914062,42.388832092285156,29.284692764282227
2015-06-23 04:00:00,51.76054000854492,13.95535945892334,175.07424926757812,42.37418746948242,29.549243927001953
2015-06-24 04:00:00,51.21879959106445,13.813199043273926,171.89181518554688,42.118003845214844,29.130352020263672
2015-06-25 04:00:00,50.944236755371094,13.718425750732422,170.60125732421875,41.84716796875,28.82172203063965
2015-06-26 04:00:00,51.166847229003906,13.750017166137695,170.8817901611328,42.044795989990234,29.027481079101562
2015-06-29 04:00:00,49.86821746826172,13.33933162689209,166.45687866210938,41.034664154052734,28.15298843383789
2015-06-30 04:00:00,50.28377151489258,13.442004203796387,167.37071228027344,41.166419982910156,28.505727767944336
2015-07-01 04:00:00,50.84398651123047,13.599956512451172,168.29258728027344,41.65684127807617,28.924598693847656
2015-07-02 04:00:00,50.43316650390625,13.449899673461914,167.69937133789062,41.53241729736328,28.660045623779297
2015-07-06 04:00:00,50.29123306274414,13.378820419311523,166.76950073242188,41.31282424926758,28.549814224243164
2015-07-07 04:00:00,49.895355224609375,13.181375503540039,166.90574645996094,41.173744201660156,28.38080406188965
2015-07-08 04:00:00,48.872074127197266,12.833874702453613,163.5790252685547,40.441768646240234,27.77085304260254
2015-07-09 04:00:00,49.3799934387207,13.015524864196777,164.1802215576172,40.624755859375,27.998668670654297
2015-07-10 04:00:00,50.082115173339844,13.189275741577148,166.08815002441406,41.04930877685547,28.395490646362305
2015-07-13 04:00:00,50.858909606933594,13.442004203796387,168.4368438720703,41.53241729736328,28.895206451416016
2015-07-14 04:00:00,51.56850814819336,13.528879165649414,170.07217407226562,41.905723571777344,29.181804656982422
2015-07-15 04:00:00,51.6805534362793,13.963257789611816,170.71343994140625,42.293663024902344,29.174448013305664
2015-07-16 04:00:00,51.956912994384766,14.17650032043457,169.28659057617188,42.57914733886719,29.32877540588379
2015-07-17 04:00:00,51.69548797607422,14.294965744018555,170.31263732910156,42.410797119140625,29.54190444946289
2015-07-20 04:00:00,51.73284149169922,14.310754776000977,170.25648498535156,42.491310119628906,29.42431640625
2015-07-21 04:00:00,51.613319396972656,14.279165267944336,169.54307556152344,42.41810989379883,29.45370864868164
2015-07-22 04:00:00,52.345314025878906,14.571385383605957,170.9459228515625,42.83533477783203,29.791759490966797
2015-07-23 04:00:00,52.01666259765625,14.35814094543457,169.18234252929688,42.60840606689453,29.3508243560791
2015-07-24 04:00:00,51.471412658691406,14.137001991271973,166.21636962890625,42.293663024902344,29.100967407226562
2015-07-27 04:00:00,50.79916000366211,13.95535945892334,164.34861755371094,42.15458679199219,28.84376335144043
2015-07-28 04:00:00,50.82904815673828,14.12121295928955,165.32655334472656,42.01552200317383,28.84376335144043
2015-07-29 04:00:00,51.49382781982422,14.342352867126465,165.80755615234375,42.4254264831543,28.983922958374023
2015-07-30 04:00:00,51.56850814819336,14.318653106689453,166.09609985351562,42.56451416015625,28.99130630493164
2015-07-31 04:00:00,51.18758010864258,14.12121295928955,164.38870239257812,42.359554290771484,28.651966094970703
2015-08-03 04:00:00,51.18758010864258,14.03433895111084,164.08404541015625,42.388832092285156,28.59294319152832
2015-08-04 04:00:00,51.1352653503418,14.058030128479004,164.46884155273438,42.32293701171875,28.710981369018555
2015-08-05 04:00:00,51.33694076538086,14.113313674926758,164.89369201660156,42.4739875793457,28.76999282836914
2015-08-06 04:00:00,50.978416442871094,14.065926551818848,164.40469360351562,42.38556671142578,28.718360900878906
2015-08-07 04:00:00,50.82904815673828,14.018542289733887,163.08193969726562,42.341373443603516,28.46015739440918
2015-08-10 04:00:00,51.45646667480469,14.247577667236328,165.11012268066406,42.68764877319336,28.829004287719727
2015-08-11 04:00:00,50.96348190307617,14.05013370513916,161.687255859375,42.149803161621094,27.973285675048828
2015-08-12 04:00:00,50.22401809692383,13.836892127990723,161.23025512695312,41.788795471191406,27.715103149414062
2015-08-13 04:00:00,50.45555877685547,13.915870666503906,160.9176025390625,41.91404724121094,27.847875595092773
2015-08-14 04:00:00,50.709529876708984,13.979052543640137,161.9437713623047,42.23822784423828,28.06918716430664
2015-08-17 04:00:00,50.84398651123047,14.03433895111084,162.3845977783203,42.25296401977539,28.13558578491211
2015-08-18 04:00:00,50.94853591918945,13.971155166625977,161.2703857421875,42.3929443359375,27.899520874023438
2015-08-19 04:00:00,50.492923736572266,13.789508819580078,161.08599853515625,42.03929901123047,27.61918830871582
2015-08-20 04:00:00,49.25300598144531,13.20506763458252,157.7191925048828,41.346744537353516,26.682321548461914
2015-08-21 04:00:00,47.505157470703125,12.715409278869629,150.49655151367188,39.76272964477539,25.236448287963867
2015-08-24 04:00:00,45.0029411315918,12.075688362121582,143.859130859375,37.75874328613281,23.79795265197754
2015-08-25 04:00:00,44.74897003173828,12.051998138427734,142.8651123046875,36.852535247802734,23.42909812927246
2015-08-26 04:00:00,46.98979568481445,12.683817863464355,147.81912231445312,38.532344818115234,24.56514549255371
2015-08-27 04:00:00,48.162479400634766,12.983930587768555,151.6749267578125,39.80692672729492,25.302841186523438
2015-08-28 04:00:00,47.90104293823242,12.920751571655273,151.02334594726562,39.4459228515625,25.11841583251953
2015-08-31 04:00:00,47.87864685058594,12.904956817626953,151.7071075439453,39.291194915771484,25.413494110107422
2015-09-01 04:00:00,45.89925765991211,12.304723739624023,146.4946746826172,37.56718826293945,24.4323673248291
2015-09-02 04:00:00,46.73582458496094,12.558269500732422,148.41714477539062,38.303951263427734,24.926620483398438
2015-09-03 04:00:00,46.81798553466797,12.629573822021484,148.8595733642578,38.62812042236328,24.933992385864258
2015-09-04 04:00:00,45.93659973144531,12.399802207946777,145.0950164794922,37.78821563720703,24.484006881713867
2015-09-08 04:00:00,47.1765251159668,12.803885459899902,149.51913452148438,38.99650192260742,25.28070640563965
2015-09-09 04:00:00,46.44451904296875,12.597880363464355,149.35826110839844,38.451290130615234,24.89710235595703
2015-09-10 04:00:00,46.80305480957031,12.708809852600098,149.54330444335938,38.72390365600586,24.985639572143555
2015-09-11 04:00:00,46.72836685180664,12.708809852600098,149.02853393554688,38.768104553222656,25.074155807495117
2015-09-14 04:00:00,46.593910217285156,12.645421028137207,147.95863342285156,38.87861633300781,24.941373825073242
2015-09-15 04:00:00,47.49022674560547,12.922730445861816,150.78207397460938,39.39433670043945,25.509401321411133
2015-09-16 04:00:00,47.90851593017578,12.938578605651855,151.73927307128906,39.57852554321289,25.538894653320312
2015-09-17 04:00:00,46.79558563232422,12.566189765930176,149.97769165039062,38.466041564941406,25.11841583251953
2015-09-18 04:00:00,45.51831817626953,12.32849407196045,145.54551696777344,37.604034423828125,24.365970611572266
2015-09-21 04:00:00,45.89925765991211,12.439419746398926,147.4840545654297,37.97978210449219,24.594661712646484
2015-09-22 04:00:00,45.49589920043945,12.336417198181152,144.5641326904297,37.34616470336914,23.93073272705078
2015-09-23 04:00:00,45.29423141479492,12.455265045166016,144.3147735595703,37.4124755859375,23.842208862304688
2015-09-24 04:00:00,44.98051452636719,12.320569038391113,142.3038330078125,37.24302291870117,23.584016799926758
2015-09-25 04:00:00,45.9141960144043,12.589958190917969,144.65264892578125,37.92820739746094,23.746309280395508
2015-09-28 04:00:00,44.80126190185547,12.257185935974121,139.17481994628906,37.110408782958984,22.93484878540039
2015-09-29 04:00:00,44.69668960571289,12.162105560302734,138.24168395996094,37.49352264404297,22.875831604003906
2015-09-30 04:00:00,45.54072952270508,12.344339370727539,139.77000427246094,37.83241653442383,23.2373046875
2015-10-01 04:00:00,45.876853942871094,12.320569038391113,141.58795166015625,37.89872360229492,23.2373046875
2015-10-02 04:00:00,45.74895477294922,12.185876846313477,142.38426208496094,37.76612091064453,23.185665130615234
2015-10-05 04:00:00,46.659271240234375,12.431496620178223,145.35247802734375,38.61338806152344,23.820079803466797
2015-10-06 04:00:00,46.68183898925781,12.431496620178223,145.04681396484375,38.33341598510742,23.87171745300293
2015-10-07 04:00:00,46.74201583862305,12.479035377502441,146.5831298828125,38.451290130615234,24.292200088500977
2015-10-08 04:00:00,46.74201583862305,12.479035377502441,145.6500701904297,38.709163665771484,24.336467742919922
2015-10-09 04:00:00,46.59156036376953,12.344339370727539,144.13783264160156,38.41446304321289,24.137290954589844
2015-10-12 04:00:00,46.433563232421875,12.296798706054688,144.97439575195312,38.44392776489258,24.196300506591797
2015-10-13 04:00:00,46.305667877197266,12.296798706054688,145.56968688964844,38.208168029785156,24.056140899658203
2015-10-14 04:00:00,45.13205337524414,12.39188289642334,144.39523315429688,37.942935943603516,24.004505157470703
2015-10-15 04:00:00,46.561466217041016,12.827654838562012,148.7791290283203,38.81966781616211,24.793838500976562
2015-10-16 04:00:00,46.96772384643555,12.772195816040039,148.95611572265625,38.95966339111328,25.044649124145508
2015-10-19 04:00:00,46.809730529785156,12.788040161132812,149.40658569335938,38.72390365600586,23.842208862304688
2015-10-20 04:00:00,47.035423278808594,12.83558177947998,149.2215118408203,39.10701370239258,23.790573120117188
2015-10-21 04:00:00,46.689361572265625,12.597880363464355,144.54808044433594,39.1364860534668,23.22255516052246
2015-10-22 04:00:00,47.53947830200195,12.803885459899902,147.65301513671875,39.829036712646484,23.864337921142578
2015-10-23 04:00:00,48.05107498168945,13.089123725891113,149.21351623535156,40.3373908996582,24.063522338867188
2015-10-26 04:00:00,48.073646545410156,13.081197738647461,150.4281463623047,39.99847412109375,24.011878967285156
2015-10-27 04:00:00,47.8780403137207,12.994041442871094,149.8650665283203,39.873233795166016,23.775821685791016
2015-10-28 04:00:00,49.277366638183594,13.6912841796875,153.89505004882812,40.85313034057617,24.78376579284668
2015-10-29 04:00:00,49.059181213378906,13.540742874145508,152.74478149414062,40.587890625,24.857887268066406
2015-10-30 04:00:00,48.33695602416992,13.295122146606445,150.822265625,39.887969970703125,24.435434341430664
2015-11-02 05:00:00,49.30745315551758,13.51697063446045,152.57582092285156,40.41106414794922,24.813419342041016
2015-11-03 05:00:00,49.488006591796875,13.612051963806152,153.38824462890625,40.47001647949219,24.672603607177734
2015-11-04 05:00:00,49.540672302246094,13.477360725402832,154.1604766845703,40.48855972290039,24.754127502441406
2015-11-05 05:00:00,49.98454284667969,13.71505355834961,154.4580841064453,40.69626998901367,25.109872817993164
2015-11-06 05:00:00,51.504241943359375,14.222142219543457,160.2094268798828,41.4306755065918,26.243818283081055
2015-11-09 05:00:00,50.69927215576172,14.008213996887207,158.2708740234375,41.14877700805664,26.021480560302734
2015-11-10 05:00:00,50.91742706298828,14.14291000366211,159.11550903320312,41.47517013549805,26.117830276489258
2015-11-11 05:00:00,50.669189453125,14.063675880432129,158.77767944335938,41.393577575683594,25.954784393310547
2015-11-12 05:00:00,49.65353775024414,13.762594223022461,155.06138610839844,40.92622375488281,25.36927032470703
2015-11-13 05:00:00,49.3224983215332,13.627901077270508,153.14697265625,40.48113250732422,25.146928787231445
2015-11-16 05:00:00,50.03721618652344,13.810133934020996,154.57073974609375,41.00040817260742,25.235868453979492
2015-11-17 05:00:00,49.75133514404297,13.80221176147461,153.291748046875,40.77044677734375,24.894941329956055
2015-11-18 05:00:00,50.74440002441406,14.13498592376709,155.7772979736328,41.29713439941406,25.384096145629883
2015-11-19 05:00:00,50.90237808227539,14.016136169433594,155.2705535888672,41.51968765258789,25.324796676635742
2015-11-20 05:00:00,50.81210708618164,13.984440803527832,154.01560974121094,41.40842819213867,25.132095336914062
2015-11-23 05:00:00,50.31557846069336,13.841822624206543,152.1817169189453,41.24522399902344,24.9320011138916
2015-11-24 05:00:00,50.240333557128906,13.841822624206543,151.76345825195312,41.00782012939453,24.894941329956055
2015-11-25 05:00:00,50.3005256652832,13.818058013916016,152.14952087402344,40.96331787109375,24.90976905822754
2015-11-27 05:00:00,50.53374099731445,13.849746704101562,153.21133422851562,41.08943176269531,25.035757064819336
2015-11-30 05:00:00,50.16511154174805,13.810133934020996,153.37274169921875,40.87430191040039,25.421146392822266
2015-12-01 05:00:00,50.864768981933594,14.111212730407715,155.83450317382812,41.326812744140625,26.140056610107422
2015-12-02 05:00:00,50.150062561035156,13.99997615814209,153.56637573242188,40.85946273803711,25.858428955078125
2015-12-03 05:00:00,49.503055572509766,13.745722770690918,149.4823760986328,40.206661224365234,25.532323837280273
2015-12-04 05:00:00,51.07542419433594,14.142997741699219,153.34849548339844,41.29713439941406,26.177120208740234
2015-12-07 05:00:00,50.40584182739258,13.936413764953613,149.71641540527344,41.11167907714844,25.702791213989258
2015-12-08 05:00:00,49.62342834472656,13.658321380615234,147.6420440673828,40.35503005981445,25.243274688720703
2015-12-09 05:00:00,49.24727249145508,13.586811065673828,145.85824584960938,40.147308349609375,24.731891632080078
2015-12-10 05:00:00,49.3601188659668,13.666263580322266,146.98822021484375,40.31051254272461,24.768951416015625
2015-12-11 05:00:00,48.201534271240234,13.292828559875488,142.50863647460938,39.546443939208984,23.775821685791016
2015-12-14 05:00:00,48.352012634277344,13.348443984985352,142.37945556640625,39.46483612060547,23.627592086791992
2015-12-15 05:00:00,49.728759765625,13.841063499450684,146.9075469970703,40.73335266113281,24.339088439941406
2015-12-16 05:00:00,50.80458068847656,14.103269577026367,150.29757690429688,41.4306755065918,24.90976905822754
2015-12-17 05:00:00,49.864173889160156,13.745722770690918,147.391845703125,41.14877700805664,23.99816131591797
2015-12-18 05:00:00,48.449790954589844,13.316662788391113,141.6449737548828,39.90251541137695,23.190319061279297
2015-12-21 05:00:00,49.30745315551758,13.4835205078125,143.46908569335938,40.07313919067383,23.4793643951416
2015-12-22 05:00:00,49.412784576416016,13.570924758911133,145.32553100585938,40.31051254272461,23.87958335876465
2015-12-23 05:00:00,50.20272445678711,13.777503967285156,147.66624450683594,40.82979202270508,24.161209106445312
2015-12-24 05:00:00,50.10492706298828,13.721887588500977,147.27882385253906,40.666587829589844,24.07227897644043
2015-12-28 05:00:00,49.939422607421875,13.610648155212402,146.59275817871094,40.562740325927734,23.8425235748291
2015-12-29 05:00:00,50.45852279663086,13.729833602905273,148.13438415527344,41.0152587890625,24.124155044555664
2015-12-30 05:00:00,50.09739685058594,13.547079086303711,146.9075469970703,40.7185173034668,23.886987686157227
2015-12-31 05:00:00,49.676090240478516,13.372285842895508,145.47079467773438,40.325355529785156,23.575706481933594
2016-01-04 05:00:00,48.18406295776367,13.054464340209961,142.9767608642578,39.24970245361328,23.331134796142578
2016-01-05 05:00:00,48.26737976074219,13.054464340209961,140.51499938964844,39.23487854003906,23.182903289794922
2016-01-06 05:00:00,47.57060623168945,12.77637004852295,137.08465576171875,38.48564147949219,22.60481071472168
2016-01-07 05:00:00,45.64687728881836,12.315529823303223,132.87142944335938,37.38774490356445,21.478273391723633
2016-01-08 05:00:00,44.62440490722656,12.077164649963379,132.32254028320312,36.764625549316406,21.033592224121094
2016-01-11 05:00:00,44.556251525878906,12.164565086364746,133.76727294921875,37.15778350830078,21.0928897857666
2016-01-12 05:00:00,44.65471267700195,12.164565086364746,133.751220703125,38.09989547729492,21.0928897857666
2016-01-13 05:00:00,43.42776870727539,11.838798522949219,128.32717895507812,36.890724182128906,19.929296493530273
2016-01-14 05:00:00,44.0791015625,11.910310745239258,130.26437377929688,37.5657844543457,20.121992111206055
2016-01-15 05:00:00,43.200557708740234,11.489197731018066,125.59905242919922,36.21567153930664,19.247446060180664
2016-01-19 05:00:00,43.17783737182617,11.314395904541016,126.57572174072266,35.76314926147461,19.462377548217773
2016-01-20 05:00:00,42.04177474975586,10.877395629882812,124.09774780273438,35.51094436645508,18.70641326904297
2016-01-21 05:00:00,41.844852447509766,10.61519718170166,122.40277862548828,35.614803314208984,18.3654842376709
2016-01-22 05:00:00,43.13239288330078,10.774104118347168,126.60799407958984,36.36402893066406,18.98063087463379
2016-01-25 05:00:00,42.15537643432617,10.297370910644531,121.97499084472656,35.35514831542969,18.51371192932129
2016-01-26 05:00:00,43.23085403442383,10.575467109680176,124.66275024414062,35.80024719238281,18.891695022583008
2016-01-27 05:00:00,43.200557708740234,10.61519718170166,124.07357788085938,36.030208587646484,18.9140625
2016-01-28 05:00:00,43.382320404052734,10.750265121459961,126.76941680908203,36.28984451293945,18.76495361328125
2016-01-29 05:00:00,45.063690185546875,11.234942436218262,130.4014892578125,37.26164245605469,19.29428482055664
2016-02-01 05:00:00,44.57897186279297,11.091924667358398,128.85989379882812,37.0465087890625,19.16754150390625
2016-02-02 05:00:00,43.19297409057617,10.511899948120117,122.443115234375,36.223087310791016,18.26544952392578
2016-02-03 05:00:00,43.48078918457031,10.352991104125977,123.234130859375,35.58392333984375,18.131250381469727
2016-02-04 05:00:00,44.23057556152344,10.52779483795166,126.30935668945312,36.069847106933594,18.645675659179688
2016-02-05 05:00:00,43.7382926940918,10.289422988891602,126.29317474365234,35.77829360961914,18.153623580932617
2016-02-08 05:00:00,42.82185745239258,9.749136924743652,120.46565246582031,34.7616081237793,16.901134490966797
2016-02-09 05:00:00,42.564361572265625,9.693513870239258,119.65845489501953,34.724220275878906,17.094972610473633
2016-02-10 05:00:00,42.04935073852539,9.518714904785156,118.83524322509766,34.51490783691406,16.923500061035156
2016-02-11 05:00:00,40.193782806396484,8.867181777954102,113.55655670166016,33.7598762512207,16.17051887512207
2016-02-12 05:00:00,43.5413703918457,9.49487590789795,117.94734954833984,35.36713409423828,17.21425437927246
2016-02-16 05:00:00,44.19272994995117,9.73323917388916,120.27997589111328,36.06235885620117,17.683940887451172
2016-02-17 05:00:00,44.510807037353516,9.979551315307617,121.82972717285156,35.980140686035156,18.064157485961914
2016-02-18 05:00:00,43.78374099731445,9.725298881530762,119.23881530761719,35.68110656738281,17.862865447998047
2016-02-19 05:00:00,43.79130554199219,9.637895584106445,118.5769271850586,35.95022964477539,17.892684936523438
2016-02-22 05:00:00,44.35934066772461,9.96366024017334,120.0943603515625,36.77253723144531,18.295270919799805
2016-02-23 05:00:00,42.503780364990234,9.661733627319336,116.96263122558594,35.95770263671875,17.67648696899414
2016-02-24 05:00:00,42.518917083740234,9.637895584106445,117.4872817993164,35.59139633178711,17.67648696899414
2016-02-25 05:00:00,43.17783737182617,9.788860321044922,119.65845489501953,35.69606399536133,18.36236572265625
2016-02-26 05:00:00,43.57923889160156,10.090790748596191,121.27275848388672,35.935279846191406,18.75750160217285
2016-02-29 05:00:00,42.64010238647461,9.947774887084961,121.21601104736328,35.07558059692383,18.414554595947266
2016-03-01 05:00:00,44.836483001708984,10.480117797851562,125.36656188964844,36.421199798583984,19.450843811035156
2016-03-02 05:00:00,45.26061248779297,10.69546127319336,125.00174713134766,37.0566291809082,19.46575355529785
2016-03-03 05:00:00,45.41208267211914,10.767244338989258,125.91780090332031,37.20613479614258,19.488121032714844
2016-03-04 05:00:00,45.48025131225586,10.799147605895996,127.14181518554688,37.460296630859375,19.480667114257812
2016-03-07 05:00:00,45.39693832397461,10.79117202758789,125.93404388427734,37.43039321899414,19.450843811035156
2016-03-08 05:00:00,44.51838302612305,10.416311264038086,122.89407348632812,36.66788101196289,18.645675659179688
2016-03-09 05:00:00,44.77589797973633,10.480120658874512,121.52409362792969,36.4735221862793,18.347463607788086
2016-03-10 05:00:00,44.38962936401367,10.583803176879883,122.42388153076172,36.264198303222656,18.37727928161621
2016-03-11 05:00:00,44.94251251220703,10.998542785644531,124.79096221923828,37.43039321899414,19.383747100830078
2016-03-14 04:00:00,44.77589797973633,10.87890625,124.42619323730469,37.288360595703125,19.31664276123047
2016-03-15 04:00:00,44.836483001708984,10.823073387145996,123.24262237548828,37.36311340332031,18.958797454833984
2016-03-16 04:00:00,44.62440490722656,10.615707397460938,122.03478240966797,37.03418731689453,18.75750160217285
2016-03-17 04:00:00,44.495662689208984,10.687490463256836,123.95599365234375,37.176239013671875,19.271921157836914
2016-03-18 04:00:00,45.805908203125,10.998542785644531,127.75801086425781,37.78176498413086,19.592500686645508
2016-03-21 04:00:00,45.790771484375,11.038423538208008,126.69602966308594,37.878936767578125,19.339008331298828
2016-03-22 04:00:00,45.624149322509766,10.974613189697266,125.00174713134766,37.6546630859375,19.264461517333984
2016-03-23 04:00:00,45.39693832397461,10.862956047058105,124.90446472167969,37.19865417480469,18.839513778686523
2016-03-24 04:00:00,45.048545837402344,10.910807609558105,124.0289535522461,36.555763244628906,18.586027145385742
2016-03-28 04:00:00,44.98794937133789,10.862956047058105,124.70995330810547,36.406246185302734,18.429468154907227
2016-03-29 04:00:00,44.707725524902344,10.703437805175781,125.67457580566406,35.92032241821289,18.474199295043945
2016-03-30 04:00:00,45.22274398803711,10.751296043395996,126.86620330810547,36.36886215209961,18.690401077270508
2016-03-31 04:00:00,44.851627349853516,10.783196449279785,127.25534057617188,36.15207290649414,18.645675659179688
2016-04-01 04:00:00,45.34392547607422,10.815102577209473,129.5575714111328,36.21934509277344,19.033344268798828
2016-04-04 04:00:00,45.168434143066406,10.775222778320312,127.89579772949219,36.2567138671875,18.668039321899414
2016-04-05 04:00:00,44.52753448486328,10.519996643066406,125.93404388427734,35.516632080078125,18.175989151000977
2016-04-06 04:00:00,44.87086486816406,10.583803176879883,125.80428314208984,35.9427490234375,18.205808639526367
2016-04-07 04:00:00,43.73403549194336,10.248822212219238,121.92938995361328,35.08305740356445,17.683940887451172
2016-04-08 04:00:00,44.054481506347656,10.272747993469238,121.82401275634766,35.18770980834961,17.7063045501709
2016-04-11 04:00:00,44.405452728271484,10.344531059265137,123.3804931640625,35.15782165527344,17.97469711303711
2016-04-12 04:00:00,45.22946548461914,10.583803176879883,125.09092712402344,35.71100616455078,18.325092315673828
2016-04-13 04:00:00,47.14455795288086,10.998542785644531,129.58187866210938,36.65292739868164,19.29428482055664
2016-04-14 04:00:00,47.75492858886719,11.277694702148438,130.44119262695312,36.4735221862793,19.510480880737305
2016-04-15 04:00:00,47.205589294433594,11.166032791137695,128.5037078857422,36.069847106933594,19.204814910888672
2016-04-18 04:00:00,47.51079559326172,11.30162239074707,128.9090576171875,36.510894775390625,19.182451248168945
2016-04-19 04:00:00,48.31191635131836,11.524938583374023,131.85169982910156,37.288360595703125,19.7266902923584
2016-04-20 04:00:00,49.013858795166016,11.907777786254883,135.3618621826172,37.714473724365234,20.434946060180664
2016-04-21 04:00:00,48.525550842285156,11.883846282958984,134.0161590576172,37.41544723510742,20.323108673095703
2016-04-22 04:00:00,48.80784606933594,12.051340103149414,135.1753387451172,37.84153747558594,20.651147842407227
2016-04-25 04:00:00,48.525550842285156,11.931703567504883,133.82969665527344,37.75933074951172,20.5244083404541
2016-04-26 04:00:00,48.77732849121094,12.035390853881836,134.43775939941406,38.065826416015625,20.539310455322266
2016-04-27 04:00:00,48.91465759277344,11.979557991027832,135.31320190429688,38.07329559326172,20.636762619018555
2016-04-28 04:00:00,48.525550842285156,11.796113014221191,133.18115234375,37.68457794189453,20.411880493164062
2016-04-29 04:00:00,48.220359802246094,11.612674713134766,133.03524780273438,37.36311340332031,20.284446716308594
2016-05-02 04:00:00,48.670509338378906,11.78016185760498,134.7133331298828,37.819122314453125,20.43437385559082
2016-05-03 04:00:00,47.7320442199707,11.453157424926758,132.24896240234375,37.37807083129883,20.15701675415039
2016-05-04 04:00:00,46.9766960144043,11.269715309143066,129.76025390625,36.8658332824707,19.699752807617188
2016-05-05 04:00:00,46.724918365478516,11.205909729003906,129.32254028320312,36.88090896606445,19.61729621887207
2016-05-06 04:00:00,46.99958801269531,11.253763198852539,128.77125549316406,36.926090240478516,19.67725944519043
2016-05-09 04:00:00,46.7020263671875,11.158056259155273,127.68498229980469,36.820640563964844,19.5648193359375
2016-05-10 04:00:00,47.33530807495117,11.405302047729492,130.8546142578125,37.21234893798828,19.962114334106445
2016-05-11 04:00:00,47.15980529785156,11.32554817199707,129.23333740234375,36.97130584716797,19.759719848632812
2016-05-12 04:00:00,47.12929153442383,11.277694702148438,128.1389617919922,37.06169509887695,19.662277221679688
2016-05-13 04:00:00,46.694400787353516,11.07032299041748,125.9258804321289,36.338531494140625,19.40740394592285
2016-05-16 04:00:00,47.04536819458008,11.110201835632324,125.95834350585938,36.36112976074219,19.64727783203125
2016-05-17 04:00:00,47.04536819458008,11.1740083694458,125.36656188964844,35.871498107910156,19.609800338745117
2016-05-18 04:00:00,48.861263275146484,11.716354370117188,129.65487670898438,36.64738082885742,20.41937255859375
2016-05-19 04:00:00,48.36532974243164,11.588747024536133,125.4070816040039,36.44399642944336,19.94711685180664
2016-05-20 04:00:00,48.45687484741211,11.580769538879395,125.2530288696289,36.72270202636719,20.067060470581055
2016-05-23 04:00:00,48.41873550415039,11.54089069366455,126.01507568359375,36.685054779052734,20.11203956604004
2016-05-24 04:00:00,49.242740631103516,11.708381652832031,127.7498550415039,37.06169509887695,20.54681396484375
2016-05-25 04:00:00,49.990474700927734,11.899800300598145,130.71678161621094,38.040958404541016,20.824167251586914
2016-05-26 04:00:00,49.616600036621094,11.724334716796875,129.0712432861328,38.07862091064453,20.554302215576172
2016-05-27 04:00:00,49.92180252075195,11.867897033691406,129.8526153564453,38.30461120605469,20.636762619018555
2016-05-31 04:00:00,49.79971694946289,11.796113014221191,129.8119354248047,38.20668029785156,20.516830444335938
2016-06-01 04:00:00,50.120174407958984,11.892149925231934,130.21072387695312,38.4176139831543,20.606782913208008
2016-06-02 04:00:00,50.21173095703125,11.956170082092285,129.64913940429688,38.50048065185547,20.449365615844727
2016-06-03 04:00:00,49.31904983520508,11.540023803710938,126.71070098876953,37.807437896728516,19.894651412963867
2016-06-06 04:00:00,49.8073616027832,11.62005615234375,127.84207153320312,38.03343200683594,20.127033233642578
2016-06-07 04:00:00,49.639495849609375,11.484007835388184,126.30372619628906,37.86771011352539,19.879657745361328
2016-06-08 04:00:00,49.784461975097656,11.548027038574219,125.87230682373047,37.66432189941406,19.894651412963867
2016-06-09 04:00:00,49.40297317504883,11.355963706970215,124.67572021484375,37.01649475097656,19.549829483032227
2016-06-10 04:00:00,48.70866394042969,11.067863464355469,122.00594329833984,36.413856506347656,19.145044326782227
2016-06-13 04:00:00,48.273765563964844,10.883801460266113,120.9803237915039,36.13514709472656,18.93514633178711
2016-06-14 04:00:00,47.365821838378906,10.611703872680664,118.9942398071289,35.31407165527344,18.44040298461914
2016-06-15 04:00:00,47.28188705444336,10.675729751586914,118.96986389160156,35.238746643066406,18.53036117553711
2016-06-16 04:00:00,47.472633361816406,10.651715278625488,119.35238647460938,35.291465759277344,18.792724609375
2016-06-17 04:00:00,47.51841354370117,10.72374153137207,118.54657745361328,35.1031494140625,18.972623825073242
2016-06-20 04:00:00,47.58708572387695,10.835783004760742,120.26402282714844,35.35172653198242,19.414901733398438
2016-06-21 04:00:00,48.02961349487305,10.899801254272461,120.7524642944336,35.57770538330078,19.6397762298584
2016-06-22 04:00:00,47.84650802612305,10.891798973083496,120.58150482177734,35.38185501098633,19.78220558166504
2016-06-23 04:00:00,48.86888885498047,11.235921859741211,124.26058197021484,36.08994674682617,20.456857681274414
2016-06-24 04:00:00,45.47362518310547,10.403627395629883,115.46973419189453,34.43272399902344,18.380435943603516
2016-06-27 04:00:00,43.955299377441406,9.747400283813477,113.55693817138672,33.90541458129883,17.698293685913086
2016-06-28 04:00:00,45.41259002685547,10.163546562194824,115.91748046875,34.72650909423828,18.447904586791992
2016-06-29 04:00:00,46.694400787353516,10.555683135986328,118.4326171875,35.38185501098633,18.91266441345215
2016-06-30 04:00:00,47.41159439086914,10.619704246520996,120.93963623046875,35.65304946899414,19.474868774414062
2016-07-01 04:00:00,47.10402297973633,10.483657836914062,120.6710433959961,35.42707061767578,19.429885864257812
2016-07-05 04:00:00,45.7891731262207,10.19555377960205,117.57796478271484,34.809364318847656,18.740251541137695
2016-07-06 04:00:00,46.28127670288086,10.291590690612793,118.49773406982422,35.140811920166016,18.852693557739258
2016-07-07 04:00:00,46.58116149902344,10.411633491516113,119.65357208251953,35.25379943847656,19.257478713989258
2016-07-08 04:00:00,47.54231643676758,10.539676666259766,122.40479278564453,35.99955749511719,19.76721954345703
2016-07-11 04:00:00,47.88063049316406,10.571684837341309,123.8780746459961,36.21800231933594,19.83468246459961
2016-07-12 04:00:00,48.595733642578125,10.835783004760742,127.72815704345703,36.42139434814453,20.516830444335938
2016-07-13 04:00:00,48.56495666503906,10.755751609802246,128.54214477539062,36.36112976074219,20.359405517578125
2016-07-14 04:00:00,49.30313491821289,10.923813819885254,132.30262756347656,36.8658332824707,20.989076614379883
2016-07-15 04:00:00,49.349273681640625,10.93181324005127,131.570068359375,35.93928909301758,20.99658203125
2016-07-18 04:00:00,49.180110931396484,11.291942596435547,132.94569396972656,36.36866760253906,21.146501541137695
2016-07-19 04:00:00,49.10322570800781,11.411982536315918,131.38284301757812,36.436466217041016,21.131500244140625
2016-07-20 04:00:00,49.15703582763672,11.524019241333008,131.67593383789062,36.61725616455078,21.573774337768555
2016-07-21 04:00:00,48.97249984741211,11.419988632202148,130.27586364746094,36.38373947143555,21.6412410736084
2016-07-22 04:00:00,49.24162673950195,11.508015632629395,130.5688934326172,36.39878463745117,21.678720474243164
2016-07-25 04:00:00,49.110897064208984,11.50001049041748,130.65029907226562,36.248138427734375,21.83614158630371
2016-07-26 04:00:00,49.310821533203125,11.628057479858398,131.17938232421875,36.13514709472656,21.911094665527344
2016-07-27 04:00:00,49.4646110534668,11.708086013793945,131.04100036621094,36.15774917602539,21.903553009033203
2016-07-28 04:00:00,49.28775405883789,11.74809741973877,130.66659545898438,36.25568389892578,21.782791137695312
2016-07-29 04:00:00,49.18778991699219,11.596046447753906,129.26654052734375,36.13514709472656,21.68466567993164
2016-08-01 04:00:00,49.05708694458008,11.468002319335938,128.75372314453125,36.014610290527344,21.511072158813477
2016-08-02 04:00:00,48.94175338745117,11.307948112487793,127.02812194824219,35.9317741394043,21.13368034362793
2016-08-03 04:00:00,49.718360900878906,11.588042259216309,128.8839874267578,36.12158966064453,21.450687408447266
2016-08-04 04:00:00,49.64146041870117,11.588042259216309,128.64793395996094,36.32661056518555,21.34502410888672
2016-08-05 04:00:00,50.97938537597656,12.044200897216797,131.9363555908203,36.964454650878906,21.896007537841797
2016-08-08 04:00:00,50.82560729980469,12.108222007751465,132.53872680664062,37.13910675048828,21.97903060913086
2016-08-09 04:00:00,50.648746490478516,12.15623950958252,133.03521728515625,37.15428161621094,22.145078659057617
2016-08-10 04:00:00,50.19507598876953,11.852136611938477,132.01773071289062,36.58478546142578,21.971485137939453
2016-08-11 04:00:00,50.333492279052734,11.908154487609863,133.37710571289062,36.6303596496582,22.17527198791504
2016-08-12 04:00:00,50.2258415222168,11.932160377502441,132.8805389404297,36.37217712402344,22.016769409179688
2016-08-15 04:00:00,50.53340148925781,12.020195007324219,134.7527313232422,36.653141021728516,22.386608123779297
2016-08-16 04:00:00,50.525726318359375,12.140233993530273,134.83407592773438,36.782222747802734,22.831924438476562
2016-08-17 04:00:00,50.664119720458984,12.124231338500977,134.85040283203125,36.911293029785156,22.922496795654297
2016-08-18 04:00:00,50.71025848388672,12.132231712341309,135.16783142089844,36.850547790527344,23.058353424072266
2016-08-19 04:00:00,50.64106369018555,12.18025016784668,135.30618286132812,36.94167709350586,23.058353424072266
2016-08-22 04:00:00,50.59493637084961,12.148238182067871,135.3306121826172,36.92647933959961,23.09609603881836
2016-08-23 04:00:00,50.57185745239258,12.284287452697754,135.18411254882812,36.75943374633789,23.186664581298828
2016-08-24 04:00:00,50.71025848388672,12.324300765991211,134.54922485351562,36.92647933959961,23.330068588256836
2016-08-25 04:00:00,50.802528381347656,12.428332328796387,135.03753662109375,36.736663818359375,23.3753604888916
2016-08-26 04:00:00,50.9178581237793,12.636408805847168,135.0946044921875,36.83537292480469,23.518766403198242
2016-08-29 04:00:00,51.479183197021484,12.676421165466309,135.8271026611328,37.63267135620117,23.707456588745117
2016-08-30 04:00:00,51.9020881652832,12.956522941589355,138.4011688232422,38.437564849853516,24.296188354492188
2016-08-31 04:00:00,51.9020881652832,12.976621627807617,138.4746856689453,38.57424545288086,24.19806671142578
2016-09-01 04:00:00,51.6790885925293,12.847978591918945,137.6984100341797,38.29328536987305,24.0848445892334
2016-09-02 04:00:00,51.89440155029297,12.864060401916504,138.2459259033203,38.38441467285156,24.069753646850586
2016-09-06 04:00:00,51.85594940185547,12.687180519104004,138.36851501464844,37.95918655395508,23.964086532592773
2016-09-07 04:00:00,51.640655517578125,12.622857093811035,138.64630126953125,37.792137145996094,23.91880226135254
2016-09-08 04:00:00,51.7098503112793,12.751498222351074,140.2724609375,37.89084243774414,24.182973861694336
2016-09-09 04:00:00,51.248512268066406,12.65501880645752,137.7474822998047,36.99482727050781,23.843318939208984
2016-09-12 04:00:00,51.56377029418945,12.783658981323242,139.78211975097656,36.858150482177734,24.33392906188965
2016-09-13 04:00:00,51.15623092651367,12.638936996459961,136.46456909179688,35.65839385986328,23.745206832885742
2016-09-14 04:00:00,51.05626678466797,12.566577911376953,135.77809143066406,35.32429885864258,23.82068634033203
2016-09-15 04:00:00,51.24081802368164,12.598737716674805,137.34706115722656,35.04334259033203,24.11503791809082
2016-09-16 04:00:00,50.61030197143555,12.45401668548584,135.64739990234375,34.496612548828125,23.843318939208984
2016-09-19 04:00:00,50.89480209350586,12.534419059753418,135.81898498535156,34.937034606933594,23.85087013244629
2016-09-20 04:00:00,51.102413177490234,12.542458534240723,136.0314178466797,35.35467529296875,23.926347732543945
2016-09-21 04:00:00,51.39459991455078,12.582658767700195,136.48902893066406,34.80034637451172,24.09239959716797
2016-09-22 04:00:00,51.81752014160156,12.542458534240723,137.29800415039062,34.716827392578125,24.33392906188965
2016-09-23 04:00:00,51.7098503112793,12.47813892364502,134.93643188476562,34.73200988769531,24.0848445892334
2016-09-26 04:00:00,50.57952880859375,12.132415771484375,131.95384216308594,34.07899856567383,23.420652389526367
2016-09-27 04:00:00,51.025516510009766,12.293216705322266,133.1060333251953,34.238441467285156,23.66217803955078
2016-09-28 04:00:00,51.29464340209961,12.365577697753906,133.56358337402344,34.40549087524414,23.97918701171875
2016-09-29 04:00:00,50.479583740234375,12.18869686126709,129.8864288330078,33.69172286987305,23.428199768066406
2016-09-30 04:00:00,51.202369689941406,12.582658767700195,131.78221130371094,33.62337875366211,24.19806671142578
2016-10-03 04:00:00,51.14085006713867,12.566577911376953,131.61883544921875,33.28167724609375,24.11503791809082
2016-10-04 04:00:00,51.58232498168945,12.703262329101562,132.59938049316406,33.22093963623047,24.182973861694336
2016-10-05 04:00:00,52.42656326293945,12.952498435974121,135.9741973876953,34.162506103515625,24.575456619262695
2016-10-06 04:00:00,52.565956115722656,13.040938377380371,136.58709716796875,34.30678176879883,24.44713592529297
2016-10-07 04:00:00,52.75185012817383,12.968579292297363,138.77708435058594,34.42066955566406,24.386760711669922
2016-10-10 04:00:00,53.16231918334961,13.105257034301758,139.76583862304688,34.66366195678711,24.575456619262695
2016-10-11 04:00:00,52.90673065185547,12.952498435974121,138.13150024414062,34.511802673339844,24.288637161254883
2016-10-12 04:00:00,52.7673225402832,12.888178825378418,138.343994140625,34.4130973815918,24.0848445892334
2016-10-13 04:00:00,52.46525573730469,12.727380752563477,136.80772399902344,33.980262756347656,23.948991775512695
2016-10-14 04:00:00,52.29485321044922,12.864060401916504,139.34092712402344,33.949893951416016,24.205610275268555
2016-10-17 04:00:00,52.02378845214844,12.904260635375977,138.0988006591797,33.79043197631836,23.994281768798828
2016-10-18 04:00:00,52.43429183959961,13.073101997375488,141.06509399414062,34.13214111328125,24.39430809020996
2016-10-19 04:00:00,52.93771743774414,13.241941452026367,142.60128784179688,34.36752700805664,24.854717254638672
2016-10-20 04:00:00,52.868003845214844,13.314300537109375,142.60128784179688,34.11695861816406,24.83207893371582
2016-10-21 04:00:00,53.04615020751953,13.402743339538574,142.7321014404297,34.238441467285156,25.239654541015625
2016-10-24 04:00:00,53.3404655456543,13.483142852783203,143.0998077392578,34.56495666503906,25.19437026977539
2016-10-25 04:00:00,53.2862434387207,13.442940711975098,143.4512176513672,34.716827392578125,25.171722412109375
2016-10-26 04:00:00,53.54182815551758,13.563543319702148,144.69322204589844,35.04334259033203,25.352869033813477
2016-10-27 04:00:00,53.619293212890625,13.595702171325684,145.2489013671875,35.24077224731445,25.67937469482422
2016-10-28 04:00:00,53.52634048461914,13.41077995300293,144.75042724609375,35.10409164428711,25.451583862304688
2016-10-31 04:00:00,53.642520904541016,13.266063690185547,145.64932250976562,34.937034606933594,25.489543914794922
2016-11-01 04:00:00,53.41791915893555,13.35450267791748,145.50222778320312,34.92185974121094,25.330093383789062
2016-11-02 04:00:00,53.19329833984375,13.249979972839355,144.2928466796875,34.638553619384766,24.995996475219727
2016-11-03 04:00:00,52.96094512939453,13.249979972839355,143.99049377441406,34.71512222290039,24.91248321533203
2016-11-04 04:00:00,52.48076629638672,13.30626106262207,143.75352478027344,34.14851760864258,24.889699935913086
2016-11-07 05:00:00,54.122718811035156,13.676107406616211,148.29685974121094,34.76105880737305,25.8160400390625
2016-11-08 05:00:00,54.238887786865234,13.66806411743164,148.6564178466797,34.868247985839844,25.8919734954834
2016-11-09 05:00:00,56.73281478881836,14.44794750213623,157.40811157226562,36.744117736816406,27.729463577270508
2016-11-10 05:00:00,59.36613082885742,15.083109855651855,164.14146423339844,39.53112030029297,28.868404388427734
2016-11-11 05:00:00,59.39714050292969,15.292152404785156,166.65016174316406,39.60770034790039,29.225278854370117
2016-11-14 05:00:00,61.58126449584961,16.14439582824707,170.93202209472656,40.74853515625,29.878276824951172
2016-11-15 05:00:00,61.465049743652344,16.208717346191406,172.57452392578125,40.26616287231445,30.371816635131836
2016-11-16 05:00:00,59.94702911376953,15.879074096679688,168.54595947265625,39.56940841674805,29.756784439086914
2016-11-17 05:00:00,60.4272346496582,16.14439582824707,171.29977416992188,40.18959426879883,30.349040985107422
2016-11-18 05:00:00,60.187129974365234,16.080078125,171.88804626464844,40.44226837158203,30.698301315307617
2016-11-21 05:00:00,60.4504508972168,16.34539222717285,172.48464965820312,39.90629577636719,30.79702377319336
2016-11-22 05:00:00,60.82219696044922,16.321273803710938,172.50912475585938,39.982872009277344,30.78183364868164
2016-11-23 05:00:00,61.077823638916016,16.530315399169922,173.4897003173828,39.93692398071289,31.1614933013916
2016-11-25 05:00:00,61.054561614990234,16.771520614624023,172.729736328125,40.28913497924805,31.207048416137695
2016-11-28 05:00:00,60.659568786621094,16.321273803710938,171.88804626464844,39.49283981323242,30.705896377563477
2016-11-29 05:00:00,61.124271392822266,16.313230514526367,173.5684814453125,39.70722579956055,30.827390670776367
2016-11-30 05:00:00,62.09243392944336,17.04355812072754,179.7489013671875,40.51884460449219,31.40445327758789
2016-12-01 05:00:00,63.34713363647461,17.350215911865234,185.765380859375,41.606082916259766,32.01189041137695
2016-12-02 05:00:00,63.1999626159668,17.132328033447266,183.08499145507812,41.0241813659668,31.76132583618164
2016-12-05 05:00:00,64.48567199707031,17.62458610534668,187.33917236328125,41.61372756958008,31.9587459564209
2016-12-06 05:00:00,64.8187026977539,17.88282585144043,189.6588897705078,42.53251266479492,32.27763748168945
2016-12-07 05:00:00,65.11302947998047,18.213685989379883,193.0851593017578,43.857120513916016,32.3763542175293
2016-12-08 05:00:00,65.92625427246094,18.520343780517578,197.9131317138672,43.86477279663086,33.090084075927734
2016-12-09 05:00:00,66.21282196044922,18.633325576782227,198.24098205566406,43.74991989135742,33.20398712158203
2016-12-12 05:00:00,65.62418365478516,18.245969772338867,194.40492248535156,42.7086181640625,32.6345100402832
2016-12-13 05:00:00,65.64742279052734,18.245969772338867,195.53602600097656,42.75456237792969,32.31560516357422
2016-12-14 05:00:00,65.62418365478516,18.294389724731445,196.66717529296875,41.881717681884766,32.54340362548828
2016-12-15 05:00:00,66.60780334472656,18.68981170654297,199.18360900878906,42.25688934326172,32.657291412353516
2016-12-16 05:00:00,65.78682708740234,18.286314010620117,195.82290649414062,42.37172317504883,32.429500579833984
2016-12-19 05:00:00,66.16632080078125,18.14105987548828,195.9622344970703,42.27985382080078,32.52062225341797
2016-12-20 05:00:00,67.01828002929688,18.3266658782959,199.25738525390625,42.95362854003906,33.02934265136719
2016-12-21 05:00:00,67.18868255615234,18.262104034423828,197.90493774414062,42.65501403808594,32.930641174316406
2016-12-22 05:00:00,67.297119140625,18.189477920532227,196.8229217529297,42.6856575012207,32.490257263183594
2016-12-23 05:00:00,67.42103576660156,18.237897872924805,197.51963806152344,42.846435546875,32.69525909423828
2016-12-27 05:00:00,67.4830093383789,18.245969772338867,198.00328063964844,42.83879470825195,32.740814208984375
2016-12-28 05:00:00,66.99506378173828,18.020008087158203,197.25732421875,42.35642623901367,32.361167907714844
2016-12-29 05:00:00,66.52261352539062,17.753700256347656,195.23272705078125,41.98889923095703,32.00429916381836
2016-12-30 05:00:00,66.83243560791016,17.83440589904785,196.27377319335938,42.19563674926758,32.080223083496094
2017-01-03 05:00:00,67.56046295166016,18.181413650512695,198.011474609375,42.877071380615234,32.687660217285156
2017-01-04 05:00:00,67.68504333496094,18.520343780517578,199.29025268554688,42.91535949707031,33.12046432495117
2017-01-05 05:00:00,67.06201934814453,18.30245590209961,197.8065643310547,42.249237060546875,32.81675338745117
2017-01-06 05:00:00,67.06977844238281,18.30245590209961,200.7410430908203,42.14204406738281,33.29509735107422
2017-01-09 05:00:00,67.11653137207031,18.197546005249023,199.0934600830078,41.529502868652344,32.429500579833984
2017-01-10 05:00:00,67.31124877929688,18.51227378845215,198.83116149902344,41.820465087890625,32.69525909423828
2017-01-11 05:00:00,67.81745910644531,18.61717987060547,201.44595336914062,41.95828628540039,33.15842819213867
2017-01-12 05:00:00,67.16326141357422,18.496131896972656,199.87216186523438,41.728580474853516,33.128055572509766
2017-01-13 05:00:00,67.52153015136719,18.568756103515625,200.24916076660156,42.3487663269043,33.26471710205078
2017-01-17 05:00:00,65.06831359863281,17.794052124023438,193.23272705078125,41.177303314208984,32.00429916381836
2017-01-18 05:00:00,65.37203979492188,18.262104034423828,192.04417419433594,41.55246353149414,32.54340362548828
2017-01-19 05:00:00,64.87360382080078,18.181413650512695,189.68348693847656,41.789833068847656,32.23210525512695
2017-01-20 05:00:00,65.1617660522461,18.27017593383789,190.33102416992188,42.165008544921875,32.33837890625
2017-01-23 05:00:00,65.19290924072266,18.205615997314453,190.71630859375,41.53716278076172,31.86002540588379
2017-01-24 05:00:00,65.97949981689453,18.520343780517578,191.54417419433594,41.881717681884766,32.44469451904297
2017-01-25 05:00:00,66.99974060058594,18.85927963256836,194.47044372558594,43.35177230834961,33.302703857421875
2017-01-26 05:00:00,67.56045532226562,18.915771484375,196.3803253173828,43.780540466308594,33.424171447753906
2017-01-27 05:00:00,67.70063781738281,18.851205825805664,194.22454833984375,43.32881164550781,33.294490814208984
2017-01-30 05:00:00,66.99974060058594,18.520343780517578,191.72451782226562,42.938316345214844,32.890254974365234
2017-01-31 05:00:00,65.90939331054688,18.27017593383789,187.9703369140625,43.12974166870117,32.40970993041992
2017-02-01 05:00:00,66.15859985351562,18.471925735473633,189.0768585205078,43.098907470703125,32.56988525390625
2017-02-02 05:00:00,65.87824249267578,18.334733963012695,188.86380004882812,42.975563049316406,32.13512420654297
2017-02-03 05:00:00,67.89534759521484,18.794721603393555,197.5032958984375,44.14727783203125,33.88946533203125
2017-02-06 05:00:00,67.57604217529297,18.65753173828125,196.70814514160156,43.59225082397461,34.04201889038086
2017-02-07 05:00:00,67.537109375,18.479997634887695,196.41310119628906,43.430381774902344,34.22509002685547
2017-02-08 05:00:00,66.94522094726562,18.294389724731445,194.8638916015625,42.88306427001953,33.492820739746094
2017-02-09 05:00:00,67.9109115600586,18.65753173828125,197.99510192871094,43.73101806640625,34.20981979370117
2017-02-10 05:00:00,67.75514221191406,18.625255584716797,198.95411682128906,43.831214904785156,34.09541702270508
2017-02-13 05:00:00,68.65076446533203,18.883487701416016,201.86404418945312,44.000831604003906,34.522552490234375
2017-02-14 05:00:00,69.74887084960938,19.41609001159668,204.4788360595703,44.69459533691406,35.11750793457031
2017-02-15 05:00:00,70.55104064941406,19.83573341369629,205.36402893066406,45.133975982666016,35.46076202392578
2017-02-16 05:00:00,70.50430297851562,19.83573341369629,204.46241760253906,44.8025016784668,35.170902252197266
2017-02-17 05:00:00,70.2706527709961,19.787311553955078,205.23287963867188,44.779388427734375,35.20140075683594
2017-02-21 05:00:00,70.87810516357422,19.997121810913086,206.36402893066406,44.902740478515625,35.5141487121582
2017-02-22 05:00:00,70.91704559326172,20.00520133972168,206.3394775390625,44.987525939941406,35.4836311340332
2017-02-23 05:00:00,70.97160339355469,19.83573341369629,205.89686584472656,45.08772659301758,35.5294075012207
2017-02-24 05:00:00,70.34854888916016,19.55329132080078,202.7493133544922,44.56354904174805,34.72848892211914
2017-02-27 05:00:00,70.4264144897461,19.82766342163086,204.37222290039062,44.75625991821289,34.9649543762207
2017-02-28 05:00:00,70.57439422607422,19.916433334350586,203.86268615722656,44.61750411987305,34.835296630859375
2017-03-01 05:00:00,72.89520263671875,20.640884399414062,207.68421936035156,46.04360580444336,35.704837799072266
2017-03-02 05:00:00,71.75814819335938,20.422332763671875,206.32826232910156,45.2573127746582,35.30058288574219
2017-03-03 05:00:00,72.27215576171875,20.592317581176758,207.8321533203125,45.39608383178711,35.72008514404297
2017-03-06 05:00:00,71.58682250976562,20.438528060913086,207.10890197753906,45.180233001708984,35.52177047729492
2017-03-07 05:00:00,71.18963623046875,20.40614891052246,206.19671630859375,44.941261291503906,35.33871078491211
2017-03-08 05:00:00,71.03388214111328,20.44662094116211,205.65431213378906,44.87188720703125,35.38447189331055
2017-03-09 05:00:00,71.31424713134766,20.51946449279785,205.60498046875,45.24960708618164,35.605690002441406
2017-03-10 05:00:00,71.08840942382812,20.487089157104492,204.12570190429688,45.36525344848633,35.46076202392578
2017-03-13 04:00:00,71.15070343017578,20.47899055480957,203.94488525390625,45.24960708618164,35.285316467285156
2017-03-14 04:00:00,71.26751708984375,20.495182037353516,203.58331298828125,45.295860290527344,35.2319221496582
2017-03-15 04:00:00,71.4388656616211,20.381864547729492,202.81076049804688,45.2573127746582,34.97258377075195
2017-03-16 04:00:00,71.3687515258789,20.414236068725586,203.9941864013672,45.72755813598633,35.33871078491211
2017-03-17 04:00:00,70.6211166381836,20.122840881347656,200.47674560546875,45.22647476196289,34.33949661254883
2017-03-20 04:00:00,70.11492919921875,19.782873153686523,198.9974822998047,44.4247932434082,34.01150131225586
2017-03-21 04:00:00,68.05886840820312,18.63346290588379,191.48597717285156,43.05266189575195,32.53937911987305
2017-03-22 04:00:00,68.16790771484375,18.56870460510254,189.89987182617188,42.65180206298828,32.19611740112305
2017-03-23 04:00:00,68.05886840820312,18.673927307128906,190.58197021484375,42.59013366699219,32.4859733581543
2017-03-24 04:00:00,67.98099517822266,18.714405059814453,187.71377563476562,43.03724670410156,32.386817932128906
2017-03-27 04:00:00,67.94207000732422,18.641557693481445,185.3058624267578,42.69806671142578,31.715591430664062
2017-03-28 04:00:00,69.00122833251953,19.005800247192383,188.46986389160156,43.13744354248047,32.40970993041992
2017-03-29 04:00:00,68.74420928955078,18.900577545166016,187.74671936035156,42.91389846801758,32.64616775512695
2017-03-30 04:00:00,69.33610534667969,19.321487426757812,190.0231475830078,43.353294372558594,33.126708984375
2017-03-31 04:00:00,68.40935516357422,19.0948429107666,188.79037475585938,42.906185150146484,32.676673889160156
2017-04-03 04:00:00,68.16014862060547,19.0948429107666,188.16580200195312,42.775142669677734,32.5775146484375
2017-04-04 04:00:00,68.38726043701172,18.97342872619629,188.41233825683594,42.55158615112305,32.424957275390625
2017-04-05 04:00:00,67.51002502441406,18.754871368408203,187.097412109375,42.38200378417969,31.837642669677734
2017-04-06 04:00:00,67.73716735839844,18.82772445678711,187.90277099609375,42.68264389038086,32.1046028137207
2017-04-07 04:00:00,67.5021743774414,18.746780395507812,187.27818298339844,42.27408218383789,31.997821807861328
2017-04-10 04:00:00,67.26719665527344,18.63346290588379,188.10826110839844,42.042816162109375,31.967304229736328
2017-04-11 04:00:00,67.14969635009766,18.552515029907227,187.16319274902344,41.749881744384766,31.715591430664062
2017-04-12 04:00:00,66.8912124633789,18.333961486816406,185.52769470214844,40.94818878173828,31.326587677001953
2017-04-13 04:00:00,66.10797119140625,18.083036422729492,183.5307159423828,39.583778381347656,31.0367431640625
2017-04-17 04:00:00,67.25152587890625,18.463472366333008,185.94683837890625,40.639869689941406,31.646957397460938
2017-04-18 04:00:00,66.7032699584961,18.382530212402344,177.1779327392578,40.431732177734375,31.43337059020996
2017-04-19 04:00:00,66.15496826171875,18.406814575195312,175.9451904296875,40.200469970703125,32.06645584106445
2017-04-20 04:00:00,67.00872039794922,18.673927307128906,179.20785522460938,41.241119384765625,32.41734313964844
2017-04-21 04:00:00,66.20196533203125,18.382530212402344,178.22166442871094,40.85569381713867,31.883403778076172
2017-04-24 04:00:00,68.53607940673828,19.12721824645996,183.448486328125,41.35675048828125,33.22587585449219
2017-04-25 04:00:00,69.13137817382812,19.4105281829834,186.25091552734375,42.05824661254883,33.767417907714844
2017-04-26 04:00:00,69.26455688476562,19.337675094604492,185.89756774902344,42.042816162109375,33.84370040893555
2017-04-27 04:00:00,68.62226104736328,19.143407821655273,185.5770263671875,41.965736389160156,33.3609733581543
2017-04-28 04:00:00,68.14445495605469,18.892478942871094,183.9252166748047,41.503231048583984,33.2307243347168
2017-05-01 04:00:00,68.19144439697266,19.11102867126465,184.78811645507812,41.98115539550781,33.514225006103516
2017-05-02 04:00:00,67.7528076171875,19.046276092529297,185.0099639892578,42.042816162109375,33.21540069580078
2017-05-03 04:00:00,68.14445495605469,19.24053955078125,185.98797607421875,42.57844924926758,33.31501770019531
2017-05-04 04:00:00,68.22278594970703,19.305299758911133,186.21804809570312,42.83460998535156,33.16175079345703
2017-05-05 04:00:00,68.14445495605469,19.216264724731445,186.44818115234375,42.7802848815918,33.00852966308594
2017-05-08 04:00:00,68.22278594970703,19.39434242248535,184.93601989746094,42.72594451904297,32.96254348754883
2017-05-09 04:00:00,67.94864654541016,19.4105281829834,183.8922576904297,42.44649124145508,32.816978454589844
2017-05-10 04:00:00,68.48126220703125,19.548133850097656,184.81272888183594,42.47753143310547,33.02384948730469
2017-05-11 04:00:00,68.26982116699219,19.48337745666504,184.71412658691406,41.7167854309082,32.84761047363281
2017-05-12 04:00:00,68.081787109375,19.42671775817871,183.11972045898438,41.15788269042969,32.74034881591797
2017-05-15 04:00:00,68.41075134277344,19.47527503967285,185.0099639892578,41.3907585144043,33.27670669555664
2017-05-16 04:00:00,68.62226104736328,19.41861915588379,185.4044647216797,41.34418487548828,33.23838806152344
2017-05-17 04:00:00,66.0061264038086,18.269201278686523,175.64112854003906,40.55238342285156,31.391813278198242
2017-05-18 04:00:00,65.76333618164062,18.406814575195312,176.82455444335938,40.66106414794922,31.652320861816406
2017-05-19 04:00:00,66.40560913085938,18.65774154663086,177.0135955810547,41.18893051147461,32.02777099609375
2017-05-22 04:00:00,66.34292602539062,18.649646759033203,177.53134155273438,41.150108337402344,31.920509338378906
2017-05-23 04:00:00,67.17322540283203,18.932954788208008,180.50637817382812,41.445091247558594,32.50282669067383
2017-05-24 04:00:00,67.134033203125,18.90866470336914,183.94979858398438,41.212223052978516,32.663734436035156
2017-05-25 04:00:00,66.85205841064453,18.81962776184082,182.83212280273438,40.971580505371094,32.663734436035156
2017-05-26 04:00:00,66.85989379882812,18.81153678894043,183.70326232910156,40.68434524536133,32.82462692260742
2017-05-30 04:00:00,65.71632385253906,18.54442024230957,180.1080780029297,40.490291595458984,32.395545959472656
2017-05-31 04:00:00,64.34561157226562,18.19927406311035,174.2039337158203,39.69847869873047,31.981788635253906
2017-06-01 04:00:00,65.05836486816406,18.3779354095459,177.29617309570312,40.428192138671875,32.648406982421875
2017-06-02 04:00:00,64.72943115234375,18.23175811767578,175.8943328857422,40.21858596801758,32.57944869995117
2017-06-05 04:00:00,64.84690856933594,18.19927406311035,176.4551544189453,40.14873504638672,32.86294174194336
2017-06-06 04:00:00,64.98004913330078,18.0530948638916,176.90037536621094,40.21858596801758,32.9012451171875
2017-06-07 04:00:00,65.72417449951172,18.353574752807617,177.93109130859375,40.43595504760742,33.16175079345703
2017-06-08 04:00:00,66.53874206542969,18.654052734375,180.38839721679688,40.800785064697266,33.79005432128906
2017-06-09 04:00:00,68.11312103271484,19.222524642944336,183.42291259765625,41.76336669921875,34.41069793701172
2017-06-12 04:00:00,68.12881469726562,19.31186294555664,182.9858856201172,41.98850631713867,34.36471939086914
2017-06-13 04:00:00,68.35594940185547,19.303733825683594,184.8741912841797,42.2679557800293,34.59458923339844
2017-06-14 04:00:00,68.21495819091797,19.295612335205078,186.77899169921875,42.330047607421875,34.41069793701172
2017-06-15 04:00:00,67.80766296386719,19.116947174072266,184.0743408203125,41.84099578857422,34.242130279541016
2017-06-16 04:00:00,67.5021743774414,19.02762222290039,182.9033966064453,41.833221435546875,34.08123016357422
2017-06-19 04:00:00,68.98255157470703,19.41742706298828,186.46568298339844,42.104942321777344,35.03133010864258
2017-06-20 04:00:00,68.5517807006836,19.076345443725586,185.61634826660156,41.49943542480469,34.862754821777344
2017-06-21 04:00:00,68.23845672607422,18.78399085998535,183.46414184570312,41.12682342529297,34.41069793701172
2017-06-22 04:00:00,68.16011810302734,18.62156867980957,181.22120666503906,40.74645233154297,34.18083572387695
2017-06-23 04:00:00,68.0348129272461,18.53223419189453,179.0937957763672,40.71541213989258,33.47590637207031
2017-06-26 04:00:00,68.33244323730469,18.589082717895508,181.77371215820312,41.064727783203125,33.71344757080078
2017-06-27 04:00:00,68.96691131591797,18.89767837524414,181.64178466796875,41.26654815673828,33.88201141357422
2017-06-28 04:00:00,70.35326385498047,19.393070220947266,184.0660858154297,42.17478942871094,33.9586296081543
2017-06-29 04:00:00,71.39503479003906,19.750394821166992,185.04737854003906,43.30038070678711,34.288108825683594
2017-06-30 04:00:00,71.59085845947266,19.70166778564453,182.97763061523438,43.01316452026367,34.14252471923828
2017-07-03 04:00:00,73.0478744506836,20.042755126953125,187.41395568847656,43.30038070678711,34.94704818725586
2017-07-05 04:00:00,73.78031158447266,20.23765754699707,188.04061889648438,43.30038070678711,35.36846160888672
2017-07-06 04:00:00,73.54403686523438,20.06711196899414,186.92745971679688,43.12959671020508,35.345481872558594
2017-07-07 04:00:00,73.91419982910156,20.164569854736328,185.7646942138672,43.26933288574219,35.28417205810547
2017-07-10 04:00:00,73.39439392089844,20.21329689025879,186.2265167236328,43.15290069580078,35.23820495605469
2017-07-11 04:00:00,73.11088562011719,19.977785110473633,187.14181518554688,42.72594451904297,34.84743881225586
2017-07-12 04:00:00,72.85884094238281,19.774755477905273,187.50466918945312,42.82685089111328,34.44900131225586
2017-07-13 04:00:00,73.32351684570312,19.994022369384766,189.98663330078125,43.160648345947266,34.87810134887695
2017-07-14 04:00:00,72.65408325195312,19.661054611206055,188.5023651123047,42.68712615966797,34.632896423339844
2017-07-17 04:00:00,71.97675323486328,19.50676727294922,189.046630859375,42.46977615356445,34.73250961303711
2017-07-18 04:00:00,71.72473907470703,19.40930938720703,184.14024353027344,42.539634704589844,34.58692169189453
2017-07-19 04:00:00,71.82711791992188,19.539241790771484,183.77748107910156,42.648319244384766,35.72092819213867
2017-07-20 04:00:00,71.82711791992188,19.44179344177246,183.30746459960938,42.60175704956055,35.636634826660156
2017-07-21 04:00:00,71.58297729492188,19.32809829711914,181.55931091308594,42.05057907104492,35.69792938232422
2017-07-24 04:00:00,71.89012145996094,19.41742706298828,179.9100799560547,42.12822341918945,35.789886474609375
2017-07-25 04:00:00,73.0872573852539,19.88033103942871,182.7137451171875,42.74147415161133,36.479488372802734
2017-07-26 04:00:00,72.40204620361328,19.661054611206055,183.2662353515625,42.625030517578125,36.1729850769043
2017-07-27 04:00:00,72.10277557373047,19.579858779907227,182.6313018798828,42.46977615356445,36.273128509521484
2017-07-28 04:00:00,71.89012145996094,19.514883041381836,184.38763427734375,41.37523651123047,35.94189453125
2017-07-31 04:00:00,72.29966735839844,19.587968826293945,185.80593872070312,41.87202835083008,36.12678146362305
2017-08-01 04:00:00,73.26840209960938,19.85597038269043,187.18301391601562,41.98072814941406,36.365562438964844
2017-08-02 04:00:00,73.3313980102539,19.96965789794922,186.5811004638672,41.925987243652344,36.458003997802734
2017-08-03 04:00:00,72.85095977783203,19.791004180908203,184.70103454589844,41.75396728515625,36.404083251953125
2017-08-04 04:00:00,73.76457214355469,20.278263092041016,189.483642578125,41.31610870361328,37.03571319580078
2017-08-07 04:00:00,74.0480728149414,20.270143508911133,192.064697265625,41.08153533935547,37.212890625
2017-08-08 04:00:00,73.78031158447266,20.221420288085938,191.34722900390625,41.214447021484375,36.92017364501953
2017-08-09 04:00:00,73.66218566894531,20.091480255126953,190.48965454101562,41.27699279785156,36.70448684692383
2017-08-10 04:00:00,72.6068344116211,19.587968826293945,185.94613647460938,40.62021255493164,35.66460418701172
2017-08-11 04:00:00,72.0003890991211,19.376827239990234,184.83297729492188,40.612388610839844,35.16390609741211
2017-08-14 04:00:00,72.84310913085938,19.831605911254883,187.47991943359375,41.31610870361328,35.826358795166016
2017-08-15 04:00:00,73.0321273803711,19.872203826904297,187.66958618164062,41.32392120361328,35.76472473144531
2017-08-16 04:00:00,72.5280532836914,19.64482307434082,186.03688049316406,41.19881057739258,35.44121170043945
2017-08-17 04:00:00,71.39397430419922,19.198165893554688,182.5818328857422,40.50291442871094,34.73253631591797
2017-08-18 04:00:00,71.4648208618164,19.181917190551758,183.18374633789062,40.409080505371094,34.963619232177734
2017-08-21 04:00:00,71.37821197509766,18.987016677856445,182.06234741210938,40.518550872802734,34.41671371459961
2017-08-22 04:00:00,72.11066436767578,19.352458953857422,184.3629150390625,40.83132553100586,35.102291107177734
2017-08-23 04:00:00,72.19728088378906,19.295612335205078,183.6702423095703,40.682762145996094,35.27946090698242
2017-08-24 04:00:00,72.07914733886719,19.360580444335938,183.87643432617188,40.7844123840332,35.43352127075195
2017-08-25 04:00:00,72.37055206298828,19.303733825683594,183.44761657714844,40.479461669921875,35.38728713989258
2017-08-28 04:00:00,72.14214324951172,19.26312828063965,181.6995086669922,40.369991302490234,35.03295135498047
2017-08-29 04:00:00,71.74835968017578,19.149438858032227,181.99740600585938,40.20578384399414,34.93281936645508
2017-08-30 04:00:00,71.91373443603516,19.48410415649414,184.0327911376953,40.158870697021484,35.171607971191406
2017-08-31 04:00:00,71.58297729492188,19.500429153442383,185.12498474121094,39.93212127685547,35.04834747314453
2017-09-01 04:00:00,72.22090148925781,19.663677215576172,186.89564514160156,39.85393524169922,35.579872131347656
2017-09-05 04:00:00,70.4961166381836,19.02699851989746,180.19357299804688,39.17366027832031,34.5784797668457
2017-09-06 04:00:00,70.96865844726562,19.10862159729004,181.0624237060547,39.00164031982422,34.71713638305664
2017-09-07 04:00:00,69.72428131103516,18.749467849731445,178.5884552001953,38.84526824951172,33.94684600830078
2017-09-08 04:00:00,69.63765716552734,18.684167861938477,179.72198486328125,38.7670783996582,33.900634765625
2017-09-11 04:00:00,70.71662902832031,19.067808151245117,182.90750122070312,39.61153793334961,34.78645706176758
2017-09-12 04:00:00,71.58297729492188,19.54940414428711,186.95358276367188,40.323081970214844,35.240943908691406
2017-09-13 04:00:00,71.78773498535156,19.859577178955078,187.45828247070312,40.237060546875,35.60297775268555
2017-09-14 04:00:00,71.6459732055664,19.786117553710938,187.69825744628906,40.10414505004883,35.75703811645508
2017-09-15 04:00:00,72.15789794921875,19.900394439697266,186.34954833984375,40.3934440612793,35.895687103271484
2017-09-18 04:00:00,73.18177032470703,20.161598205566406,188.26084899902344,41.214447021484375,36.450294494628906
2017-09-19 04:00:00,73.98509216308594,20.292200088500977,189.4027099609375,41.722694396972656,36.71990203857422
2017-09-20 04:00:00,74.50489807128906,20.4554500579834,190.1308135986328,42.02764892578125,36.88936233520508
2017-09-21 04:00:00,74.84355163574219,20.537076950073242,191.37191772460938,42.2700309753418,37.17436981201172
2017-09-22 04:00:00,74.68602752685547,20.42280387878418,191.15679931640625,42.418601989746094,37.1435546875
2017-09-25 04:00:00,74.12681579589844,20.210573196411133,190.51976013183594,42.24656677246094,36.77381134033203
2017-09-26 04:00:00,73.79606628417969,20.251394271850586,190.2549285888672,42.066734313964844,36.558143615722656
2017-09-27 04:00:00,74.96168518066406,20.74114227294922,194.24305725097656,42.38731384277344,37.02800750732422
2017-09-28 04:00:00,75.11918640136719,20.77379035949707,194.8305206298828,42.418601989746094,37.08964538574219
2017-09-29 04:00:00,75.22160339355469,20.68400764465332,196.25364685058594,43.122314453125,37.105045318603516
2017-10-02 04:00:00,76.26902770996094,20.912553787231445,199.11648559570312,43.37252426147461,37.682769775390625
2017-10-03 04:00:00,76.67072296142578,21.108461380004883,199.9191131591797,43.45853805541992,37.96006393432617
2017-10-04 04:00:00,75.89102172851562,20.98601722717285,198.83517456054688,42.9737548828125,37.7520866394043
2017-10-05 04:00:00,76.91293334960938,21.3288516998291,203.59283447265625,43.30997848510742,38.229679107666016
2017-10-06 04:00:00,76.77825927734375,21.39415168762207,203.55966186523438,43.45853805541992,38.32981491088867
2017-10-09 04:00:00,76.37425231933594,21.100290298461914,200.89547729492188,43.1144905090332,38.03710174560547
2017-10-10 04:00:00,76.94461822509766,21.165597915649414,200.72998046875,43.48200225830078,38.12184143066406
2017-10-11 04:00:00,76.71489715576172,21.083969116210938,200.56448364257812,43.521087646484375,37.88304138183594
2017-10-12 04:00:00,76.04154205322266,20.77379035949707,198.4132080078125,43.16923141479492,37.42856216430664
2017-10-13 04:00:00,75.93853759765625,21.083969116210938,197.3623809814453,41.9807243347168,37.20518493652344
2017-10-16 04:00:00,77.50708770751953,21.418630599975586,200.5727081298828,42.066734313964844,37.69817352294922
2017-10-17 04:00:00,77.33279418945312,21.385986328125,195.34352111816406,41.589778900146484,37.83682632446289
2017-10-18 04:00:00,77.62590789794922,21.614534378051758,200.25836181640625,41.76179122924805,38.63023376464844
2017-10-19 04:00:00,77.7209701538086,21.696165084838867,198.57044982910156,42.02764892578125,38.35292434692383
2017-10-20 04:00:00,78.83001708984375,22.177759170532227,202.4923553466797,42.94247817993164,39.03847122192383
2017-10-23 04:00:00,78.69535064697266,22.16960334777832,200.34107971191406,42.934661865234375,38.98456573486328
2017-10-24 04:00:00,79.94698333740234,22.594053268432617,202.58335876464844,43.33342742919922,39.338897705078125
2017-10-25 04:00:00,80.02620697021484,22.553234100341797,199.9935760498047,43.20050811767578,38.92294692993164
2017-10-26 04:00:00,80.59656524658203,22.643028259277344,200.00186157226562,43.489803314208984,39.107810974121094
2017-10-27 04:00:00,80.62034606933594,22.692001342773438,199.9935760498047,43.685279846191406,39.408226013183594
2017-10-30 04:00:00,80.33517456054688,22.528745651245117,199.31509399414062,43.669654846191406,39.05988693237305
2017-10-31 04:00:00,79.70140838623047,22.35733413696289,200.6306610107422,43.89640426635742,38.703819274902344
2017-11-01 04:00:00,79.94698333740234,22.471609115600586,202.1034698486328,43.951141357421875,38.41740798950195
2017-11-02 04:00:00,80.47773742675781,22.749141693115234,204.2712860107422,44.47079849243164,39.02892303466797
2017-11-03 04:00:00,80.33517456054688,22.70832061767578,202.21929931640625,44.368446350097656,38.71929168701172
2017-11-06 05:00:00,79.83607482910156,22.65118980407715,201.4663543701172,44.234596252441406,38.81217956542969
2017-11-07 05:00:00,78.22797393798828,22.185922622680664,198.42144775390625,43.344852447509766,38.23162841796875
2017-11-08 05:00:00,77.3486328125,21.86758041381836,199.61297607421875,42.722835540771484,37.96070861816406
2017-11-09 05:00:00,77.34071350097656,21.622697830200195,199.23233032226562,42.51811218261719,37.7904052734375
2017-11-10 05:00:00,77.24563598632812,21.639026641845703,198.7027587890625,42.36852264404297,37.74396514892578
2017-11-13 05:00:00,77.52291870117188,21.549238204956055,198.80206298828125,42.29765701293945,37.64333724975586
2017-11-14 05:00:00,77.05553436279297,21.418630599975586,196.29502868652344,42.549617767333984,37.449806213378906
2017-11-15 05:00:00,77.78433227539062,21.86758041381836,196.6011962890625,42.3212776184082,37.23307418823242
2017-11-16 05:00:00,78.00614929199219,21.843090057373047,198.05740356445312,42.99053192138672,37.62010955810547
2017-11-17 05:00:00,77.74472045898438,21.72881317138672,196.94039916992188,42.63621520996094,37.697509765625
2017-11-20 05:00:00,78.43392944335938,21.82676124572754,197.0314483642578,42.557491302490234,38.01488494873047
2017-11-21 05:00:00,78.37052917480469,21.818607330322266,196.94039916992188,42.92755126953125,38.22388458251953
2017-11-22 05:00:00,78.14080810546875,21.761463165283203,195.62484741210938,42.56536102294922,37.999412536621094
2017-11-24 05:00:00,77.88729858398438,21.704330444335938,195.22767639160156,42.5889892578125,37.97618103027344
2017-11-27 05:00:00,77.578369140625,21.704330444335938,194.53265380859375,42.4787483215332,37.92972946166992
2017-11-28 05:00:00,80.29554748535156,22.56139373779297,198.09051513671875,43.75428009033203,39.013450622558594
2017-11-29 05:00:00,82.17301940917969,23.083805084228516,200.33155822753906,44.62828063964844,39.725589752197266
2017-11-30 05:00:00,82.79884338378906,23.092002868652344,205.5439910888672,44.46292495727539,39.9500732421875
2017-12-01 05:00:00,83.01270294189453,23.034626007080078,206.63131713867188,44.25033187866211,40.213253021240234
2017-12-04 05:00:00,84.72383117675781,23.82156753540039,208.0423583984375,45.187313079833984,40.77833557128906
2017-12-05 05:00:00,83.74947357177734,23.71500015258789,206.11669921875,46.10065460205078,40.25972366333008
2017-12-06 05:00:00,83.12362670898438,23.477275848388672,204.1412811279297,46.11640548706055,40.011993408203125
2017-12-07 05:00:00,82.8780746459961,23.592037200927734,206.30763244628906,46.73844528198242,40.52289581298828
2017-12-08 05:00:00,83.91582489013672,23.813365936279297,207.7933807373047,46.699073791503906,40.94089126586914
2017-12-11 05:00:00,83.67023468017578,23.72319793701172,207.6107177734375,46.352622985839844,40.84800720214844
2017-12-12 05:00:00,84.64459991455078,24.034698486328125,213.8773651123047,47.502193450927734,41.68400955200195
2017-12-13 05:00:00,83.5831069946289,23.64122200012207,212.11766052246094,46.769927978515625,41.16537857055664
2017-12-14 05:00:00,82.9097671508789,23.551050186157227,212.05126953125,46.62821960449219,40.747371673583984
2017-12-15 05:00:00,84.08219146728516,23.805179595947266,213.45399475097656,47.1400032043457,41.10345458984375
2017-12-18 05:00:00,84.73176574707031,24.165863037109375,215.81954956054688,47.96672821044922,41.21181869506836
2017-12-19 05:00:00,84.37530517578125,24.141263961791992,212.88134765625,47.52581024169922,40.97185516357422
2017-12-20 05:00:00,84.08219146728516,24.165863037109375,211.80226135253906,47.35258865356445,40.64674377441406
2017-12-21 05:00:00,85.42098236083984,24.44456672668457,216.64126586914062,48.51002502441406,40.93315124511719
2017-12-22 05:00:00,85.11994171142578,24.493749618530273,214.9480438232422,48.46278381347656,40.80931091308594
2017-12-26 05:00:00,84.77928161621094,24.411779403686523,213.9105224609375,48.13208770751953,40.615787506103516
2017-12-27 05:00:00,84.93773651123047,24.370790481567383,212.44142150878906,47.990352630615234,40.693199157714844
2017-12-28 05:00:00,85.3893051147461,24.428173065185547,212.89794921875,48.26593017578125,40.75510787963867
2017-12-29 05:00:00,84.7159423828125,24.19864845275879,211.45364379882812,47.7698974609375,40.615787506103516
2018-01-02 05:00:00,85.51602172851562,24.510147094726562,212.208984375,48.1005859375,40.39904022216797
2018-01-03 05:00:00,85.60316467285156,24.428173065185547,210.23355102539062,48.470664978027344,40.50740051269531
2018-01-04 05:00:00,86.8294906616211,24.747875213623047,213.17178344726562,49.076934814453125,41.126670837402344
2018-01-05 05:00:00,86.27205657958984,24.862632751464844,212.08450317382812,49.40763473510742,41.111183166503906
2018-01-08 05:00:00,86.39948272705078,24.69049072265625,209.00514221191406,48.84859848022461,40.94089126586914
2018-01-09 05:00:00,86.83746337890625,24.813453674316406,210.77308654785156,49.02181625366211,41.25825500488281
2018-01-10 05:00:00,87.79300689697266,25.04297637939453,211.09681701660156,49.698951721191406,41.74592208862305
2018-01-11 05:00:00,88.2628402709961,25.133148193359375,211.76083374023438,49.612335205078125,41.95493698120117
2018-01-12 05:00:00,89.7200927734375,25.56761360168457,213.33779907226562,49.25016403198242,42.66709899902344
2018-01-16 05:00:00,89.40158081054688,25.608598709106445,214.52471923828125,49.21078872680664,42.26456069946289
2018-01-17 05:00:00,89.97489929199219,25.55941390991211,210.53240966796875,50.297359466552734,42.84512710571289
2018-01-18 05:00:00,90.1899185180664,25.805334091186523,208.30792236328125,50.35247802734375,43.22441864013672
2018-01-19 05:00:00,89.99085235595703,26.002065658569336,212.58251953125,50.5650634765625,44.478424072265625
2018-01-22 05:00:00,91.0419692993164,26.182409286499023,217.06455993652344,50.966644287109375,44.40102767944336
2018-01-23 05:00:00,90.94639587402344,26.1660213470459,215.87767028808594,50.77764892578125,44.05268478393555
2018-01-24 05:00:00,92.1090087890625,26.305370330810547,220.51742553710938,51.55716323852539,44.30812454223633
2018-01-25 05:00:00,92.13289642333984,26.305370330810547,223.29795837402344,51.69100570678711,43.975276947021484
2018-01-26 05:00:00,92.62661743164062,26.395551681518555,222.55923461914062,51.91147232055664,44.586788177490234
2018-01-29 05:00:00,92.53106689453125,26.46112823486328,226.1615447998047,51.82485580444336,44.47068405151367
2018-01-30 05:00:00,91.66307067871094,26.13322639465332,223.22329711914062,51.399696350097656,44.00421142578125
2018-01-31 05:00:00,92.1090087890625,26.231592178344727,222.3516845703125,51.793365478515625,43.96533203125
2018-02-01 05:00:00,93.0645980834961,26.641464233398438,225.95399475097656,51.88840866088867,44.665042877197266
2018-02-02 05:00:00,91.00215148925781,26.190610885620117,215.83621215820312,50.74783706665039,43.133453369140625
2018-02-05 05:00:00,86.63838195800781,24.805248260498047,206.76417541503906,46.06671142578125,40.85548400878906
2018-02-06 05:00:00,89.27416229248047,25.575807571411133,214.72398376464844,45.36968994140625,42.2393798828125
2018-02-07 05:00:00,89.87933349609375,25.616792678833008,213.39590454101562,45.575626373291016,42.41041946411133
2018-02-08 05:00:00,85.90579223632812,24.378984451293945,204.47332763671875,43.8806037902832,40.26462173461914
2018-02-09 05:00:00,87.62580108642578,24.862632751464844,206.9218292236328,44.45881652832031,40.536739349365234
2018-02-12 05:00:00,88.97952270507812,25.51022720336914,210.1256561279297,44.75188064575195,41.5396614074707
2018-02-13 05:00:00,89.52897644042969,25.55941390991211,212.09278869628906,45.939979553222656,41.50857162475586
2018-02-14 05:00:00,91.599365234375,26.231592178344727,217.94435119628906,47.16768264770508,42.79915237426758
2018-02-15 05:00:00,91.9815902709961,26.403745651245117,222.1774444580078,47.53996276855469,43.07126235961914
2018-02-16 05:00:00,91.32067108154297,26.20700454711914,222.12770080566406,47.484519958496094,42.86910629272461
2018-02-20 05:00:00,91.3445816040039,26.174211502075195,219.8617401123047,47.484519958496094,42.806922912597656
2018-02-21 05:00:00,91.7267837524414,26.125028610229492,218.62493896484375,47.31025695800781,42.83803176879883
2018-02-22 05:00:00,91.55958557128906,25.977479934692383,216.9898681640625,46.5815544128418,42.65141677856445
2018-02-23 05:00:00,93.41494750976562,26.256189346313477,221.422119140625,46.866703033447266,43.59215545654297
2018-02-26 05:00:00,94.57755279541016,26.575889587402344,225.1488800048828,47.50035858154297,44.322959899902344
2018-02-27 05:00:00,93.45476531982422,26.50210952758789,222.3849334716797,46.89838790893555,44.09749984741211
2018-02-28 05:00:00,91.97364044189453,26.313566207885742,218.84750366210938,46.264732360839844,43.55327606201172
2018-03-01 05:00:00,90.3252944946289,25.902164459228516,213.7285919189453,45.39345169067383,42.36376953125
2018-03-02 05:00:00,90.23770141601562,26.025583267211914,214.8439178466797,45.47266387939453,42.55814743041992
2018-03-05 05:00:00,91.6232681274414,26.436992645263672,219.00564575195312,45.61522674560547,43.141239166259766
2018-03-06 05:00:00,91.7029037475586,26.4205379486084,222.17686462402344,45.20335006713867,43.97311782836914
2018-03-07 05:00:00,91.36048889160156,26.47813606262207,220.86170959472656,44.83108139038086,44.221893310546875
2018-03-08 05:00:00,91.36843872070312,26.49459457397461,221.68576049804688,44.92612838745117,44.28409194946289
2018-03-09 05:00:00,93.99626159667969,26.922452926635742,225.373046875,46.12215805053711,45.61354446411133
2018-03-12 04:00:00,93.69366455078125,27.02119255065918,227.54547119140625,45.95581817626953,45.80013656616211
2018-03-13 04:00:00,92.57087707519531,26.626239776611328,223.50856018066406,45.59147262573242,45.1159782409668
2018-03-14 04:00:00,91.5356674194336,26.445220947265625,220.09600830078125,44.85485076904297,44.30741500854492
2018-03-15 04:00:00,91.76660919189453,26.412302017211914,221.9104766845703,45.01325607299805,44.486236572265625
2018-03-16 04:00:00,91.92588806152344,26.469911575317383,222.73446655273438,44.27664566040039,44.71168518066406
2018-03-19 04:00:00,91.20121765136719,26.313568115234375,218.51454162597656,43.9439697265625,44.27631378173828
2018-03-20 04:00:00,91.28878784179688,26.313568115234375,219.0639190673828,43.48457717895508,44.68060302734375
2018-03-21 04:00:00,91.36843872070312,26.22305679321289,217.94862365722656,43.39744186401367,44.40071105957031
2018-03-22 04:00:00,87.55413818359375,25.136945724487305,210.24940490722656,41.60737609863281,42.480384826660156
2018-03-23 04:00:00,85.21296691894531,24.001462936401367,204.13998413085938,40.3796501159668,40.48231506347656
2018-03-26 04:00:00,87.84080505371094,25.04644012451172,212.1471405029297,41.417266845703125,42.2160530090332
2018-03-27 04:00:00,86.1366958618164,24.289453506469727,205.8046875,40.474693298339844,41.32197189331055
2018-03-28 04:00:00,86.0013427734375,24.182477951049805,207.5609893798828,40.77568435668945,41.13538360595703
2018-03-29 04:00:00,87.57006072998047,24.676176071166992,209.63348388671875,41.51232147216797,41.95170974731445
2018-04-02 04:00:00,85.88186645507812,24.11665916442871,205.8795928955078,40.672725677490234,40.987674713134766
2018-04-03 04:00:00,87.06041717529297,24.347043991088867,208.5680694580078,41.25094985961914,41.3375244140625
2018-04-04 04:00:00,88.38229370117188,24.58565902709961,210.2660369873047,41.90834426879883,41.72625732421875
2018-04-05 04:00:00,89.54279327392578,24.947696685791016,212.9212646484375,42.185569763183594,42.65141677856445
2018-04-06 04:00:00,87.30982971191406,24.379955291748047,208.06036376953125,41.369747161865234,41.23645782470703
2018-04-09 04:00:00,88.35824584960938,24.577438354492188,209.90818786621094,41.38558578491211,41.47746276855469
2018-04-10 04:00:00,90.04700469970703,25.07935333251953,213.5537872314453,41.678653717041016,42.09165573120117
2018-04-11 04:00:00,88.53434753417969,24.602121353149414,210.53245544433594,41.132137298583984,41.00322341918945
2018-04-12 04:00:00,90.73530578613281,25.219228744506836,216.0674591064453,41.74201202392578,41.8661994934082
2018-04-13 04:00:00,88.27824401855469,24.51983070373535,213.0128173828125,40.30837631225586,41.18980407714844
2018-04-16 04:00:00,88.20620727539062,24.626802444458008,214.64414978027344,40.237091064453125,41.516334533691406
2018-04-17 04:00:00,88.20620727539062,24.717309951782227,211.106689453125,40.054908752441406,41.39194107055664
2018-04-18 04:00:00,87.49388122558594,24.29768180847168,211.41470336914062,39.9123420715332,41.40748596191406
2018-04-19 04:00:00,89.41473388671875,24.832508087158203,211.5561981201172,40.823211669921875,42.52703094482422
2018-04-20 04:00:00,89.21463775634766,24.898330688476562,209.71673583984375,41.63112258911133,42.340450286865234
2018-04-23 04:00:00,88.78245544433594,24.947696685791016,205.31361389160156,41.67073440551758,41.70292282104492
2018-04-24 04:00:00,88.36627960205078,24.840736389160156,201.83445739746094,41.59151840209961,41.2597770690918
2018-04-25 04:00:00,88.0301513671875,24.799591064453125,199.12100219726562,42.066768646240234,40.458988189697266
2018-04-26 04:00:00,88.11817932128906,24.74199867248535,199.8368377685547,41.53609085083008,40.58339309692383
2018-04-27 04:00:00,87.55794525146484,24.807828903198242,199.595458984375,41.472721099853516,40.51307678222656
2018-04-30 04:00:00,87.06171417236328,24.618568420410156,198.3718719482422,41.155887603759766,40.32558822631836
2018-05-01 04:00:00,87.06171417236328,24.643260955810547,196.99021911621094,41.63112258911133,40.47401809692383
2018-05-02 04:00:00,86.3734130859375,24.338815689086914,194.8094940185547,41.33805847167969,40.388092041015625
2018-05-03 04:00:00,85.82917022705078,24.026151657104492,194.2767791748047,41.13056945800781,39.90374755859375
2018-05-04 04:00:00,86.7815933227539,24.108428955078125,195.55026245117188,41.824867248535156,40.153717041015625
2018-05-07 04:00:00,87.53390502929688,24.388185501098633,197.4313507080078,42.02437210083008,40.9271125793457
2018-05-08 04:00:00,88.83049011230469,24.626802444458008,197.26486206054688,42.447322845458984,41.700504302978516
2018-05-09 04:00:00,90.76732635498047,25.276823043823242,201.2018585205078,42.9022102355957,42.29421615600586
2018-05-10 04:00:00,91.47163391113281,25.416704177856445,202.62515258789062,43.61244583129883,42.997291564941406
2018-05-11 04:00:00,91.12747955322266,25.441390991210938,202.1923370361328,43.452842712402344,43.12228775024414
2018-05-14 04:00:00,91.15950012207031,25.605953216552734,203.01638793945312,43.47678756713867,43.13791275024414
2018-05-15 04:00:00,90.46319580078125,25.688236236572266,201.06033325195312,43.6922492980957,42.848880767822266
2018-05-16 04:00:00,90.71131134033203,25.556581497192383,200.56092834472656,43.92369079589844,42.94261169433594
2018-05-17 04:00:00,90.40717315673828,25.35087776184082,199.01278686523438,43.269309997558594,42.86448669433594
2018-05-18 04:00:00,88.9425277709961,24.898330688476562,197.26486206054688,42.85433578491211,42.12234878540039
2018-05-21 04:00:00,89.7588882446289,25.136945724487305,197.84754943847656,43.52467346191406,42.46607971191406
2018-05-22 04:00:00,90.44719696044922,25.416704177856445,198.0972442626953,44.099246978759766,42.872314453125
2018-05-23 04:00:00,90.03101348876953,25.04644012451172,197.93905639648438,44.83344268798828,42.45827102661133
2018-05-24 04:00:00,89.02255249023438,24.857187271118164,196.51576232910156,43.628421783447266,42.184852600097656
2018-05-25 04:00:00,88.5663833618164,24.816049575805664,195.60848999023438,43.811973571777344,41.411460876464844
2018-05-29 04:00:00,84.78073120117188,23.828676223754883,188.9663848876953,42.25579833984375,39.0287971496582
2018-05-30 04:00:00,86.71756744384766,24.264768600463867,191.41380310058594,43.27729034423828,39.81781005859375
2018-05-31 04:00:00,85.64508819580078,23.992128372192383,188.674072265625,43.085750579833984,39.169410705566406
2018-06-01 04:00:00,86.75760650634766,24.289552688598633,190.73724365234375,43.644378662109375,40.00529861450195
2018-06-04 04:00:00,86.79759979248047,24.289552688598633,192.02357482910156,43.7561149597168,40.270912170410156
2018-06-05 04:00:00,86.30937957763672,24.058218002319336,190.72889709472656,43.49275588989258,39.66938400268555
2018-06-06 04:00:00,88.3262710571289,24.81829833984375,193.97813415527344,44.354618072509766,40.5521354675293
2018-06-07 04:00:00,88.67842102050781,24.85961151123047,194.9971923828125,44.39452362060547,40.731815338134766
2018-06-08 04:00:00,88.92652893066406,24.79351806640625,194.9470977783203,44.434425354003906,40.5521354675293
2018-06-11 04:00:00,88.70242309570312,24.834823608398438,195.5317840576172,44.29875564575195,40.45057678222656
2018-06-12 04:00:00,88.1902084350586,24.702634811401367,194.312255859375,44.19501876831055,40.091224670410156
2018-06-13 04:00:00,88.0141372680664,24.65306282043457,195.31459045410156,44.01945495605469,40.30997085571289
2018-06-14 04:00:00,86.46147155761719,24.372167587280273,195.16424560546875,43.68428039550781,40.08341598510742
2018-06-15 04:00:00,86.35741424560547,24.190404891967773,193.71922302246094,43.875797271728516,39.96624755859375
2018-06-18 04:00:00,86.5815200805664,24.289552688598633,193.2764892578125,43.95561599731445,39.66157150268555
2018-06-19 04:00:00,86.07728576660156,24.173887252807617,190.712158203125,43.95561599731445,38.997554779052734
2018-06-20 04:00:00,86.06928253173828,24.157360076904297,190.2945098876953,43.47678756713867,38.97411346435547
2018-06-21 04:00:00,86.04527282714844,24.198671340942383,189.59291076660156,43.389007568359375,38.89599609375
2018-06-22 04:00:00,84.63668060302734,23.95081901550293,188.79104614257812,43.04584884643555,38.19292449951172
2018-06-25 04:00:00,83.86831665039062,23.529464721679688,185.04893493652344,43.06181716918945,37.44295120239258
2018-06-26 04:00:00,83.92435455322266,23.579042434692383,185.0823516845703,42.63883972167969,37.33359146118164
2018-06-27 04:00:00,82.62779998779297,23.331186294555664,183.91299438476562,42.51914978027344,36.8648681640625
2018-06-28 04:00:00,83.98036193847656,23.68644142150879,186.61927795410156,42.7984504699707,37.72420120239258
2018-06-29 04:00:00,83.39612579345703,23.289878845214844,184.2387237548828,44.24291229248047,37.02892303466797
2018-07-02 04:00:00,84.10041046142578,23.36423683166504,186.48561096191406,44.94517135620117,37.2789192199707
2018-07-03 04:00:00,82.9239273071289,22.951143264770508,184.07998657226562,44.338661193847656,36.7320671081543
2018-07-05 04:00:00,83.46307373046875,23.066810607910156,184.38075256347656,44.083290100097656,36.482078552246094
2018-07-06 04:00:00,83.73665618896484,23.15768814086914,185.25772094726562,44.60202407836914,36.78675079345703
2018-07-09 04:00:00,86.32776641845703,24.000389099121094,190.43653869628906,45.30427551269531,37.81793212890625
2018-07-10 04:00:00,85.79667663574219,23.818626403808594,189.48434448242188,45.18457794189453,37.575767517089844
2018-07-11 04:00:00,85.61161041259766,23.69470977783203,188.49034118652344,44.74565887451172,37.302345275878906
2018-07-12 04:00:00,85.98175048828125,23.769062042236328,189.7933349609375,44.713741302490234,37.513267517089844
2018-07-13 04:00:00,85.58747863769531,23.587305068969727,189.11679077148438,44.17906188964844,37.560142517089844
2018-07-16 04:00:00,88.9832763671875,24.603498458862305,193.31826782226562,45.4798469543457,38.20072555541992
2018-07-17 04:00:00,88.91889190673828,24.79351806640625,192.9674530029297,45.13669204711914,38.419464111328125
2018-07-18 04:00:00,89.74775695800781,24.89266014099121,193.1511993408203,45.144683837890625,39.497520446777344
2018-07-19 04:00:00,88.42807006835938,24.512615203857422,191.80642700195312,44.953155517578125,38.94287109375
2018-07-20 04:00:00,89.54656219482422,24.89266014099121,193.527099609375,45.01699447631836,39.27096939086914
2018-07-23 04:00:00,91.21228790283203,25.404884338378906,195.25611877441406,46.285858154296875,39.63813018798828
2018-07-24 04:00:00,91.85607147216797,25.470977783203125,197.0269317626953,46.56517028808594,39.825626373291016
2018-07-25 04:00:00,92.68490600585938,25.66926383972168,197.7035369873047,46.46940994262695,39.872493743896484
2018-07-26 04:00:00,92.41934967041016,25.56186294555664,198.0543212890625,46.53325271606445,39.833431243896484
2018-07-27 04:00:00,93.36888885498047,25.66099739074707,198.49700927734375,46.78861618041992,39.880313873291016
2018-07-30 04:00:00,93.93216705322266,25.867544174194336,199.5912628173828,46.67689514160156,39.9981803894043
2018-07-31 04:00:00,92.49979400634766,25.512287139892578,198.32162475585938,45.71925735473633,39.73100280761719
2018-08-01 04:00:00,93.07112121582031,25.81797218322754,197.1605987548828,46.00655746459961,39.4323844909668
2018-08-02 04:00:00,93.46544647216797,25.842763900756836,195.4482421875,46.517276763916016,39.141639709472656
2018-08-03 04:00:00,94.22183990478516,26.032779693603516,195.5317840576172,46.94822311401367,39.220211029052734
2018-08-06 04:00:00,94.24600982666016,26.041040420532227,197.06866455078125,46.99610900878906,39.283084869384766
2018-08-07 04:00:00,94.59201049804688,26.032779693603516,198.65574645996094,46.940250396728516,39.393096923828125
2018-08-08 04:00:00,94.78515625,26.272363662719727,197.43618774414062,47.23551559448242,39.38523864746094
2018-08-09 04:00:00,94.05286407470703,26.107135772705078,195.2728271484375,46.978275299072266,38.85088348388672
2018-08-10 04:00:00,93.1274642944336,25.768404006958008,191.7897186279297,46.66477584838867,38.0257682800293
2018-08-13 04:00:00,91.6468276977539,25.18181800842285,189.4926300048828,46.31106185913086,37.208526611328125
2018-08-14 04:00:00,92.2583999633789,25.43793296813965,191.74794006347656,46.680843353271484,37.60929870605469
2018-08-15 04:00:00,91.49392700195312,25.08267593383789,191.4889678955078,46.616539001464844,37.287105560302734
2018-08-16 04:00:00,92.35494995117188,25.380104064941406,194.62130737304688,47.1551399230957,37.955047607421875
2018-08-17 04:00:00,92.35494995117188,25.39662742614746,194.938720703125,47.3159065246582,38.01005935668945
2018-08-20 04:00:00,92.2342758178711,25.5040225982666,196.943359375,47.45256805419922,37.94720458984375
2018-08-21 04:00:00,92.79753112792969,25.62795066833496,199.3406524658203,47.39628982543945,38.14364242553711
2018-08-22 04:00:00,92.5158920288086,25.59490966796875,199.9170379638672,47.565101623535156,38.1907958984375
2018-08-23 04:00:00,92.32276916503906,25.47924041748047,197.4111328125,47.12297439575195,37.82146453857422
2018-08-24 04:00:00,92.28254699707031,25.520551681518555,196.3837890625,47.17925262451172,37.82931137084961
2018-08-27 04:00:00,93.91606140136719,25.867544174194336,202.64007568359375,47.50884246826172,39.20450210571289
2018-08-28 04:00:00,93.4573974609375,25.834495544433594,202.44790649414062,47.48472213745117,39.29094696044922
2018-08-29 04:00:00,93.151611328125,25.72709083557129,202.30545043945312,47.39628982543945,39.25164794921875
2018-08-30 04:00:00,92.69293212890625,25.619693756103516,200.62933349609375,46.994361877441406,38.74086380004883
2018-08-31 04:00:00,92.20207214355469,25.553598403930664,199.2968292236328,47.010433197021484,38.371543884277344
2018-09-04 04:00:00,92.66075134277344,25.72709083557129,199.17117309570312,47.267669677734375,38.27722930908203
2018-09-05 04:00:00,92.2101058959961,25.760141372680664,199.08731079101562,47.38824462890625,38.28509521484375
2018-09-06 04:00:00,91.81583404541016,25.610708236694336,196.5396728515625,46.56830978393555,37.66429138183594
2018-09-07 04:00:00,91.99286651611328,25.6190128326416,196.02847290039062,46.142250061035156,37.89217758178711
2018-09-10 04:00:00,91.5019760131836,25.585805892944336,194.35238647460938,46.190486907958984,37.67215347290039
2018-09-11 04:00:00,92.08135986328125,25.610708236694336,192.92770385742188,46.12617874145508,37.60929870605469
2018-09-12 04:00:00,90.9950180053711,25.262042999267578,191.2012939453125,44.968597412109375,37.31067657470703
2018-09-13 04:00:00,91.34909057617188,25.02129364013672,191.3521270751953,44.212947845458984,37.4992790222168
2018-09-14 04:00:00,91.3330078125,25.212228775024414,192.11474609375,43.995914459228516,37.868621826171875
2018-09-17 04:00:00,91.6065902709961,25.137510299682617,190.98341369628906,43.658287048339844,37.46784973144531
2018-09-18 04:00:00,91.97676849365234,25.07940673828125,191.82142639160156,43.811031341552734,37.60143280029297
2018-09-19 04:00:00,94.6483383178711,25.735231399536133,197.42800903320312,44.389808654785156,38.58370590209961
2018-09-20 04:00:00,95.46109008789062,25.89297103881836,198.95326232910156,44.65509033203125,39.19664764404297
2018-09-21 04:00:00,94.83341979980469,25.76013946533203,197.22683715820312,44.20491409301758,38.82731628417969
2018-09-24 04:00:00,93.92410278320312,25.51939582824707,195.18202209472656,43.61809539794922,38.15936279296875
2018-09-25 04:00:00,93.65855407714844,25.461280822753906,194.84681701660156,43.593990325927734,37.939327239990234
2018-09-26 04:00:00,92.55612182617188,25.012989044189453,191.81304931640625,42.733829498291016,37.48356246948242
2018-09-27 04:00:00,92.15377044677734,24.855260848999023,190.85769653320312,42.46052169799805,37.53856658935547
2018-09-28 04:00:00,90.80189514160156,24.45677375793457,187.9244842529297,42.251502990722656,36.59558868408203
2018-10-01 04:00:00,91.3330078125,24.6145076751709,188.83798217773438,42.0023078918457,36.642730712890625
2018-10-02 04:00:00,91.7112045288086,24.556398391723633,189.45814514160156,41.905853271484375,36.642730712890625
2018-10-03 04:00:00,92.5722427368164,24.905067443847656,190.8911590576172,42.3238639831543,37.01993179321289
2018-10-04 04:00:00,93.4068603515625,25.262042999267578,190.63980102539062,43.01518249511719,37.14564895629883
2018-10-05 04:00:00,92.88015747070312,25.09600067138672,189.1564483642578,42.75794982910156,36.73702621459961
2018-10-08 04:00:00,93.44737243652344,25.129209518432617,188.85476684570312,43.143798828125,36.9492073059082
2018-10-09 04:00:00,92.79910278320312,24.888463973999023,186.80992126464844,43.03126525878906,36.27339553833008
2018-10-10 04:00:00,90.32759857177734,24.27414321899414,180.08871459960938,42.147010803222656,35.063232421875
2018-10-11 04:00:00,87.6210708618164,23.54359245300293,178.47970581054688,41.351173400878906,34.175254821777344
2018-10-12 04:00:00,86.66490936279297,23.62660789489746,179.23394775390625,41.88977813720703,34.128116607666016
2018-10-15 04:00:00,86.17062377929688,23.178314208984375,180.36529541015625,42.79814910888672,34.1595458984375
2018-10-16 04:00:00,88.01818084716797,23.684720993041992,185.79583740234375,43.19203567504883,36.10051345825195
2018-10-17 04:00:00,88.99867248535156,23.99188232421875,191.3102569580078,43.77886962890625,37.08278274536133
2018-10-18 04:00:00,87.58869171142578,23.452274322509766,188.51954650878906,42.68559265136719,36.17124557495117
2018-10-19 04:00:00,87.44284057617188,23.510385513305664,190.20404052734375,42.51679992675781,36.47771072387695
2018-10-22 04:00:00,86.18683624267578,22.730022430419922,185.71206665039062,41.519981384277344,35.44828414916992
2018-10-23 04:00:00,85.28736114501953,22.431169509887695,183.16436767578125,41.44763946533203,34.984642028808594
2018-10-24 04:00:00,83.69910430908203,21.74212646484375,175.30345153808594,40.34633255004883,34.175254821777344
2018-10-25 04:00:00,84.9712905883789,22.074190139770508,179.35122680664062,41.68879699707031,35.00822448730469
2018-10-26 04:00:00,83.80445861816406,21.908153533935547,177.9684600830078,41.19844436645508,34.552459716796875
2018-10-29 04:00:00,84.96320343017578,22.09079360961914,179.75350952148438,41.98623275756836,34.5367431640625
2018-10-30 04:00:00,86.46233367919922,22.23192596435547,183.7677764892578,42.35601806640625,35.20927810668945
2018-10-31 04:00:00,88.34229278564453,22.829647064208984,188.87149047851562,42.79010009765625,36.12708282470703
2018-11-01 04:00:00,88.30986022949219,23.086997985839844,190.21240234375,43.05539321899414,36.30906677246094
2018-11-02 04:00:00,87.82366943359375,23.153409957885742,192.4918975830078,43.09557342529297,36.35655212402344
2018-11-05 05:00:00,88.39901733398438,23.29453468322754,191.67901611328125,43.13577651977539,36.2536735534668
2018-11-06 05:00:00,88.81228637695312,23.419063568115234,191.24322509765625,43.04734802246094,36.174556732177734
2018-11-07 05:00:00,90.3357162475586,23.693021774291992,193.82437133789062,43.07146453857422,36.878746032714844
2018-11-08 05:00:00,91.06500244140625,23.96697235107422,194.13449096679688,43.07956314086914,36.73632049560547
2018-11-09 05:00:00,90.18174743652344,23.676416397094727,186.5919952392578,42.98231887817383,36.18246841430664
2018-11-12 05:00:00,88.28558349609375,23.037187576293945,172.68038940429688,42.423160552978516,34.91653060913086
2018-11-13 05:00:00,88.8041763305664,23.04549217224121,171.84231567382812,42.73921203613281,35.351688385009766
2018-11-14 05:00:00,86.97284698486328,22.58889389038086,169.69686889648438,42.26109313964844,34.69498062133789
2018-11-15 05:00:00,89.19316101074219,23.161712646484375,170.74447631835938,42.804039001464844,35.0510368347168
2018-11-16 05:00:00,89.1283187866211,23.037187576293945,169.38677978515625,42.901283264160156,34.91653060913086
2018-11-19 05:00:00,89.8089828491211,23.037187576293945,166.118408203125,43.209224700927734,35.138057708740234
2018-11-20 05:00:00,87.88040161132812,22.730022430419922,160.35264587402344,42.5771484375,34.1015739440918
2018-11-21 05:00:00,87.22402954101562,22.638708114624023,161.40863037109375,42.487998962402344,34.600040435791016
2018-11-23 05:00:00,86.42182922363281,22.3896541595459,158.47540283203125,42.00177001953125,34.08574295043945
2018-11-26 05:00:00,88.53675842285156,22.879453659057617,162.8668212890625,42.85266876220703,35.03519821166992
2018-11-27 05:00:00,88.90950775146484,23.028886795043945,162.2885284423828,43.10387420654297,34.85322189331055
2018-11-28 05:00:00,89.89811706542969,23.601701736450195,166.22744750976562,44.04391098022461,35.85015869140625
2018-11-29 05:00:00,89.1850357055664,23.277936935424805,163.95545959472656,43.792686462402344,35.21719741821289
2018-11-30 05:00:00,90.10070037841797,23.576791763305664,160.45506286621094,43.98717498779297,35.12223815917969
2018-12-03 05:00:00,90.95156860351562,23.693021774291992,161.24603271484375,43.954776763916016,35.92928695678711
2018-12-04 05:00:00,86.89180755615234,22.4062557220459,155.0866241455078,41.961246490478516,34.11739730834961
2018-12-06 05:00:00,85.23873138427734,21.938762664794922,154.90151977539062,41.40209197998047,33.7138671875
2018-12-07 05:00:00,83.69910430908203,21.22917366027832,151.18234252929688,40.72947692871094,32.69319152832031
2018-12-10 05:00:00,82.13516235351562,20.669857025146484,150.47555541992188,39.546329498291016,32.21055221557617
2018-12-11 05:00:00,81.33293151855469,20.51959228515625,148.7673797607422,38.70353317260742,32.139347076416016
2018-12-12 05:00:00,81.85965728759766,20.469499588012695,148.6831817626953,38.68732833862305,32.289669036865234
2018-12-13 05:00:00,81.94071197509766,20.369319915771484,148.0269317626953,38.11197280883789,32.12351989746094
2018-12-14 05:00:00,81.26811218261719,20.436107635498047,145.37635803222656,37.71488952636719,31.363948822021484
2018-12-17 05:00:00,80.23088073730469,20.427762985229492,141.37106323242188,37.771602630615234,31.33230209350586
2018-12-18 05:00:00,79.85002136230469,20.427762985229492,144.30776977539062,37.698673248291016,31.56174087524414
2018-12-19 05:00:00,78.83712768554688,20.185670852661133,142.4145050048828,37.009857177734375,31.094924926757812
2018-12-20 05:00:00,78.15642547607422,20.127229690551758,141.7076873779297,37.30970001220703,30.786361694335938
2018-12-21 05:00:00,76.30886840820312,19.509471893310547,134.67318725585938,36.564151763916016,29.813148498535156
2018-12-24 05:00:00,74.6639175415039,18.97519874572754,131.55987548828125,35.33237838745117,29.283044815063477
2018-12-26 05:00:00,77.75938415527344,20.127229690551758,137.0965576171875,36.94502258300781,31.094924926757812
2018-12-27 05:00:00,78.63451385498047,20.344282150268555,139.18336486816406,36.89639663696289,31.37976837158203
2018-12-28 05:00:00,78.46437072753906,20.36097526550293,137.1807098388672,37.0989990234375,31.15030860900879
2018-12-31 05:00:00,79.10452270507812,20.569679260253906,140.56332397460938,37.34211730957031,31.371858596801758
2019-01-02 05:00:00,80.47398376464844,20.83681869506836,144.75372314453125,38.039031982421875,31.96527862548828
2019-01-03 05:00:00,79.33031463623047,20.502891540527344,142.6332550048828,37.739192962646484,31.395599365234375
2019-01-04 05:00:00,82.25483703613281,21.354402542114258,147.29490661621094,38.85750961303711,32.6773681640625
2019-01-07 05:00:00,82.3120346069336,21.33769989013672,148.111083984375,38.606285095214844,33.00176239013672
2019-01-08 05:00:00,82.15681457519531,21.295963287353516,147.56410217285156,38.52526092529297,32.79605484008789
2019-01-09 05:00:00,82.0179443359375,21.504663467407227,148.48971557617188,38.73595428466797,33.02552032470703
2019-01-10 05:00:00,82.0097885131836,21.479618072509766,148.09417724609375,38.695438385009766,32.96221160888672
2019-01-11 05:00:00,81.61766052246094,21.73006820678711,148.87680053710938,38.79267883300781,33.02552032470703
2019-01-14 05:00:00,82.45907592773438,22.013896942138672,150.38294982910156,39.23838424682617,33.61101150512695
2019-01-15 05:00:00,83.06359100341797,22.16416358947754,151.38427734375,38.63060760498047,33.9275016784668
2019-01-16 05:00:00,83.73347473144531,23.75029754638672,165.83189392089844,39.659786224365234,35.20135498046875
2019-01-17 05:00:00,84.07653045654297,24.201095581054688,167.52317810058594,39.894798278808594,33.65057373046875
2019-01-18 05:00:00,85.44078063964844,24.459880828857422,170.42616271972656,40.526878356933594,34.56837844848633
2019-01-22 05:00:00,84.0928955078125,24.28457260131836,166.3367156982422,40.40531921386719,33.55562210083008
2019-01-23 05:00:00,83.8804931640625,24.142658233642578,165.68043518066406,40.616031646728516,33.349910736083984
2019-01-24 05:00:00,83.92950439453125,24.276233673095703,166.43775939941406,40.502567291259766,33.27078628540039
2019-01-25 05:00:00,84.46050262451172,24.693635940551758,168.9115447998047,40.624141693115234,34.00661087036133
2019-01-28 05:00:00,84.86079406738281,24.73537254333496,168.0532989501953,40.37290573120117,33.74551773071289
2019-01-29 05:00:00,85.09768676757812,24.53501319885254,168.70962524414062,40.3972282409668,33.618927001953125
2019-01-30 05:00:00,85.29376220703125,24.26787757873535,170.37570190429688,40.59172439575195,34.09703063964844
2019-01-31 05:00:00,84.55036926269531,23.766996383666992,166.61441040039062,39.994781494140625,33.70657730102539
2019-02-01 05:00:00,84.86079406738281,23.691864013671875,165.3775177001953,39.994781494140625,33.32408905029297
2019-02-04 05:00:00,85.16305541992188,24.109264373779297,166.37045288085938,40.1174430847168,33.834075927734375
2019-02-05 05:00:00,84.78726959228516,24.025787353515625,166.61441040039062,40.28915786743164,33.826107025146484
2019-02-06 05:00:00,84.7464370727539,23.98404884338379,165.44482421875,40.2482795715332,33.77031707763672
2019-02-07 05:00:00,83.63544464111328,23.57499122619629,162.4577178955078,39.31606674194336,33.05315017700195
2019-02-08 05:00:00,82.80216979980469,23.61673355102539,161.27969360351562,38.964447021484375,32.51927185058594
2019-02-11 05:00:00,82.4100570678711,23.716909408569336,160.9935760498047,38.964447021484375,32.041168212890625
2019-02-12 05:00:00,83.81515502929688,23.950651168823242,163.6525421142578,40.109256744384766,32.790199279785156
2019-02-13 05:00:00,84.2154312133789,23.95900535583496,163.82083129882812,40.084716796875,32.822078704833984
2019-02-14 05:00:00,83.66810607910156,23.700206756591797,162.00332641601562,39.67586135864258,32.44755935668945
2019-02-15 05:00:00,86.22502899169922,24.301271438598633,167.02679443359375,40.2482795715332,33.45955276489258
2019-02-19 05:00:00,85.92278289794922,24.31796646118164,167.16978454589844,40.379112243652344,33.59502029418945
2019-02-20 05:00:00,86.33941650390625,24.551713943481445,167.11087036132812,40.73072814941406,33.80219650268555
2019-02-21 05:00:00,86.15968322753906,24.4515380859375,165.22607421875,40.52629852294922,33.43564987182617
2019-02-22 05:00:00,85.7757339477539,24.276233673095703,164.92312622070312,40.084716796875,33.300193786621094
2019-02-25 05:00:00,86.67435455322266,24.434843063354492,167.15292358398438,40.60807800292969,33.61893081665039
2019-02-26 05:00:00,86.01265716552734,24.4515380859375,167.36334228515625,40.55082702636719,33.794227600097656
2019-02-27 05:00:00,85.90644073486328,24.651897430419922,167.3633575439453,40.80432891845703,33.91376495361328
2019-02-28 05:00:00,85.2529296875,24.400175094604492,166.18055725097656,40.79615020751953,33.45158004760742
2019-03-01 05:00:00,85.31008911132812,24.59315299987793,167.44784545898438,40.91062545776367,33.865943908691406
2019-03-04 05:00:00,85.11405181884766,24.35821533203125,165.57229614257812,40.976051330566406,33.46752166748047
2019-03-05 05:00:00,85.04869842529297,24.400175094604492,165.58917236328125,40.79615020751953,33.387840270996094
2019-03-06 05:00:00,84.7301025390625,24.19879150390625,164.524658203125,40.738895416259766,33.16472244262695
2019-03-07 05:00:00,84.11740112304688,23.95546531677246,162.86032104492188,40.62443161010742,32.8061408996582
2019-03-08 05:00:00,84.15009307861328,24.03936767578125,164.94703674316406,40.72254943847656,32.957550048828125
2019-03-11 04:00:00,85.24475860595703,24.282699584960938,165.56382751464844,40.68983459472656,33.347991943359375
2019-03-12 04:00:00,84.99149322509766,24.282699584960938,166.12142944335938,40.59989547729492,33.49142837524414
2019-03-13 04:00:00,85.27742004394531,24.57637596130371,166.6451873779297,40.82067108154297,33.794227600097656
2019-03-14 04:00:00,86.05345916748047,24.719013214111328,166.83106994628906,41.172298431396484,34.0173454284668
2019-03-15 04:00:00,87.0419692993164,24.584760665893555,167.49850463867188,41.42580032348633,34.52732849121094
2019-03-18 04:00:00,87.56477355957031,25.021081924438477,171.05526733398438,42.30075454711914,35.08511734008789
2019-03-19 04:00:00,87.24618530273438,24.87844467163086,169.91473388671875,42.03907775878906,35.0213737487793
2019-03-20 04:00:00,85.38361358642578,24.030981063842773,164.16986083984375,41.21318054199219,34.28826904296875
2019-03-21 04:00:00,84.03572082519531,23.645002365112305,164.3894500732422,40.771610260009766,34.367958068847656
2019-03-22 04:00:00,81.49512481689453,22.663299560546875,159.6414794921875,39.50414276123047,33.244407653808594
2019-03-25 04:00:00,80.81707763671875,22.520652770996094,159.26129150390625,39.31606674194336,32.86989212036133
2019-03-26 04:00:00,81.62582397460938,22.831104278564453,161.1031036376953,40.076541900634766,33.37189483642578
2019-03-27 04:00:00,81.34807586669922,22.68007469177246,160.54542541503906,39.88029098510742,32.96550369262695
2019-03-28 04:00:00,82.27118682861328,22.931795120239258,161.51698303222656,40.1419677734375,33.411739349365234
2019-03-29 04:00:00,82.69599151611328,23.149953842163086,162.2013397216797,39.5123291015625,33.626888275146484
2019-04-01 04:00:00,85.48165130615234,23.947072982788086,166.2143096923828,39.91300582885742,34.68669128417969
2019-04-02 04:00:00,85.89009094238281,24.223966598510742,166.85643005371094,39.42237091064453,34.82216262817383
2019-04-03 04:00:00,86.0616455078125,24.19879150390625,169.69503784179688,39.95389938354492,35.36402130126953
2019-04-04 04:00:00,86.89305877685547,24.458906173706055,170.85255432128906,40.2073860168457,35.80227279663086
2019-04-05 04:00:00,86.68724822998047,24.400175094604492,170.97927856445312,39.88847351074219,35.77837371826172
2019-04-08 04:00:00,86.96712493896484,24.475683212280273,171.11441040039062,39.970245361328125,35.84211730957031
2019-04-09 04:00:00,86.32505798339844,24.240745544433594,169.49232482910156,39.36513137817383,35.26839828491211
2019-04-10 04:00:00,86.71195220947266,24.39177703857422,171.4861602783203,39.07892990112305,35.4197998046875
2019-04-11 04:00:00,87.444580078125,24.39177703857422,171.3594512939453,39.03803634643555,35.69869613647461
2019-04-12 04:00:00,91.54393005371094,25.314756393432617,175.5921173095703,38.01588439941406,37.20472717285156
2019-04-15 04:00:00,90.4985122680664,25.03786277770996,168.89248657226562,38.244850158691406,36.718658447265625
2019-04-16 04:00:00,91.453369140625,25.07142448425293,170.5230712890625,38.964447021484375,37.467689514160156
2019-04-17 04:00:00,94.0875015258789,25.19729232788086,175.64276123046875,38.8826789855957,38.45577621459961
2019-04-18 04:00:00,93.39603424072266,25.19729232788086,173.9615478515625,38.90720748901367,37.890018463134766
2019-04-22 04:00:00,93.51126861572266,25.214073181152344,172.85482788085938,38.645538330078125,37.682830810546875
2019-04-23 04:00:00,93.62651824951172,25.230852127075195,172.46615600585938,38.7191276550293,37.73065185546875
2019-04-24 04:00:00,93.4701156616211,25.18889617919922,169.4247283935547,38.825439453125,37.75455856323242
2019-04-25 04:00:00,93.51952362060547,25.239238739013672,170.1512908935547,38.84996032714844,37.682830810546875
2019-04-26 04:00:00,94.22742462158203,25.465791702270508,171.5706024169922,39.21794128417969,38.16093063354492
2019-04-29 04:00:00,95.58566284179688,25.818199157714844,174.8148193359375,39.471435546875,38.85857391357422
2019-04-30 04:00:00,95.52804565429688,25.65877914428711,173.96998596191406,39.58591842651367,38.6901741027832
2019-05-01 04:00:00,94.7954330444336,25.390275955200195,172.96461486816406,39.43872833251953,38.144901275634766
2019-05-02 04:00:00,95.00121307373047,25.591651916503906,173.1842803955078,39.4959602355957,38.33735656738281
2019-05-03 04:00:00,95.58566284179688,25.767854690551758,175.3217315673828,39.78217315673828,38.537818908691406
2019-05-06 04:00:00,94.73777770996094,25.56648063659668,174.40086364746094,39.60227584838867,38.25716018676758
2019-05-07 04:00:00,93.19025421142578,25.104990005493164,171.19046020507812,38.571937561035156,37.45530319213867
2019-05-08 04:00:00,92.69635772705078,25.004301071166992,169.77114868164062,38.43293762207031,37.31095886230469
2019-05-09 04:00:00,92.62223815917969,24.928783416748047,170.3456268310547,38.58979797363281,37.246826171875
2019-05-10 04:00:00,92.61402893066406,24.81970977783203,170.70045471191406,38.928306579589844,37.15860366821289
2019-05-13 04:00:00,90.09514617919922,23.70374298095703,164.71896362304688,38.25129318237305,35.42656326293945
2019-05-14 04:00:00,90.81131744384766,24.014196395874023,165.82568359375,38.38338851928711,35.290252685546875
2019-05-15 04:00:00,90.46559143066406,23.737308502197266,165.92709350585938,37.846736907958984,35.20205307006836
2019-05-16 04:00:00,91.62621307373047,23.989028930664062,168.241943359375,37.89626693725586,35.50674819946289
2019-05-17 04:00:00,91.1817398071289,23.829601287841797,166.79730224609375,37.73114776611328,35.186012268066406
2019-05-20 04:00:00,91.65917205810547,23.829601287841797,166.63677978515625,37.524742126464844,35.17800521850586
2019-05-21 04:00:00,91.97196197509766,24.07293128967285,168.2166290283203,38.25129318237305,35.5949592590332
2019-05-22 04:00:00,91.22288513183594,23.905118942260742,165.1836395263672,38.0613899230957,34.8732795715332
2019-05-23 04:00:00,89.42838287353516,23.2926025390625,162.1844482421875,37.615562438964844,34.24782180786133
2019-05-24 04:00:00,90.30915832519531,23.645002365112305,163.0546417236328,38.11918640136719,34.44828796386719
2019-05-28 04:00:00,89.32960510253906,23.410066604614258,160.0469970703125,37.640323638916016,33.814815521240234
2019-05-29 04:00:00,89.08267974853516,23.28420639038086,159.5886993408203,37.54951095581055,33.830848693847656
2019-05-30 04:00:00,88.1278076171875,22.78915786743164,159.01162719726562,37.19449234008789,33.542171478271484
2019-05-31 04:00:00,87.22232055664062,22.319276809692383,154.8701934814453,36.63307189941406,32.6280517578125
2019-06-03 04:00:00,87.63388061523438,22.386404037475586,155.4642791748047,36.75690841674805,32.66012191772461
2019-06-04 04:00:00,90.33386993408203,23.426851272583008,161.14175415039062,37.714637756347656,34.063392639160156
2019-06-05 04:00:00,90.6549072265625,23.41845703125,159.91969299316406,37.86323928833008,34.023292541503906
2019-06-06 04:00:00,90.85246276855469,23.519689559936523,161.0823516845703,37.91278839111328,34.3280143737793
2019-06-07 04:00:00,89.85643768310547,23.22443199157715,161.0823516845703,37.67335510253906,34.23979568481445
2019-06-10 04:00:00,90.82776641845703,23.679975509643555,164.7400360107422,38.20174789428711,34.71290969848633
2019-06-11 04:00:00,91.10765838623047,23.823389053344727,165.2576904296875,38.19350051879883,35.017608642578125
2019-06-12 04:00:00,89.94699096679688,23.57874298095703,161.43028259277344,37.07890319824219,34.17564010620117
2019-06-13 04:00:00,90.16925048828125,23.57030487060547,162.47412109375,37.392635345458984,34.440269470214844
2019-06-14 04:00:00,90.39974975585938,23.65467071533203,162.65237426757812,37.640323638916016,34.33603286743164
2019-06-17 04:00:00,89.90585327148438,23.561872482299805,161.94793701171875,37.37612533569336,34.08744812011719
2019-06-18 04:00:00,91.1323471069336,24.143959045410156,165.46986389160156,38.0613899230957,34.75300216674805
2019-06-19 04:00:00,90.47383880615234,23.89088249206543,166.02993774414062,37.68986892700195,34.592620849609375
2019-06-20 04:00:00,90.70429229736328,23.84869956970215,166.08090209960938,37.86323928833008,34.84921646118164
2019-06-21 04:00:00,90.08692169189453,23.722156524658203,166.28456115722656,38.713645935058594,34.9454460144043
2019-06-24 04:00:00,89.44486236572266,23.604049682617188,167.59996032714844,38.20174789428711,34.536502838134766
2019-06-25 04:00:00,88.70399475097656,23.418458938598633,166.3863983154297,38.09440994262695,34.207733154296875
2019-06-26 04:00:00,89.29669189453125,23.54500389099121,167.19256591796875,37.813720703125,34.472347259521484
2019-06-27 04:00:00,89.59300994873047,23.79808235168457,169.15301513671875,38.218265533447266,34.8732795715332
2019-06-28 04:00:00,92.02957916259766,24.464529037475586,173.6339111328125,39.06865692138672,35.129878997802734
2019-07-01 04:00:00,93.5771255493164,24.8188419342041,175.55184936523438,39.37415313720703,35.24214553833008
2019-07-02 04:00:00,93.6759262084961,24.591073989868164,174.80499267578125,38.99436950683594,35.14592361450195
2019-07-03 04:00:00,93.52670288085938,24.5067081451416,174.8559112548828,39.34938049316406,35.274208068847656
2019-07-05 04:00:00,94.0821304321289,24.683868408203125,176.4344482421875,39.440189361572266,35.45063018798828
2019-07-08 04:00:00,93.56814575195312,24.633243560791016,174.60986328125,39.242034912109375,34.8732795715332
2019-07-09 04:00:00,93.966064453125,24.75978660583496,176.32411193847656,39.48973083496094,35.10581970214844
2019-07-10 04:00:00,93.6924819946289,24.481403350830078,174.79652404785156,38.928306579589844,34.728939056396484
2019-07-11 04:00:00,94.58779907226562,24.76822280883789,179.3622589111328,38.920047760009766,35.42656326293945
2019-07-12 04:00:00,95.58258056640625,24.84415054321289,181.560302734375,39.101688385009766,35.979854583740234
2019-07-15 04:00:00,94.4219970703125,24.650114059448242,179.55747985839844,38.565032958984375,35.627037048339844
2019-07-16 04:00:00,95.43336486816406,24.456090927124023,182.901123046875,37.40089797973633,35.627037048339844
2019-07-17 04:00:00,94.49662017822266,24.624813079833984,181.0171661376953,37.326576232910156,35.097808837890625
2019-07-18 04:00:00,95.06033325195312,24.869455337524414,182.052490234375,37.830223083496094,35.627037048339844
2019-07-19 04:00:00,94.12356567382812,24.801971435546875,181.203857421875,38.003597259521484,35.5949592590332
2019-07-22 04:00:00,94.72872924804688,24.945384979248047,181.61117553710938,38.37513732910156,35.683170318603516
2019-07-23 04:00:00,96.46131896972656,25.51903533935547,186.21939086914062,38.96958541870117,36.16428756713867
2019-07-24 04:00:00,96.85095977783203,25.87334632873535,188.4258575439453,40.00162887573242,36.48503112792969
2019-07-25 04:00:00,95.92247009277344,25.594959259033203,186.68609619140625,39.70439147949219,35.979854583740234
2019-07-26 04:00:00,96.34528350830078,25.957706451416016,188.51922607421875,40.703399658203125,36.677494049072266
2019-07-29 04:00:00,96.03853607177734,25.746809005737305,186.97471618652344,39.86125946044922,36.26852798461914
2019-07-30 04:00:00,95.82300567626953,26.058944702148438,187.89120483398438,40.084190368652344,36.09882736206055
2019-07-31 04:00:00,96.1628646850586,25.88178062438965,186.8134002685547,39.968597412109375,36.00993347167969
2019-08-01 04:00:00,93.6261978149414,24.877891540527344,179.57440185546875,38.854007720947266,34.69269561767578
2019-08-02 04:00:00,93.61790466308594,24.785099029541016,177.6819610595703,39.16773986816406,34.03810501098633
2019-08-05 04:00:00,90.83246612548828,23.688413619995117,171.1558074951172,38.09440994262695,32.72088623046875
2019-08-06 04:00:00,91.54541015625,23.975236892700195,174.8304443359375,38.74666976928711,33.310813903808594
2019-08-07 04:00:00,89.55583953857422,23.52812957763672,174.601318359375,37.82197570800781,32.777442932128906
2019-08-08 04:00:00,91.0728988647461,23.941495895385742,175.67059326171875,38.74038314819336,33.3512077331543
2019-08-09 04:00:00,90.97339630126953,23.89931297302246,175.58578491210938,38.65688705444336,33.53707504272461
2019-08-12 04:00:00,89.26568603515625,23.317230224609375,171.02003479003906,37.930503845214844,32.61581802368164
2019-08-13 04:00:00,90.64180755615234,23.384716033935547,173.2180633544922,38.373008728027344,32.88250732421875
2019-08-14 04:00:00,86.87820434570312,22.28802490234375,165.9620819091797,36.711517333984375,31.7834529876709
2019-08-15 04:00:00,87.20980072021484,22.144615173339844,166.48825073242188,36.21892166137695,31.597583770751953
2019-08-16 04:00:00,89.2988510131836,22.802623748779297,169.23788452148438,37.062171936035156,32.27640151977539
2019-08-19 04:00:00,90.10295867919922,23.005096435546875,171.59713745117188,37.780216217041016,32.62389373779297
2019-08-20 04:00:00,88.95894622802734,22.541109085083008,169.713134765625,37.30431365966797,32.24407958984375
2019-08-21 04:00:00,89.20765686035156,22.718273162841797,170.30715942382812,37.57148742675781,32.27640151977539
2019-08-22 04:00:00,90.1278305053711,22.937602996826172,171.78382873535156,38.08913803100586,32.543087005615234
2019-08-23 04:00:00,87.88955688476562,22.330209732055664,166.50521850585938,37.08723831176758,31.7834529876709
2019-08-26 04:00:00,88.59420776367188,22.591726303100586,169.4330596923828,37.554786682128906,32.454193115234375
2019-08-27 04:00:00,87.65743255615234,22.330209732055664,168.0922088623047,37.36275863647461,32.155181884765625
2019-08-28 04:00:00,88.53616333007812,22.650779724121094,170.08653259277344,37.96390151977539,32.63198471069336
2019-08-29 04:00:00,90.5423583984375,23.055707931518555,173.73301696777344,38.56504821777344,33.36737823486328
2019-08-30 04:00:00,91.0728988647461,23.20755386352539,174.13436889648438,38.882320404052734,33.52899932861328
2019-09-03 04:00:00,89.99519348144531,22.819496154785156,169.9157257080078,38.4815559387207,33.12493133544922
2019-09-04 04:00:00,91.08118438720703,23.190683364868164,172.27268981933594,38.823875427246094,33.561317443847656
2019-09-05 04:00:00,93.15365600585938,23.878507614135742,176.81582641601562,39.75899124145508,34.320960998535156
2019-09-06 04:00:00,93.35259246826172,23.547334671020508,176.95248413085938,39.36656188964844,34.08660125732422
2019-09-09 04:00:00,95.66548919677734,24.311582565307617,181.0259246826172,40.41857147216797,34.83815002441406
2019-09-10 04:00:00,96.88411712646484,24.922977447509766,184.14295959472656,40.33507537841797,35.21797561645508
2019-09-11 04:00:00,97.14938354492188,25.01639175415039,185.14212036132812,40.78594207763672,35.5088996887207
2019-09-12 04:00:00,97.74626922607422,25.19471549987793,186.79884338378906,40.61895751953125,35.81597900390625
2019-09-13 04:00:00,99.66952514648438,25.619298934936523,187.78945922851562,40.844383239746094,36.494808197021484
2019-09-16 04:00:00,98.78250122070312,25.585329055786133,185.5008087158203,40.89447784423828,36.16347122192383
2019-09-17 04:00:00,98.29341125488281,25.423986434936523,184.38209533691406,40.710792541503906,35.72709655761719
2019-09-18 04:00:00,99.27987670898438,25.474939346313477,185.38125610351562,40.85272979736328,35.84830856323242
2019-09-19 04:00:00,98.96488952636719,25.32208824157715,183.8013458251953,40.836036682128906,35.57355499267578
2019-09-20 04:00:00,98.56697082519531,25.12677764892578,182.52896118164062,40.60225296020508,35.29070281982422
2019-09-23 04:00:00,98.55038452148438,25.067338943481445,182.28985595703125,40.87778091430664,35.201820373535156
2019-09-24 04:00:00,97.26543426513672,24.574817657470703,177.4136505126953,40.61895751953125,34.377525329589844
2019-09-25 04:00:00,97.82086944580078,24.838064193725586,179.36068725585938,41.128257751464844,34.781593322753906
2019-09-26 04:00:00,97.01673889160156,24.736164093017578,177.81500244140625,40.80263900756836,34.442161560058594
2019-09-27 04:00:00,97.5887680053711,24.922977447509766,178.4555206298828,42.33889389038086,34.61996078491211
2019-09-30 04:00:00,97.56388092041016,24.770126342773438,176.96957397460938,42.11347579956055,34.48258590698242
2019-10-01 04:00:00,95.78983306884766,24.15024185180664,173.09254455566406,40.96128463745117,33.440101623535156
2019-10-02 04:00:00,93.88314819335938,23.640743255615234,169.30088806152344,40.46867752075195,32.510772705078125
2019-10-03 04:00:00,93.74945831298828,23.61526870727539,168.4383544921875,40.47701644897461,32.52692413330078
2019-10-04 04:00:00,95.78004455566406,24.09079933166504,171.47853088378906,41.086509704589844,32.955230712890625
2019-10-07 04:00:00,95.57112884521484,24.03984832763672,171.13693237304688,40.752540588378906,32.87441635131836
2019-10-08 04:00:00,93.44027709960938,23.462417602539062,168.5493927001953,39.925968170166016,32.1794319152832
2019-10-09 04:00:00,94.11713409423828,23.683202743530273,168.1053466796875,40.20149612426758,32.68046951293945
2019-10-10 04:00:00,95.43743896484375,24.158735275268555,170.6842803955078,40.61895751953125,33.173423767089844
2019-10-11 04:00:00,97.05020904541016,24.549345016479492,174.79193115234375,41.086509704589844,33.88456726074219
2019-10-14 04:00:00,97.30925750732422,24.74465560913086,175.7655029296875,41.136600494384766,34.143165588378906
2019-10-15 04:00:00,100.24230194091797,25.245664596557617,176.31201171875,41.83795166015625,34.36944580078125
2019-10-16 04:00:00,100.00834655761719,25.619298934936523,177.1318359375,41.40378189086914,34.57955551147461
2019-10-17 04:00:00,100.56819152832031,25.695724487304688,176.31201171875,41.42047119140625,35.10483169555664
2019-10-18 04:00:00,100.74370574951172,25.772146224975586,176.36325073242188,41.72105026245117,35.282615661621094
2019-10-21 04:00:00,103.24223327636719,26.341081619262695,178.69461059570312,42.13016128540039,36.349342346191406
2019-10-22 04:00:00,104.27842712402344,26.49393653869629,178.99351501464844,42.26374435424805,36.672584533691406
2019-10-23 04:00:00,104.5541763305664,26.68075180053711,180.4623260498047,42.52257537841797,37.10090255737305
2019-10-24 04:00:00,104.47895812988281,26.62979507446289,180.2317657470703,42.664512634277344,36.979679107666016
2019-10-25 04:00:00,105.31459045410156,26.935497283935547,182.94741821289062,43.056922912597656,37.472633361816406
2019-10-28 04:00:00,105.71568298339844,27.037403106689453,185.953369140625,43.123722076416016,37.85245132446289
2019-10-29 04:00:00,105.64886474609375,27.23270606994629,185.85948181152344,43.5578727722168,37.844364166259766
2019-10-30 04:00:00,105.06390380859375,26.8505802154541,184.29669189453125,43.44098663330078,37.665245056152344
2019-10-31 04:00:00,104.38703918457031,26.55337905883789,182.2215118408203,43.107017517089844,37.49425506591797
2019-11-01 04:00:00,106.79368591308594,27.003429412841797,185.64599609375,43.56623840332031,38.53645324707031
2019-11-04 05:00:00,107.64603424072266,27.512937545776367,187.76388549804688,44.01708984375,39.757755279541016
2019-11-05 05:00:00,107.8799819946289,27.869586944580078,186.71343994140625,44.5013427734375,39.692623138427734
2019-11-06 05:00:00,108.04710388183594,27.844104766845703,186.5255889892578,44.918800354003906,39.53792190551758
2019-11-07 05:00:00,108.63206481933594,28.21773910522461,190.6844024658203,45.51728057861328,39.61933517456055
2019-11-08 05:00:00,108.94959259033203,28.243215560913086,190.35995483398438,45.60155487060547,40.01829147338867
2019-11-11 05:00:00,108.56520080566406,28.175281524658203,187.04649353027344,45.559417724609375,39.969459533691406
2019-11-12 05:00:00,107.93013000488281,28.09885597229004,188.22499084472656,45.70271301269531,39.9043083190918
2019-11-13 05:00:00,107.36186981201172,27.844104766845703,187.2941436767578,44.91880798339844,39.399505615234375
2019-11-14 05:00:00,107.46218872070312,27.767684936523438,187.38812255859375,45.08737564086914,39.57862854003906
2019-11-15 05:00:00,108.23932647705078,27.96299171447754,188.0883331298828,45.348690032958984,39.88803482055664
2019-11-18 05:00:00,109.1501693725586,27.98846435546875,187.644287109375,45.51728057861328,39.920597076416016
2019-11-19 05:00:00,109.11671447753906,27.971479415893555,187.9090118408203,45.54255676269531,40.16485595703125
2019-11-20 05:00:00,108.32286071777344,27.75919532775879,186.09002685546875,45.129539489746094,39.97760009765625
2019-11-21 05:00:00,108.57356262207031,27.88656234741211,186.36328125,45.14641189575195,39.765899658203125
2019-11-22 05:00:00,109.29217529296875,28.175281524658203,188.1139678955078,45.753292083740234,40.09972381591797
2019-11-25 05:00:00,109.87716674804688,28.421537399291992,190.2232666015625,45.694297790527344,40.677818298339844
2019-11-26 05:00:00,110.0275650024414,28.319639205932617,189.96707153320312,45.35711669921875,40.22999954223633
2019-11-27 05:00:00,110.35342407226562,28.379079818725586,190.39407348632812,45.803863525390625,40.53125
2019-11-29 05:00:00,110.1027603149414,28.29416847229004,190.09353637695312,45.90501403808594,40.286991119384766
2019-12-02 05:00:00,109.86045837402344,28.387571334838867,186.9073944091797,45.19696044921875,39.961307525634766
2019-12-03 05:00:00,108.44821166992188,27.88656234741211,182.26995849609375,44.320335388183594,39.171531677246094
2019-12-04 05:00:00,110.58744049072266,28.14980697631836,185.44744873046875,44.87666320800781,39.765899658203125
2019-12-05 05:00:00,111.18910217285156,28.252262115478516,186.47801208496094,44.868228912353516,39.953155517578125
2019-12-06 05:00:00,112.84363555908203,28.747461318969727,192.89317321777344,45.82915115356445,40.547542572021484
2019-12-09 05:00:00,112.31719207763672,28.61085319519043,190.488525390625,45.4498405456543,40.38469314575195
2019-12-10 05:00:00,112.39239501953125,28.627939224243164,190.54869079589844,45.255985260009766,40.44169235229492
2019-12-11 05:00:00,112.1249771118164,28.72185516357422,189.9561004638672,44.817649841308594,40.26255798339844
2019-12-12 05:00:00,115.33382415771484,29.609804153442383,194.12985229492188,45.82072448730469,41.27218246459961
2019-12-13 05:00:00,114.32270812988281,29.40489387512207,193.2281036376953,45.34025955200195,40.90579605102539
2019-12-16 05:00:00,114.76559448242188,29.62688446044922,195.8388214111328,45.70271301269531,41.296607971191406
2019-12-17 05:00:00,115.46752166748047,29.917179107666016,198.50965881347656,45.803863525390625,41.44316482543945
2019-12-18 05:00:00,115.35051727294922,29.976938247680664,197.90847778320312,45.23910903930664,41.24776077270508
2019-12-19 05:00:00,114.77396392822266,29.840328216552734,197.4705047607422,45.205387115478516,41.41059875488281
2019-12-20 05:00:00,114.6820068359375,29.84886932373047,196.60313415527344,44.952518463134766,41.27218246459961
2019-12-23 05:00:00,114.64861297607422,30.028175354003906,196.74057006835938,45.35711669921875,41.296607971191406
2019-12-24 05:00:00,114.96612548828125,30.07086181640625,197.44476318359375,45.36555099487305,41.27218246459961
2019-12-26 05:00:00,116.18617248535156,30.32700538635254,198.56118774414062,45.64371109008789,41.61415481567383
2019-12-27 05:00:00,116.26972198486328,30.181856155395508,198.08888244628906,45.4498405456543,41.59786605834961
2019-12-30 05:00:00,115.84355926513672,30.011091232299805,197.35028076171875,45.18010330200195,41.49202346801758
2019-12-31 05:00:00,116.48694610595703,30.07086181640625,197.46194458007812,45.348690032958984,41.62229537963867
2020-01-02 05:00:00,117.8991928100586,30.429454803466797,201.23202514648438,45.30654525756836,42.37135696411133
2020-01-03 05:00:00,116.34334564208984,29.797645568847656,198.87893676757812,45.028377532958984,41.68742370605469
2020-01-06 05:00:00,116.25082397460938,29.754955291748047,200.91429138183594,44.75865936279297,41.54087448120117
2020-01-07 05:00:00,114.2745132446289,29.558578491210938,202.23678588867188,44.38776397705078,41.459442138671875
2020-01-08 05:00:00,115.16598510742188,29.85740852355957,204.186279296875,44.522640228271484,41.98868942260742
2020-01-09 05:00:00,115.58647155761719,29.90863800048828,208.34283447265625,44.446781158447266,42.38765335083008
2020-01-10 05:00:00,114.434326171875,29.66103744506836,207.92202758789062,44.252899169921875,42.50978088378906
2020-01-13 05:00:00,115.38463592529297,29.93425178527832,210.58428955078125,43.92416763305664,42.973876953125
2020-01-14 05:00:00,116.73021697998047,30.15623664855957,210.97073364257812,41.555580139160156,43.03901672363281
2020-01-15 05:00:00,114.98094940185547,29.601268768310547,210.58428955078125,40.729522705078125,43.10415267944336
2020-01-16 05:00:00,115.42668914794922,29.643959045410156,214.45745849609375,41.51343536376953,45.95387268066406
2020-01-17 05:00:00,116.22560119628906,29.635419845581055,214.23416137695312,41.454437255859375,46.825077056884766
2020-01-21 05:00:00,115.08184814453125,29.251205444335938,211.0050811767578,41.25213623046875,45.53049087524414
2020-01-22 05:00:00,114.9472885131836,29.336584091186523,212.16445922851562,40.93183135986328,45.48163986206055
2020-01-23 05:00:00,114.8295669555664,29.13167381286621,210.9020538330078,40.64522933959961,45.21295166015625
2020-01-24 05:00:00,111.97859954833984,28.636476516723633,207.75888061523438,40.09735107421875,44.415035247802734
2020-01-27 05:00:00,111.03666687011719,28.047346115112305,204.51263427734375,39.70117950439453,43.24258041381836
2020-01-28 05:00:00,113.05504608154297,28.38033103942871,208.32565307617188,39.928749084472656,43.983489990234375
2020-01-29 05:00:00,112.8868637084961,28.183956146240234,206.21302795410156,39.844459533691406,43.70665740966797
2020-01-30 05:00:00,114.28292083740234,28.585243225097656,209.6568145751953,40.38393020629883,44.108245849609375
2020-01-31 05:00:00,111.314208984375,28.0302734375,204.17770385742188,39.56631088256836,42.82973861694336
2020-02-03 05:00:00,112.16360473632812,28.149805068969727,205.259765625,39.71803283691406,43.10837936401367
2020-02-04 05:00:00,113.77830505371094,28.70478057861328,207.7760467529297,39.83604431152344,44.27215576171875
2020-02-05 05:00:00,115.71260070800781,29.635419845581055,209.80279541015625,40.72109603881836,45.067115783691406
2020-02-06 05:00:00,115.72943878173828,29.601268768310547,207.67295837402344,40.87444305419922,45.0835075378418
2020-02-07 05:00:00,115.35939025878906,29.550039291381836,204.39242553710938,40.755184173583984,45.09990310668945
2020-02-10 05:00:00,115.83875274658203,29.61833953857422,203.8427734375,40.69554138183594,45.36215591430664
2020-02-11 05:00:00,116.05742645263672,29.6866512298584,203.06980895996094,40.88296127319336,45.714561462402344
2020-02-12 05:00:00,116.05742645263672,29.814716339111328,204.9506072998047,40.712581634521484,46.042381286621094
2020-02-13 05:00:00,115.9565200805664,29.80618667602539,204.6929473876953,40.993709564208984,45.837501525878906
2020-02-14 05:00:00,115.60328674316406,29.754955291748047,203.6023406982422,41.078895568847656,45.76374053955078
2020-02-18 05:00:00,114.07266998291016,29.25975799560547,200.27879333496094,40.03105163574219,45.50149154663086
2020-02-19 05:00:00,115.62850952148438,29.643959045410156,203.81698608398438,40.116241455078125,46.148929595947266
2020-02-20 05:00:00,115.62850952148438,29.754955291748047,199.8665771484375,40.3292236328125,44.05087661743164
2020-02-21 05:00:00,114.21562957763672,29.336584091186523,198.0545196533203,40.63591384887695,42.96086502075195
2020-02-24 05:00:00,111.14601135253906,27.944896697998047,192.8330535888672,39.51991653442383,40.715293884277344
2020-02-25 05:00:00,106.18413543701172,26.536128997802734,186.88162231445312,38.43800354003906,39.3630485534668
2020-02-26 05:00:00,106.50369262695312,26.151914596557617,185.31007385253906,37.60311508178711,38.71559143066406
2020-02-27 05:00:00,102.07167053222656,24.871213912963867,176.64483642578125,36.18043518066406,37.215816497802734
2020-02-28 05:00:00,97.64803314208984,24.333322525024414,173.4738006591797,34.80035400390625,36.90439224243164
2020-03-02 05:00:00,102.19782257080078,25.076128005981445,180.99099731445312,36.00153732299805,38.09273910522461
2020-03-03 05:00:00,98.36286926269531,23.692968368530273,175.7721710205078,34.527740478515625,36.38807678222656
2020-03-04 05:00:00,100.7933578491211,24.23940086364746,180.3602294921875,35.26890182495117,37.076499938964844
2020-03-05 05:00:00,95.84829711914062,23.010677337646484,171.76300048828125,33.13914108276367,34.904685974121094
2020-03-06 05:00:00,90.8947982788086,22.091276168823242,166.63059997558594,31.59719467163086,34.29001998901367
2020-03-09 04:00:00,78.58265686035156,18.84331512451172,149.3151397705078,27.669902801513672,30.7331600189209
2020-03-10 04:00:00,84.68827056884766,20.286853790283203,159.28622436523438,29.884857177734375,32.37226486206055
2020-03-11 04:00:00,80.70195007324219,19.479162216186523,148.52023315429688,27.542118072509766,30.216848373413086
2020-03-12 04:00:00,74.04969024658203,17.62318992614746,130.1938934326172,23.17184066772461,25.6601505279541
2020-03-13 04:00:00,87.38789367675781,20.759443283081055,153.08241271972656,26.315366744995117,30.7331600189209
2020-03-16 04:00:00,74.31039428710938,17.563037872314453,133.63279724121094,22.575504302978516,25.938791275024414
2020-03-17 04:00:00,78.8517837524414,18.886281967163086,137.09764099121094,25.24197006225586,27.692642211914062
2020-03-18 04:00:00,70.55113983154297,17.863773345947266,120.98323059082031,23.95559310913086,25.20119857788086
2020-03-19 04:00:00,71.7369384765625,18.216068267822266,129.1657257080078,24.100418090820312,25.34052276611328
2020-03-20 04:00:00,70.22315979003906,16.90142250061035,119.59210205078125,22.575504302978516,24.316085815429688
2020-03-23 04:00:00,66.46389770507812,15.535212516784668,116.61979675292969,21.510629653930664,22.791719436645508
2020-03-24 04:00:00,74.36925506591797,18.06999397277832,132.71694946289062,24.63711929321289,27.225494384765625
2020-03-25 04:00:00,77.14454650878906,18.130146026611328,134.03892517089844,24.67970848083496,27.856544494628906
2020-03-26 04:00:00,82.51851654052734,19.52212142944336,143.24960327148438,26.323890686035156,29.266176223754883
2020-03-27 04:00:00,76.63994598388672,18.559768676757812,136.81248474121094,25.795713424682617,27.872926712036133
2020-03-30 04:00:00,78.63311004638672,18.937833786010742,137.91842651367188,25.489023208618164,28.553159713745117
2020-03-31 04:00:00,75.71485900878906,18.241846084594727,133.572265625,24.449697494506836,27.864736557006836
2020-04-01 04:00:00,70.94640350341797,16.987340927124023,125.53667449951172,22.635135650634766,25.914209365844727
2020-04-02 04:00:00,73.59556579589844,17.674745559692383,129.5458984375,23.18887710571289,27.78278923034668
2020-04-03 04:00:00,71.42021942138672,17.210752487182617,126.95375061035156,22.345487594604492,27.741802215576172
2020-04-06 04:00:00,76.01727294921875,18.37932586669922,136.7174530029297,24.390064239501953,30.331594467163086
2020-04-07 04:00:00,77.01998138427734,19.023761749267578,143.44833374023438,24.50933265686035,30.27423095703125
2020-04-08 04:00:00,80.13002014160156,20.149377822875977,152.9009552001953,25.795713424682617,32.265716552734375
2020-04-09 04:00:00,87.31877136230469,21.360918045043945,159.20843505859375,28.28327178955078,33.66715621948242
2020-04-13 04:00:00,83.43547821044922,20.553226470947266,154.81912231445312,26.77540397644043,32.43783950805664
2020-04-14 04:00:00,81.14969635009766,20.389968872070312,153.998291015625,25.710519790649414,32.66730880737305
2020-04-15 04:00:00,77.1474380493164,19.066726684570312,154.24891662597656,24.228206634521484,31.470767974853516
2020-04-16 04:00:00,74.20735168457031,18.40510368347168,152.97006225585938,22.907751083374023,31.437984466552734
2020-04-17 04:00:00,80.8777847290039,20.00330924987793,158.54315185546875,24.177087783813477,32.0362548828125
2020-04-20 04:00:00,77.92919158935547,19.33309555053711,155.8732452392578,23.580753326416016,31.437984466552734
2020-04-21 04:00:00,75.66889190673828,18.594139099121094,150.17921447753906,22.86515235900879,30.282419204711914
2020-04-22 04:00:00,75.91532897949219,18.73161506652832,152.05418395996094,22.831079483032227,30.98723030090332
2020-04-23 04:00:00,75.95781707763672,18.791767120361328,151.25059509277344,22.60106658935547,30.70858383178711
2020-04-24 04:00:00,77.07946014404297,19.058134078979492,152.93548583984375,22.933303833007812,31.11836814880371
2020-04-27 04:00:00,80.40192413330078,20.16656494140625,158.58636474609375,24.20264434814453,32.216556549072266
2020-04-28 04:00:00,80.97124481201172,20.527448654174805,161.5845489501953,24.59452247619629,32.88859558105469
2020-04-29 04:00:00,83.15506744384766,21.29217529296875,164.19400024414062,25.55717658996582,33.72360610961914
2020-04-30 04:00:00,81.37060546875,20.6649227142334,158.48268127441406,24.747861862182617,32.599220275878906
2020-05-01 04:00:00,79.23779296875,19.831451416015625,153.02195739746094,23.504087448120117,31.74765396118164
2020-05-04 04:00:00,78.2945785522461,19.702564239501953,152.09739685058594,23.29962921142578,31.491363525390625
2020-05-05 04:00:00,78.17561340332031,19.470571517944336,154.05877685546875,22.422161102294922,31.400423049926758
2020-05-06 04:00:00,76.70556640625,19.204204559326172,152.86636352539062,21.817310333251953,30.838220596313477
2020-05-07 04:00:00,77.50434112548828,19.62523651123047,157.5322265625,21.930307388305664,32.08662796020508
2020-05-08 04:00:00,78.77042388916016,20.25248908996582,160.184814453125,22.104150772094727,33.13662338256836
2020-05-11 04:00:00,76.4506607055664,19.40182876586914,158.25799560546875,21.53916358947754,32.929931640625
2020-05-12 04:00:00,73.95242309570312,18.791767120361328,153.116943359375,20.89594268798828,31.764190673828125
2020-05-13 04:00:00,71.40322875976562,17.932518005371094,148.4424591064453,19.583423614501953,30.581926345825195
2020-05-14 04:00:00,74.36880493164062,18.654281616210938,150.73220825195312,20.913326263427734,31.25986671447754
2020-05-15 04:00:00,72.99223327636719,18.422290802001953,148.50294494628906,20.30487632751465,30.829954147338867
2020-05-18 04:00:00,76.85852813720703,19.702564239501953,157.1520233154297,22.08676528930664,33.301963806152344
2020-05-19 04:00:00,75.34601593017578,19.083908081054688,153.65269470214844,20.817716598510742,32.51654815673828
2020-05-20 04:00:00,77.60628509521484,19.68538475036621,156.77188110351562,21.313161849975586,33.94684982299805
2020-05-21 04:00:00,76.62059020996094,19.676788330078125,155.6140594482422,21.261011123657227,33.318504333496094
2020-05-22 04:00:00,76.02576446533203,19.470571517944336,155.46714782714844,21.00893783569336,33.17795944213867
2020-05-26 04:00:00,81.42160034179688,20.862550735473633,169.4041290283203,22.82559585571289,36.12122344970703
2020-05-27 04:00:00,86.13762664794922,22.32327651977539,181.1551513671875,24.294572830200195,38.7420539855957
2020-05-28 04:00:00,84.85453033447266,21.360918045043945,173.86260986328125,23.660045623779297,36.70823287963867
2020-05-29 04:00:00,82.68770599365234,20.725078582763672,170.8369598388672,23.008134841918945,36.542877197265625
2020-06-01 04:00:00,83.78385162353516,21.146108627319336,173.8278350830078,23.547046661376953,36.95624923706055
2020-06-02 04:00:00,84.06429290771484,21.343732833862305,177.48822021484375,23.816503524780273,37.683815002441406
2020-06-03 04:00:00,88.60185241699219,22.331872940063477,183.07870483398438,25.059484481811523,38.78340148925781
2020-06-04 04:00:00,90.44579315185547,23.171152114868164,186.7738494873047,26.26769256591797,40.255043029785156
2020-06-05 04:00:00,94.51602172851562,24.32192039489746,189.46910095214844,27.528059005737305,40.949520111083984
2020-06-08 04:00:00,96.40243530273438,24.6939754486084,191.98182678222656,28.96225929260254,41.46210861206055
2020-06-09 04:00:00,93.9297103881836,24.417098999023438,189.62562561035156,28.36250114440918,41.66880416870117
2020-06-10 04:00:00,90.12287902832031,23.01540756225586,185.6436004638672,25.82438850402832,40.255043029785156
2020-06-11 04:00:00,82.60273742675781,20.705219268798828,168.78504943847656,23.28628158569336,36.848785400390625
2020-06-12 04:00:00,84.863037109375,21.440670013427734,175.43629455566406,24.311960220336914,38.26253890991211
2020-06-15 04:00:00,86.0356674194336,21.760805130004883,179.3749237060547,24.52056884765625,39.188514709472656
2020-06-16 04:00:00,86.72393798828125,22.323219299316406,182.22665405273438,24.79002571105957,40.14755630493164
2020-06-17 04:00:00,84.53164672851562,21.631023406982422,179.27056884765625,23.85997200012207,39.48614501953125
2020-06-18 04:00:00,84.07278442382812,21.665634155273438,177.22735595703125,23.946887969970703,39.337337493896484
2020-06-19 04:00:00,83.11255645751953,21.847332000732422,175.30592346191406,23.99034881591797,38.799922943115234
2020-06-22 04:00:00,82.21186065673828,21.302230834960938,176.86219787597656,23.773048400878906,39.17198181152344
2020-06-23 04:00:00,83.21452331542969,21.44931983947754,178.04464721679688,23.668739318847656,39.593624114990234
2020-06-24 04:00:00,80.43590545654297,20.60138702392578,172.1671905517578,22.703908920288086,38.81646728515625
2020-06-25 04:00:00,83.24002838134766,21.388755798339844,180.06178283691406,23.790430068969727,40.337703704833984
2020-06-26 04:00:00,78.67696380615234,20.03032875061035,164.4900360107422,22.025928497314453,38.899147033691406
2020-06-29 04:00:00,79.02535247802734,20.237987518310547,168.21121215820312,22.338842391967773,39.056236267089844
2020-06-30 04:00:00,79.92607879638672,20.549474716186523,171.81944274902344,22.251916885375977,39.93260192871094
2020-07-01 04:00:00,79.24627685546875,20.125499725341797,171.77597045898438,21.808616638183594,39.36213684082031
2020-07-02 04:00:00,79.5036849975586,20.15146255493164,171.6281280517578,22.025928497314453,39.51095199584961
2020-07-06 04:00:00,81.51142883300781,20.471599578857422,180.287841796875,22.156301498413086,40.36252212524414
2020-07-07 04:00:00,79.21196746826172,19.909194946289062,173.332275390625,21.261011123657227,39.262908935546875
2020-07-08 04:00:00,80.05282592773438,19.9870662689209,175.84498596191406,21.33924102783203,40.436920166015625
2020-07-09 04:00:00,78.31961822509766,19.701536178588867,171.132568359375,20.89594268798828,39.279457092285156
2020-07-10 04:00:00,82.60111999511719,20.783090591430664,178.72279357910156,22.1389217376709,41.17273712158203
2020-07-13 04:00:00,83.78518676757812,20.9301815032959,181.60934448242188,22.08676528930664,41.519989013671875
2020-07-14 04:00:00,84.26567840576172,20.886917114257812,186.06961059570312,21.078474044799805,41.75147247314453
2020-07-15 04:00:00,85.56986999511719,21.284927368164062,188.5823211669922,22.03461456298828,42.4542236328125
2020-07-16 04:00:00,85.81009674072266,20.705219268798828,186.64344787597656,22.130226135253906,43.52074432373047
2020-07-17 04:00:00,84.22274780273438,20.090892791748047,183.80905151367188,21.686925888061523,43.330596923828125
2020-07-20 04:00:00,83.48487091064453,20.402385711669922,184.0699005126953,21.35662269592285,42.87586975097656
2020-07-21 04:00:00,85.29529571533203,21.129186630249023,184.33946228027344,22.7734432220459,43.30579376220703
2020-07-22 04:00:00,84.6775131225586,21.03400993347168,179.1053924560547,22.82559585571289,42.164859771728516
2020-07-23 04:00:00,84.92636108398438,21.23301124572754,176.5144500732422,22.90382957458496,41.801082611083984
2020-07-24 04:00:00,84.32572937011719,21.06861686706543,175.16680908203125,22.82559585571289,41.486915588378906
2020-07-27 04:00:00,83.14167785644531,20.886917114257812,176.5144500732422,22.156301498413086,42.42942428588867
2020-07-28 04:00:00,83.50204467773438,21.077268600463867,175.2971954345703,22.191068649291992,41.55304718017578
2020-07-29 04:00:00,85.52693176269531,21.864641189575195,176.13186645507812,22.408374786376953,41.82587814331055
2020-07-30 04:00:00,83.24462890625,21.492586135864258,173.4800567626953,21.426162719726562,40.75193405151367
2020-07-31 04:00:00,82.9186019897461,21.527193069458008,172.1150360107422,21.08716583251953,40.69365310668945
2020-08-03 04:00:00,82.45526123046875,21.62236785888672,173.35836791992188,21.11324119567871,41.17652130126953
2020-08-04 04:00:00,81.98334503173828,21.63967514038086,175.3146209716797,21.052396774291992,41.01001739501953
2020-08-05 04:00:00,83.40765380859375,21.96846580505371,177.81861877441406,21.208860397338867,41.43460464477539
2020-08-06 04:00:00,83.43338775634766,22.037687301635742,177.5838165283203,21.156492233276367,41.16818618774414
2020-08-07 04:00:00,85.2695541381836,22.59144401550293,181.07901000976562,21.880908966064453,41.917449951171875
2020-08-10 04:00:00,86.35064697265625,22.98080062866211,182.0440673828125,21.55797576904297,42.108951568603516
2020-08-11 04:00:00,89.07913208007812,23.292285919189453,183.50473022460938,22.099105834960938,43.10795974731445
2020-08-12 04:00:00,88.32408905029297,23.127893447875977,184.43504333496094,21.985641479492188,43.60747528076172
2020-08-13 04:00:00,87.83502960205078,22.799100875854492,181.183349609375,21.837263107299805,43.44097137451172
2020-08-14 04:00:00,87.86932373046875,22.90292739868164,180.8181915283203,22.081649780273438,43.54087448120117
2020-08-17 04:00:00,85.5527114868164,22.409744262695312,176.5579071044922,21.35723114013672,42.691715240478516
2020-08-18 04:00:00,84.36006164550781,22.089599609375,175.0276641845703,20.981931686401367,42.391998291015625
2020-08-19 04:00:00,84.55740356445312,22.06364631652832,176.5144500732422,21.00811767578125,42.766632080078125
2020-08-20 04:00:00,83.5449447631836,21.717548370361328,175.4971466064453,20.728822708129883,42.2921028137207
2020-08-21 04:00:00,83.50204467773438,21.61371612548828,176.00143432617188,20.6328125,42.54185104370117
2020-08-24 04:00:00,85.8530044555664,22.228038787841797,180.2704315185547,21.374685287475586,43.59915542602539
2020-08-25 04:00:00,86.23052978515625,22.496259689331055,179.1053924560547,21.479427337646484,43.3327522277832
2020-08-26 04:00:00,85.02072143554688,22.115558624267578,180.16607666015625,20.981931686401367,43.0496940612793
2020-08-27 04:00:00,87.81786346435547,22.539531707763672,182.7135467529297,21.46197509765625,43.7989616394043
2020-08-28 04:00:00,88.17822265625,22.755834579467773,180.59210205078125,21.549243927001953,44.032066345214844
2020-08-31 04:00:00,85.96453094482422,22.271299362182617,179.2012939453125,21.07793617248535,43.507572174072266
2020-09-01 04:00:00,85.921630859375,22.24534034729004,179.71737670898438,20.99065589904785,43.773983001708984
2020-09-02 04:00:00,87.21724700927734,22.513574600219727,183.72357177734375,21.444509506225586,44.33177947998047
2020-09-03 04:00:00,86.94268798828125,22.35674285888672,181.55422973632812,21.400869369506836,43.9155158996582
2020-09-04 04:00:00,88.82173156738281,23.123455047607422,184.5108184814453,21.636533737182617,43.882205963134766
2020-09-08 04:00:00,85.73285675048828,22.19991111755371,177.1107940673828,20.920835494995117,41.767608642578125
2020-09-09 04:00:00,86.54798126220703,22.226051330566406,176.8833465576172,20.807369232177734,42.50855255126953
2020-09-10 04:00:00,85.65565490722656,21.903684616088867,174.95025634765625,20.903385162353516,41.86750793457031
2020-09-11 04:00:00,86.71959686279297,22.21733856201172,175.7462615966797,21.182676315307617,41.917449951171875
2020-09-14 04:00:00,87.92080688476562,22.435157775878906,176.1136016845703,21.653982162475586,42.58348846435547
2020-09-15 04:00:00,85.1837387084961,22.02565574645996,173.19210815429688,21.715076446533203,41.95075607299805
2020-09-16 04:00:00,85.54412078857422,22.304462432861328,175.53628540039062,22.439496994018555,42.58348846435547
2020-09-17 04:00:00,84.56596374511719,22.08664894104004,170.4192657470703,21.915822982788086,41.83420944213867
2020-09-18 04:00:00,84.38581085205078,21.96467399597168,170.4455108642578,21.933273315429688,41.69268798828125
2020-09-21 04:00:00,81.77742767333984,21.319929122924805,169.69326782226562,20.981931686401367,40.260746002197266
2020-09-22 04:00:00,80.88509368896484,20.858158111572266,167.61148071289062,20.641542434692383,39.65300369262695
2020-09-23 04:00:00,79.57231903076172,20.265695571899414,162.80059814453125,19.925853729248047,38.645652770996094
2020-09-24 04:00:00,79.5036849975586,20.33540153503418,170.66419982910156,20.3535213470459,38.80384063720703
2020-09-25 04:00:00,80.19866943359375,20.46609115600586,170.52423095703125,20.6328125,39.16181945800781
2020-09-28 04:00:00,82.50672912597656,20.988847732543945,174.12803649902344,20.7899169921875,40.27739715576172
2020-09-29 04:00:00,81.81173706054688,20.710050582885742,172.13372802734375,20.301151275634766,39.32831954956055
2020-09-30 04:00:00,82.60111999511719,20.988847732543945,175.7899627685547,20.519351959228516,40.25242233276367
2020-10-01 04:00:00,83.20174407958984,20.997562408447266,173.6731719970703,20.56298828125,39.34497833251953
2020-10-02 04:00:00,83.9911117553711,21.09340476989746,174.85400390625,20.938291549682617,39.93606185913086
2020-10-05 04:00:00,85.76636505126953,21.450618743896484,176.51597595214844,21.33977699279785,40.46055603027344
2020-10-06 04:00:00,84.8830795288086,21.232807159423828,175.8949432373047,21.104124069213867,39.74458312988281
2020-10-07 04:00:00,86.36389923095703,21.677152633666992,178.0904541015625,21.653982162475586,40.552120208740234
2020-10-08 04:00:00,88.13912963867188,21.990808486938477,181.92166137695312,22.081649780273438,40.793556213378906
2020-10-09 04:00:00,87.63687133789062,22.09536361694336,181.5368194580078,22.081649780273438,40.65202713012695
2020-10-12 04:00:00,88.71068572998047,22.374164581298828,187.2923126220703,22.413314819335938,42.24215316772461
2020-10-13 04:00:00,87.27316284179688,21.738140106201172,184.39710998535156,21.59288787841797,41.992374420166016
2020-10-14 04:00:00,86.78820037841797,20.57935905456543,184.7644500732422,20.292428970336914,42.167213439941406
2020-10-15 04:00:00,88.08716583251953,21.04112434387207,182.46395874023438,20.030588150024414,42.733333587646484
2020-10-16 04:00:00,87.90531158447266,21.11954116821289,180.37344360351562,19.952035903930664,43.166236877441406
2020-10-19 04:00:00,86.42452239990234,20.66648292541504,179.91859436035156,19.67274284362793,42.4169807434082
2020-10-20 04:00:00,86.91812896728516,21.032411575317383,181.96539306640625,19.908395767211914,42.849884033203125
2020-10-21 04:00:00,86.05213165283203,20.953998565673828,177.48687744140625,19.812389373779297,41.94243621826172
2020-10-22 04:00:00,89.09170532226562,21.668445587158203,179.66490173339844,20.292428970336914,43.09964370727539
2020-10-23 04:00:00,89.8970718383789,21.694578170776367,179.3500213623047,20.318607330322266,43.18288803100586
2020-10-26 04:00:00,87.6715087890625,21.380916595458984,175.93865966796875,19.812389373779297,41.892486572265625
2020-10-27 04:00:00,86.01749420166016,20.779748916625977,171.16278076171875,19.044334411621094,40.45222091674805
2020-10-28 04:00:00,83.6014175415039,20.448667526245117,165.9932861328125,18.48574447631836,39.60304260253906
2020-10-29 04:00:00,84.14697265625,20.50965118408203,166.1419677734375,18.450834274291992,40.35787582397461
2020-10-30 04:00:00,84.90038299560547,20.64905548095703,165.35470581054688,18.721397399902344,40.38303756713867
2020-11-02 05:00:00,86.81420135498047,20.980144500732422,166.36932373046875,19.114160537719727,41.41463851928711
2020-11-03 05:00:00,89.55068969726562,21.511613845825195,173.13087463378906,19.27998924255371,42.924278259277344
2020-11-04 05:00:00,86.81420135498047,20.631633758544922,173.078369140625,19.09670066833496,43.13396072387695
2020-11-05 05:00:00,90.36470031738281,21.441913604736328,177.53067016601562,19.578937530517578,43.77974319458008
2020-11-06 05:00:00,89.1609878540039,21.180532455444336,176.04360961914062,19.21068000793457,43.36039733886719
2020-11-09 05:00:00,101.23271942138672,24.186405181884766,188.00086975097656,21.2360897064209,46.983551025390625
2020-11-10 05:00:00,100.90364074707031,24.099279403686523,190.22264099121094,21.20978546142578,46.75709533691406
2020-11-11 05:00:00,99.3968276977539,23.820470809936523,190.72999572753906,21.20978546142578,47.251922607421875
2020-11-12 05:00:00,98.17581176757812,23.2541446685791,187.63351440429688,20.876605987548828,46.5893669128418
2020-11-13 05:00:00,98.79065704345703,23.524240493774414,191.6309356689453,21.104572296142578,47.478370666503906
2020-11-16 05:00:00,101.57908630371094,24.029573440551758,194.5174560546875,21.83231544494629,48.736412048339844
2020-11-17 05:00:00,100.54857635498047,24.00343894958496,196.5030059814453,21.95507049560547,49.3234977722168
2020-11-18 05:00:00,99.8038330078125,23.50681495666504,196.19691467285156,21.97260093688965,49.3234977722168
2020-11-19 05:00:00,100.07230377197266,23.50681495666504,196.4330596923828,22.937084197998047,49.17253112792969
2020-11-20 05:00:00,99.21497344970703,23.35869598388672,195.36590576171875,22.340856552124023,48.48480224609375
2020-11-23 05:00:00,102.07271575927734,23.86403465270996,200.15933227539062,23.059833526611328,50.54799270629883
2020-11-24 05:00:00,106.79228973388672,25.249353408813477,207.74301147460938,25.08523941040039,53.34083557128906
2020-11-25 05:00:00,105.67518615722656,25.29291534423828,206.90330505371094,25.067707061767578,53.24018859863281
2020-11-27 05:00:00,104.97373962402344,25.25806427001953,205.90614318847656,24.95372200012207,53.54212188720703
2020-11-30 05:00:00,102.08135986328125,24.534908294677734,201.69003295898438,23.9804744720459,51.856353759765625
2020-12-01 05:00:00,103.69207000732422,24.99668312072754,204.1085968017578,24.603004455566406,53.072452545166016
2020-12-02 05:00:00,105.68384552001953,25.31905174255371,209.0072784423828,25.313215255737305,53.69308853149414
2020-12-03 05:00:00,104.99105072021484,25.345352172851562,207.0900421142578,25.56748390197754,53.726619720458984
2020-12-04 05:00:00,105.94364929199219,25.678497314453125,210.7046661376953,25.909433364868164,54.514991760253906
2020-12-07 05:00:00,105.5452651977539,25.503158569335938,209.7108917236328,25.72530746459961,53.89436340332031
2020-12-08 05:00:00,105.64920043945312,25.362884521484375,210.0538787841797,25.374591827392578,53.6008186340332
2020-12-09 05:00:00,104.8265151977539,25.24891471862793,213.55416870117188,25.47103500366211,53.986637115478516
2020-12-10 05:00:00,104.15105438232422,25.520692825317383,214.94374084472656,25.85682487487793,54.04533386230469
2020-12-11 05:00:00,103.53622436523438,25.047277450561523,211.0652618408203,25.49733543395996,53.10599899291992
2020-12-14 05:00:00,102.44507598876953,24.74043083190918,209.13043212890625,25.111543655395508,51.898292541503906
2020-12-15 05:00:00,104.1943359375,25.108638763427734,213.211181640625,26.0672607421875,53.63438415527344
2020-12-16 05:00:00,104.49745178222656,25.17877960205078,214.38967895507812,25.997116088867188,53.86921691894531
2020-12-17 05:00:00,103.63145446777344,25.27522087097168,214.9700927734375,25.839292526245117,54.23822784423828
2020-12-18 05:00:00,103.12055206298828,25.134944915771484,212.9473419189453,25.435964584350586,53.827266693115234
2020-12-21 05:00:00,106.9914779663086,26.073009490966797,226.007568359375,25.909433364868164,56.88850784301758
2020-12-22 05:00:00,105.36343383789062,25.608362197875977,219.9479522705078,25.392120361328125,55.89046096801758
2020-12-23 05:00:00,108.30773162841797,26.34479331970215,225.54144287109375,26.610877990722656,57.20719528198242
2020-12-24 05:00:00,107.83146667480469,26.265886306762695,225.28640747070312,26.163705825805664,57.10655212402344
2020-12-28 05:00:00,108.54157257080078,26.4149227142334,228.302978515625,26.242612838745117,57.07301330566406
2020-12-29 05:00:00,108.25578308105469,26.309722900390625,226.9134063720703,26.11109733581543,56.78785705566406
2020-12-30 05:00:00,108.55888366699219,26.283416748046875,228.1798553466797,26.084794998168945,56.896888732910156
2020-12-31 05:00:00,110.03968811035156,26.572731018066406,231.9264373779297,26.461820602416992,57.47557830810547
2021-01-04 05:00:00,109.00052642822266,26.327259063720703,233.0609588623047,26.040952682495117,57.307857513427734
2021-01-05 05:00:00,109.59363555908203,26.52889633178711,238.27621459960938,26.768692016601562,58.28071975708008
2021-01-06 05:00:00,114.73968505859375,28.18585777282715,251.1341094970703,28.662580490112305,61.79485321044922
2021-01-07 05:00:00,118.50765228271484,28.808317184448242,256.49896240234375,29.311418533325195,62.85159683227539
2021-01-08 05:00:00,118.63845825195312,28.518999099731445,255.11817932128906,29.100984573364258,63.111595153808594
2021-01-11 05:00:00,120.40908813476562,28.992416381835938,258.4162292480469,29.144832611083984,63.79094314575195
2021-01-12 05:00:00,122.30176544189453,29.509674072265625,265.7861633300781,29.758586883544922,63.572872161865234
2021-01-13 05:00:00,122.41519165039062,29.33432960510254,266.4282531738281,29.63582992553711,63.37160110473633
2021-01-14 05:00:00,123.13037872314453,29.79898452758789,270.76409912109375,30.468793869018555,64.13480377197266
2021-01-15 05:00:00,120.92371368408203,28.939815521240234,264.7308044433594,28.092666625976562,63.103206634521484
2021-01-19 05:00:00,120.4003677368164,28.729413986206055,258.7416076660156,28.60997772216797,62.89353942871094
2021-01-20 05:00:00,118.59487915039062,28.352426528930664,255.4612579345703,28.460922241210938,62.76773452758789
2021-01-21 05:00:00,117.60055541992188,27.85271453857422,254.49374389648438,28.057594299316406,62.65031814575195
2021-01-22 05:00:00,116.69347381591797,27.659841537475586,254.5113525390625,27.96991539001465,62.17226791381836
2021-01-25 05:00:00,115.2368392944336,27.317922592163086,248.9266357421875,28.268028259277344,60.70455551147461
2021-01-26 05:00:00,114.7658920288086,27.12505531311035,247.80096435546875,27.513975143432617,59.7232780456543
2021-01-27 05:00:00,111.52122497558594,26.151920318603516,240.386962890625,26.453048706054688,57.383323669433594
2021-01-28 05:00:00,113.48371887207031,26.581499099731445,241.87327575683594,27.014204025268555,58.43708038330078
2021-01-29 05:00:00,112.22769927978516,25.994112014770508,238.48731994628906,26.198776245117188,56.52346420288086
2021-02-01 05:00:00,113.05632019042969,26.265886306762695,241.61830139160156,26.295225143432617,57.0461311340332
2021-02-02 05:00:00,116.53644561767578,27.203954696655273,252.38302612304688,26.961597442626953,59.81117630004883
2021-02-03 05:00:00,117.87093353271484,27.686141967773438,253.7726287841797,27.794551849365234,59.51613235473633
2021-02-04 05:00:00,120.5835189819336,28.492704391479492,258.3458251953125,28.726900100708008,60.94083023071289
2021-02-05 05:00:00,120.3480224609375,28.37872886657715,258.1260070800781,28.638954162597656,61.72478485107422
2021-02-08 05:00:00,122.23200988769531,29.009952545166016,263.9744873046875,29.377790451049805,62.57623291015625
2021-02-09 05:00:00,121.74356842041016,28.88721466064453,264.24713134765625,29.2546443939209,62.58467102050781
2021-02-10 05:00:00,121.81336212158203,28.913515090942383,267.6066589355469,29.201879501342773,62.660545349121094
2021-02-11 05:00:00,121.47319030761719,28.825851440429688,265.88299560546875,28.779680252075195,62.14630126953125
2021-02-12 05:00:00,123.20014953613281,29.25542640686035,269.40087890625,29.49213218688965,62.896575927734375
2021-02-16 05:00:00,126.16569519042969,30.04445457458496,274.3610534667969,30.60040283203125,64.1104965209961
2021-02-17 05:00:00,126.55817413330078,30.167205810546875,275.0470886230469,32.18363571166992,63.60470962524414
2021-02-18 05:00:00,126.98553466796875,29.97431755065918,272.5494079589844,32.509071350097656,63.08203887939453
2021-02-19 05:00:00,129.1050567626953,30.281166076660156,277.58001708984375,33.27430725097656,64.06837463378906
2021-02-22 05:00:00,130.3174285888672,30.81594467163086,278.6792907714844,32.772945404052734,65.24856567382812
2021-02-23 05:00:00,131.36407470703125,31.140329360961914,280.7372131347656,32.66740036010742,65.33285522460938
2021-02-24 05:00:00,133.67543029785156,31.8942813873291,290.78973388671875,33.67890167236328,67.33920288085938
2021-02-25 05:00:00,131.86122131347656,31.49977684020996,288.25677490234375,33.03682327270508,66.11687469482422
2021-02-26 05:00:00,128.3636932373047,30.430208206176758,280.9747009277344,31.814208984375,64.80176544189453
2021-03-01 05:00:00,131.26812744140625,31.377037048339844,291.2962951660156,32.62342071533203,66.73226928710938
2021-03-02 05:00:00,130.84072875976562,31.149089813232422,292.1968078613281,32.66740036010742,68.1063461303711
2021-03-03 05:00:00,133.3701934814453,31.929363250732422,295.27825927734375,33.15116500854492,69.17695617675781
2021-03-04 05:00:00,131.3205108642578,32.15842819213867,290.7399597167969,32.68498611450195,68.3761215209961
2021-03-05 05:00:00,131.625732421875,32.53729248046875,289.04473876953125,32.92246627807617,68.17379760742188
2021-03-08 05:00:00,133.3701934814453,32.713497161865234,295.0663757324219,34.013145446777344,68.36769104003906
2021-03-09 05:00:00,132.4281768798828,31.999835968017578,291.8876953125,33.538185119628906,68.15693664550781
2021-03-10 05:00:00,135.30648803710938,32.92494583129883,301.9796142578125,34.81355667114258,70.04525756835938
2021-03-11 05:00:00,134.6000213623047,32.8104133605957,302.05029296875,34.1978645324707,70.18013000488281
2021-03-12 05:00:00,136.19618225097656,33.42715072631836,307.9747314453125,35.15659713745117,71.09900665283203
2021-03-15 04:00:00,135.51585388183594,33.2597541809082,305.5378112792969,34.91911315917969,70.69437408447266
2021-03-16 04:00:00,133.8935089111328,33.1628303527832,301.7059326171875,34.61125564575195,69.58161163330078
2021-03-17 04:00:00,135.27159118652344,33.43596649169922,304.5666198730469,35.04225158691406,70.69437408447266
2021-03-18 04:00:00,137.50442504882812,34.308204650878906,307.2596130371094,35.89543533325195,70.76182556152344
2021-03-19 04:00:00,135.315185546875,33.94697189331055,303.9044494628906,34.857540130615234,69.9188003540039
2021-03-22 04:00:00,131.6780548095703,33.180458068847656,299.6045837402344,34.277015686035156,69.0589599609375
2021-03-23 04:00:00,130.36102294921875,32.51085662841797,292.9296569824219,33.63493347167969,66.69853210449219
2021-03-24 04:00:00,131.37278747558594,32.51085662841797,290.1748962402344,33.52937316894531,66.87555694580078
2021-03-25 04:00:00,133.0561981201172,33.180458068847656,291.8524475097656,34.567283630371094,67.54996490478516
2021-03-26 04:00:00,135.27159118652344,34.07913589477539,289.0624084472656,34.97188186645508,67.42352294921875
2021-03-29 04:00:00,133.1695556640625,33.753143310546875,287.5967712402344,33.81084442138672,65.65319061279297
2021-03-30 04:00:00,134.7395477294922,34.35225296020508,293.14154052734375,34.64644241333008,66.67323303222656
2021-03-31 04:00:00,132.7770233154297,34.08793640136719,288.718017578125,34.36497116088867,65.46773529052734
2021-04-01 04:00:00,134.06797790527344,34.79278564453125,289.28314208984375,34.857540130615234,65.93983459472656
2021-04-05 04:00:00,134.77859497070312,35.06590270996094,285.6630554199219,34.72560119628906,65.7543716430664
2021-04-06 04:00:00,133.8311004638672,34.96898651123047,288.77099609375,35.05104064941406,66.67323303222656
2021-04-07 04:00:00,135.9279022216797,35.28617477416992,288.3207092285156,35.174190521240234,66.63107299804688
2021-04-08 04:00:00,136.0946044921875,34.97780227661133,292.3734130859375,35.20936965942383,67.6089859008789
2021-04-09 04:00:00,137.11236572265625,35.233314514160156,292.08203125,35.622764587402344,68.04733276367188
2021-04-12 04:00:00,136.8228302001953,35.294979095458984,292.99139404296875,35.860252380371094,67.59210968017578
2021-04-13 04:00:00,135.19094848632812,34.64299774169922,289.31842041015625,34.99827575683594,67.0441665649414
2021-04-14 04:00:00,132.66416931152344,35.136390686035156,296.09063720703125,36.93333435058594,68.1063461303711
2021-04-15 04:00:00,133.50643920898438,34.13199234008789,298.9158935546875,37.15322494506836,68.13163757324219
2021-04-16 04:00:00,134.49783325195312,34.49323272705078,302.2356262207031,38.560550689697266,66.2517318725586
2021-04-19 04:00:00,133.92755126953125,34.51083755493164,302.92431640625,38.595726013183594,67.46565246582031
2021-04-20 04:00:00,130.9621124267578,33.550506591796875,293.0267333984375,37.4171028137207,65.15582275390625
2021-04-21 04:00:00,132.0763702392578,34.11437225341797,296.01983642578125,38.03281021118164,66.8081283569336
2021-04-22 04:00:00,129.295166015625,33.79719924926758,292.1172790527344,37.557830810546875,65.99884033203125
2021-04-23 04:00:00,131.76930236816406,34.519657135009766,299.6222229003906,38.5781364440918,68.24122619628906
2021-04-26 04:00:00,132.09393310546875,34.722293853759766,303.3040466308594,38.82441329956055,68.72175598144531
2021-04-27 04:00:00,132.69927978515625,35.136390686035156,306.0498962402344,39.66000747680664,69.09265899658203
2021-04-28 04:00:00,133.55906677246094,35.2685432434082,307.356689453125,39.65121841430664,69.74179077148438
2021-04-29 04:00:00,136.15603637695312,36.220088958740234,311.6476745605469,40.671531677246094,70.80847930908203
2021-04-30 04:00:00,134.94529724121094,35.709083557128906,307.6568908691406,39.62483596801758,69.88570404052734
2021-05-03 04:00:00,134.5504913330078,35.735511779785156,309.16668701171875,40.003047943115234,69.80950927734375
2021-05-04 04:00:00,136.4104766845703,36.12317657470703,308.88421630859375,40.23173904418945,69.96188354492188
2021-05-05 04:00:00,138.2002716064453,36.466773986816406,315.7533874511719,40.407649993896484,71.54500579833984
2021-05-06 04:00:00,140.98147583007812,37.013038635253906,323.1257629394531,41.10403823852539,73.50907135009766
2021-05-07 04:00:00,141.4640350341797,37.162811279296875,327.4698181152344,41.02470397949219,74.2456283569336
2021-05-10 04:00:00,141.44642639160156,37.048274993896484,325.5185546875,41.077598571777344,73.20431518554688
2021-05-11 04:00:00,139.09515380859375,36.625370025634766,317.7840576171875,40.3018684387207,71.89210510253906
2021-05-12 04:00:00,138.13882446289062,36.281761169433594,312.91033935546875,40.23135757446289,70.84233856201172
2021-05-13 04:00:00,141.692138671875,36.86325454711914,316.8040466308594,40.90129852294922,71.84132385253906
2021-05-14 04:00:00,143.8942413330078,37.3213996887207,325.5979919433594,41.39491653442383,73.94929504394531
2021-05-17 04:00:00,144.4733123779297,37.65620040893555,326.0218505859375,42.22352600097656,74.57579040527344
2021-05-18 04:00:00,142.43788146972656,37.14519500732422,321.8808898925781,41.30677032470703,73.62760162353516
2021-05-19 04:00:00,141.34999084472656,36.97779083251953,316.4244079589844,40.698543548583984,72.8487548828125
2021-05-20 04:00:00,141.1042938232422,36.889686584472656,317.6604919433594,40.31068420410156,73.20431518554688
2021-05-21 04:00:00,142.7098388671875,37.35664367675781,323.3818359375,40.44290542602539,74.78742980957031
2021-05-24 04:00:00,143.48191833496094,37.559288024902344,325.1741943359375,40.76025390625,75.93032836914062
2021-05-25 04:00:00,141.99917602539062,37.013038635253906,321.8368225097656,40.62803268432617,75.2276611328125
2021-05-26 04:00:00,141.9816436767578,37.039466857910156,324.38836669921875,40.90129852294922,75.64249420166016
2021-05-27 04:00:00,144.19256591796875,37.48880386352539,327.8937072753906,41.21862030029297,76.44673919677734
2021-05-28 04:00:00,144.09609985351562,37.347835540771484,329.57684326171875,41.18336868286133,76.99702453613281
2021-06-01 04:00:00,145.68408203125,37.81479263305664,338.8080139160156,41.659366607666016,77.97907257080078
2021-06-02 04:00:00,145.6928253173828,37.83241271972656,339.6939697265625,41.262699127197266,78.52934265136719
2021-06-03 04:00:00,145.7893524169922,38.26594161987305,344.3716125488281,40.95417785644531,79.0288314819336
2021-06-04 04:00:00,146.0262451171875,38.28363800048828,346.7901306152344,41.39491653442383,79.54525756835938
2021-06-07 04:00:00,145.34190368652344,38.15093231201172,343.87548828125,41.52714920043945,78.91030883789062
2021-06-08 04:00:00,144.76287841796875,37.9385871887207,340.8102722167969,41.08639907836914,78.55474853515625
2021-06-09 04:00:00,142.9555206298828,37.44312286376953,339.1093444824219,40.47816848754883,78.45317077636719
2021-06-10 04:00:00,140.72702026367188,36.885719299316406,331.2778015136719,39.74653244018555,77.61502075195312
2021-06-11 04:00:00,140.6305389404297,37.0361328125,334.91888427734375,40.2666130065918,77.92826080322266
2021-06-14 04:00:00,138.24412536621094,36.593753814697266,330.3742370605469,39.79941940307617,76.80230712890625
2021-06-15 04:00:00,136.147216796875,36.62028121948242,328.93902587890625,40.07269287109375,76.78536987304688
2021-06-16 04:00:00,137.10354614257812,36.82378387451172,328.6732482910156,40.169647216796875,77.1240005493164
2021-06-17 04:00:00,133.146728515625,35.2135124206543,320.257080078125,37.71910095214844,74.42340087890625
2021-06-18 04:00:00,129.7776641845703,34.31106185913086,309.0326232910156,36.80234146118164,71.1894302368164
2021-06-21 04:00:00,131.97984313964844,35.16928482055664,316.7489013671875,38.151023864746094,72.75562286376953
2021-06-22 04:00:00,131.78683471679688,35.363929748535156,316.7399597167969,38.380218505859375,72.55244445800781
2021-06-23 04:00:00,132.58522033691406,35.56742858886719,319.8585205078125,38.75044250488281,72.69636535644531
2021-06-24 04:00:00,133.8047332763672,36.124820709228516,326.6799621582031,39.82587432861328,73.72074127197266
2021-06-25 04:00:00,135.15585327148438,36.82378387451172,326.69769287109375,40.88365936279297,74.83821105957031
2021-06-28 04:00:00,135.40155029296875,36.77069854736328,326.64453125,40.36357879638672,74.2456283569336
2021-06-29 04:00:00,135.23480224609375,36.17790603637695,330.1084289550781,39.482086181640625,76.73458862304688
2021-06-30 04:00:00,136.4630889892578,36.47873306274414,336.2300720214844,39.922828674316406,77.62350463867188
2021-07-01 04:00:00,137.81427001953125,36.75300979614258,332.2080383300781,40.02860641479492,77.90287017822266
2021-07-02 04:00:00,137.68190002441406,36.4079475402832,331.4727478027344,39.72890853881836,77.91132354736328
2021-07-06 04:00:00,135.36993408203125,35.45240020751953,327.66326904296875,38.336143493652344,76.37053680419922
2021-07-07 04:00:00,135.52879333496094,35.16928482055664,325.7231140136719,38.25680923461914,76.21814727783203
2021-07-08 04:00:00,133.19044494628906,34.31106185913086,317.9891357421875,37.30479431152344,74.19481658935547
2021-07-09 04:00:00,137.4524688720703,35.425865173339844,329.34649658203125,38.70637512207031,76.47213745117188
2021-07-12 04:00:00,139.42019653320312,35.9478645324707,337.0894470214844,38.92674255371094,78.5208740234375
2021-07-13 04:00:00,137.3465576171875,35.2666130065918,333.08514404296875,38.10696029663086,78.91030883789062
2021-07-14 04:00:00,136.8788604736328,34.38184356689453,331.6853332519531,39.62311935424805,78.2753677368164
2021-07-15 04:00:00,137.17889404296875,34.35530471801758,330.755126953125,39.667198181152344,78.41929626464844
2021-07-16 04:00:00,134.04635620117188,33.5501708984375,323.1806335449219,39.03252410888672,77.25098419189453
2021-07-19 04:00:00,129.68727111816406,32.674259185791016,314.2507019042969,37.94828414916992,75.64249420166016
2021-07-20 04:00:00,132.10508728027344,33.34667205810547,323.145263671875,39.52615737915039,78.1568374633789
2021-07-21 04:00:00,134.88465881347656,34.02793502807617,330.8880310058594,40.37239074707031,81.00137329101562
2021-07-22 04:00:00,133.18157958984375,33.5855598449707,330.1881408691406,39.693641662597656,80.90825653076172
2021-07-23 04:00:00,132.92572021484375,33.355525970458984,331.3752136230469,39.305789947509766,80.04473876953125
2021-07-26 04:00:00,133.81690979003906,33.7359619140625,333.01416015625,39.676021575927734,81.72943878173828
2021-07-27 04:00:00,133.64047241210938,33.60325241088867,332.0751647949219,39.79060745239258,81.67864227294922
2021-07-28 04:00:00,133.8610382080078,33.7359619140625,331.5348205566406,40.11675262451172,81.33155059814453
2021-07-29 04:00:00,135.00820922851562,34.222591400146484,334.4759521484375,40.98944091796875,82.10760498046875
2021-07-30 04:00:00,133.93162536621094,33.93946838378906,332.1107177734375,40.49580764770508,81.85175323486328
2021-08-02 04:00:00,133.39337158203125,33.5855598449707,335.04290771484375,40.36357879638672,82.06494903564453
2021-08-03 04:00:00,134.91110229492188,34.107566833496094,336.9653625488281,41.280330657958984,82.38050079345703
2021-08-04 04:00:00,133.45516967773438,33.85983657836914,334.75054931640625,40.68091583251953,82.1161117553711
2021-08-05 04:00:00,135.1405792236328,34.523406982421875,340.45587158203125,41.601654052734375,83.4294204711914
2021-08-06 04:00:00,138.97903442382812,35.5231819152832,352.4954833984375,43.177547454833984,85.04977416992188
2021-08-09 04:00:00,138.82899475097656,35.983253479003906,354.2584228515625,43.07130432128906,85.91108703613281
2021-08-10 04:00:00,140.5320587158203,36.65567398071289,361.4254455566406,43.93892288208008,87.01972198486328
2021-08-11 04:00:00,142.20863342285156,37.11575698852539,366.66998291015625,44.85082244873047,88.5888671875
2021-08-12 04:00:00,142.7645263671875,37.29270553588867,367.6533203125,45.28462219238281,89.26258087158203
2021-08-13 04:00:00,141.16738891601562,36.83262634277344,363.91473388671875,44.59406661987305,88.64005279541016
2021-08-16 04:00:00,140.24082946777344,36.53181457519531,361.7620544433594,43.74415969848633,88.45243072509766
2021-08-17 04:00:00,138.54661560058594,36.354862213134766,358.7677307128906,43.12442398071289,87.72755432128906
2021-08-18 04:00:00,137.28477478027344,36.08944320678711,353.30157470703125,42.469276428222656,86.35454559326172
2021-08-19 04:00:00,136.13766479492188,35.55857849121094,348.6683349609375,41.831844329833984,85.04977416992188
2021-08-20 04:00:00,136.52590942382812,35.717830657958984,350.7059326171875,41.98235321044922,85.8428726196289
2021-08-23 04:00:00,138.2730712890625,36.19560623168945,355.6492614746094,42.15055847167969,87.12206268310547
2021-08-24 04:00:00,139.12899780273438,36.69991683959961,361.9480895996094,42.81455993652344,87.91515350341797
2021-08-25 04:00:00,141.99684143066406,37.29270553588867,365.98785400390625,43.63791275024414,88.76797485351562
2021-08-26 04:00:00,142.72927856445312,37.19538497924805,365.3588562011719,43.42543411254883,88.55476379394531
2021-08-27 04:00:00,143.87635803222656,37.59352493286133,371.8083801269531,44.098289489746094,89.92776489257812
2021-08-30 04:00:00,141.57327270507812,36.85917282104492,366.4131164550781,42.85882568359375,88.76797485351562
2021-08-31 04:00:00,141.14093017578125,36.93880844116211,368.1133728027344,40.45958709716797,89.05792236328125
2021-09-01 04:00:00,140.93792724609375,36.44333267211914,368.2469482421875,38.467586517333984,88.95555114746094
2021-09-02 04:00:00,141.59095764160156,36.478904724121094,368.99468994140625,39.45916748046875,89.3990478515625
2021-09-03 04:00:00,140.73497009277344,36.50558853149414,366.15496826171875,39.10503005981445,88.9043960571289
2021-09-07 04:00:00,140.4879608154297,36.74569320678711,365.273681640625,39.228973388671875,88.8447036743164
2021-09-08 04:00:00,139.86138916015625,36.26548385620117,360.53765869140625,38.795162200927734,88.32450866699219
2021-09-09 04:00:00,140.4702911376953,36.39887619018555,360.1637878417969,39.27324295043945,88.55476379394531
2021-09-10 04:00:00,138.85546875,35.81193923950195,359.1845397949219,39.24668502807617,88.36713409423828
2021-09-13 04:00:00,141.0614776611328,36.40776062011719,364.3300476074219,40.5127067565918,89.0323257446289
2021-09-14 04:00:00,138.5995635986328,35.429534912109375,359.3714294433594,40.76944351196289,86.90886688232422
2021-09-15 04:00:00,139.5614013671875,35.69633102416992,357.82257080078125,41.29178237915039,87.87251281738281
2021-09-16 04:00:00,139.49961853027344,35.972007751464844,353.131103515625,40.97307586669922,87.38641357421875
2021-09-17 04:00:00,139.13784790039062,36.0164794921875,348.484130859375,41.14128875732422,86.77240753173828
2021-09-20 04:00:00,134.972900390625,34.780364990234375,336.6175537109375,40.55697250366211,84.1116714477539
2021-09-21 04:00:00,134.99050903320312,34.79813766479492,334.5789794921875,40.592376708984375,83.83023834228516
2021-09-22 04:00:00,137.5759735107422,35.69633102416992,343.1517639160156,41.681331634521484,85.96224212646484
2021-09-23 04:00:00,142.2262725830078,37.074737548828125,348.8402404785156,42.31877136230469,88.30744934082031
2021-09-24 04:00:00,143.86752319335938,37.474918365478516,347.9411315917969,42.42500686645508,87.76166534423828
2021-09-27 04:00:00,147.34422302246094,38.47093200683594,355.91741943359375,42.106300354003906,89.6292724609375
2021-09-28 04:00:00,146.55007934570312,38.38199996948242,346.7393493652344,40.65435791015625,87.01972198486328
2021-09-29 04:00:00,146.4353485107422,38.301963806152344,342.63543701171875,41.637062072753906,84.896240234375
2021-09-30 04:00:00,144.44110107421875,37.75060272216797,336.5285339355469,41.08816146850586,82.98597717285156
2021-10-01 04:00:00,147.4766082763672,38.310855865478516,338.2822265625,41.628231048583984,84.46984100341797
2021-10-04 04:00:00,147.3177490234375,38.54207229614258,333.074462890625,41.628231048583984,82.84954071044922
2021-10-05 04:00:00,149.72344970703125,39.32465362548828,343.4544372558594,42.46043395996094,84.5977783203125
2021-10-06 04:00:00,150.04306030273438,39.34244918823242,345.4485168457031,42.38074493408203,84.51248168945312
2021-10-07 04:00:00,150.99293518066406,39.23572540283203,347.736328125,42.283355712890625,84.25665283203125
2021-10-08 04:00:00,151.10836791992188,39.43136215209961,349.6859436035156,42.495845794677734,85.31411743164062
2021-10-11 04:00:00,147.93028259277344,38.93336486816406,342.94696044921875,41.8583984375,82.96891784667969
2021-10-12 04:00:00,146.79397583007812,38.71993637084961,344.0953369140625,41.30064392089844,83.38679504394531
2021-10-13 04:00:00,142.92352294921875,38.364219665527344,343.89959716796875,40.76944351196289,84.06049346923828
2021-10-14 04:00:00,145.11622619628906,40.0805549621582,348.252685546875,40.11429977416992,86.14134979248047
2021-10-15 04:00:00,147.9036407470703,41.23664855957031,361.4902648925781,42.83226776123047,87.10501098632812
2021-10-18 04:00:00,147.85037231445312,41.1566047668457,368.273681640625,43.76186752319336,86.48247528076172
2021-10-19 04:00:00,149.6436004638672,41.33447265625,366.91162109375,44.56751251220703,86.77240753173828
2021-10-20 04:00:00,151.65872192382812,41.87693786621094,363.11041259765625,44.40815734863281,85.8428726196289
2021-10-21 04:00:00,150.4691619873047,41.645721435546875,362.8432922363281,44.55866241455078,85.51880645751953
2021-10-22 04:00:00,152.49317932128906,42.303802490234375,368.8344421386719,44.85082244873047,86.81504821777344
2021-10-25 04:00:00,151.7474822998047,42.25044631958008,369.2173156738281,44.81541061401367,86.90886688232422
2021-10-26 04:00:00,152.1558380126953,42.6506233215332,371.7633056640625,44.82426452636719,88.23922729492188
2021-10-27 04:00:00,148.9866485595703,41.83246994018555,365.87005615234375,44.310760498046875,86.874755859375
2021-10-28 04:00:00,151.23260498046875,42.49055099487305,369.279541015625,45.47054672241211,88.01680755615234
2021-10-29 04:00:00,150.81533813476562,42.49055099487305,367.970947265625,45.29348373413086,88.25727081298828
2021-11-01 04:00:00,150.73550415039062,42.55280303955078,370.9532470703125,45.780418395996094,89.30487823486328
2021-11-02 04:00:00,151.3302459716797,42.57948303222656,377.3182678222656,45.41743087768555,89.87162017822266
2021-11-03 04:00:00,151.38348388671875,43.015235900878906,372.021484375,46.03715896606445,88.11128997802734
2021-11-04 04:00:00,149.39500427246094,42.090362548828125,363.27069091796875,44.98843765258789,85.68975067138672
2021-11-05 04:00:00,149.18194580078125,41.77022171020508,362.38934326171875,44.828460693359375,85.75843811035156
2021-11-08 05:00:00,150.0785675048828,42.09926223754883,363.5109558105469,45.21062088012695,85.93016815185547
2021-11-09 05:00:00,148.94229125976562,41.690181732177734,360.8492736816406,44.33964920043945,85.62103271484375
2021-11-10 05:00:00,148.8002471923828,42.00143051147461,355.3031921386719,44.75736618041992,83.95516204833984
2021-11-11 05:00:00,148.79136657714844,42.2326545715332,358.169677734375,44.96177673339844,84.9083251953125
2021-11-12 05:00:00,148.12551879882812,41.71686553955078,360.4575500488281,45.290611267089844,85.74126434326172
2021-11-15 05:00:00,147.85926818847656,41.841365814208984,360.3684997558594,45.39726638793945,86.0503921508789
2021-11-16 05:00:00,146.79397583007812,41.8680419921875,358.8372802734375,44.76625442504883,86.46258544921875
2021-11-17 05:00:00,146.00392150878906,41.36112976074219,348.5643005371094,44.29521942138672,83.87786102294922
2021-11-18 05:00:00,144.7433624267578,41.19218063354492,348.404052734375,44.34853744506836,83.87786102294922
2021-11-19 05:00:00,142.8524932861328,40.3740234375,344.8609924316406,43.38869094848633,83.21669006347656
2021-11-22 05:00:00,145.8973846435547,41.1566047668457,352.6681213378906,44.73958969116211,85.28614044189453
2021-11-23 05:00:00,149.38613891601562,42.24155044555664,361.7304992675781,45.68165969848633,87.4672622680664
2021-11-24 05:00:00,148.21434020996094,42.35715103149414,355.3655700683594,45.60167694091797,86.83181762695312
2021-11-26 05:00:00,143.74911499023438,40.69417190551758,346.64141845703125,43.04207229614258,84.09256744384766
2021-11-29 05:00:00,143.12765502929688,40.542991638183594,344.104248046875,43.69086456298828,83.4914779663086
2021-11-30 05:00:00,140.99716186523438,39.546974182128906,339.16357421875,42.46439743041992,81.42200469970703
2021-12-01 05:00:00,140.1627197265625,38.98672866821289,336.9173278808594,41.95780944824219,81.79981994628906
2021-12-02 05:00:00,143.10992431640625,40.11262893676758,346.81512451171875,43.468685150146484,84.89115142822266
2021-12-03 05:00:00,140.5177459716797,39.2011833190918,342.51055908203125,42.43773651123047,84.33300018310547
2021-12-06 05:00:00,142.1778564453125,39.45138168334961,348.39013671875,43.37979507446289,85.24320220947266
2021-12-07 05:00:00,144.31724548339844,39.9517936706543,358.0641784667969,44.65960693359375,88.01680755615234
2021-12-08 05:00:00,142.66607666015625,39.4603157043457,355.5673522949219,43.91305923461914,86.94343566894531
2021-12-09 05:00:00,142.4441680908203,39.75519561767578,354.8245849609375,44.161903381347656,86.36811828613281
2021-12-10 05:00:00,141.8760223388672,39.78200912475586,349.9652404785156,44.615169525146484,84.52190399169922
2021-12-13 05:00:00,140.1892852783203,38.94204330444336,344.2198486328125,43.15761947631836,83.43993377685547
2021-12-14 05:00:00,141.26348876953125,39.43351364135742,347.96063232421875,43.45091247558594,84.8568115234375
2021-12-15 05:00:00,140.2070770263672,39.263729095458984,348.93603515625,43.495338439941406,85.38059997558594
2021-12-16 05:00:00,142.39976501464844,40.21092224121094,355.6121520996094,44.704036712646484,86.12769317626953
2021-12-17 05:00:00,139.15957641601562,39.21011734008789,341.67828369140625,42.615482330322266,83.40558624267578
2021-12-20 05:00:00,136.65618896484375,38.566741943359375,332.55908203125,41.63785934448242,81.89429473876953
2021-12-21 05:00:00,138.56478881835938,39.487125396728516,340.3538513183594,42.491050720214844,83.95516204833984
2021-12-22 05:00:00,139.10630798339844,39.56755828857422,342.15252685546875,42.686580657958984,84.41026306152344
2021-12-23 05:00:00,139.6034393310547,39.692649841308594,344.57781982421875,42.9798698425293,85.30331420898438
2021-12-27 05:00:00,140.4023895263672,39.88923263549805,347.2625427246094,43.344261169433594,86.21355438232422
2021-12-28 05:00:00,140.8284912109375,39.94285202026367,346.8777160644531,43.03318786621094,85.84430694580078
2021-12-29 05:00:00,140.75746154785156,39.88029861450195,345.6159362792969,43.05986022949219,84.7795181274414
2021-12-30 05:00:00,140.6864471435547,39.79093933105469,345.00732421875,42.74878692626953,84.83963775634766
2021-12-31 05:00:00,140.571044921875,39.75519561767578,342.3494873046875,42.642147064208984,84.29005432128906
2022-01-03 05:00:00,143.54490661621094,41.265342712402344,353.78643798828125,45.086204528808594,86.0332260131836
2022-01-04 05:00:00,148.9866485595703,42.88270950317383,364.65972900390625,46.881473541259766,89.52812957763672
2022-01-05 05:00:00,146.2628936767578,42.1589241027832,356.7395935058594,46.472652435302734,87.31268310546875
2022-01-06 05:00:00,147.81675720214844,43.007808685302734,355.2183837890625,47.66357421875,88.80680847167969
2022-01-07 05:00:00,149.2813720703125,43.946075439453125,355.7373352050781,48.67673873901367,89.3478012084961
2022-01-10 05:00:00,149.4242401123047,43.72269058227539,357.22296142578125,49.19221496582031,89.41650390625
2022-01-11 05:00:00,149.57606506347656,43.97287368774414,360.6951904296875,49.82322311401367,90.95358276367188
2022-01-12 05:00:00,150.4244384765625,43.660125732421875,349.2939758300781,50.125404357910156,88.48908996582031
2022-01-13 05:00:00,150.23692321777344,43.57077407836914,349.73248291015625,49.769901275634766,88.05976104736328
2022-01-14 05:00:00,141.00286865234375,42.81122970581055,340.90863037109375,51.60072708129883,84.9083251953125
2022-01-18 05:00:00,135.0908966064453,41.33682632446289,317.1576232910156,50.38313674926758,80.72644805908203
2022-01-19 05:00:00,133.00115966796875,41.49767303466797,310.8216247558594,49.38773727416992,82.20343017578125
2022-01-20 05:00:00,131.8670196533203,40.881099700927734,311.5196228027344,48.88115310668945,85.72407531738281
2022-01-21 05:00:00,129.56295776367188,40.139434814453125,307.7700500488281,47.69911575317383,84.89115142822266
2022-01-24 05:00:00,129.4468994140625,39.808815002441406,307.3046875,47.3880615234375,84.22135162353516
2022-01-25 05:00:00,130.8578643798828,40.59516143798828,305.6580505371094,47.628028869628906,85.04571533203125
2022-01-26 05:00:00,132.09918212890625,41.015132904052734,306.66925048828125,48.1168327331543,86.01603698730469
2022-01-27 05:00:00,129.76832580566406,40.63090896606445,305.19268798828125,47.77910232543945,86.85758972167969
2022-01-28 05:00:00,130.92929077148438,40.988338470458984,310.5442199707031,48.16127014160156,88.02490997314453
2022-01-31 05:00:00,132.7064666748047,41.22959518432617,317.408203125,47.814659118652344,88.66476440429688
2022-02-01 05:00:00,134.98373413085938,41.9444580078125,325.8025207519531,49.41440200805664,89.88396453857422
2022-02-02 05:00:00,133.9031524658203,41.8997802734375,324.9075622558594,49.70769500732422,89.85802459716797
2022-02-03 05:00:00,132.79576110839844,41.488739013671875,321.1668701171875,49.25239562988281,88.44859313964844
2022-02-04 05:00:00,136.24293518066406,43.141845703125,328.9704895019531,50.28797912597656,90.02233123779297
2022-02-07 05:00:00,136.69839477539062,43.347373962402344,329.4627380371094,51.18071746826172,90.94752502441406
2022-02-08 05:00:00,139.2703399658203,44.12479019165039,331.20782470703125,52.44841003417969,91.95922088623047
2022-02-09 05:00:00,139.850830078125,44.035423278808594,335.1722717285156,52.72515106201172,94.01716613769531
2022-02-10 05:00:00,139.2703399658203,43.82990264892578,331.62841796875,52.71622085571289,93.01412963867188
2022-02-11 05:00:00,137.4574432373047,42.820167541503906,324.9075622558594,52.05559539794922,90.42005920410156
2022-02-14 05:00:00,136.18040466308594,42.37337112426758,322.38397216796875,51.644935607910156,88.69070434570312
2022-02-15 05:00:00,138.17190551757812,42.70400619506836,325.6950988769531,52.11808776855469,89.43434143066406
2022-02-16 05:00:00,138.4219512939453,42.60569763183594,322.2138977050781,51.90382766723633,87.46283721923828
2022-02-17 05:00:00,135.23377990722656,41.167049407958984,312.3787841796875,50.12727737426758,83.1394271850586
2022-02-18 05:00:00,135.86782836914062,41.068748474121094,309.6761474609375,49.66305923461914,82.50819396972656
2022-02-22 05:00:00,135.62669372558594,40.71133041381836,308.09210205078125,49.3505973815918,81.9288558959961
2022-02-23 05:00:00,132.78683471679688,40.01433563232422,305.3357849121094,48.16326141357422,80.89125061035156
2022-02-24 05:00:00,129.08963012695312,38.95991516113281,304.44091796875,47.05625915527344,79.38668823242188
2022-02-25 05:00:00,132.14381408691406,40.228790283203125,313.32733154296875,48.30609130859375,81.75593566894531
2022-02-28 05:00:00,126.63375854492188,39.496055603027344,305.42535400390625,47.64546585083008,78.46147918701172
2022-03-01 05:00:00,121.85598754882812,37.95018005371094,295.44219970703125,44.895835876464844,75.77230072021484
2022-03-02 05:00:00,124.38330078125,38.566741943359375,302.8057556152344,46.618812561035156,76.42082977294922
2022-03-03 05:00:00,123.49916076660156,38.153682708740234,300.1412048339844,45.74393844604492,75.90200805664062
2022-03-04 05:00:00,120.02519989013672,36.77085494995117,296.76544189453125,43.55672073364258,74.67416381835938
2022-03-07 05:00:00,115.39033508300781,34.42721176147461,289.7619323730469,40.8963623046875,72.15792846679688
2022-03-08 05:00:00,114.5776596069336,34.65169906616211,289.29388427734375,41.47663879394531,72.03685760498047
2022-03-09 05:00:00,119.16791534423828,36.85166549682617,300.29425048828125,43.88703918457031,75.57342529296875
2022-03-10 05:00:00,117.75690460205078,36.51942443847656,296.97247314453125,43.753116607666016,74.2418212890625
2022-03-11 05:00:00,115.10456085205078,36.214115142822266,294.3619384765625,43.271053314208984,73.65382385253906
2022-03-14 04:00:00,116.24764251708984,36.995338439941406,292.54364013671875,44.51194763183594,73.25606536865234
2022-03-15 04:00:00,118.3105697631836,37.26472091674805,296.3064270019531,44.735137939453125,74.64823913574219
2022-03-16 04:00:00,123.5973892211914,38.43205261230469,306.7486572265625,46.065311431884766,79.34345245361328
2022-03-17 04:00:00,125.16024780273438,38.638580322265625,309.008056640625,45.958187103271484,81.1593017578125
2022-03-18 04:00:00,125.11557006835938,38.52184295654297,310.9074401855469,45.904624938964844,81.98939514160156
2022-03-21 04:00:00,124.71372985839844,38.46797180175781,305.16424560546875,45.65465545654297,80.07844543457031
2022-03-22 04:00:00,127.36605072021484,39.67121887207031,308.77398681640625,47.6633186340332,81.47059631347656
2022-03-23 04:00:00,124.82977294921875,38.69245529174805,302.1126403808594,45.636802673339844,79.87955474853516
2022-03-24 04:00:00,125.6424560546875,38.674495697021484,302.6707763671875,45.82427978515625,79.66339111328125
2022-03-25 04:00:00,126.74091339111328,39.26713943481445,303.8049011230469,46.92234420776367,79.87955474853516
2022-03-28 04:00:00,125.80321502685547,39.10551071166992,301.83349609375,46.25279998779297,78.91973876953125
2022-03-29 04:00:00,126.0800552368164,39.006736755371094,305.7583312988281,46.065311431884766,79.41263580322266
2022-03-30 04:00:00,125.5085220336914,38.61164093017578,302.0946044921875,44.735137939453125,78.05506896972656
2022-03-31 04:00:00,121.73986053466797,37.013301849365234,297.1526184082031,43.26213073730469,75.57342529296875
2022-04-01 04:00:00,120.83788299560547,36.7259521484375,297.2605895996094,43.48530197143555,75.21891784667969
2022-04-04 04:00:00,121.37372589111328,36.66310501098633,295.4512634277344,43.26213073730469,75.46968078613281
2022-04-05 04:00:00,119.96125030517578,36.04350662231445,291.62542724609375,42.95857620239258,73.74030303955078
2022-04-06 04:00:00,118.29685974121094,35.64842224121094,284.6938781738281,42.75325393676758,71.88123321533203
2022-04-07 04:00:00,117.93699645996094,35.370059967041016,282.7945556640625,42.619346618652344,71.88123321533203
2022-04-08 04:00:00,120.09620666503906,35.621490478515625,289.3119201660156,43.5031623840332,72.6854019165039
2022-04-11 04:00:00,119.6553726196289,35.54964065551758,288.7447814941406,44.038795471191406,72.65081024169922
2022-04-12 04:00:00,118.34185028076172,35.17250442504883,287.862548828125,43.22640609741211,72.57298278808594
2022-04-13 04:00:00,114.52728271484375,34.85822296142578,289.83404541015625,43.33354187011719,72.74590301513672
2022-04-14 04:00:00,113.46568298339844,33.735801696777344,289.5369873046875,41.37844467163086,73.2906723022461
2022-04-18 04:00:00,115.57088470458984,34.88516616821289,296.9544982910156,42.1104850769043,74.77793884277344
2022-04-19 04:00:00,117.9639892578125,35.53168487548828,302.4186706542969,42.6996955871582,76.87911224365234
2022-04-20 04:00:00,118.37786865234375,35.61250305175781,307.01861572265625,43.43174743652344,78.34906768798828
2022-04-21 04:00:00,117.4601821899414,34.93904495239258,300.933349609375,42.65505599975586,76.87911224365234
2022-04-22 04:00:00,114.08644104003906,33.726810455322266,287.8536071777344,41.36951446533203,73.27337646484375
2022-04-25 04:00:00,114.05045318603516,33.484378814697266,289.3388977050781,40.914222717285156,73.54141998291016
2022-04-26 04:00:00,110.67671203613281,32.730098724365234,281.86737060546875,39.79829406738281,71.22407531738281
2022-04-27 04:00:00,109.23725891113281,32.550506591796875,281.9663391113281,39.79829406738281,71.08573150634766
2022-04-28 04:00:00,110.96460723876953,33.05335998535156,286.62939453125,40.32501220703125,72.73400115966797
2022-04-29 04:00:00,107.38394165039062,32.03868103027344,274.9988708496094,38.95018768310547,70.28338623046875
2022-05-02 04:00:00,108.36458587646484,32.45174026489258,279.43682861328125,38.98589324951172,71.47816467285156
2022-05-03 04:00:00,110.68571472167969,33.340702056884766,283.25360107421875,39.4233512878418,73.03924560546875
2022-05-04 04:00:00,114.34734344482422,34.678627014160156,291.7603759765625,41.04812240600586,76.06546783447266
2022-05-05 04:00:00,111.48641204833984,33.7088623046875,281.8223876953125,40.17743682861328,74.0770492553711
2022-05-06 04:00:00,111.3064956665039,33.6280403137207,281.7232666015625,39.98893737792969,73.45787048339844
2022-05-09 04:00:00,109.63310241699219,32.658260345458984,278.0595703125,39.45933151245117,70.7717514038086
2022-05-10 04:00:00,106.9610824584961,32.11051559448242,274.6117858886719,38.669437408447266,69.9955825805664
2022-05-11 04:00:00,106.28634643554688,31.939905166625977,271.45220947265625,38.21165084838867,68.8008041381836
2022-05-12 04:00:00,106.1963882446289,31.490930557250977,269.5257568359375,37.52946472167969,68.5391616821289
2022-05-13 04:00:00,107.14102172851562,31.58072853088379,276.3492126464844,38.27448272705078,70.23977661132812
2022-05-16 04:00:00,106.39430236816406,31.257469177246094,273.15350341796875,37.888519287109375,69.6816177368164
2022-05-17 04:00:00,109.92100524902344,32.317039489746094,281.7322998046875,39.234928131103516,72.32411193847656
2022-05-18 04:00:00,108.04068756103516,31.320322036743164,276.1151428222656,37.79874038696289,70.37060546875
2022-05-19 04:00:00,106.43930053710938,30.9342098236084,277.4384460449219,37.700008392333984,69.73395538330078
2022-05-20 04:00:00,105.5666275024414,30.4044246673584,276.1781311035156,37.40379333496094,69.21940612792969
2022-05-23 04:00:00,112.09819030761719,32.209293365478516,285.0089416503906,39.33367156982422,71.78340911865234
2022-05-24 04:00:00,113.68157958984375,32.011749267578125,282.614501953125,38.857940673828125,71.47816467285156
2022-05-25 04:00:00,114.4732894897461,32.182350158691406,283.4696960449219,39.60295486450195,71.71363067626953
2022-05-26 04:00:00,116.45255279541016,32.92764663696289,291.3283386230469,40.931434631347656,74.12937927246094
2022-05-27 04:00:00,118.09896087646484,33.24192810058594,295.7843017578125,41.19174575805664,75.39393615722656
2022-05-31 04:00:00,118.96263122558594,33.40355682373047,296.02886962890625,41.08403396606445,75.12357330322266
2022-06-01 04:00:00,116.87541961669922,32.92764663696289,291.5002746582031,40.5364875793457,74.12937927246094
2022-06-02 04:00:00,118.75568389892578,33.14439392089844,293.6739807128906,40.68907928466797,74.30380249023438
2022-06-03 04:00:00,117.10031127929688,32.683807373046875,288.6291809082031,40.231292724609375,73.3619155883789
2022-06-06 04:00:00,116.71345520019531,32.64768600463867,290.28662109375,40.50057601928711,74.01602172851562
2022-06-07 04:00:00,117.01936340332031,32.82830047607422,291.1923828125,40.814754486083984,74.41717529296875
2022-06-08 04:00:00,115.15704345703125,32.412872314453125,285.0064697265625,40.060752868652344,72.55957794189453
2022-06-09 04:00:00,112.73695373535156,31.166568756103516,275.5327453613281,38.30141067504883,70.78050231933594
2022-06-10 04:00:00,107.55488586425781,29.956390380859375,259.9547119140625,35.97657775878906,67.50135803222656
2022-06-13 04:00:00,104.35209655761719,28.91780662536621,256.6036071777344,34.9981803894043,65.56526947021484
2022-06-14 04:00:00,102.61571502685547,28.41206169128418,255.8971710205078,33.59788131713867,65.37338256835938
2022-06-15 04:00:00,103.83027648925781,28.944900512695312,262.7170104980469,34.262123107910156,66.2978286743164
2022-06-16 04:00:00,102.04891967773438,28.76427459716797,258.1070251464844,33.795372009277344,64.4925537109375
2022-06-17 04:00:00,101.68905639648438,28.82749366760254,253.4064483642578,34.54038619995117,63.57685852050781
2022-06-21 04:00:00,104.20812225341797,29.667394638061523,257.953125,34.9981803894043,65.08558654785156
2022-06-22 04:00:00,103.62333679199219,29.44161033630371,257.7085876464844,34.648094177246094,64.88501739501953
2022-06-23 04:00:00,102.48975372314453,28.97199821472168,259.184814453125,34.01976776123047,64.51001739501953
2022-06-24 04:00:00,105.54862213134766,29.179716110229492,274.2014465332031,36.58695983886719,67.86763763427734
2022-06-27 04:00:00,104.70293426513672,29.215835571289062,272.41717529296875,36.120201110839844,67.53622436523438
2022-06-28 04:00:00,104.19912719726562,29.134550094604492,271.248779296875,36.06632995605469,68.16414642333984
2022-06-29 04:00:00,103.7313003540039,28.7733097076416,274.6814270019531,35.644447326660156,68.1903076171875
2022-06-30 04:00:00,101.31121063232422,28.114032745361328,269.01165771484375,35.15974807739258,66.33271026611328
2022-07-01 04:00:00,102.60672760009766,28.50237464904785,271.0133361816406,35.832950592041016,66.93448638916016
2022-07-05 04:00:00,102.21644592285156,28.213376998901367,269.17474365234375,35.994537353515625,66.37631225585938
2022-07-06 04:00:00,101.55389404296875,27.97856330871582,266.0591125488281,35.45595932006836,65.80074310302734
2022-07-07 04:00:00,104.1224594116211,28.7733097076416,270.4427795410156,36.012481689453125,67.14378356933594
2022-07-08 04:00:00,103.79570007324219,28.710094451904297,268.51361083984375,36.06632995605469,66.91702270507812
2022-07-11 04:00:00,102.43428039550781,28.41206169128418,265.5337829589844,35.71627426147461,66.12339782714844
2022-07-12 04:00:00,102.53411865234375,28.321746826171875,264.9451599121094,35.54571533203125,66.22807312011719
2022-07-13 04:00:00,101.57203674316406,27.852130889892578,262.7895202636719,35.069984436035156,65.39081573486328
2022-07-14 04:00:00,98.02323913574219,27.210914611816406,255.0367431640625,34.77376937866211,65.13793182373047
2022-07-15 04:00:00,102.5159683227539,29.125524520874023,266.1588134765625,36.919071197509766,68.06822204589844
2022-07-18 04:00:00,101.46312713623047,29.134550094604492,272.85186767578125,36.972930908203125,68.77462768554688
2022-07-19 04:00:00,103.97725677490234,30.11895179748535,288.0586242675781,38.50786209106445,71.20781707763672
2022-07-20 04:00:00,103.95907592773438,30.127981185913086,291.1380920410156,38.34629440307617,71.34735107421875
2022-07-21 04:00:00,104.66703796386719,30.389890670776367,295.7480163574219,38.84895324707031,72.4026107788086
2022-07-22 04:00:00,104.15876007080078,30.191200256347656,293.3841552734375,38.750221252441406,71.8880615234375
2022-07-25 04:00:00,104.57626342773438,30.46213722229004,293.5562438964844,39.04643630981445,71.99272155761719
2022-07-26 04:00:00,102.94254302978516,29.848018646240234,288.5114440917969,38.50786209106445,70.45780181884766
2022-07-27 04:00:00,104.59440612792969,30.33570098876953,293.9366760253906,39.234928131103516,71.95783233642578
2022-07-28 04:00:00,104.20411682128906,30.091859817504883,298.07562255859375,38.88486099243164,73.02750396728516
2022-07-29 04:00:00,104.70333862304688,30.534387588500977,301.9521789550781,39.3785514831543,74.21601104736328
2022-08-01 04:00:00,103.65957641601562,30.444074630737305,300.7656555175781,39.082340240478516,74.0311050415039
2022-08-02 04:00:00,102.04400634765625,29.8389892578125,296.961669921875,38.48991775512695,73.5381088256836
2022-08-03 04:00:00,103.114990234375,30.380859375,301.7528991699219,39.39651107788086,74.87629699707031
2022-08-04 04:00:00,101.98047637939453,30.164108276367188,300.5753479003906,38.6553955078125,75.14923095703125
2022-08-05 04:00:00,105.06639099121094,30.669845581054688,303.1114196777344,39.55015182495117,75.82710266113281
2022-08-08 04:00:00,103.7866439819336,30.245386123657227,303.1203918457031,39.03499221801758,75.73907470703125
2022-08-09 04:00:00,104.72148895263672,30.633729934692383,304.8775634765625,39.22478485107422,76.02958679199219
2022-08-10 04:00:00,107.45343017578125,31.672311782836914,315.10296630859375,40.0653190612793,78.25694274902344
2022-08-11 04:00:00,109.04178619384766,32.430931091308594,318.51739501953125,40.89680480957031,79.41023254394531
2022-08-12 04:00:00,110.84793090820312,32.78314971923828,320.45562744140625,41.520423889160156,80.69559478759766
2022-08-15 04:00:00,111.14744567871094,32.73799514770508,322.2942199707031,41.34871292114258,81.01253509521484
2022-08-16 04:00:00,112.2093734741211,33.09020233154297,321.4971618652344,41.62889099121094,80.8364486694336
2022-08-17 04:00:00,111.26544189453125,32.88248825073242,320.3831481933594,41.7011833190918,80.42269134521484
2022-08-18 04:00:00,110.4031982421875,32.76508712768555,321.089599609375,41.7011833190918,80.75724029541016
2022-08-19 04:00:00,107.6712646484375,32.0425910949707,316.3346252441406,40.987186431884766,79.24298858642578
2022-08-22 04:00:00,105.892333984375,31.356220245361328,310.1305236816406,40.13762283325195,77.87837982177734
2022-08-23 04:00:00,104.84854888916016,31.07626724243164,308.10186767578125,40.10147476196289,77.73754119873047
2022-08-24 04:00:00,105.1026840209961,31.17560386657715,309.69586181640625,40.34549331665039,78.00165557861328
2022-08-25 04:00:00,107.59867095947266,31.73553466796875,313.8168029785156,41.023345947265625,79.15495300292969
2022-08-26 04:00:00,104.07707977294922,30.73306655883789,304.6783447265625,39.73994827270508,76.4257583618164
2022-08-29 04:00:00,103.82293701171875,30.61566925048828,302.43212890625,39.69475555419922,75.14039611816406
2022-08-30 04:00:00,103.84107971191406,30.787260055541992,302.16949462890625,39.89358901977539,74.3304443359375
2022-08-31 04:00:00,103.22392272949219,30.35376739501953,303.5748291015625,39.50495910644531,75.02596282958984
2022-09-01 04:00:00,103.93185424804688,30.42648696899414,304.3321533203125,39.49592971801758,75.86231994628906
2022-09-02 04:00:00,103.20574188232422,30.390127182006836,302.4889221191406,39.20671081542969,76.06481170654297
2022-09-06 04:00:00,103.23299407958984,30.05377197265625,297.9352111816406,38.754817962646484,74.94670867919922
2022-09-07 04:00:00,105.19345092773438,30.517396926879883,301.6493835449219,39.62245178222656,76.46977996826172
2022-09-08 04:00:00,107.64402770996094,31.499191284179688,306.0477294921875,40.878726959228516,77.86078643798828
2022-09-09 04:00:00,108.16136169433594,31.7628116607666,310.35498046875,40.969112396240234,78.75877380371094
2022-09-12 04:00:00,109.44112396240234,32.06281280517578,312.6180419921875,41.14987564086914,79.36624145507812
2022-09-13 04:00:00,105.63818359375,30.908294677734375,299.6690673828125,39.062103271484375,76.63705444335938
2022-09-14 04:00:00,105.39311981201172,30.790111541748047,298.6379699707031,39.116329193115234,76.7514877319336
2022-09-15 04:00:00,106.9814682006836,31.371912002563477,302.6165771484375,39.89358901977539,77.70230102539062
2022-09-16 04:00:00,106.26445007324219,31.01737403869629,297.6797180175781,39.71283721923828,76.9715805053711
2022-09-19 04:00:00,107.24467468261719,31.535541534423828,299.9155578613281,40.0562858581543,78.10728454589844
2022-09-20 04:00:00,105.12992095947266,31.06283187866211,294.9877624511719,39.233821868896484,76.76029968261719
2022-09-21 04:00:00,102.09844970703125,30.13558578491211,292.66082763671875,38.203495025634766,76.02958679199219
2022-09-22 04:00:00,100.93669128417969,29.544694900512695,285.5521240234375,37.52565002441406,74.62977600097656
2022-09-23 04:00:00,99.05791473388672,28.844711303710938,275.559814453125,36.522438049316406,71.75975036621094
2022-09-26 04:00:00,96.92501831054688,28.20836639404297,268.85260009765625,36.160911560058594,70.21907043457031
2022-09-27 04:00:00,96.07183074951172,27.790193557739258,265.8960266113281,36.17898941040039,69.97257995605469
2022-09-28 04:00:00,98.01416015625,28.244728088378906,274.48297119140625,36.883949279785156,71.72452545166016
2022-09-29 04:00:00,96.35321044921875,27.87200927734375,270.21234130859375,36.60377502441406,70.30713653564453
2022-09-30 04:00:00,94.8465576171875,27.453838348388672,267.419921875,36.35071563720703,69.55879974365234
2022-10-03 04:00:00,97.7781753540039,28.262903213500977,272.9864807128906,37.57987976074219,70.76490020751953
2022-10-04 04:00:00,102.35259246826172,29.43560791015625,287.3316345214844,39.351318359375,73.92547607421875
2022-10-05 04:00:00,101.0888671875,29.017433166503906,281.97491455078125,39.14344024658203,73.16835021972656
2022-10-06 04:00:00,99.02845001220703,28.599262237548828,278.0237121582031,38.176387786865234,71.58367156982422
2022-10-07 04:00:00,97.05043029785156,27.95382308959961,274.74761962890625,37.76967239379883,69.48837280273438
2022-10-10 04:00:00,96.14384460449219,27.87200927734375,274.2548522949219,37.46238327026367,69.03057861328125
2022-10-11 04:00:00,93.36915588378906,27.062938690185547,268.478515625,36.359745025634766,67.78923034667969
2022-10-12 04:00:00,94.88013458251953,27.144756317138672,269.4822998046875,36.6128044128418,67.43707275390625
2022-10-13 04:00:00,100.15481567382812,28.808349609375,280.2137451171875,38.30291748046875,69.83171081542969
2022-10-14 04:00:00,101.82145690917969,28.81743621826172,273.7529602050781,39.01691436767578,66.29259490966797
2022-10-17 04:00:00,106.09798431396484,30.562849044799805,279.88525390625,39.73090744018555,67.9124755859375
2022-10-18 04:00:00,108.82689666748047,31.708276748657227,286.4007873535156,40.37261199951172,69.93736267089844
2022-10-19 04:00:00,106.6932144165039,30.8355712890625,284.4935302734375,39.423614501953125,68.3526611328125
2022-10-20 04:00:00,106.3452377319336,30.635570526123047,283.6266174316406,39.45073318481445,67.43707275390625
2022-10-21 04:00:00,111.9312744140625,31.77190589904785,296.6668395996094,40.5172233581543,69.7436752319336
2022-10-24 04:00:00,112.06861114501953,31.88099479675293,299.9519958496094,40.85161590576172,69.92855072021484
2022-10-25 04:00:00,112.36166381835938,32.17190170288086,303.3283996582031,41.00525665283203,70.87938690185547
2022-10-26 04:00:00,113.65287017822266,32.45370864868164,306.3307189941406,41.30351638793945,71.23152160644531
2022-10-27 04:00:00,114.10157775878906,32.608253479003906,307.6903991699219,41.258323669433594,71.03784942626953
2022-10-28 04:00:00,115.45687103271484,32.89006042480469,311.9245300292969,41.8909912109375,73.0867919921875
2022-10-31 04:00:00,115.27371215820312,32.762794494628906,314.3792419433594,41.56562423706055,73.04234313964844
2022-11-01 04:00:00,117.35245513916016,32.90824890136719,318.0932922363281,42.433265686035156,74.42015838623047
2022-11-02 04:00:00,116.2718734741211,32.8082389831543,319.1974792480469,42.37000274658203,74.99797058105469
2022-11-03 04:00:00,116.48250579833984,32.62643051147461,318.3578796386719,41.42399215698242,74.33126831054688
2022-11-04 04:00:00,119.66930389404297,33.44459533691406,326.6073303222656,42.51554489135742,75.42462921142578
2022-11-07 05:00:00,120.30113220214844,33.64458465576172,330.8507080078125,42.81571578979492,76.06466674804688
2022-11-08 05:00:00,120.3744125366211,33.73549270629883,332.18292236328125,42.91576385498047,75.8068618774414
2022-11-09 05:00:00,118.80848693847656,33.19914627075195,330.339599609375,41.81513977050781,74.1801528930664
2022-11-10 05:00:00,123.69855499267578,34.662742614746094,345.2231140136719,43.616180419921875,78.93587493896484
2022-11-11 05:00:00,123.90003967285156,34.91728591918945,351.483154296875,43.2523307800293,80.69591522216797
2022-11-14 05:00:00,122.62713623046875,34.32638168334961,348.9188537597656,42.6337890625,79.83365631103516
2022-11-15 05:00:00,121.73887634277344,34.27184295654297,349.39337158203125,42.48824691772461,80.44700622558594
2022-11-16 05:00:00,121.90371704101562,33.962764739990234,348.8916015625,42.033443450927734,79.84255981445312
2022-11-17 05:00:00,121.37258911132812,33.790035247802734,346.56451416015625,41.83333206176758,79.06920623779297
2022-11-18 05:00:00,122.56302642822266,33.8082275390625,346.0352478027344,42.29723358154297,79.29143524169922
2022-11-21 05:00:00,121.8396224975586,33.91730880737305,346.9568786621094,42.60649871826172,79.18476104736328
2022-11-22 05:00:00,123.66190338134766,34.08094024658203,350.29681396484375,42.85209274291992,79.70919799804688
2022-11-23 05:00:00,124.98059844970703,34.190032958984375,352.46868896484375,43.052215576171875,79.94034576416016
2022-11-25 05:00:00,125.21870422363281,34.27184295654297,354.85040283203125,43.15227127075195,80.81147766113281
2022-11-28 05:00:00,123.03008270263672,33.50823211669922,348.9188537597656,42.73384475708008,79.90476989746094
2022-11-29 05:00:00,125.0538558959961,33.635498046875,350.1509094238281,43.27052307128906,80.96257781982422
2022-11-30 05:00:00,126.537353515625,34.40819549560547,354.6883239746094,43.616180419921875,82.73155212402344
2022-12-01 05:00:00,124.76081085205078,33.420677185058594,352.5390625,42.6337890625,82.66931915283203
2022-12-02 05:00:00,123.77183532714844,32.99090576171875,349.57220458984375,41.787841796875,81.86929321289062
2022-12-05 05:00:00,120.30113220214844,31.518753051757812,341.2686767578125,39.71391296386719,79.83365631103516
2022-12-06 05:00:00,120.50260925292969,30.17461585998535,333.34185791015625,39.47740936279297,77.78916931152344
2022-12-07 05:00:00,120.42020416259766,29.936874389648438,330.5954284667969,38.613277435302734,77.58470916748047
2022-12-08 05:00:00,121.68392944335938,29.66255760192871,328.9053649902344,38.73152542114258,78.83808135986328
2022-12-09 05:00:00,121.02458953857422,29.607696533203125,329.8790588378906,38.658756256103516,79.53143310546875
2022-12-12 05:00:00,122.9018783569336,29.927732467651367,333.58984375,38.98622512817383,80.99815368652344
2022-12-13 05:00:00,122.78282165527344,29.94601821899414,338.65087890625,38.767913818359375,82.4115219116211
2022-12-14 05:00:00,122.1692886352539,29.51625633239746,331.0179443359375,38.3676872253418,80.44700622558594
2022-12-15 05:00:00,119.13817596435547,29.049922943115234,321.3275146484375,37.630889892578125,78.03807067871094
2022-12-16 05:00:00,118.39640808105469,28.985918045043945,318.131103515625,37.4671630859375,77.21137237548828
2022-12-19 05:00:00,119.10154724121094,29.315092086791992,316.5328369140625,38.040218353271484,76.04689025878906
2022-12-20 05:00:00,119.678466796875,29.433963775634766,316.422607421875,37.27613830566406,75.70020294189453
2022-12-21 05:00:00,121.02458953857422,29.882007598876953,321.6306457519531,37.40347671508789,77.22026062011719
2022-12-22 05:00:00,119.65099334716797,29.616840362548828,317.4237976074219,37.00325012207031,76.77579498291016
2022-12-23 05:00:00,120.21875,29.689992904663086,317.35955810546875,37.27613830566406,76.544677734375
2022-12-27 05:00:00,120.63998413085938,29.74485206604004,314.10784912109375,37.33072280883789,75.611328125
2022-12-28 05:00:00,121.29933166503906,29.964309692382812,313.0976257324219,37.40347671508789,75.07797241210938
2022-12-29 05:00:00,121.99529266357422,30.30262565612793,315.448974609375,37.59450912475586,75.77131652832031
2022-12-30 05:00:00,122.80113220214844,30.284337997436523,315.40301513671875,37.55812454223633,75.57575988769531
2023-01-03 05:00:00,123.73519134521484,30.640947341918945,318.0116882324219,38.0129280090332,76.197998046875
2023-01-04 05:00:00,124.88903045654297,31.217012405395508,319.37109375,38.795204162597656,77.02469635009766
2023-01-05 05:00:00,124.861328125,31.153003692626953,315.7521057128906,38.58598709106445,76.37577819824219
2023-01-06 05:00:00,127.25064849853516,31.46389389038086,319.7200927734375,38.931640625,77.83361053466797
2023-01-09 05:00:00,126.72480773925781,30.988414764404297,324.2392883300781,38.55869674682617,77.90471649169922
2023-01-10 05:00:00,127.85950469970703,31.19871711730957,328.2440490722656,38.53141403198242,79.04252624511719
2023-01-11 05:00:00,128.80970764160156,31.43646240234375,334.783935546875,38.87706756591797,79.49588012695312
2023-01-12 05:00:00,128.6805419921875,31.518753051757812,339.7990417480469,38.95893859863281,80.47369384765625
2023-01-13 05:00:00,131.92774963378906,32.21369934082031,343.5283203125,40.22330093383789,81.47816467285156
2023-01-17 05:00:00,129.88902282714844,31.564476013183594,321.4102783203125,40.13234329223633,86.29609680175781
2023-01-18 05:00:00,125.98682403564453,30.83297348022461,320.64776611328125,39.459224700927734,85.85164642333984
2023-01-19 05:00:00,124.30785369873047,30.384923934936523,322.1725769042969,39.068084716796875,83.69155883789062
2023-01-20 05:00:00,124.61226654052734,30.95182991027832,313.9884948730469,39.950408935546875,85.5494155883789
2023-01-23 05:00:00,126.63256072998047,31.38159942626953,320.6937561035156,40.96009063720703,86.3405532836914
2023-01-24 05:00:00,127.7210922241211,31.61019515991211,319.9497375488281,40.43252182006836,84.90052032470703
2023-01-25 05:00:00,128.33920288085938,31.884510040283203,321.1437683105469,41.24207305908203,85.01606750488281
2023-01-26 05:00:00,129.13255310058594,32.31427001953125,326.048828125,41.669593811035156,85.78053283691406
2023-01-27 05:00:00,129.4462127685547,32.414852142333984,324.88226318359375,41.95158004760742,86.10054016113281
2023-01-30 05:00:00,128.3484344482422,32.27769470214844,328.3359375,42.1062126159668,85.98853302001953
2023-01-31 05:00:00,129.11410522460938,32.44227600097656,336.0055236816406,42.6337890625,87.21617889404297
2023-02-01 05:00:00,128.7727813720703,32.844608306884766,335.9136657714844,43.052215576171875,87.98680114746094
2023-02-02 05:00:00,128.1731414794922,33.03662872314453,339.36737060546875,43.235294342041016,88.90081024169922
2023-02-03 05:00:00,130.1565704345703,33.31093978881836,339.80828857421875,43.55569839477539,89.09795379638672
2023-02-06 05:00:00,130.92222595214844,33.25608825683594,340.5889892578125,43.647239685058594,88.62303924560547
2023-02-07 05:00:00,132.5181427001953,33.621829986572266,343.8956604003906,44.059173583984375,88.90977478027344
2023-02-08 05:00:00,131.58641052246094,33.37495040893555,344.53863525390625,44.169029235839844,88.6767807006836
2023-02-09 05:00:00,129.53846740722656,32.661739349365234,338.00799560546875,43.54654312133789,87.86135864257812
2023-02-10 05:00:00,130.1103973388672,32.533721923828125,341.02984619140625,43.491615295410156,88.2108383178711
2023-02-13 05:00:00,131.52188110351562,32.59772491455078,343.546630859375,44.059173583984375,89.09795379638672
2023-02-14 05:00:00,132.10299682617188,32.570289611816406,341.4891052246094,44.39787673950195,90.11051940917969
2023-02-15 05:00:00,132.65652465820312,32.51543426513672,343.8405456542969,43.91270446777344,90.35247039794922
2023-02-16 05:00:00,130.82998657226562,32.2593994140625,340.037841796875,43.22614288330078,89.22342681884766
2023-02-17 05:00:00,131.21743774414062,32.32341384887695,338.47637939453125,43.473304748535156,89.16962432861328
2023-02-21 05:00:00,128.80970764160156,31.564476013183594,331.6977233886719,42.32903289794922,87.47603607177734
2023-02-22 05:00:00,127.82260131835938,31.354164123535156,331.4864196777344,42.11848449707031,87.16240692138672
2023-02-23 05:00:00,128.84657287597656,31.32672691345215,333.9205627441406,42.33818054199219,87.76277923583984
2023-02-24 05:00:00,130.00897216796875,31.281021118164062,334.2052307128906,42.67689514160156,87.54771423339844
2023-02-27 05:00:00,131.1436309814453,31.281021118164062,335.7483215332031,42.82334899902344,86.65164184570312
2023-02-28 05:00:00,132.2414093017578,31.363313674926758,322.999267578125,42.8141975402832,86.47241973876953
2023-03-01 05:00:00,131.50340270996094,31.217012405395508,320.2979431152344,42.731815338134766,86.19462585449219
2023-03-02 05:00:00,130.13807678222656,30.821271896362305,322.9529724121094,41.926246643066406,86.09607696533203
2023-03-03 05:00:00,132.52735900878906,31.43789291381836,330.34454345703125,42.88743209838867,88.11226654052734
2023-03-06 05:00:00,131.75250244140625,31.37346076965332,330.30755615234375,42.68605041503906,88.15704345703125
2023-03-07 05:00:00,127.87793731689453,30.37032127380371,320.1591796875,40.69043731689453,86.07814025878906
2023-03-08 05:00:00,127.12149810791016,29.965383529663086,323.12872314453125,40.132015228271484,85.93476867675781
2023-03-09 05:00:00,120.23956298828125,28.106355667114258,316.4680480957031,37.65122604370117,82.6192398071289
2023-03-10 05:00:00,123.2930908203125,27.857866287231445,303.1280822753906,37.861785888671875,80.6926498413086
2023-03-13 04:00:00,121.0790786743164,26.238115310668945,291.8788146972656,35.16128921508789,78.84673309326172
2023-03-14 04:00:00,124.18790435791016,26.468196868896484,298.0215148925781,36.77242660522461,80.62096405029297
2023-03-15 04:00:00,118.32077026367188,26.219709396362305,288.8074645996094,35.5640754699707,76.51687622070312
2023-03-16 04:00:00,120.61781311035156,26.661460876464844,291.4902648925781,35.97601318359375,77.96855926513672
2023-03-17 04:00:00,116.0606460571289,25.603099822998047,280.8053894042969,34.56626892089844,75.43263244628906
2023-03-20 04:00:00,117.28756713867188,25.53867530822754,286.3467102050781,34.30995178222656,76.74091339111328
2023-03-21 04:00:00,120.43330383300781,26.31174087524414,293.5162658691406,35.225364685058594,79.53670501708984
2023-03-22 04:00:00,117.32444763183594,25.43744659423828,290.1766357421875,34.05363082885742,78.45243835449219
2023-03-23 04:00:00,117.01082611083984,24.82083511352539,291.2682189941406,33.5135383605957,76.92012786865234
2023-03-24 04:00:00,115.23038482666016,24.97728729248047,289.1590881347656,33.16567611694336,75.22651672363281
2023-03-27 04:00:00,118.53294372558594,26.219709396362305,294.672607421875,34.3007926940918,75.84483337402344
2023-03-28 04:00:00,118.89273834228516,25.879192352294922,294.58941650390625,34.03532791137695,76.05987548828125
2023-03-29 04:00:00,119.13257598876953,26.385366439819336,296.6986083984375,34.758506774902344,77.278564453125
2023-03-30 04:00:00,118.77279663085938,26.044851303100586,297.087158203125,34.218406677246094,77.16207122802734
2023-03-31 04:00:00,120.2119140625,26.320945739746094,302.6100158691406,34.218406677246094,78.67646789550781
2023-04-03 04:00:00,120.07353973388672,26.31174087524414,302.0641784667969,34.52964782714844,78.10297393798828
2023-04-04 04:00:00,118.46837615966797,25.750354766845703,298.48406982421875,33.696617126464844,76.00611877441406
2023-04-05 04:00:00,118.64501953125,25.43744659423828,297.4479675292969,33.76985168457031,75.11002349853516
2023-04-06 04:00:00,118.51486206054688,25.621509552001953,298.2528076171875,34.69443130493164,75.44158172607422
2023-04-10 04:00:00,118.90536499023438,25.71354103088379,300.62103271484375,35.3626823425293,75.27131652832031
2023-04-11 04:00:00,119.4911117553711,26.42218017578125,302.8505554199219,36.040096282958984,76.24806213378906
2023-04-12 04:00:00,119.47250366210938,26.210506439208984,305.50555419921875,35.87532043457031,76.58858489990234
2023-04-13 04:00:00,119.92806243896484,26.28413200378418,307.2539978027344,36.305564880371094,76.78572082519531
2023-04-14 04:00:00,128.9838104248047,27.167631149291992,311.6852111816406,36.287254333496094,77.69972229003906
2023-04-17 04:00:00,130.0065460205078,27.949901580810547,314.238525390625,37.806854248046875,80.01163482666016
2023-04-18 04:00:00,131.46621704101562,28.124757766723633,308.9006652832031,38.328651428222656,80.51344299316406
2023-04-19 04:00:00,131.2989044189453,27.664602279663086,311.6575622558594,38.667354583740234,81.05109405517578
2023-04-20 04:00:00,130.9176788330078,27.517349243164062,313.3412170410156,38.145565032958984,81.03316497802734
2023-04-21 04:00:00,130.66665649414062,27.48974609375,316.07025146484375,37.751930236816406,81.65147399902344
2023-04-24 04:00:00,130.84329223632812,27.388507843017578,318.197998046875,37.94416809082031,80.82706451416016
2023-04-25 04:00:00,127.99826049804688,26.54181480407715,314.0535583496094,37.12029266357422,78.90943145751953
2023-04-26 04:00:00,125.72969818115234,26.173694610595703,311.35223388671875,36.12248229980469,79.24995422363281
2023-04-27 04:00:00,127.42185974121094,26.587839126586914,316.0147399902344,36.305564880371094,80.8808364868164
2023-04-28 04:00:00,128.52821350097656,26.946758270263672,317.7169189453125,36.38795471191406,81.3191909790039
2023-05-01 04:00:00,131.2802734375,26.72588348388672,315.0618591308594,36.97382736206055,79.47535705566406
2023-05-02 04:00:00,129.1604766845703,25.916004180908203,308.4011535644531,35.55492401123047,77.9930419921875
2023-05-03 04:00:00,126.42700958251953,25.63991355895996,304.03466796875,35.38099670410156,76.60111236572266
2023-05-04 04:00:00,124.69768524169922,24.8392391204834,297.1981506347656,33.8771858215332,74.66687774658203
2023-05-05 04:00:00,127.13362884521484,25.50186538696289,302.5267333984375,35.00272750854492,76.7186050415039
2023-05-08 04:00:00,127.44044494628906,25.483457565307617,302.054931640625,35.40867233276367,76.31188201904297
2023-05-09 04:00:00,126.8267822265625,25.45585060119629,300.44525146484375,35.5562858581543,76.25765991210938
2023-05-10 04:00:00,126.89188385009766,25.1429443359375,298.39154052734375,35.31641387939453,75.6701431274414
2023-05-11 04:00:00,126.49210357666016,25.207366943359375,296.6986083984375,35.3625373840332,74.68494415283203
2023-05-12 04:00:00,124.67910766601562,24.931272506713867,295.57000732421875,34.58757400512695,74.46803283691406
2023-05-15 04:00:00,125.72969818115234,25.44664764404297,297.9475402832031,35.76848220825195,74.97418975830078
2023-05-16 04:00:00,124.8836441040039,25.17975616455078,296.7818908691406,35.41788864135742,73.98899841308594
2023-05-17 04:00:00,128.72344970703125,26.2933349609375,305.4500427246094,37.327640533447266,75.84188079833984
2023-05-18 04:00:00,129.69969177246094,26.201303482055664,304.8949890136719,37.096988677978516,76.3661117553711
2023-05-19 04:00:00,129.40220642089844,25.869991302490234,301.721923828125,36.93092727661133,74.33245086669922
2023-05-22 04:00:00,128.3330078125,26.0816650390625,300.5840759277344,37.80738067626953,74.35957336425781
2023-05-23 04:00:00,126.9941635131836,26.302536010742188,299.335205078125,38.01957321166992,74.69400024414062
2023-05-24 04:00:00,125.83197784423828,25.860788345336914,295.8567810058594,37.70589065551758,73.41053771972656
2023-05-25 04:00:00,126.13875579833984,25.925209045410156,299.62188720703125,37.73357391357422,75.01937103271484
2023-05-26 04:00:00,127.31956481933594,26.05405616760254,307.1429748535156,38.038028717041016,75.83283996582031
2023-05-30 04:00:00,127.80303192138672,26.008039474487305,306.05133056640625,37.80738067626953,75.39898681640625
2023-05-31 04:00:00,126.17597961425781,25.57549285888672,301.9219665527344,36.72795867919922,73.89859771728516
2023-06-01 04:00:00,127.91458129882812,25.77029800415039,294.930908203125,36.95861053466797,74.17879486083984
2023-06-02 04:00:00,130.6015625,26.633020401000977,301.68896484375,38.04724884033203,76.23957061767578
2023-06-05 04:00:00,129.31851196289062,26.475318908691406,299.9737854003906,37.31841278076172,75.68822479248047
2023-06-06 04:00:00,129.55099487304688,27.115400314331055,304.62518310546875,38.065696716308594,77.60438537597656
2023-06-07 04:00:00,130.8061065673828,27.34731674194336,312.9679260253906,38.812992095947266,78.18285369873047
2023-06-08 04:00:00,130.84329223632812,27.115400314331055,312.70684814453125,39.08976364135742,78.01110076904297
2023-06-09 04:00:00,131.10366821289062,27.15250587463379,313.2196044921875,38.86834716796875,77.92073059082031
2023-06-12 04:00:00,131.09437561035156,27.02263641357422,316.4541320800781,38.591575622558594,79.03246307373047
2023-06-13 04:00:00,132.04269409179688,27.273103713989258,319.2598571777344,39.348087310791016,79.79167938232422
2023-06-14 04:00:00,131.5499267578125,27.01335906982422,315.4566650390625,38.82221984863281,79.52054595947266
2023-06-15 04:00:00,133.0374755859375,27.245275497436523,316.6871032714844,39.08053970336914,80.48765563964844
2023-06-16 04:00:00,133.19552612304688,27.07829475402832,315.35418701171875,38.91448211669922,79.6199722290039
2023-06-20 04:00:00,132.51686096191406,26.78144645690918,308.2791748046875,38.64693069458008,78.39073944091797
2023-06-21 04:00:00,132.32162475585938,26.50314712524414,303.01263427734375,38.425514221191406,78.0382308959961
2023-06-22 04:00:00,129.7740936279297,25.93727684020996,297.89508056640625,37.881195068359375,76.3751449584961
2023-06-23 04:00:00,129.0954132080078,25.74246597290039,293.35552978515625,37.46602249145508,75.54360961914062
2023-06-26 04:00:00,129.4114990234375,26.057872772216797,291.1650085449219,37.447574615478516,75.55265045166016
2023-06-27 04:00:00,129.4207763671875,26.197017669677734,292.1810302734375,37.7427978515625,76.31188201904297
2023-06-28 04:00:00,128.85365295410156,26.039321899414062,292.3768310546875,37.475257873535156,75.9141845703125
2023-06-29 04:00:00,133.35365295410156,26.586639404296875,301.16693115234375,39.16358184814453,77.04399871826172
2023-06-30 04:00:00,135.222412109375,26.614465713500977,300.6542053222656,39.375762939453125,77.1886215209961
2023-07-03 04:00:00,136.31024169921875,27.08757209777832,304.4481201171875,40.04002380371094,78.10151672363281
2023-07-05 04:00:00,135.40216064453125,26.976253509521484,298.3332214355469,40.11383056640625,77.65862274169922
2023-07-06 04:00:00,134.0635223388672,26.234127044677734,291.7615966796875,39.56951141357422,75.3176498413086
2023-07-07 04:00:00,135.12132263183594,26.46604347229004,293.78436279296875,39.458805084228516,75.34476470947266
2023-07-10 04:00:00,135.87957763671875,26.586639404296875,294.9961853027344,39.043643951416016,75.38092041015625
2023-07-11 04:00:00,138.00460815429688,26.920595169067383,299.10693359375,39.43112564086914,76.7909164428711
2023-07-12 04:00:00,138.68800354003906,27.23599624633789,304.2522888183594,39.910865783691406,77.52304077148438
2023-07-13 04:00:00,139.36203002929688,27.523569107055664,306.3776550292969,40.32602310180664,77.92073059082031
2023-07-14 04:00:00,140.2045440673828,27.00408172607422,304.0566101074219,40.18764114379883,77.5320816040039
2023-07-17 04:00:00,143.58395385742188,27.273103713989258,304.99810791015625,41.27629089355469,78.06535339355469
2023-07-18 04:00:00,143.84609985351562,28.47905731201172,314.38470458984375,42.069698333740234,83.09978485107422
2023-07-19 04:00:00,144.3983917236328,29.24901008605957,317.4421691894531,42.67860794067383,84.20248413085938
2023-07-20 04:00:00,146.17706298828125,29.39743423461914,327.0526123046875,43.481258392333984,84.78094482421875
2023-07-21 04:00:00,145.05369567871094,29.66645622253418,328.07794189453125,42.401832580566406,84.97074127197266
2023-07-24 04:00:00,147.9088897705078,30.287986755371094,334.5750427246094,42.82621765136719,85.56729125976562
2023-07-25 04:00:00,146.80429077148438,29.824161529541016,330.6320495605469,41.95899963378906,85.34131622314453
2023-07-26 04:00:00,147.6842041015625,30.065343856811523,333.2980041503906,42.84467315673828,84.54592895507812
2023-07-27 04:00:00,146.0553741455078,29.638628005981445,330.4549865722656,42.22654724121094,83.83190155029297
2023-07-28 04:00:00,146.88851928710938,29.59224510192871,329.2618103027344,42.567901611328125,83.53086853027344
2023-07-31 04:00:00,147.8714599609375,29.685012817382812,331.72265625,42.58634948730469,83.52173614501953
2023-08-01 04:00:00,147.14125061035156,29.332500457763672,333.4471435546875,42.17119216918945,82.95616912841797
2023-08-02 04:00:00,145.47494506835938,28.933609008789062,327.2763671875,41.608421325683594,81.47840881347656
2023-08-03 04:00:00,146.3642578125,29.137693405151367,329.1965637207031,41.9803352355957,81.31419372558594
2023-08-04 04:00:00,146.0553741455078,29.035648345947266,329.25250244140625,41.701393127441406,80.99492645263672
2023-08-07 04:00:00,146.74807739257812,29.57369041442871,331.4337463378906,41.89665222167969,81.25946807861328
2023-08-08 04:00:00,145.92428588867188,29.007822036743164,324.6290283203125,41.35736846923828,80.70301818847656
2023-08-09 04:00:00,143.96775817871094,28.627487182617188,319.4369812011719,40.650726318359375,79.8729019165039
2023-08-10 04:00:00,143.75245666503906,28.70169448852539,317.3023681640625,40.6042366027832,79.94589233398438
2023-08-11 04:00:00,144.5856170654297,29.026378631591797,317.6099853515625,40.66001510620117,80.00062561035156
2023-08-14 04:00:00,144.88519287109375,28.692419052124023,314.8228759765625,40.66931915283203,79.6631088256836
2023-08-15 04:00:00,141.19683837890625,27.774038314819336,309.6681213378906,39.730228424072266,78.59581756591797
2023-08-16 04:00:00,140.5977325439453,27.171062469482422,306.7784118652344,39.25603485107422,78.44074249267578
2023-08-17 04:00:00,139.13734436035156,27.161785125732422,305.2963562011719,39.48847961425781,78.25830841064453
2023-08-18 04:00:00,139.45562744140625,27.00408172607422,302.88201904296875,39.5163688659668,77.43732452392578
2023-08-21 04:00:00,139.9330596923828,27.041187286376953,300.2068176269531,39.50707244873047,76.85350036621094
2023-08-22 04:00:00,137.03103637695312,26.382553100585938,297.15869140625,38.586570739746094,75.69499969482422
2023-08-23 04:00:00,137.9578094482422,26.391830444335938,300.4585266113281,38.68885803222656,76.06900787353516
2023-08-24 04:00:00,137.8267364501953,26.54953384399414,298.249267578125,38.521488189697266,76.11461639404297
2023-08-25 04:00:00,137.6582489013672,26.43821144104004,298.4263610839844,38.33552932739258,75.91392517089844
2023-08-28 04:00:00,138.1356658935547,26.679405212402344,303.8515319824219,38.93989944458008,76.97208404541016
2023-08-29 04:00:00,139.25901794433594,27.059741973876953,309.9850158691406,39.051475524902344,78.03938293457031
2023-08-30 04:00:00,138.6973419189453,26.93914794921875,308.83831787109375,38.62377166748047,77.77484130859375
2023-08-31 04:00:00,136.98422241210938,26.81754493713379,308.02056884765625,38.391319274902344,77.67449188232422
2023-09-01 04:00:00,137.44293212890625,27.107515335083008,307.72918701171875,38.72604751586914,78.2218246459961
2023-09-05 04:00:00,135.92637634277344,26.79883575439453,304.2985534667969,38.62377166748047,77.39169311523438
2023-09-06 04:00:00,135.70175170898438,26.555639266967773,301.8359680175781,38.14027786254883,76.77141571044922
2023-09-07 04:00:00,134.5409393310547,26.312437057495117,302.6160583496094,37.59169387817383,76.47950744628906
2023-09-08 04:00:00,134.64390563964844,26.527576446533203,305.9621887207031,38.121673583984375,77.4646987915039
2023-09-11 04:00:00,135.23365783691406,26.63982391357422,305.1444091796875,38.42851257324219,76.178466796875
2023-09-12 04:00:00,136.9935760498047,27.098163604736328,311.0189514160156,39.553565979003906,78.03938293457031
2023-09-13 04:00:00,137.0591278076172,27.013975143432617,314.85382080078125,39.28392791748047,79.59012603759766
2023-09-14 04:00:00,139.71771240234375,27.31330108642578,323.86767578125,40.02775573730469,81.25035095214844
2023-09-15 04:00:00,139.3058624267578,26.976558685302734,321.9596252441406,39.93478012084961,80.6482925415039
2023-09-18 04:00:00,139.59603881835938,26.901731491088867,322.6927490234375,40.3810920715332,80.92195892333984
2023-09-19 04:00:00,139.41818237304688,26.79883575439453,321.3486328125,40.185829162597656,80.73951721191406
2023-09-20 04:00:00,138.82843017578125,26.70530128479004,316.470458984375,39.86039352416992,79.48978424072266
2023-09-21 04:00:00,137.74249267578125,26.237606048583984,310.3985595703125,39.34901428222656,77.42819213867188
2023-09-22 04:00:00,136.4225616455078,25.85409927368164,308.1897888183594,38.33552932739258,75.97779083251953
2023-09-25 04:00:00,137.09654235839844,25.81668472290039,309.0826721191406,38.642364501953125,75.7406234741211
2023-09-26 04:00:00,135.6736602783203,25.414464950561523,304.3643493652344,37.79624557495117,74.95610809326172
2023-09-27 04:00:00,136.4693603515625,25.508007049560547,302.606689453125,37.99150085449219,74.48175811767578
2023-09-28 04:00:00,138.1637420654297,25.779268264770508,305.6614074707031,38.037994384765625,74.97435760498047
2023-09-29 04:00:00,135.75791931152344,25.61089515686035,304.1293640136719,37.99150085449219,74.5
2023-10-02 04:00:00,134.58773803710938,24.974836349487305,299.36395263671875,36.82925033569336,73.35064697265625
2023-10-03 04:00:00,133.59544372558594,24.235881805419922,287.727783203125,35.95524597167969,71.17044067382812
2023-10-04 04:00:00,134.19456481933594,24.263938903808594,290.0588073730469,36.23419189453125,72.14651489257812
2023-10-05 04:00:00,134.76039123535156,24.37618637084961,291.8446044921875,36.541019439697266,72.20124816894531
2023-10-06 04:00:00,136.83506774902344,24.385540008544922,293.70562744140625,36.90363311767578,73.27765655517578
2023-10-09 04:00:00,136.52386474609375,24.610034942626953,293.8277893066406,36.91294860839844,72.8945083618164
2023-10-10 04:00:00,137.35372924804688,25.264806747436523,295.8580627441406,37.024513244628906,73.09519958496094
2023-10-11 04:00:00,137.8252410888672,25.27415657043457,294.21319580078125,36.90363311767578,71.97319030761719
2023-10-12 04:00:00,137.50465393066406,25.161911010742188,291.2336730957031,36.95012664794922,70.97888946533203
2023-10-13 04:00:00,139.5698699951172,25.03095817565918,290.7167053222656,38.08448791503906,70.96065521240234
2023-10-16 04:00:00,139.4284210205078,25.24609375,295.5008850097656,38.72604751586914,71.818115234375
2023-10-17 04:00:00,139.1266632080078,25.835391998291016,290.77301025390625,39.03287887573242,73.27765655517578
2023-10-18 04:00:00,137.5989532470703,25.545421600341797,283.81768798828125,38.61446762084961,68.30610656738281
2023-10-19 04:00:00,137.01425170898438,25.218034744262695,281.214111328125,38.28903579711914,66.5181884765625
2023-10-20 04:00:00,134.8075408935547,24.610034942626953,282.0224609375,37.44292449951172,66.70975494384766
2023-10-23 04:00:00,132.9686279296875,23.9178466796875,281.2423400878906,36.7083854675293,65.40528869628906
2023-10-24 04:00:00,133.12893676757812,23.824304580688477,281.2047119140625,36.522422790527344,65.27759552001953
2023-10-25 04:00:00,132.40280151367188,23.899141311645508,278.9301452636719,36.28997039794922,65.13164520263672
2023-10-26 04:00:00,132.74224853515625,24.43231201171875,279.14630126953125,36.866455078125,65.74281311035156
2023-10-27 04:00:00,127.9610595703125,23.543691635131836,272.49169921875,36.03892517089844,64.21942138671875
2023-10-30 04:00:00,129.592529296875,24.030094146728516,282.75555419921875,36.661895751953125,65.1797103881836
2023-10-31 04:00:00,131.13909912109375,24.638097763061523,285.3686218261719,36.978031158447266,65.39208984375
2023-11-01 04:00:00,131.02593994140625,24.694217681884766,288.7053527832031,36.82925033569336,65.51212310791016
2023-11-02 04:00:00,133.36468505859375,25.835391998291016,294.9088134765625,38.001869201660156,67.82975769042969
2023-11-03 04:00:00,134.8546905517578,26.583698272705078,307.9360046386719,39.04314422607422,70.41514587402344
2023-11-06 05:00:00,135.87315368652344,26.499513626098633,304.44891357421875,38.78047561645508,70.10120391845703
2023-11-07 05:00:00,135.80715942382812,26.340497970581055,304.4865417480469,38.499053955078125,69.72261810302734
2023-11-08 05:00:00,136.4767303466797,26.08794403076172,305.05987548828125,38.44276428222656,70.14737701416016
2023-11-09 05:00:00,136.0712127685547,25.75120735168457,301.5069580078125,37.898681640625,68.50377655029297
2023-11-10 05:00:00,138.08929443359375,25.89151382446289,305.95281982421875,38.358341217041016,69.55644989013672
2023-11-13 05:00:00,137.47634887695312,25.910221099853516,307.2686767578125,38.24576950073242,69.28865051269531
2023-11-14 05:00:00,139.9848175048828,27.332006454467773,318.3691101074219,39.474666595458984,72.30802917480469
2023-11-15 05:00:00,141.2107696533203,27.70616340637207,317.31640625,40.18760681152344,73.57303619384766
2023-11-16 05:00:00,142.82339477539062,27.63133430480957,316.4422607421875,39.89680099487305,73.55455017089844
2023-11-17 05:00:00,144.11534118652344,28.04290008544922,318.81085205078125,40.30017852783203,74.12703704833984
2023-11-20 05:00:00,144.5585479736328,28.07096290588379,319.0552673339844,40.14070129394531,73.59149169921875
2023-11-21 05:00:00,144.25680541992188,27.74357795715332,314.8443908691406,39.962467193603516,72.45575714111328
2023-11-22 05:00:00,144.59629821777344,27.715518951416016,318.2939147949219,40.131317138671875,72.47423553466797
2023-11-24 05:00:00,144.79429626464844,27.809053421020508,318.7732849121094,40.26264572143555,72.62196350097656
2023-11-27 05:00:00,144.46429443359375,27.650039672851562,317.41973876953125,40.3564567565918,71.97562408447266
2023-11-28 05:00:00,144.79429626464844,27.621980667114258,317.3633728027344,40.68479537963867,70.98762512207031
2023-11-29 05:00:00,145.5299072265625,28.351581573486328,322.4427490234375,41.069400787353516,72.52963256835938
2023-11-30 05:00:00,147.18966674804688,28.74757957458496,323.6557312011719,41.829254150390625,73.25908660888672
2023-12-01 05:00:00,147.9063720703125,29.190719604492188,330.1849060058594,42.23263168334961,74.6902847290039
2023-12-04 05:00:00,148.99085998535156,29.0587215423584,331.09466552734375,42.326438903808594,74.98575592041016
2023-12-05 05:00:00,148.97201538085938,28.83243751525879,323.854736328125,41.73545455932617,74.02546691894531
2023-12-06 05:00:00,147.4065704345703,28.785297393798828,324.06317138671875,41.74483108520508,73.32372283935547
2023-12-07 05:00:00,147.85919189453125,28.907861709594727,326.5744323730469,42.589107513427734,74.19165802001953
2023-12-08 05:00:00,149.49066162109375,29.190719604492188,332.4591979980469,43.24576950073242,75.97374725341797
2023-12-11 05:00:00,150.03761291503906,29.087007522583008,333.3405456542969,43.15196228027344,76.47236633300781
2023-12-12 05:00:00,151.37673950195312,28.983291625976562,334.1460266113281,43.592857360839844,77.19258880615234
2023-12-13 05:00:00,151.88600158691406,30.208999633789062,343.7361145019531,44.80299377441406,79.06700134277344
2023-12-14 05:00:00,154.64910888671875,32.00041961669922,363.3901062011719,47.38272476196289,84.0623550415039
2023-12-15 05:00:00,155.81846618652344,31.679853439331055,360.5850524902344,47.19511032104492,84.56097412109375
2023-12-18 05:00:00,156.76148986816406,31.519569396972656,356.6903381347656,46.585350036621094,83.80381774902344
2023-12-19 05:00:00,158.8550567626953,31.594995498657227,362.42352294921875,46.98872756958008,84.87491607666016
2023-12-20 05:00:00,157.06326293945312,31.09528160095215,357.7516784667969,46.28516387939453,84.15469360351562
2023-12-21 05:00:00,157.95916748046875,31.302709579467773,360.6419372558594,46.38835525512695,85.53047943115234
2023-12-22 05:00:00,157.8648681640625,31.519569396972656,360.7177429199219,46.135074615478516,85.32736206054688
2023-12-26 05:00:00,158.79849243164062,31.92499351501465,361.6274719238281,46.56658935546875,85.7243881225586
2023-12-27 05:00:00,159.75091552734375,31.9061336517334,364.3471984863281,46.27578353881836,86.48155212402344
2023-12-28 05:00:00,160.5996856689453,31.94385528564453,366.1761474609375,46.416500091552734,86.46306610107422
2023-12-29 05:00:00,160.41107177734375,31.745851516723633,365.5696105957031,46.17259979248047,86.10297393798828
2024-01-02 05:00:00,162.27830505371094,31.962711334228516,367.9671936035156,46.27578353881836,86.70314025878906
2024-01-03 05:00:00,161.5709991455078,31.613855361938477,361.7980651855469,45.6660270690918,84.86567687988281
2024-01-04 05:00:00,162.64321899414062,31.868419647216797,362.8973693847656,46.2288818359375,85.0872802734375
2024-01-05 05:00:00,163.45924377441406,32.46241760253906,366.2045593261719,46.82925796508789,86.09373474121094
2024-01-08 05:00:00,163.22203063964844,32.207847595214844,368.497802734375,46.82925796508789,86.3430404663086
2024-01-09 05:00:00,161.93157958984375,31.708145141601562,363.6459045410156,46.23826599121094,85.00418090820312
2024-01-10 05:00:00,162.27317810058594,31.679853439331055,361.9591369628906,46.041263580322266,84.4686279296875
2024-01-11 05:00:00,161.58999633789062,31.255571365356445,359.86492919921875,46.00374221801758,83.5729751586914
2024-01-12 05:00:00,160.40391540527344,30.92557144165039,357.96966552734375,44.465274810791016,82.82505798339844
2024-01-16 05:00:00,159.3981170654297,30.284423828125,360.52825927734375,43.92119216918945,79.38093566894531
2024-01-17 05:00:00,158.54417419433594,29.982715606689453,357.4294738769531,43.78047180175781,77.94049835205078
2024-01-18 05:00:00,158.85726928710938,29.916715621948242,357.17364501953125,43.56471633911133,77.46959686279297
2024-01-19 05:00:00,161.59947204589844,30.37871551513672,362.1866149902344,45.14069747924805,78.79920959472656
2024-01-22 05:00:00,161.40969848632812,30.689857482910156,365.7497253417969,45.52531051635742,79.1593246459961
2024-01-23 05:00:00,160.34698486328125,30.89728355407715,360.83148193359375,46.07878494262695,80.09191131591797
2024-01-24 05:00:00,161.77975463867188,31.09528160095215,359.53326416015625,46.42587661743164,80.85830688476562
2024-01-25 05:00:00,164.094970703125,31.48185157775879,362.660400390625,46.7917366027832,81.2738265991211
2024-01-26 05:00:00,163.46871948242188,31.519569396972656,358.00750732421875,47.20448684692383,81.00602722167969
2024-01-29 05:00:00,163.89572143554688,31.689281463623047,360.6324768066406,47.23263168334961,80.90447235107422
2024-01-30 05:00:00,167.254638671875,32.80184555053711,366.6120910644531,48.0206184387207,81.69701385498047
2024-01-31 05:00:00,165.4423370361328,32.0664176940918,363.90185546875,47.07316207885742,81.34268951416016
2024-02-01 05:00:00,164.8445587158203,31.632705688476562,363.75018310546875,46.03401184082031,80.95108795166016
2024-02-02 05:00:00,165.79339599609375,31.55728530883789,367.55023193359375,46.44023132324219,81.37067413330078
2024-02-05 05:00:00,165.57518005371094,31.104719161987305,362.9636535644531,46.005672454833984,80.08395385742188
2024-02-06 05:00:00,166.14450073242188,31.151853561401367,364.83050537109375,45.61835479736328,80.2797622680664
2024-02-07 05:00:00,166.45762634277344,31.283859252929688,366.4130554199219,45.797847747802734,80.1865234375
2024-02-08 05:00:00,165.8598175048828,31.22728157043457,364.87786865234375,45.6750373840332,79.86019897460938
2024-02-09 05:00:00,166.05908203125,31.180139541625977,364.13873291015625,45.40108871459961,80.08395385742188
2024-02-12 05:00:00,166.79917907714844,31.69870948791504,372.0799255371094,46.213497161865234,80.9977035522461
2024-02-13 05:00:00,165.34744262695312,30.878427505493164,358.91729736328125,45.571128845214844,78.29374694824219
2024-02-14 05:00:00,167.02694702148438,31.23670768737793,358.244384765625,45.84507751464844,78.32172393798828
2024-02-15 05:00:00,170.6705322265625,32.12299346923828,365.2380065917969,49.160892486572266,79.87882995605469
2024-02-16 05:00:00,169.87347412109375,32.141849517822266,364.3092956542969,49.03807830810547,80.65272521972656
2024-02-20 05:00:00,170.53768920898438,32.0192756652832,364.3851318359375,48.905818939208984,79.5804672241211
2024-02-21 05:00:00,171.64785766601562,31.774137496948242,367.9386901855469,49.74658966064453,79.68302154541016
2024-02-22 05:00:00,173.70687866210938,31.689281463623047,370.0235595703125,50.417301177978516,80.04666137695312
2024-02-23 05:00:00,174.57981872558594,31.981563568115234,370.57318115234375,50.88019561767578,80.69934844970703
2024-02-26 05:00:00,173.9820098876953,31.689281463623047,369.7866516113281,51.1352653503418,79.87882995605469
2024-02-27 05:00:00,174.0674285888672,32.32099533081055,370.3456726074219,51.777645111083984,79.71099853515625
2024-02-28 05:00:00,174.94989013671875,32.349273681640625,375.2319641113281,51.6926155090332,80.23313903808594
2024-02-29 05:00:00,176.54396057128906,32.776546478271484,371.29058837890625,52.51449203491211,80.22381591796875
2024-03-01 05:00:00,175.81333923339844,32.61513137817383,370.38397216796875,52.01380920410156,80.63408660888672
2024-03-04 05:00:00,177.13221740722656,33.374732971191406,374.3445129394531,52.722320556640625,83.95343017578125
2024-03-05 05:00:00,178.90658569335938,33.602603912353516,373.065673828125,53.46861267089844,83.10493469238281
2024-03-06 05:00:00,179.83648681640625,33.63109588623047,371.786865234375,53.95039367675781,79.86952209472656
2024-03-07 05:00:00,178.26136779785156,33.83048629760742,370.6988525390625,53.846473693847656,80.31705474853516
2024-03-08 05:00:00,178.59349060058594,33.802005767822266,369.3245544433594,53.91260528564453,81.15621185302734
2024-03-11 04:00:00,178.65988159179688,34.07735824584961,368.5325012207031,53.93149948120117,81.06298828125
2024-03-12 04:00:00,180.130615234375,34.143821716308594,370.4602355957031,54.4227294921875,81.16554260253906
2024-03-13 04:00:00,181.59185791015625,34.25776290893555,374.4017639160156,54.62111282348633,83.31007385253906
2024-03-14 04:00:00,178.3562469482422,33.88745880126953,370.8706359863281,54.19599914550781,83.07695770263672
2024-03-15 04:00:00,180.5670928955078,33.62160110473633,369.5345764160156,54.32825469970703,82.40564727783203
2024-03-18 04:00:00,182.80638122558594,34.19129180908203,366.8241882324219,54.57387924194336,82.01402282714844
2024-03-19 04:00:00,183.8785858154297,34.21028518676758,370.91839599609375,53.85593032836914,82.44292449951172
2024-03-20 04:00:00,186.28866577148438,34.893924713134766,378.371826171875,54.129878997802734,85.17487335205078
2024-03-21 04:00:00,188.87904357910156,35.61553955078125,394.8248596191406,54.64944839477539,87.08628845214844
2024-03-22 04:00:00,186.5638427734375,35.178768157958984,388.2494201660156,53.96929168701172,85.73430633544922
2024-03-25 04:00:00,184.8559112548828,34.99836349487305,386.4552307128906,53.59141159057617,84.97907257080078
2024-03-26 04:00:00,185.7193603515625,35.21675109863281,387.63861083984375,53.5441780090332,85.1095962524414
2024-03-27 04:00:00,189.31553649902344,35.900386810302734,396.2945861816406,54.4227294921875,87.17955017089844
2024-03-28 04:00:00,190.05564880371094,36.00482940673828,398.6231689453125,54.75335693359375,87.79491424560547
2024-04-01 04:00:00,188.76519775390625,35.62503433227539,394.6340026855469,54.4227294921875,87.20751190185547
2024-04-02 04:00:00,188.68931579589844,35.416141510009766,391.4273986816406,54.1771125793457,86.44293975830078
2024-04-03 04:00:00,188.1579132080078,35.549072265625,395.1016845703125,53.96929168701172,86.71334075927734
2024-04-04 04:00:00,186.72633361816406,35.05533218383789,387.7054443359375,53.5441780090332,86.04200744628906
2024-04-05 04:00:00,188.44422912597656,35.235740661621094,389.44232177734375,54.22434616088867,86.21916198730469
2024-04-08 04:00:00,189.42724609375,35.606040954589844,391.7995910644531,54.592769622802734,86.90914154052734
2024-04-09 04:00:00,188.1579132080078,35.824424743652344,391.9618225097656,54.39439392089844,87.72032165527344
2024-04-10 04:00:00,186.55453491210938,34.798973083496094,382.46600341796875,53.789794921875,85.45458984375
2024-04-11 04:00:00,186.51638793945312,34.51412582397461,379.3357849121094,53.55362319946289,80.9697494506836
2024-04-12 04:00:00,174.452880859375,33.98241424560547,371.71044921875,53.34579849243164,80.36367797851562
2024-04-15 04:00:00,174.54830932617188,34.13433074951172,382.5805358886719,53.81813430786133,81.1095962524414
2024-04-16 04:00:00,172.5536651611328,32.928466796875,378.7440490722656,53.289119720458984,83.1142578125
2024-04-17 04:00:00,171.86651611328125,33.450687408447266,385.47222900390625,54.016517639160156,83.99072265625
2024-04-18 04:00:00,172.98313903808594,33.96341323852539,384.708740234375,55.490211486816406,84.15855407714844
2024-04-19 04:00:00,177.3256072998047,35.10280990600586,385.55810546875,57.011131286621094,84.53152465820312
2024-04-22 04:00:00,180.77096557617188,35.824424743652344,398.2987365722656,57.71964645385742,85.8648452758789
2024-04-23 04:00:00,183.37644958496094,36.432106018066406,404.6451416015625,57.56849670410156,87.4219741821289
2024-04-24 04:00:00,184.27357482910156,36.384620666503906,403.72900390625,57.24730682373047,87.5058822631836
2024-04-25 04:00:00,184.5503387451172,35.99533462524414,400.87548828125,56.6143684387207,86.3030776977539
2024-04-26 04:00:00,184.6648712158203,35.919368743896484,408.05218505859375,56.59547424316406,86.55482482910156
2024-04-29 04:00:00,184.4644317626953,35.65351867675781,411.144287109375,56.49156951904297,86.67715454101562
2024-04-30 04:00:00,182.9946746826172,35.14078903198242,407.2314147949219,56.038124084472656,85.48207092285156
2024-05-01 04:00:00,183.10922241210938,35.083824157714844,407.4604797363281,56.2270622253418,86.1407699584961
2024-05-02 04:00:00,182.91831970214844,35.01736068725586,412.823974609375,56.519901275634766,87.18531799316406
2024-05-03 04:00:00,181.82077026367188,35.36867141723633,418.1778869628906,56.62382125854492,88.11690521240234
2024-05-06 04:00:00,183.24282836914062,35.78644561767578,423.4172668457031,56.8599853515625,89.19908905029297
2024-05-07 04:00:00,183.00421142578125,35.92886734008789,423.54132080078125,56.92611312866211,90.14009857177734
2024-05-08 04:00:00,186.72633361816406,35.80543518066406,426.54754638671875,57.84245300292969,89.99896240234375
2024-05-09 04:00:00,188.49195861816406,36.34664535522461,434.7645263671875,58.222496032714844,92.32325744628906
2024-05-10 04:00:00,189.70407104492188,36.50806427001953,433.9723815917969,58.802059173583984,92.48323822021484
2024-05-13 04:00:00,189.66586303710938,36.28018569946289,432.8558044433594,58.203495025634766,92.7467269897461
2024-05-14 04:00:00,192.3190460205078,36.54604721069336,437.5416564941406,58.802059173583984,93.51834106445312
2024-05-15 04:00:00,192.8917236328125,36.944828033447266,444.81378173828125,59.22960662841797,94.59111022949219
2024-05-16 04:00:00,193.23526000976562,37.23917007446289,443.3154602050781,58.01346969604492,93.70657348632812
2024-05-17 04:00:00,195.44944763183594,37.305641174316406,446.369384765625,58.032470703125,94.3088150024414
2024-05-20 04:00:00,186.6595458984375,36.859371185302734,441.8075866699219,57.67143630981445,94.4123306274414
2024-05-21 04:00:00,190.4198455810547,37.64745330810547,448.9366455078125,58.39350891113281,95.54154968261719
2024-05-22 04:00:00,189.2650146484375,37.751895904541016,441.2731628417969,57.88996124267578,94.79812622070312
2024-05-23 04:00:00,187.93841552734375,37.19169616699219,437.23626708984375,56.70232391357422,93.08548736572266
2024-05-24 04:00:00,191.55557250976562,37.69493103027344,440.1279602050781,57.20588684082031,93.1325454711914
2024-05-28 04:00:00,190.4007568359375,37.33412551879883,438.8204650878906,56.51230239868164,92.85023498535156
2024-05-29 04:00:00,189.07411193847656,36.764427185058594,436.30096435546875,55.818729400634766,91.53280639648438
2024-05-30 04:00:00,190.23851013183594,36.67897033691406,432.2781066894531,56.25577163696289,91.49516296386719
2024-05-31 04:00:00,193.38800048828125,37.97028350830078,438.3172607421875,56.93035125732422,92.0691909790039
2024-06-03 04:00:00,192.6149139404297,37.86583709716797,436.83868408203125,56.37928771972656,91.66455078125
2024-06-04 04:00:00,190.0762481689453,37.67593765258789,437.1458740234375,55.771217346191406,90.88350677490234
2024-06-05 04:00:00,188.2628936767578,37.94179916381836,443.2715148925781,55.75221633911133,90.95878601074219
2024-06-06 04:00:00,187.92889404296875,37.69493103027344,439.83428955078125,54.84962463378906,91.13758850097656
2024-06-07 04:00:00,190.8302001953125,38.000614166259766,436.771484375,55.44818878173828,91.41047668457031
2024-06-10 04:00:00,190.50575256347656,37.89553451538086,435.4656982421875,55.03963851928711,90.7047119140625
2024-06-11 04:00:00,185.49517822265625,37.12177276611328,426.5556945800781,54.27956008911133,89.80133819580078
2024-06-12 04:00:00,182.79425048828125,37.64717102050781,430.80908203125,54.44106674194336,90.00836181640625
2024-06-13 04:00:00,184.82711791992188,37.503875732421875,428.55279541015625,54.41257095336914,89.59432220458984
2024-06-14 04:00:00,184.94163513183594,37.48477554321289,428.65838623046875,54.53608322143555,89.86721801757812
2024-06-17 04:00:00,186.08688354492188,37.7426872253418,432.23004150390625,55.334171295166016,91.31636810302734
2024-06-18 04:00:00,188.01478576660156,38.20122146606445,439.19097900390625,56.103763580322266,91.81511688232422
2024-06-20 04:00:00,189.6085968017578,38.20122146606445,439.7862548828125,56.01824951171875,91.69278717041016
2024-06-21 04:00:00,187.34671020507812,37.72359085083008,432.23004150390625,55.20115661621094,90.48828887939453
2024-06-24 04:00:00,189.8090057373047,38.22988510131836,443.6651916503906,56.06575012207031,91.3728256225586
2024-06-25 04:00:00,189.03594970703125,37.618507385253906,439.1429748535156,54.3460578918457,92.03155517578125
2024-06-26 04:00:00,188.42514038085938,37.2555046081543,437.68353271484375,54.165550231933594,91.17522430419922
2024-06-27 04:00:00,190.08580017089844,37.494327545166016,428.1783447265625,54.555084228515625,90.12127685546875
2024-06-28 04:00:00,193.03485107421875,37.991065979003906,434.28472900390625,56.42679214477539,91.45752716064453
2024-07-01 04:00:00,196.079345703125,38.22032928466797,445.1725769042969,57.566917419433594,93.31133270263672
2024-07-02 04:00:00,199.30519104003906,39.09917449951172,447.0448303222656,57.92796325683594,93.7724380493164
2024-07-03 04:00:00,199.1715850830078,39.070518493652344,449.2626953125,57.633426666259766,94.28998565673828
2024-07-05 04:00:00,196.53245544433594,38.6024284362793,446.21905517578125,56.64531326293945,93.71597290039062
2024-07-08 04:00:00,196.8971405029297,38.80303955078125,446.28631591796875,56.06575012207031,94.65699005126953
2024-07-09 04:00:00,199.25794982910156,39.567256927490234,453.9768981933594,56.89234924316406,96.55784606933594
2024-07-10 04:00:00,199.42111206054688,39.872947692871094,459.7953186035156,56.740325927734375,97.35770416259766
2024-07-11 04:00:00,199.085205078125,39.939815521240234,460.1217346191406,57.15837478637695,98.4681167602539
2024-07-12 04:00:00,196.67642211914062,39.729652404785156,460.745849609375,53.718997955322266,97.95055389404297
2024-07-15 04:00:00,201.5803680419922,40.0162353515625,472.6034240722656,54.84962463378906,99.05155181884766
2024-07-16 04:00:00,205.0064239501953,42.15604019165039,482.9631652832031,57.23438262939453,99.95492553710938
2024-07-17 04:00:00,208.12535095214844,42.01274871826172,482.1566467285156,57.87095642089844,100.65127563476562
2024-07-18 04:00:00,201.51318359375,41.08613967895508,466.8233947753906,56.28428268432617,98.62808227539062
2024-07-19 04:00:00,201.32125854492188,40.98106002807617,465.594482421875,56.27477264404297,96.06851959228516
2024-07-22 04:00:00,201.80108642578125,40.40789794921875,467.620361328125,56.189266204833984,96.39786529541016
2024-07-23 04:00:00,201.84909057617188,40.51297378540039,472.5265808105469,56.69282531738281,97.39535522460938
2024-07-24 04:00:00,200.1792449951172,40.30281066894531,467.29388427734375,56.474300384521484,95.95559692382812
2024-07-25 04:00:00,200.25601196289062,39.81562805175781,472.1041259765625,56.72132873535156,97.45181274414062
2024-07-26 04:00:00,203.68206787109375,39.80607223510742,479.1322937011719,57.37689971923828,98.04464721679688
2024-07-29 04:00:00,202.34811401367188,39.252017974853516,473.0738525390625,56.6168212890625,96.43551635742188
2024-07-30 04:00:00,206.51312255859375,39.43351745605469,485.5075378417969,57.01586151123047,97.64002227783203
2024-07-31 04:00:00,204.219482421875,38.50691223144531,488.7335510253906,56.37928771972656,97.99607849121094
2024-08-01 04:00:00,199.57467651367188,37.73313522338867,480.1788330078125,54.04202651977539,96.61932373046875
2024-08-02 04:00:00,191.1102752685547,35.899024963378906,451.8742980957031,50.60264587402344,91.00787353515625
2024-08-05 04:00:00,187.0412139892578,35.0106201171875,440.7175598144531,49.5195198059082,87.4188461303711
2024-08-06 04:00:00,192.2619171142578,35.26853942871094,451.4709777832031,49.747554779052734,88.27337646484375
2024-08-07 04:00:00,192.31948852539062,35.63154602050781,454.1497802734375,49.68104934692383,87.45681762695312
2024-08-08 04:00:00,195.8319091796875,36.5008430480957,466.40093994140625,50.12759017944336,89.84951782226562
2024-08-09 04:00:00,197.5017547607422,36.567710876464844,470.7119445800781,50.510536193847656,89.93497467041016
2024-08-12 04:00:00,197.8760223388672,36.46262741088867,466.1417236328125,49.84038162231445,90.04889678955078
2024-08-13 04:00:00,199.5554656982422,36.739662170410156,472.324951171875,50.615848541259766,91.82443237304688
2024-08-14 04:00:00,201.7626953125,37.074005126953125,478.8154296875,51.37216567993164,94.41653442382812
2024-08-15 04:00:00,203.01988220214844,37.28416442871094,479.1226806640625,52.243370056152344,95.55590057373047
2024-08-16 04:00:00,205.34230041503906,37.580299377441406,484.1537170410156,52.97096252441406,96.31549072265625
2024-08-19 04:00:00,206.76263427734375,37.89553451538086,484.5569763183594,54.043212890625,96.6098403930664
2024-08-20 04:00:00,205.87013244628906,36.95937728881836,477.5096740722656,53.756004333496094,95.68883514404297
2024-08-21 04:00:00,205.9468994140625,37.01668930053711,476.6647033691406,53.09541702270508,95.60337829589844
2024-08-22 04:00:00,207.89505004882812,37.48477554321289,477.9033203125,53.5740966796875,95.47994995117188
2024-08-23 04:00:00,209.50732421875,37.991065979003906,489.1080017089844,54.28255081176758,96.74274444580078
2024-08-26 04:00:00,210.3326416015625,38.13434982299805,487.6197509765625,54.30169677734375,97.16053009033203
2024-08-27 04:00:00,211.30191040039062,37.89553451538086,487.03411865234375,53.861305236816406,96.92315673828125
2024-08-28 04:00:00,212.36717224121094,38.16301345825195,483.2607727050781,54.63677978515625,97.03709411621094
2024-08-29 04:00:00,213.2500762939453,38.3731689453125,489.7608642578125,54.90483474731445,97.41688537597656
2024-08-30 04:00:00,215.73561096191406,38.92722702026367,492.80316162109375,55.977088928222656,98.37586212158203
2024-09-03 04:00:00,211.4170684814453,38.87946701049805,470.79241943359375,55.881351470947266,94.25508880615234
2024-09-04 04:00:00,210.48617553710938,38.688411712646484,473.8636779785156,55.64200210571289,95.09066009521484
2024-09-05 04:00:00,208.854736328125,38.34451675415039,471.1980895996094,54.435733795166016,94.53045654296875
2024-09-06 04:00:00,203.89321899414062,37.267635345458984,463.2108154296875,51.697662353515625,91.71048736572266
2024-09-09 04:00:00,208.06781005859375,37.95030212402344,471.8644714355469,52.262516021728516,93.22018432617188
2024-09-10 04:00:00,197.27139282226562,37.767616271972656,451.1575622558594,51.649803161621094,91.7389907836914
2024-09-11 04:00:00,198.87408447265625,37.49839782714844,455.0594177246094,51.439178466796875,92.1282730102539
2024-09-12 04:00:00,198.2694854736328,37.286861419677734,457.8506164550781,49.37127685546875,91.75797271728516
2024-09-13 04:00:00,196.08143615722656,37.1618766784668,462.6120300292969,50.52967834472656,93.28663635253906
2024-09-16 04:00:00,199.4786834716797,37.59454345703125,468.57110595703125,51.49662399291992,95.03368377685547
2024-09-17 04:00:00,200.81263732910156,38.027225494384766,468.7931823730469,52.18592071533203,94.79631042480469
2024-09-18 04:00:00,199.1619873046875,38.09452438354492,468.0108642578125,51.94658279418945,94.28360748291016
2024-09-19 04:00:00,201.99302673339844,39.2963981628418,486.6026611328125,53.420921325683594,95.64137268066406
2024-09-20 04:00:00,202.5784454345703,38.719505310058594,481.3872985839844,53.89002990722656,97.29346466064453
2024-09-23 04:00:00,202.91432189941406,38.33489990234375,480.4021911621094,52.76034927368164,97.29346466064453
2024-09-24 04:00:00,203.05828857421875,37.93107223510742,480.9913024902344,51.85084533691406,97.39790344238281
2024-09-25 04:00:00,201.71473693847656,37.738773345947266,474.3465881347656,51.32429504394531,97.17002868652344
2024-09-26 04:00:00,201.32125854492188,37.998374938964844,479.9289855957031,53.98576736450195,99.31584930419922
2024-09-27 04:00:00,202.01223754882812,37.882999420166016,481.464599609375,53.51666259765625,98.85060119628906
2024-09-30 04:00:00,202.3577117919922,38.152217864990234,478.1808166503906,54.081504821777344,98.97404479980469
2024-10-01 04:00:00,198.69174194335938,37.70992660522461,473.40972900390625,53.028404235839844,99.14495086669922
2024-10-02 04:00:00,198.931640625,37.719539642333984,475.16748046875,52.942237854003906,99.2398910522461
2024-10-03 04:00:00,196.95472717285156,37.738773345947266,469.4788818359375,52.635887145996094,99.28736877441406
2024-10-04 04:00:00,203.94537353515625,38.56565856933594,478.2290954589844,54.53146743774414,102.43016052246094
2024-10-07 04:00:00,203.66534423828125,38.42143630981445,477.70758056640625,54.72294235229492,102.20228576660156
2024-10-08 04:00:00,203.49154663085938,38.39258575439453,479.59088134765625,54.856964111328125,102.05986022949219
2024-10-09 04:00:00,206.06961059570312,38.642574310302734,487.9065246582031,55.08673858642578,103.53155517578125
2024-10-10 04:00:00,205.50958251953125,38.431053161621094,486.4964294433594,55.28778839111328,102.62005615234375
2024-10-11 04:00:00,214.63409423828125,40.334815979003906,498.646240234375,58.389644622802734,104.87982177734375
2024-10-14 04:00:00,213.8520050048828,40.296356201171875,504.8757019042969,59.509761810302734,106.60786437988281
2024-10-15 04:00:00,214.7306671142578,40.51749801635742,504.5184020996094,60.34265899658203,106.55091857910156
2024-10-16 04:00:00,215.93760681152344,41.1520881652832,511.7425842285156,61.16599655151367,113.47264862060547
2024-10-17 04:00:00,216.69073486328125,40.959781646728516,510.9120788574219,61.63510513305664,113.40617370605469
2024-10-18 04:00:00,217.6080322265625,40.690574645996094,510.42919921875,61.615962982177734,114.9443359375
2024-10-21 04:00:00,215.31967163085938,40.15212631225586,500.0950012207031,61.29045486450195,112.30476379394531
2024-10-22 04:00:00,216.40106201171875,40.67134094238281,500.57794189453125,62.04677200317383,112.3427505493164
2024-10-23 04:00:00,215.7155303955078,40.70979309082031,499.51556396484375,61.80742645263672,112.30476379394531
2024-10-24 04:00:00,217.2314453125,41.00786209106445,506.5659484863281,62.64033889770508,113.14981079101562
2024-10-25 04:00:00,214.65341186523438,40.27712631225586,495.0727844238281,61.77871322631836,110.97549438476562
2024-10-28 04:00:00,217.7335662841797,40.97901916503906,505.67730712890625,62.81266784667969,113.11182403564453
2024-10-29 04:00:00,215.22308349609375,40.892478942871094,506.3534851074219,62.5158805847168,113.27324676513672
2024-10-30 04:00:00,216.6810760498047,40.68095779418945,506.4693603515625,62.62120056152344,111.96296691894531
2024-10-31 04:00:00,214.27682495117188,40.209815979003906,500.0852966308594,62.1520881652832,111.25000762939453
2024-11-01 04:00:00,215.26173400878906,40.15212631225586,501.5920104980469,61.92231750488281,111.82420349121094
2024-11-04 05:00:00,212.21055603027344,39.73868942260742,493.9814147949219,60.98410415649414,111.14472961425781
2024-11-05 05:00:00,213.8616485595703,40.267513275146484,508.9418029785156,61.338321685791016,112.74291229248047
2024-11-06 05:00:00,238.55101013183594,43.661590576171875,575.6017456054688,69.38018798828125,125.83451843261719
2024-11-07 05:00:00,228.23887634277344,43.04623794555664,562.2639770507812,66.84317779541016,122.91570281982422
2024-11-08 05:00:00,228.8181610107422,43.39237594604492,569.1115112304688,67.44015502929688,123.95881652832031
2024-11-11 05:00:00,231.04859924316406,44.30580139160156,581.744384765625,69.86660766601562,127.7772216796875
2024-11-12 05:00:00,231.30931091308594,44.094268798828125,572.3278198242188,69.9051284790039,126.6192626953125
2024-11-13 05:00:00,232.8542022705078,44.10388946533203,573.9019165039062,70.06883239746094,127.04988861083984
2024-11-14 05:00:00,233.53976440429688,44.132728576660156,568.4838256835938,70.09770965576172,126.73409271240234
2024-11-15 05:00:00,236.86126708984375,44.95000457763672,573.2452392578125,71.58053588867188,128.2939910888672
2024-11-18 05:00:00,236.59091186523438,44.9211540222168,567.8850708007812,71.33981323242188,128.02601623535156
2024-11-19 05:00:00,234.71771240234375,44.62309265136719,561.5010986328125,70.7043228149414,126.55226135253906
2024-11-20 05:00:00,232.48728942871094,44.28657531738281,562.0322265625,70.84874725341797,126.02592468261719
2024-11-21 05:00:00,236.33023071289062,44.67116928100586,575.727294921875,72.05236053466797,129.18399047851562
2024-11-22 05:00:00,239.9897003173828,45.190372467041016,582.1693725585938,73.1404037475586,128.89691162109375
2024-11-25 05:00:00,241.6697540283203,45.6711311340332,582.4107666015625,74.0455093383789,127.91118621826172
2024-11-26 05:00:00,241.3607940673828,45.911495208740234,584.7963256835938,74.47881317138672,125.63356018066406
2024-11-27 05:00:00,241.18698120117188,45.93073272705078,584.7286376953125,74.3440170288086,125.56658172607422
2024-11-29 05:00:00,241.11941528320312,45.68073272705078,587.7613525390625,73.34262084960938,125.94935607910156
2024-12-02 05:00:00,237.76889038085938,45.22883605957031,584.0148315429688,72.48564910888672,125.39430236816406
2024-12-03 05:00:00,236.38815307617188,45.01730728149414,584.3739624023438,71.38796997070312,124.82968139648438
2024-12-04 05:00:00,235.01705932617188,44.58463668823242,581.1030883789062,70.3480453491211,124.39904022216797
2024-12-05 05:00:00,237.02542114257812,45.190372467041016,579.2493286132812,70.92578887939453,124.71485137939453
2024-12-06 05:00:00,238.84068298339844,45.200042724609375,582.0444946289062,71.57091522216797,124.3703384399414
2024-12-09 05:00:00,235.41293334960938,44.38789749145508,576.6480102539062,69.92440032958984,123.04969024658203
2024-12-10 05:00:00,234.4956512451172,44.23319625854492,567.8253784179688,69.37554931640625,121.33667755126953
2024-12-11 05:00:00,235.142578125,44.55226135253906,575.1339721679688,68.94225311279297,122.10225677490234
2024-12-12 05:00:00,233.21144104003906,44.55226135253906,574.2118530273438,68.17194366455078,122.40850067138672
2024-12-13 05:00:00,231.6762237548828,44.15584945678711,568.2621459960938,67.82530975341797,121.92044067382812
2024-12-16 05:00:00,231.32862854003906,43.96248245239258,569.0870971679688,69.30815124511719,123.48033905029297
2024-12-17 05:00:00,230.15061950683594,43.55640411376953,557.77978515625,68.18156433105469,122.24581146240234
2024-12-18 05:00:00,222.43580627441406,42.057796478271484,534.0682373046875,66.2076644897461,115.833984375
2024-12-19 05:00:00,224.9366455078125,41.94178009033203,537.6981811523438,66.29431915283203,115.31720733642578
2024-12-20 05:00:00,229.4168243408203,42.7055778503418,549.4520874023438,67.72901916503906,118.1307601928711
2024-12-23 05:00:00,230.17959594726562,42.43486022949219,553.9945068359375,67.92160034179688,119.0973129272461
2024-12-24 05:00:00,233.96456909179688,42.90861892700195,565.6513061523438,68.9326171875,121.59505462646484
2024-12-26 05:00:00,234.76602172851562,43.07297897338867,564.1371459960938,69.09630584716797,122.52333068847656
2024-12-27 05:00:00,232.86386108398438,42.86994934082031,559.235595703125,68.4704360961914,121.3079605102539
2024-12-30 05:00:00,231.0775604248047,42.454200744628906,556.6829833984375,67.79643249511719,120.3414077758789
2024-12-31 05:00:00,231.45416259765625,42.49287796020508,555.7802734375,67.63272094726562,120.31269073486328
2025-01-02 05:00:00,231.73414611816406,42.82160186767578,558.061279296875,67.5845947265625,119.41312408447266
2025-01-03 05:00:00,234.90118408203125,43.32436752319336,563.0695190429688,68.66300964355469,120.52323150634766
2025-01-06 05:00:00,233.75595092773438,43.89480209350586,566.233642578125,69.35628509521484,123.10710906982422
2025-01-07 05:00:00,236.00759887695312,44.55226135253906,563.059814453125,68.9326171875,121.42279815673828
2025-01-08 05:00:00,235.9687957763672,44.677947998046875,562.9627685546875,68.91336822509766,122.36064910888672
2025-01-10 05:00:00,232.8048095703125,43.614418029785156,543.531494140625,67.36312103271484,118.14033508300781
2025-01-13 05:00:00,237.0169677734375,43.566078186035156,546.394775390625,67.91197204589844,118.65709686279297
2025-01-14 05:00:00,240.1809539794922,44.262203216552734,554.722412109375,68.54747009277344,119.260009765625
2025-01-15 05:00:00,244.917236328125,45.53843307495117,588.10107421875,73.13078308105469,124.93497467041016
2025-01-16 05:00:00,246.7806854248047,45.09368896484375,594.963134765625,73.13078308105469,129.96871948242188
2025-01-17 05:00:00,251.52664184570312,44.987335205078125,607.5322265625,74.21884155273438,131.9401092529297
2025-01-21 05:00:00,255.28265380859375,45.11302947998047,616.073486328125,74.96025085449219,131.39463806152344
2025-01-22 05:00:00,255.0982208251953,44.271873474121094,614.1226196289062,74.6617660522461,130.15054321289062
2025-01-23 05:00:00,258.11663818359375,44.85197830200195,620.6934814453125,74.55584716796875,131.8731231689453
2025-01-24 05:00:00,257.039306640625,44.97766876220703,618.1699829101562,74.44992065429688,131.89227294921875
2025-01-27 05:00:00,258.0196228027344,45.52877426147461,614.656494140625,75.04691314697266,130.7725830078125
2025-01-28 05:00:00,259.2716064453125,45.28705978393555,619.0435180664062,74.9891357421875,132.58126831054688
2025-01-29 05:00:00,258.72808837890625,45.200042724609375,618.6358642578125,75.46095275878906,132.7439727783203
2025-01-30 05:00:00,260.3294982910156,45.17103958129883,626.7112426757812,75.89424896240234,133.9210968017578
2025-01-31 05:00:00,259.4268798828125,44.76496124267578,621.5670776367188,75.87498474121094,133.35751342773438
2025-02-03 05:00:00,258.95135498046875,44.677947998046875,613.7732543945312,75.2394790649414,132.13404846191406
2025-02-04 05:00:00,260.04803466796875,45.16136932373047,615.5299682617188,76.52012634277344,131.7583465576172
2025-02-05 05:00:00,262.4646911621094,45.5481071472168,626.4684448242188,77.07859802246094,133.8391876220703
2025-02-06 05:00:00,268.74407958984375,46.15721893310547,638.8629150390625,78.39773559570312,135.91041564941406
2025-02-07 05:00:00,267.6764831542969,45.828495025634766,636.6112060546875,78.05906677246094,134.85072326660156
2025-02-10 05:00:00,263.05670166015625,45.12269592285156,631.399169921875,76.53986358642578,132.278564453125
2025-02-11 05:00:00,266.890380859375,45.23871994018555,628.2058715820312,77.06239318847656,132.740966796875
2025-02-12 05:00:00,267.33685302734375,44.677947998046875,629.9141235351562,76.68502807617188,132.08587646484375
2025-02-13 05:00:00,268.1811828613281,44.79397201538086,629.8656616210938,76.29796600341797,131.82577514648438
2025-02-14 05:00:00,268.4432373046875,45.403079986572266,641.1244506835938,77.39139556884766,133.85845947265625
2025-02-18 05:00:00,271.7043151855469,44.987335205078125,652.4221801757812,78.1655044555664,135.5540008544922
2025-02-19 05:00:00,271.02490234375,44.48457336425781,648.5009765625,77.74942016601562,135.5347137451172
2025-02-20 05:00:00,258.94158935546875,43.79811477661133,623.3723754882812,76.08509063720703,129.41737365722656
2025-02-21 05:00:00,256.45703125,43.32436752319336,607.2022094726562,74.99166870117188,126.86449432373047
2025-02-24 05:00:00,253.64244079589844,42.985965728759766,607.7265014648438,74.7207260131836,125.20751190185547
2025-02-25 05:00:00,249.81845092773438,42.48320388793945,596.8267211914062,73.54021453857422,124.85106658935547
2025-02-26 05:00:00,251.16754150390625,42.48320388793945,599.6026000976562,73.97563934326172,126.24794006347656
2025-02-27 05:00:00,251.4198455810547,42.65723419189453,590.1199340820312,74.14014434814453,124.5042724609375
2025-02-28 05:00:00,256.8548889160156,44.57159423828125,606.984619140625,75.78512573242188,128.2324676513672
2025-03-03 05:00:00,252.94363403320312,44.04949951171875,590.3734741210938,74.53688049316406,124.39830780029297
2025-03-04 05:00:00,242.8790740966797,41.25531005859375,566.8466796875,70.92760467529297,117.25982666015625
2025-03-05 05:00:00,244.12135314941406,40.887908935546875,578.4832763671875,71.759765625,119.21544647216797
2025-03-06 05:00:00,239.2783203125,40.08543395996094,553.7079467773438,70.29863739013672,114.99594116210938
2025-03-07 05:00:00,235.14381408691406,40.28002166748047,545.9048461914062,68.75042724609375,114.91886901855469
2025-03-10 04:00:00,225.38014221191406,38.75249481201172,518.5836181640625,64.61862182617188,107.59735107421875
2025-03-11 04:00:00,222.39083862304688,38.5384407043457,518.3593139648438,65.1024398803711,107.93452453613281
2025-03-12 04:00:00,221.18736267089844,38.83032989501953,522.5341186523438,66.69904327392578,109.82270812988281
2025-03-13 04:00:00,218.55718994140625,38.59681701660156,511.9021301269531,66.24424743652344,107.58772277832031
2025-03-14 04:00:00,225.59364318847656,39.783817291259766,528.0938110351562,68.55690002441406,111.11359405517578
2025-03-17 04:00:00,227.0397491455078,40.31893539428711,537.7796630859375,68.5472183227539,113.6375961303711
2025-03-18 04:00:00,228.04913330078125,40.52325439453125,538.2088623046875,68.80848693847656,113.78209686279297
2025-03-19 04:00:00,232.06719970703125,41.06810760498047,543.632080078125,70.40506744384766,115.45833587646484
2025-03-20 04:00:00,231.9701385498047,41.33080291748047,548.8406982421875,70.17283630371094,116.05562591552734
2025-03-21 04:00:00,234.51296997070312,41.32107925415039,551.240234375,70.17283630371094,115.73771667480469
2025-03-24 04:00:00,240.7535858154297,41.90483856201172,565.832275390625,71.87588500976562,119.71636962890625
2025-03-25 04:00:00,243.733154296875,42.10915756225586,571.5286254882812,71.83717346191406,120.6123046875
2025-03-26 04:00:00,243.6361083984375,41.66160583496094,559.8043212890625,71.09209442138672,117.72222900390625
2025-03-27 04:00:00,240.81179809570312,41.40863800048828,545.1731567382812,69.94062042236328,114.63948822021484
2025-03-28 04:00:00,235.69703674316406,40.13407897949219,529.7618408203125,68.40206909179688,111.10396575927734
2025-03-31 04:00:00,238.0748748779297,40.60108947753906,532.8538818359375,69.46646881103516,112.39486694335938
2025-04-01 04:00:00,236.48318481445312,40.36758804321289,534.9607543945312,69.00201416015625,111.49894714355469
2025-04-02 04:00:00,238.57957458496094,40.71784210205078,549.2504272460938,69.92125701904297,114.89959716796875
2025-04-03 04:00:00,221.95411682128906,36.21310043334961,498.6561584472656,63.5445442199707,103.97512817382812
2025-04-04 04:00:00,205.34344482421875,33.45965576171875,459.23028564453125,59.00634002685547,96.17193603515625
2025-04-07 04:00:00,209.40577697753906,34.61746597290039,454.0606994628906,60.1578254699707,97.22199249267578
2025-04-08 04:00:00,211.77871704101562,34.082340240478516,450.8515930175781,60.07073974609375,96.63434600830078
2025-04-09 04:00:00,228.83860778808594,36.14499282836914,504.157470703125,64.18318939208984,107.60697937011719
2025-04-10 04:00:00,221.77833557128906,34.88016128540039,477.7532043457031,61.067405700683594,102.67459869384766
2025-04-11 04:00:00,230.65492248535156,34.977455139160156,482.2791442871094,60.486820220947266,104.15817260742188
2025-04-14 04:00:00,229.20965576171875,35.677978515625,491.5845031738281,61.05772399902344,105.11189270019531
2025-04-15 04:00:00,227.65699768066406,36.96227264404297,495.3983459472656,62.45111846923828,106.39315032958984
2025-04-16 04:00:00,224.21963500976562,36.320125579833984,486.77569580078125,61.90924835205078,103.9076919555664
2025-04-17 04:00:00,226.5144805908203,36.39795684814453,496.95892333984375,62.61561965942383,105.17932891845703
2025-04-21 04:00:00,223.6141815185547,35.92121505737305,489.02886962890625,61.93827438354492,102.40486145019531
2025-04-22 04:00:00,230.05923461914062,37.28334045410156,507.20068359375,64.08642578125,106.33535766601562
2025-04-23 04:00:00,235.22508239746094,37.70170974731445,516.2914428710938,65.74108123779297,108.19462585449219
2025-04-24 04:00:00,238.89678955078125,38.50925827026367,531.9564819335938,67.30865478515625,111.36407470703125
2025-04-25 04:00:00,237.83238220214844,38.616275787353516,531.458984375,67.47314453125,111.75906372070312
2025-04-28 04:00:00,237.51014709472656,38.70384216308594,532.9611206054688,67.18285369873047,111.58564758300781
2025-04-29 04:00:00,238.87725830078125,38.908164978027344,535.419189453125,68.79879760742188,111.95172882080078
2025-04-30 04:00:00,238.87725830078125,38.8011360168457,534.0828247070312,68.71171569824219,112.08282470703125
2025-05-01 04:00:00,241.09397888183594,39.08329391479492,540.2083740234375,69.48582458496094,113.38407897949219
2025-05-02 04:00:00,246.58204650878906,39.958946228027344,552.1766357421875,71.41142272949219,116.7440414428711
2025-05-05 04:00:00,246.630859375,40.007591247558594,545.79736328125,71.45978546142578,116.14196014404297
2025-05-06 04:00:00,243.3985595703125,39.73516845703125,535.8482666015625,71.10176849365234,114.90868377685547
2025-05-07 04:00:00,243.5352783203125,39.82273864746094,538.3453979492188,70.81148529052734,115.65641784667969
2025-05-08 04:00:00,247.51950073242188,40.474609375,551.7864990234375,70.93727111816406,118.35603332519531
2025-05-09 04:00:00,247.13865661621094,40.65946960449219,553.1520385742188,70.48971557617188,118.18124389648438
2025-05-12 04:00:00,253.94497680664062,42.18699264526367,576.7958374023438,72.85397338867188,123.38626098632812
2025-05-13 04:00:00,256.8355407714844,43.08211135864258,588.9591674804688,73.93394470214844,125.61006927490234
2025-05-14 04:00:00,259.4037780761719,43.529666900634766,596.5575561523438,74.21609497070312,127.25118255615234
2025-05-15 04:00:00,261.2103271484375,43.17940139770508,600.7518310546875,73.54475402832031,128.67869567871094
2025-05-16 04:00:00,261.2786865234375,43.48101043701172,603.8048095703125,74.1187973022461,128.35821533203125
2025-05-19 04:00:00,258.66162109375,43.55885696411133,597.240234375,74.00203704833984,127.05696868896484
2025-05-20 04:00:00,259.4428405761719,43.48101043701172,591.6025390625,73.47664642333984,125.39643096923828
2025-05-21 04:00:00,254.91180419921875,42.07997131347656,578.8637084960938,71.20970153808594,121.67715454101562
2025-05-22 04:00:00,254.55047607421875,42.13835144042969,583.5164184570312,71.40428161621094,122.60940551757812
2025-05-23 04:00:00,254.58953857421875,42.03132629394531,583.8187255859375,70.85943603515625,122.42488861083984
2025-05-27 04:00:00,259.06201171875,43.02373504638672,600.5859375,71.98805236816406,125.47411346435547
2025-05-28 04:00:00,257.30426025390625,42.86806106567383,593.4752807617188,71.73509216308594,123.8232650756836
2025-05-29 04:00:00,258.1636047363281,43.04319763183594,589.9832763671875,72.49398040771484,124.45447540283203
2025-05-30 04:00:00,257.80230712890625,42.9361686706543,588.6011352539062,72.75666809082031,124.32821655273438
2025-06-02 04:00:00,258.4468078613281,42.887516021728516,586.9052124023438,72.69829559326172,124.6875228881836
2025-06-03 04:00:00,260.01898193359375,43.44209671020508,591.9143676757812,73.60314178466797,124.95941925048828
2025-06-04 04:00:00,258.0171203613281,43.15994644165039,587.3856201171875,73.34043884277344,124.45447540283203
2025-06-05 04:00:00,255.8004608154297,43.17940139770508,593.9240112304688,72.87342834472656,126.84332275390625
2025-06-06 04:00:00,259.4916687011719,44.01128387451172,601.8837890625,74.26473236083984,128.00865173339844
2025-06-09 04:00:00,260.4779357910156,43.91341018676758,601.4132080078125,74.39122772216797,128.1348876953125
2025-06-10 04:00:00,262.2943420410156,44.12872314453125,602.736572265625,73.4085464477539,128.00865173339844
2025-06-11 04:00:00,261.8548583984375,43.776397705078125,611.85302734375,72.90262603759766,127.99891662597656
2025-06-12 04:00:00,261.9427490234375,43.66874313354492,612.7745361328125,72.00751495361328,128.10574340820312
2025-06-13 04:00:00,258.7300109863281,43.15004348754883,601.432861328125,70.40215301513672,125.74600982666016
2025-06-16 04:00:00,264.012939453125,43.463218688964844,615.4603881835938,71.1707763671875,127.11522674560547
2025-06-17 04:00:00,263.19268798828125,43.287052154541016,612.3137817382812,70.53836059570312,126.32864379882812
2025-06-18 04:00:00,267.5284729003906,44.099365234375,622.7045288085938,72.71775817871094,128.68841552734375
2025-06-20 04:00:00,268.5440368652344,44.52998352050781,628.1548461914062,73.35990905761719,128.87290954589844
2025-06-23 04:00:00,271.7373046875,45.31292724609375,634.1149291992188,74.92633819580078,130.12562561035156
2025-06-24 04:00:00,274.6571044921875,45.665252685546875,649.0443725585938,75.99657440185547,131.9706573486328
2025-06-25 04:00:00,277.391357421875,45.8511962890625,656.6511840820312,76.93060302734375,133.738037109375
2025-06-26 04:00:00,281.97125244140625,46.44819641113281,673.6000366210938,77.79652404785156,135.70933532714844
2025-06-27 04:00:00,280.3697204589844,46.11544418334961,677.177978515625,77.34896087646484,136.6221923828125
2025-06-30 04:00:00,283.1040344238281,46.31118392944336,693.7837524414062,77.95219421386719,136.7872772216797
2025-07-01 04:00:00,283.5922546386719,47.12348937988281,692.519287109375,79.28511810302734,136.99119567871094
2025-07-02 04:00:00,285.1449890136719,47.67154312133789,701.76318359375,80.13157653808594,138.72943115234375
2025-07-03 04:00:00,290.4435729980469,47.88685607910156,709.3993530273438,81.3380355834961,139.97242736816406
2025-07-07 04:00:00,286.4892578125,47.62261199951172,696.9010009765625,80.11212158203125,139.58399963378906
2025-07-08 04:00:00,277.47174072265625,46.144805908203125,683.5204467773438,79.38240814208984,137.04946899414062
2025-07-09 04:00:00,277.84466552734375,45.84141540527344,682.8145751953125,79.5770034790039,137.4573211669922
2025-07-10 04:00:00,282.7801818847656,45.96864318847656,695.1267700195312,80.13157653808594,138.95278930664062
2025-07-11 04:00:00,281.4751281738281,45.73375701904297,691.0390014648438,80.31645965576172,138.16619873046875
2025-07-14 04:00:00,283.2806701660156,46.06651306152344,699.2242431640625,81.17263793945312,139.80734252929688
2025-07-15 04:00:00,281.1709899902344,45.1661262512207,688.647216796875,76.72628021240234,137.4961700439453
2025-07-16 04:00:00,280.4547119140625,45.048683166503906,694.8326416015625,77.74788665771484,135.74819946289062
2025-07-17 04:00:00,284.4580993652344,46.017578125,691.9114379882812,77.55328369140625,136.82611083984375
2025-07-18 04:00:00,285.8023681640625,46.31118392944336,694.28369140625,78.45811462402344,136.7581329345703
2025-07-21 04:00:00,285.50799560546875,46.46776580810547,692.068359375,78.10785675048828,136.40853881835938
2025-07-22 04:00:00,285.9593811035156,46.751590728759766,686.5885620117188,80.15104675292969,135.99098205566406
2025-07-23 04:00:00,291.1893310546875,47.11369705200195,703.3609619140625,81.4353256225586,138.09823608398438
2025-07-24 04:00:00,290.9832458496094,47.358367919921875,704.9882202148438,81.6007308959961,138.37985229492188
2025-07-25 04:00:00,293.014404296875,47.417091369628906,714.5947265625,82.0385513305664,138.87509155273438
2025-07-28 04:00:00,292.6807861328125,47.2017822265625,709.3700561523438,80.82237243652344,138.4381103515625
2025-07-29 04:00:00,291.464111328125,46.92774963378906,717.53564453125,80.41373443603516,139.40919494628906
2025-07-30 04:00:00,294.0054931640625,46.937538146972656,716.3298950195312,79.5672836303711,140.74928283691406
2025-07-31 04:00:00,290.6790771484375,46.262245178222656,709.311279296875,78.4483871459961,139.30210876464844
2025-08-01 04:00:00,283.93804931640625,44.68656921386719,695.56787109375,75.67549896240234,136.00680541992188
2025-08-04 04:00:00,288.73626708984375,44.87251663208008,711.7030639648438,75.48091888427734,138.2264862060547
2025-08-05 04:00:00,285.9005126953125,44.58870315551758,706.6840209960938,75.85063171386719,137.34646606445312
2025-08-06 04:00:00,285.8808898925781,44.45168685913086,710.4384765625,75.5101089477539,138.1678466796875
2025-08-07 04:00:00,281.5536804199219,43.962345123291016,705.537109375,74.96526336669922,137.79623413085938
2025-08-08 04:00:00,283.3395080566406,45.02910614013672,707.0369873046875,76.1885757446289,140.00613403320312
2025-08-11 04:00:00,284.1244812011719,45.17591094970703,705.0469360351562,75.93413543701172,140.6906280517578
2025-08-12 04:00:00,287.3527526855469,46.48734664916992,728.710693359375,77.7837905883789,144.0250244140625
2025-08-13 04:00:00,285.0762939453125,46.23289108276367,729.9948120117188,76.22772979736328,144.48463439941406
2025-08-14 04:00:00,288.63812255859375,46.69286346435547,732.4552612304688,77.71528625488281,145.21800231933594
2025-08-15 04:00:00,285.03704833984375,45.93928146362305,716.3004760742188,75.45458221435547,141.42401123046875
2025-08-18 04:00:00,286.0574951171875,46.89838790893555,716.5357666015625,75.78733825683594,141.57069396972656
2025-08-19 04:00:00,285.2038269042969,47.05498123168945,707.144775390625,75.87540435791016,140.87640380859375
2025-08-20 04:00:00,286.754150390625,47.319217681884766,706.4585571289062,76.49197387695312,140.92529296875
2025-08-21 04:00:00,285.9986267089844,47.23114013671875,701.822021484375,76.16901397705078,140.84707641601562
2025-08-22 04:00:00,290.6790771484375,48.425132751464844,727.2500610351562,77.41189575195312,144.73887634277344
2025-08-25 04:00:00,289.3642272949219,48.425132751464844,724.2112426757812,78.47864532470703,144.3770751953125
2025-08-26 04:00:00,292.9653625488281,49.178714752197266,734.1707153320312,79.77047729492188,145.6678009033203
2025-08-27 04:00:00,293.66204833984375,49.30595016479492,734.87646484375,80.73934173583984,146.06871032714844
2025-08-28 04:00:00,295.4184265136719,49.41360092163086,736.3958740234375,80.23045349121094,146.85096740722656
2025-08-29 04:00:00,295.7618713378906,49.65827178955078,734.4544677734375,80.42617797851562,147.14431762695312
2025-09-02 04:00:00,294.07415771484375,49.3450927734375,720.2630004882812,80.03471374511719,145.5504608154297
2025-09-03 04:00:00,293.8877258300781,48.992767333984375,719.977294921875,78.79181671142578,145.23756408691406
2025-09-04 04:00:00,298.1168212890625,49.54082489013672,738.0516357421875,80.0836410522461,147.19320678710938
2025-09-05 04:00:00,288.8540344238281,48.97987747192383,727.5164184570312,77.27489471435547,144.8072967529297
2025-09-08 04:00:00,287.41162109375,48.67479705810547,731.1036987304688,77.4510498046875,145.4917755126953
2025-09-09 04:00:00,292.2588806152344,49.49162292480469,752.85400390625,79.03648376464844,148.8457489013672
2025-09-10 04:00:00,294.89837646484375,49.334163665771484,758.4320068359375,78.58629608154297,150.70362854003906
2025-09-11 04:00:00,299.8241271972656,49.94431686401367,773.3626098632812,79.5160140991211,153.01132202148438
2025-09-12 04:00:00,301.1488037109375,49.77701950073242,768.76025390625,79.72154235839844,152.92332458496094
2025-09-15 04:00:00,303.1014404296875,49.786861419677734,775.3631591796875,79.672607421875,153.1677703857422
2025-09-16 04:00:00,303.3860168457031,49.855751037597656,774.1510009765625,79.65303039550781,152.35618591308594
2025-09-17 04:00:00,305.8979187011719,50.58400344848633,782.7151489257812,80.71977233886719,153.92071533203125
2025-09-18 04:00:00,307.3501892089844,51.30241394042969,792.658935546875,81.71800231933594,155.71014404296875
2025-09-19 04:00:00,308.87109375,51.42050552368164,793.3389282226562,82.83367156982422,156.36529541015625
2025-09-22 04:00:00,306.5749816894531,51.09574508666992,793.8908081054688,83.34257507324219,157.14755249023438
2025-09-23 04:00:00,306.8693542480469,50.87923812866211,794.6398315429688,82.5694351196289,157.1964569091797
2025-09-24 04:00:00,307.53662109375,50.87923812866211,780.9510498046875,82.31498718261719,154.3802947998047
2025-09-25 04:00:00,307.5660400390625,51.026851654052734,783.247314453125,82.52050018310547,155.4265594482422
2025-09-26 04:00:00,310.12701416015625,51.381141662597656,790.8850708007812,83.19577026367188,156.56085205078125
2025-09-29 04:00:00,309.76397705078125,51.58780288696289,792.4716186523438,82.84346008300781,157.5876007080078
2025-09-30 04:00:00,309.50885009765625,50.7709846496582,784.814208984375,82.03117370605469,155.4363555908203
2025-10-01 04:00:00,304.8774719238281,49.875431060791016,774.13134765625,79.14413452148438,153.4122314453125
2025-10-02 04:00:00,301.7767639160156,49.67860412597656,768.090087890625,78.78202056884766,151.8574981689453
2025-10-03 04:00:00,304.210205078125,49.83606719970703,778.5364990234375,78.94839477539062,154.0967254638672
2025-10-06 04:00:00,304.8511047363281,49.59003448486328,785.2380981445312,78.96797943115234,154.58563232421875
2025-10-07 04:00:00,303.38201904296875,49.49162292480469,778.2113647460938,79.40836334228516,152.5126495361328
2025-10-08 04:00:00,299.773193359375,49.048763275146484,765.2616577148438,78.02845764160156,152.19972229003906
2025-10-09 04:00:00,301.2522277832031,48.99956130981445,768.6616821289062,78.18505096435547,152.8059844970703
2025-10-10 04:00:00,296.67718505859375,47.877662658691406,753.2876586914062,75.96348571777344,148.4937286376953
2025-10-13 04:00:00,303.6580810546875,48.08432388305664,775.3829345703125,77.23574829101562,151.69126892089844
2025-10-14 04:00:00,297.85052490234375,49.2947998046875,759.594970703125,82.75537872314453,151.8966064453125
2025-10-15 04:00:00,301.4100036621094,51.45003128051758,756.805908203125,84.61483764648438,159.0445556640625
2025-10-16 04:00:00,294.3600769042969,49.63924026489258,747.1085205078125,82.20732879638672,156.4728546142578
2025-10-17 04:00:00,293.3938293457031,50.465904235839844,739.89453125,81.50269317626953,155.15277099609375
2025-10-20 04:00:00,298.1265869140625,51.21384048461914,752.2626953125,84.18421936035156,158.379638671875
2025-10-21 04:00:00,292.93035888671875,50.70209884643555,747.985595703125,82.95111846923828,155.7003631591797
2025-10-22 04:00:00,289.99212646484375,50.28876495361328,733.8138427734375,82.08989715576172,154.61497497558594
2025-10-23 04:00:00,290.4161376953125,50.93828201293945,739.9044189453125,82.65751647949219,155.77859497070312
2025-10-24 04:00:00,296.2334899902344,51.73542404174805,772.5248413085938,84.56590270996094,160.2277374267578
2025-10-27 04:00:00,299.89154052734375,52.17828369140625,778.5463256835938,85.15310668945312,162.33985900878906
2025-10-28 04:00:00,301.0846252441406,52.030662536621094,780.6160278320312,85.04544830322266,161.54782104492188
2025-10-29 04:00:00,301.2325439453125,51.74527359008789,771.716796875,84.1646499633789,160.3939666748047
2025-10-30 04:00:00,305.10748291015625,52.18811798095703,778.7139282226562,84.15486907958984,161.59669494628906
2025-10-31 04:00:00,306.7639465332031,52.60145568847656,777.9354248046875,85.11395263671875,161.34091186523438
2025-11-03 05:00:00,305.0187683105469,52.70970916748047,774.1411743164062,85.4369125366211,160.99658203125
2025-11-04 05:00:00,304.920166015625,52.69002914428711,779.374267578125,85.2705307006836,161.3507537841797
2025-11-05 05:00:00,307.3161315917969,51.617332458496094,781.6015625,85.09436798095703,162.50177001953125
2025-11-06 05:00:00,309.03179931640625,52.44399642944336,776.1713256835938,84.20379638671875,160.7703094482422
2025-11-07 05:00:00,309.8106994628906,52.35542678833008,774.94921875,84.6465072631836,159.72752380371094
2025-11-10 05:00:00,312.4532165527344,52.57193374633789,785.6519775390625,84.7055435180664,162.3739013671875
2025-11-11 05:00:00,311.2009582519531,52.77859878540039,798.572021484375,84.79408264160156,163.8003692626953
2025-11-12 05:00:00,315.92388916015625,53.250980377197266,826.8168334960938,84.86295318603516,167.16493225097656
2025-11-13 05:00:00,305.1469421386719,52.030662536621094,793.8317260742188,83.32820892333984,162.9248046875
2025-11-14 05:00:00,299.3591003417969,51.7747917175293,779.4530029296875,83.67254638671875,161.20318603515625
2025-11-17 05:00:00,296.1644592285156,50.66273498535156,764.325439453125,82.0689468383789,156.86468505859375
2025-11-18 05:00:00,295.2179260253906,50.8201904296875,765.0546875,82.50181579589844,157.23854064941406
2025-11-19 05:00:00,299.02386474609375,51.19416046142578,774.6043090820312,82.79695892333984,159.6586456298828
2025-11-20 05:00:00,294.2023620605469,50.19034957885742,762.4923706054688,81.06546783447266,156.12686157226562
2025-11-21 05:00:00,293.84735107421875,50.74146270751953,762.8175659179688,81.76396179199219,155.60543823242188
2025-11-24 05:00:00,293.8276672363281,51.10558319091797,779.2559814453125,83.28886413574219,160.1898956298828
2025-11-25 05:00:00,298.75762939453125,51.646854400634766,790.69775390625,83.72173309326172,162.7477264404297
2025-11-26 05:00:00,303.33270263671875,52.14875793457031,804.189453125,84.17427825927734,165.217041015625
2025-11-28 05:00:00,308.696533203125,52.798282623291016,814.0741577148438,84.45958709716797,166.90914916992188
2025-12-01 05:00:00,304.5948181152344,52.39479064941406,799.1140747070312,84.01687622070312,165.73843383789062
2025-12-02 05:00:00,303.5693359375,52.345584869384766,807.3839111328125,84.9219741821289,166.34837341308594
2025-12-03 05:00:00,307.75982666015625,53.231292724609375,828.538818359375,87.90289306640625,170.9033203125
2025-12-04 05:00:00,311.67425537109375,53.30018615722656,829.7868041992188,88.74897003173828,172.05435180664062
2025-12-05 05:00:00,310.6291198730469,53.36943435668945,846.3561401367188,88.37512969970703,173.64808654785156
2025-12-08 05:00:00,310.79669189453125,53.319969177246094,858.3696899414062,88.60140228271484,173.96290588378906
2025-12-09 05:00:00,296.30255126953125,52.963844299316406,868.164794921875,87.45034790039062,175.9304656982422
2025-12-10 05:00:00,305.76806640625,53.4980354309082,880.7032470703125,89.22119903564453,176.79620361328125
2025-12-11 05:00:00,312.9363098144531,53.972869873046875,902.2840576171875,91.09042358398438,177.3667755126953
2025-12-12 05:00:00,314.0603332519531,54.54662322998047,879.435546875,91.25767517089844,175.51727294921875
2025-12-15 05:00:00,315.53936767578125,54.734580993652344,881.0499267578125,91.39540100097656,174.90731811523438
2025-12-16 05:00:00,311.1319274902344,54.220176696777344,870.7100830078125,90.69690704345703,173.64808654785156
2025-12-17 05:00:00,310.5699462890625,53.962974548339844,863.9556274414062,91.09042358398438,171.9658203125
2025-12-18 05:00:00,308.6176452636719,53.67609405517578,867.887451171875,89.99840545654297,170.15565490722656
2025-12-19 05:00:00,312.7686767578125,54.675228118896484,884.9024658203125,91.50362396240234,174.11045837402344
2025-12-22 05:00:00,318.56634521484375,55.278663635253906,890.3695068359375,92.75305938720703,176.8453826904297
2025-12-23 05:00:00,321.3666076660156,55.36769485473633,893.0535888671875,92.93997955322266,176.589599609375
2025-12-24 05:00:00,324.5612487792969,55.64468002319336,902.0364379882812,93.75654602050781,178.70472717285156
2025-12-26 05:00:00,323.31890869140625,55.56553649902344,898.332275390625,93.7171859741211,178.92117309570312
2025-12-29 05:00:00,319.2171325683594,54.754364013671875,883.614990234375,92.98916625976562,177.0224609375
2025-12-30 05:00:00,318.8917541503906,54.68511962890625,875.929443359375,92.7825698852539,176.17642211914062
2025-12-31 05:00:00,317.70855712890625,54.40813064575195,870.5615234375,91.69054412841797,174.65155029296875
2026-01-02 05:00:00,320.92291259765625,55.3479118347168,905.5623168945312,93.65814971923828,178.95068359375
2026-01-05 05:00:00,329.3630676269531,56.27779006958008,939.3348999023438,94.81903839111328,183.5154571533203
2026-01-06 05:00:00,331.41326904296875,56.63391876220703,946.2974243164062,94.82888793945312,184.70582580566406
2026-01-07 05:00:00,323.8660888671875,55.04124450683594,931.9861450195312,92.76288604736328,181.7938232421875
2026-01-08 05:00:00,326.63934326171875,55.575435638427734,925.8555297851562,94.05167388916016,181.68560791015625
2026-01-09 05:00:00,326.0450744628906,55.248985290527344,929.9656982421875,94.39600372314453,183.2990264892578
2026-01-12 05:00:00,321.38995361328125,54.59608840942383,940.4342041015625,93.42203521728516,183.5449676513672
2026-01-13 05:00:00,307.9297790527344,53.95308303833008,929.1437377929688,92.04471588134766,179.79673767089844
2026-01-14 05:00:00,304.9287414550781,51.91524887084961,923.71630859375,87.80452728271484,177.8488311767578
2026-01-15 05:00:00,306.30548095703125,52.02406692504883,966.4916381835938,87.51921844482422,188.12940979003906
2026-01-16 05:00:00,309.48480224609375,52.39997863769531,952.7647094726562,86.9486083984375,186.02410888671875
2026-01-20 05:00:00,299.8477478027344,51.539337158203125,934.3135986328125,85.2564697265625,179.1474609375
2026-01-21 05:00:00,299.15447998046875,51.50966262817383,943.861083984375,84.7252197265625,180.34767150878906
2026-01-22 05:00:00,300.729248046875,51.88557434082031,945.4853515625,86.6141128540039,180.08206176757812
2026-01-23 05:00:00,294.8757019042969,51.163429260253906,910.0586547851562,85.55160522460938,176.09771728515625
2026-01-26 05:00:00,298.16400146484375,51.460201263427734,922.9140625,86.62396240234375,178.93101501464844
2026-01-27 05:00:00,297.44097900390625,51.608585357666016,920.7946166992188,87.27326202392578,179.6983642578125
2026-01-28 05:00:00,297.89654541015625,51.25246047973633,927.8165283203125,86.60427856445312,179.38356018066406
2026-01-29 05:00:00,303.49261474609375,52.50879669189453,931.0947875976562,89.17200469970703,179.44256591796875
2026-01-30 05:00:00,302.9676818847656,52.62750244140625,926.4299926757812,89.0244369506836,180.82748413085938
2026-02-02 05:00:00,305.1961975097656,53.448570251464844,937.2451782226562,90.77560424804688,183.1026611328125
2026-02-03 05:00:00,311.8420715332031,53.864051818847656,929.9755859375,90.81495666503906,180.936279296875
2026-02-04 05:00:00,314.2389221191406,54.7840461730957,904.5322265625,91.63151550292969,178.13681030273438
2026-02-05 05:00:00,307.1968688964844,54.348777770996094,881.8619995117188,90.51982116699219,173.94256591796875
2026-02-06 05:00:00,319.3199462890625,55.92166519165039,919.8339233398438,92.9024429321289,178.0181121826172
2026-02-09 05:00:00,319.0228271484375,55.80295944213867,934.5612182617188,93.53517150878906,180.38232421875
2026-02-10 05:00:00,315.2392883300781,54.7939338684082,939.879638671875,90.86585235595703,175.970458984375
2026-02-11 05:00:00,307.8505859375,53.270503997802734,935.5219116210938,87.93946838378906,174.77349853515625
2026-02-12 05:00:00,299.74871826171875,51.95481872558594,895.8662109375,85.3096923828125,166.24652099609375
2026-02-13 05:00:00,299.6595458984375,51.9844970703125,896.4506225585938,85.99185943603516,169.3031768798828
2026-02-17 05:00:00,304.19580078125,52.172454833984375,907.2459106445312,86.4070816040039,169.68896484375
2026-02-18 05:00:00,305.8300476074219,52.78578186035156,924.76611328125,87.55390167236328,174.68447875976562
2026-02-19 05:00:00,305.1070251464844,52.20213317871094,907.85009765625,86.57514953613281,172.48843383789062
2026-02-20 05:00:00,307.82086181640625,52.489009857177734,913.3864135742188,87.69230651855469,173.5172119140625
2026-02-23 05:00:00,294.82623291015625,50.520423889160156,883.7437133789062,84.18264770507812,165.00013732910156
2026-02-24 05:00:00,294.459716796875,49.867523193359375,893.608154296875,83.60923767089844,166.9686279296875
2026-02-25 05:00:00,300.4023742675781,51.133750915527344,912.53466796875,85.77435302734375,171.85533142089844
2026-02-26 05:00:00,303.20538330078125,51.737186431884766,920.08154296875,85.319580078125,175.5747833251953
2026-02-27 05:00:00,297.4310607910156,49.29376983642578,851.3180541992188,80.52467346191406,164.71324157714844
2026-03-02 05:00:00,294.7172546386719,49.27398681640625,857.9190063476562,81.641845703125,165.1979522705078
2026-03-03 05:00:00,297.3914489746094,49.4322624206543,858.795166015625,81.5924072265625,164.15928649902344
2026-03-04 05:00:00,296.52978515625,49.75870895385742,863.4446411132812,82.97650909423828,165.77169799804688
2026-03-05 05:00:00,290.74554443359375,49.27398681640625,831.7941284179688,81.17718505859375,160.7959747314453
2026-03-06 05:00:00,286.7144470214844,48.38858413696289,817.8157348632812,79.50637817382812,158.54058837890625
2026-03-09 04:00:00,287.1502685546875,47.652408599853516,828.3792114257812,77.9344482421875,158.71864318847656
2026-03-10 04:00:00,285.97161865234375,48.308998107910156,830.1513671875,77.41046905517578,159.01541137695312
2026-03-11 04:00:00,284.7731628417969,48.269203186035156,820.1454467773438,76.00659942626953,159.15390014648438
2026-03-12 04:00:00,280.18743896484375,46.886390686035156,784.0645141601562,74.39511108398438,152.70423889160156
2026-03-13 04:00:00,280.7321472167969,46.47850799560547,778.7777709960938,73.2581787109375,153.1988525390625
2026-03-16 04:00:00,283.4261474609375,46.81675338745117,791.2826538085938,74.88943481445312,154.0198974609375
2026-03-17 04:00:00,284.1492004394531,47.035614013671875,803.498779296875,75.36398315429688,156.12692260742188
2026-03-18 04:00:00,284.99102783203125,46.58794021606445,801.9456787109375,75.3244400024414,157.21502685546875
2026-03-19 04:00:00,285.2188720703125,46.767005920410156,805.9480590820312,75.52216339111328,156.8391571044922
2026-03-20 04:00:00,283.82232666015625,46.91623306274414,809.9603881835938,76.71841430664062,159.72764587402344
2026-03-23 04:00:00,287.14031982421875,47.27437210083008,827.6224975585938,77.39068603515625,162.54689025878906
2026-03-24 04:00:00,289.6065368652344,47.89116668701172,832.052978515625,78.70558166503906,164.08013916015625
2026-03-25 04:00:00,292.59771728515625,48.498016357421875,838.1461791992188,79.34819793701172,163.86251831054688
2026-03-26 04:00:00,288.87359619140625,47.99065399169922,819.0303955078125,78.12227630615234,161.46864318847656
2026-03-27 04:00:00,280.13787841796875,46.72721862792969,799.3670654296875,76.31307983398438,156.68087768554688
2026-03-30 04:00:00,281.0589904785156,46.985870361328125,804.0563354492188,75.92750549316406,156.6610870361328
2026-03-31 04:00:00,291.3497314453125,48.498016357421875,842.2778930664062,78.70558166503906,162.794189453125
2026-04-01 04:00:00,292.5580749511719,49.01532745361328,856.435546875,79.65467071533203,164.3769073486328
2026-04-02 04:00:00,291.7855224609375,49.124759674072266,859.2531127929688,79.68433380126953,164.0207977294922
2026-04-06 04:00:00,294.125,49.801246643066406,862.2498779296875,80.92012786865234,164.75282287597656
2026-04-07 04:00:00,296.0662536621094,50.02010726928711,860.3582763671875,80.8212661743164,166.61253356933594
2026-04-08 04:00:00,306.5888366699219,51.611839294433594,901.7756958007812,83.6982192993164,174.12063598632812
2026-04-09 04:00:00,308.938232421875,52.43754577636719,899.7545776367188,85.04275512695312,176.237548828125
2026-04-10 04:00:00,308.4803161621094,52.26842498779297,903.8167114257812,84.42980194091797,175.72314453125
2026-04-13 04:00:00,312.2732238769531,53.07423782348633,886.88134765625,85.65571594238281,179.1853790283203
2026-04-14 04:00:00,309.7247009277344,53.07423782348633,905.638671875,80.77183532714844,181.36163330078125
2026-04-15 04:00:00,304.5579833984375,54.039222717285156,895.5431518554688,79.37786102294922,189.5522918701172
2026-04-16 04:00:00,308.5599670410156,53.2334098815918,896.0509033203125,80.32694244384766,185.2987060546875
2026-04-17 04:00:00,308.8984375,53.631343841552734,921.8870849609375,80.4851303100586,186.7825164794922
2026-04-20 04:00:00,315.5683898925781,53.671138763427734,937.6077880859375,81.03877258300781,188.6422119140625
2026-04-21 04:00:00,311.5962829589844,53.20356750488281,922.4844360351562,80.62354278564453,187.2672119140625
2026-04-22 04:00:00,311.6161804199219,52.84542465209961,930.7380981445312,79.66456604003906,188.9884490966797
2026-04-23 04:00:00,310.29217529296875,52.198787689208984,927.2135620117188,79.5953598022461,186.6143341064453
2026-04-24 04:00:00,306.8974609375,51.78095626831055,922.8428344726562,78.51773834228516,186.0406036376953
2026-04-27 04:00:00,310.232421875,52.35795974731445,933.6950073242188,79.64479064941406,188.12782287597656
2026-04-28 04:00:00,310.0532531738281,52.3878059387207,922.4844360351562,80.57410430908203,188.30589294433594
2026-04-29 04:00:00,307.86309814453125,52.60667037963867,901.6263427734375,80.58399963378906,185.061279296875
2026-04-30 04:00:00,311.82525634765625,53.18367004394531,919.7166748046875,81.29581451416016,189.5465850830078
2026-05-01 04:00:00,311.06866455078125,52.96480941772461,919.6569213867188,79.8919448852539,189.12889099121094
2026-05-04 04:00:00,306.270263671875,51.92023468017578,899.3065795898438,78.28046417236328,186.980712890625
2026-05-05 04:00:00,308.0124206542969,52.84542465209961,914.8580322265625,78.9823989868164,188.21392822265625
2026-05-06 04:00:00,313.4877624511719,53.32294464111328,933.2369995117188,79.50637817382812,192.29148864746094
2026-05-07 04:00:00,304.8964538574219,52.47734069824219,921.8074340820312,78.26069641113281,189.12889099121094
2026-05-08 04:00:00,300.74517822265625,51.04478454589844,932.370849609375,75.20821380615234,192.03289794921875
2026-05-11 04:00:00,298.6545715332031,50.28871154785156,940.7140502929688,73.15998077392578,190.05380249023438
2026-05-12 04:00:00,303.5126953125,50.517520904541016,941.7495727539062,74.75084686279297,190.82952880859375
2026-05-13 04:00:00,298.9034729003906,49.58238220214844,951.2277221679688,73.11026000976562,192.76885986328125
2026-05-14 04:00:00,298.56500244140625,49.59232711791992,964.7083740234375,73.36878204345703,193.46502685546875
2026-05-15 04:00:00,296.4743957519531,49.51274490356445,944.3082275390625,73.00088500976562,191.45606994628906
2026-05-18 04:00:00,299.3813171386719,50.42798614501953,942.20751953125,73.94547271728516,191.63510131835938
2026-05-19 04:00:00,294.3738708496094,50.43793487548828,924.664794921875,74.12444305419922,188.54212951660156
2026-05-20 04:00:00,300.625732421875,50.96519470214844,977.8106079101562,75.37724304199219,196.68728637695312
2026-05-21 04:00:00,301.6411437988281,51.223854064941406,983.8340454101562,75.48661804199219,199.4122772216797
2026-05-22 04:00:00,305.0059814453125,51.532249450683594,992.3564453125,75.96388244628906,199.92942810058594
2026-05-26 04:00:00,305.3643493652344,51.93018341064453,990.1561889648438,77.07748413085938,200.6554412841797
2026-05-27 04:00:00,297.93780517578125,50.83586883544922,992.0975952148438,75.675537109375,200.50625610351562
2026-05-28 04:00:00,295.3992614746094,50.50757598876953,1003.9454345703125,76.21245574951172,202.67431640625
2026-05-29 04:00:00,297.9676818847656,51.333282470703125,1021.06005859375,77.09737396240234,206.8612823486328
2026-06-01 04:00:00,295.2499084472656,51.24374771118164,1048.5799560546875,76.72948455810547,209.85479736328125
2026-06-02 04:00:00,299.6102600097656,52.208736419677734,1064.5799560546875,78.98652648925781,213.8030548095703
2026-06-03 04:00:00,299.50079345703125,52.129150390625,1041.02001953125,78.23086547851562,208.98956298828125
2026-06-04 04:00:00,309.4957580566406,53.88999938964844,1092.6099853515625,81.15408325195312,217.07505798339844
2026-06-05 04:00:00,310.9691162109375,53.83000183105469,1038.6800537109375,81.47225952148438,210.76976013183594
2026-06-08 04:00:00,309.7147521972656,53.630001068115234,1045.0,80.49784851074219,211.07806396484375
2026-06-09 04:00:00,311.2976379394531,54.41999816894531,1032.010009765625,81.53191375732422,209.0989532470703
2026-06-10 04:00:00,307.75360107421875,54.540000915527344,1001.2899780273438,81.50208282470703,205.5286102294922
2026-06-11 04:00:00,312.0840759277344,55.15999984741211,1035.6400146484375,81.92962646484375,211.4957733154297
2026-06-12 04:00:00,319.28167724609375,56.02000045776367,1062.75,83.25203704833984,212.8682098388672
2026-06-15 04:00:00,317.96759033203125,55.869998931884766,1076.1700439453125,82.6654052734375,216.78663635253906
2026-06-16 04:00:00,329.6549377441406,56.84000015258789,1090.6700439453125,84.56450653076172,219.62103271484375
2026-06-17 04:00:00,331.9645080566406,56.529998779296875,1099.1400146484375,83.33157348632812,223.7284393310547
2026-06-18 04:00:00,323.761474609375,56.20000076293945,1096.56005859375,81.73076629638672,221.94822692871094
2026-06-22 04:00:00,329.993408203125,57.369998931884766,1106.3699951171875,83.36140441894531,225.8467559814453
2026-06-23 04:00:00,332.6414794921875,57.90999984741211,1094.43994140625,83.64974975585938,224.79257202148438
2026-06-24 04:00:00,331.95458984375,57.72999954223633,1076.9100341796875,83.81878662109375,218.65634155273438
2026-06-25 04:00:00,333.6170654296875,58.189998626708984,1065.0899658203125,84.25627136230469,219.8298797607422
2026-06-26 04:00:00,327.57427978515625,57.880001068115234,1019.6099853515625,83.38129425048828,210.8692169189453
2026-06-29 04:00:00,327.91278076171875,57.880001068115234,1020.2100219726562,83.03329467773438,210.5609130859375
2026-06-30 04:00:00,325.86199951171875,56.97999954223633,1011.3699951171875,82.16825866699219,207.8955841064453
2026-07-01 04:00:00,332.5718078613281,58.36000061035156,1019.6099853515625,85.44942474365234,210.7001495361328
2026-07-02 04:00:00,332.9700012207031,58.72999954223633,1021.0,85.0218734741211,212.75880432128906
2026-07-06 04:00:00,337.7200012207031,59.900001525878906,1055.2900390625,86.95079803466797,220.88409423828125
2026-07-07 04:00:00,339.2200012207031,59.86000061035156,1042.97998046875,86.68234252929688,220.82440185546875
2026-07-08 04:00:00,330.6199951171875,58.29999923706055,1029.6400146484375,85.07158660888672,216.87615966796875
2026-07-09 04:00:00,335.4700012207031,59.25,1055.969970703125,86.41388702392578,220.91392517089844
2026-07-10 04:00:00,336.4700012207031,59.66999816894531,1055.1800537109375,86.66246032714844,221.06309509277344
2026-07-13 04:00:00,334.5299987792969,59.5,1045.9100341796875,87.16954040527344,219.87960815429688
2026-07-14 04:00:00,342.8900146484375,60.619998931884766,1140.0,84.80313110351562,226.423583984375
2026-07-15 04:00:00,346.9100036621094,61.59000015258789,1152.0699462890625,87.01045989990234,227.2987823486328
2026-07-16 04:00:00,343.1499938964844,61.4900016784668,1095.4599609375,87.5672607421875,217.17449951171875
2026-07-17 04:00:00,341.1000061035156,61.27000045776367,1065.219970703125,87.01045989990234,214.32022094726562
2026-07-20 04:00:00,338.8699951171875,60.41999816894531,1055.030029296875,85.83719635009766,209.78518676757812
2026-07-21 04:00:00,345.2300109863281,61.220001220703125,1085.56005859375,87.23914337158203,215.2152862548828
2026-07-22 04:00:00,348.2099914550781,61.619998931884766,1098.199951171875,85.92668151855469,217.3037872314453
2026-07-23 04:00:00,349.8999938964844,61.279998779296875,1074.719970703125,85.697998046875,214.00196838378906
2026-07-24 04:00:00,353.2099914550781,62.04999923706055,1061.22998046875,85.81730651855469,213.30580139160156
2026-07-27 04:00:00,356.20001220703125,62.130001068115234,1048.22998046875,86.7718276977539,213.38536071777344
2026-07-28 04:00:00,357.30999755859375,62.619998931884766,1033.3399658203125,86.37411499023438,210.4216766357422
2026-07-29 04:00:00,344.7099914550781,61.06999969482422,980.75,83.39124298095703,202.0179443359375
2026-07-30 04:00:00,350.8500061035156,61.72999954223633,1024.8599853515625,84.94232940673828,208.91000366210938
2026-07-31 04:00:00,351.7900085449219,61.95000076293945,1018.3800048828125,85.95650482177734,210.4199981689453
2026-08-03 04:00:00,352.6400146484375,62.47999954223633,1027.06005859375,87.38829040527344,211.22999572753906
2026-08-04 04:00:00,357.5199890136719,62.900001525878906,1052.97998046875,87.88543701171875,217.0399932861328
2026-08-05 04:00:00,359.239990234375,63.25,1060.3800048828125,88.66098022460938,218.27000427246094
2026-08-06 04:00:00,356.29998779296875,63.0,1032.5799560546875,87.08999633789062,213.75
2026-08-07 04:00:00,357.5199890136719,63.16999816894531,1039.6099853515625,87.25,216.3300018310547
2026-08-10 04:00:00,359.7900085449219,63.86000061035156,1034.510009765625,87.5199966430664,215.3300018310547
2026-08-11 04:00:00,362.0400085449219,64.0,1034.4100341796875,87.44999694824219,215.07000732421875
2026-08-12 04:00:00,365.17999267578125,64.80999755859375,1037.2099609375,88.93000030517578,217.63999938964844
2026-08-13 04:00:00,363.1099853515625,64.08999633789062,1042.6300048828125,88.11000061035156,218.3800048828125
