Date,UNH,JNJ,ABBV,LLY,PFE
2014-01-02 05:00:00,60.677772521972656,64.499267578125,31.423620223999023,40.1484375,16.69078254699707
2014-01-03 05:00:00,61.109046936035156,65.08028411865234,31.617063522338867,40.441253662109375,16.72365951538086
2014-01-06 05:00:00,60.40925598144531,65.42037200927734,30.462419509887695,40.78155517578125,16.740093231201172
2014-01-07 05:00:00,62.25636672973633,66.80916595458984,30.52288246154785,40.512474060058594,16.844209671020508
2014-01-08 05:00:00,61.532169342041016,66.717041015625,30.44427490234375,40.44915771484375,16.95928192138672
2014-01-09 05:00:00,61.906490325927734,67.12091827392578,30.96416664123535,40.9002799987793,16.948322296142578
2014-01-10 05:00:00,60.7835578918457,67.12801361083984,30.770732879638672,41.098121643066406,16.816814422607422
2014-01-13 05:00:00,60.1651496887207,66.95796966552734,30.362478256225586,41.208927154541016,16.734617233276367
2014-01-14 05:00:00,60.23023223876953,67.11383056640625,30.8316650390625,41.50175476074219,16.98668098449707
2014-01-15 05:00:00,60.89749526977539,67.1705093383789,30.53308868408203,42.2694206237793,17.085304260253906
2014-01-16 05:00:00,59.204994201660156,67.05716705322266,30.77072525024414,43.765201568603516,17.07982635498047
2014-01-17 05:00:00,59.00969696044922,67.35477447509766,30.502634048461914,43.65439224243164,17.03599739074707
2014-01-21 05:00:00,59.53047180175781,66.62493896484375,30.466079711914062,43.99470520019531,17.11270523071289
2014-01-22 05:00:00,59.72575378417969,66.83039855957031,29.905487060546875,44.00261306762695,17.134628295898438
2014-01-23 05:00:00,59.563018798828125,65.71090698242188,29.777536392211914,43.6464729309082,16.992156982421875
2014-01-24 05:00:00,58.26109313964844,64.20170593261719,29.119470596313477,42.83132553100586,16.488035202026367
2014-01-27 05:00:00,58.30177688598633,63.72694396972656,28.534507751464844,42.83924102783203,16.252416610717773
2014-01-28 05:00:00,58.35060501098633,63.8403205871582,29.05853843688965,42.91838836669922,16.668869018554688
2014-01-29 05:00:00,57.98444366455078,62.990081787109375,29.009780883789062,42.66511917114258,16.498991012573242
2014-01-30 05:00:00,59.23753356933594,63.415218353271484,29.43631362915039,42.15862274169922,16.88804817199707
2014-01-31 05:00:00,58.81439971923828,62.68538284301758,29.99688148498535,42.744266510009766,16.657901763916016
2014-02-03 05:00:00,57.56130599975586,61.487937927246094,28.851360321044922,41.67584991455078,16.76749610900879
2014-02-04 05:00:00,57.374141693115234,61.37459182739258,29.216955184936523,42.024085998535156,17.227779388427734
2014-02-05 05:00:00,57.62640380859375,61.84222412109375,29.08289909362793,41.72334671020508,16.934938430786133
2014-02-06 05:00:00,57.667091369628906,62.8837890625,29.204769134521484,41.72334671020508,17.0399169921875
2014-02-07 05:00:00,58.0657844543457,63.797828674316406,29.789718627929688,42.11113739013672,17.249876022338867
2014-02-10 05:00:00,56.747615814208984,64.5276107788086,30.191879272460938,42.71260452270508,17.388011932373047
2014-02-11 05:00:00,57.463653564453125,65.87387084960938,30.25890350341797,43.13996887207031,17.614553451538086
2014-02-12 05:00:00,57.15446090698242,65.48416137695312,30.807292938232422,42.580955505371094,17.465364456176758
2014-02-13 05:00:00,57.94374084472656,65.58334350585938,30.679325103759766,42.70871353149414,17.51509666442871
2014-02-14 05:00:00,59.823402404785156,65.72505950927734,30.910865783691406,43.283714294433594,17.647695541381836
2014-02-18 05:00:00,60.07563781738281,65.30702209472656,31.355682373046875,44.12223815917969,17.614553451538086
2014-02-19 05:00:00,59.84779357910156,64.93148803710938,31.191160202026367,46.3902473449707,17.393537521362305
2014-02-20 05:00:00,59.790863037109375,65.455810546875,31.59941291809082,46.3582878112793,17.432214736938477
2014-02-21 05:00:00,60.05939483642578,65.3130874633789,31.099756240844727,46.286434173583984,17.382484436035156
2014-02-24 05:00:00,61.84954071044922,65.02050018310547,30.983989715576172,46.34233856201172,17.675329208374023
2014-02-25 05:00:00,61.2880744934082,65.02050018310547,30.904783248901367,46.701698303222656,17.620073318481445
2014-02-26 05:00:00,61.890220642089844,65.02050018310547,30.916961669921875,46.84543991088867,17.675329208374023
2014-02-27 05:00:00,61.857635498046875,65.19892120361328,31.02054786682129,47.54819869995117,17.807937622070312
2014-02-28 05:00:00,62.8747673034668,65.74127960205078,31.02054786682129,47.60411071777344,17.741634368896484
2014-03-03 05:00:00,62.736446380615234,65.34161376953125,30.52090835571289,47.14091873168945,17.669803619384766
2014-03-04 05:00:00,63.57456970214844,66.61190795898438,31.43489646911621,47.79575729370117,18.062097549438477
2014-03-05 05:00:00,63.460662841796875,66.07669830322266,31.50191307067871,47.46035385131836,18.095243453979492
2014-03-06 05:00:00,63.17584228515625,66.2907943725586,31.709089279174805,46.89336013793945,17.935014724731445
2014-03-07 05:00:00,62.98053741455078,66.59764862060547,31.355682373046875,46.789527893066406,17.918437957763672
2014-03-10 04:00:00,63.37113952636719,66.69043731689453,31.4775390625,47.037109375,17.896337509155273
2014-03-11 04:00:00,63.289772033691406,66.71896362304688,31.53237533569336,46.661773681640625,17.91291618347168
2014-03-12 04:00:00,63.3714485168457,66.79747772216797,31.465349197387695,47.27668380737305,17.669803619384766
2014-03-13 04:00:00,62.88960647583008,66.36930084228516,31.270376205444336,46.58988571166992,17.194625854492188
2014-03-14 04:00:00,61.81980514526367,66.23370361328125,31.203346252441406,47.01314926147461,17.255407333374023
2014-03-17 04:00:00,62.68547058105469,67.03297424316406,31.672513961791992,47.01314926147461,17.360387802124023
2014-03-18 04:00:00,63.698089599609375,67.04011535644531,32.35496520996094,47.4364013671875,17.642179489135742
2014-03-19 04:00:00,65.29869842529297,66.79032897949219,32.361053466796875,47.15688705444336,17.520620346069336
2014-03-20 04:00:00,66.58084106445312,67.1685791015625,32.7083740234375,46.7735710144043,17.631132125854492
2014-03-21 04:00:00,66.42567443847656,68.46028900146484,32.574317932128906,46.14268493652344,17.78030776977539
2014-03-24 04:00:00,66.37667846679688,67.93930053710938,31.294748306274414,45.83920669555664,17.39906120300293
2014-03-25 04:00:00,66.22965240478516,69.49507904052734,31.495824813842773,45.687477111816406,17.58139419555664
2014-03-26 04:00:00,66.58899688720703,69.25958251953125,31.380046844482422,45.90310287475586,17.78030776977539
2014-03-27 04:00:00,66.16434478759766,69.42372131347656,31.4775390625,45.943023681640625,17.736101150512695
2014-03-28 04:00:00,66.65434265136719,69.53790283203125,31.063201904296875,46.006927490234375,17.614553451538086
2014-03-31 04:00:00,66.95648956298828,70.1016845703125,31.31912612915039,47.005157470703125,17.74715805053711
2014-04-01 04:00:00,66.83399963378906,69.89472198486328,31.745643615722656,46.97322082519531,17.653226852416992
2014-04-02 04:00:00,66.64615631103516,70.1016845703125,32.5012092590332,47.23674392700195,17.841083526611328
2014-04-03 04:00:00,67.1688232421875,70.12311553955078,32.598697662353516,47.0930061340332,17.9018611907959
2014-04-04 04:00:00,66.58084106445312,70.23725891113281,31.80657958984375,47.12494659423828,17.769256591796875
2014-04-07 04:00:00,66.21334838867188,69.85902404785156,30.843849182128906,46.81349563598633,17.238828659057617
2014-04-08 04:00:00,65.87037658691406,69.9803695678711,29.91767120361328,46.78155517578125,17.056495666503906
2014-04-09 04:00:00,66.46651458740234,70.6155014038086,30.849931716918945,48.25895309448242,17.255407333374023
2014-04-10 04:00:00,65.32320404052734,68.8956069946289,28.851360321044922,46.84543991088867,16.9128360748291
2014-04-11 04:00:00,64.4738998413086,69.1311264038086,28.56241798400879,46.677734375,16.49844741821289
2014-04-14 04:00:00,64.66172790527344,69.32379150390625,28.789878845214844,47.0770378112793,16.503969192504883
2014-04-15 04:00:00,64.93121337890625,70.79391479492188,29.423105239868164,47.45237731933594,16.5150203704834
2014-04-16 04:00:00,63.85323715209961,70.47278594970703,29.58294105529785,47.88361358642578,16.625524520874023
2014-04-17 04:00:00,61.8851318359375,70.62261199951172,29.847307205200195,48.25895309448242,16.713930130004883
2014-04-21 04:00:00,61.207313537597656,71.36483764648438,30.388309478759766,48.60234832763672,17.050973892211914
2014-04-22 04:00:00,61.86881637573242,71.49327850341797,30.7448673248291,47.939510345458984,17.12832260131836
2014-04-23 04:00:00,61.517635345458984,71.5218505859375,30.824796676635742,47.56417465209961,17.084123611450195
2014-04-24 04:00:00,62.546627044677734,71.33629608154297,30.320674896240234,46.861419677734375,16.968090057373047
2014-04-25 04:00:00,61.78715133666992,71.21497344970703,30.21002197265625,46.71767044067383,16.99019432067871
2014-04-28 04:00:00,61.85246658325195,72.32112884521484,31.27357292175293,47.0930061340332,17.702951431274414
2014-04-29 04:00:00,61.411476135253906,72.09988403320312,31.580963134765625,47.61209487915039,17.54824447631836
2014-04-30 04:00:00,61.28084182739258,72.2854232788086,32.0174560546875,47.19681930541992,17.283029556274414
2014-05-01 04:00:00,61.207313537597656,71.7430648803711,31.728504180908203,47.532230377197266,17.211200714111328
2014-05-02 04:00:00,61.2726936340332,70.87242126464844,31.464157104492188,47.18084716796875,16.99019432067871
2014-05-05 04:00:00,61.43599319458008,71.36483764648438,31.57482147216797,47.0211296081543,16.55369758605957
2014-05-06 04:00:00,61.46049118041992,71.01513671875,31.29817008972168,46.76558303833008,16.2608585357666
2014-05-07 04:00:00,63.62460708618164,72.01425170898438,32.45394515991211,47.23674392700195,16.1772403717041
2014-05-08 04:00:00,62.79163360595703,71.7216567993164,32.06048583984375,47.516265869140625,16.260860443115234
2014-05-09 04:00:00,62.84056854248047,72.01425170898438,32.128116607666016,47.404457092285156,16.182815551757812
2014-05-12 04:00:00,63.485782623291016,71.73593139648438,32.19573974609375,47.45237731933594,16.23855209350586
2014-05-13 04:00:00,63.73076248168945,72.09275817871094,32.09122848510742,48.346168518066406,16.2775821685791
2014-05-14 04:00:00,63.0202751159668,71.98572540283203,32.50312805175781,48.394500732421875,16.221839904785156
2014-05-15 04:00:00,62.456790924072266,71.85724639892578,32.3924674987793,46.87260437011719,16.19953727722168
2014-05-16 04:00:00,62.59563064575195,71.77874755859375,32.54000473022461,46.977291107177734,16.232986450195312
2014-05-19 04:00:00,63.0447883605957,71.8215560913086,33.26544952392578,47.22690963745117,16.322179794311523
2014-05-20 04:00:00,62.60378646850586,71.54325103759766,32.915016174316406,47.234954833984375,16.305452346801758
2014-05-21 04:00:00,63.46943283081055,72.17839050292969,32.7490348815918,47.56511306762695,16.483837127685547
2014-05-22 04:00:00,63.97574234008789,72.5521011352539,32.97034454345703,48.088497161865234,16.53400993347168
2014-05-23 04:00:00,64.32689666748047,72.56646728515625,33.167083740234375,48.15291976928711,16.439241409301758
2014-05-27 04:00:00,64.60456085205078,72.44425964355469,33.19167709350586,48.0965576171875,16.50613784790039
2014-05-28 04:00:00,64.1717300415039,72.0777816772461,33.24085235595703,48.072391510009766,16.50613784790039
2014-05-29 04:00:00,64.81689453125,72.4083480834961,33.21626281738281,47.88719177246094,16.500560760498047
2014-05-30 04:00:00,65.02921295166016,72.91141510009766,33.40070343017578,48.201236724853516,16.51728630065918
2014-06-02 04:00:00,64.8985366821289,73.4216079711914,33.2900276184082,47.90331268310547,16.561878204345703
2014-06-03 04:00:00,65.2333755493164,73.63002014160156,33.425296783447266,47.790565490722656,16.49498748779297
2014-06-04 04:00:00,65.74784851074219,73.78813171386719,33.554386138916016,47.685890197753906,16.522859573364258
2014-06-05 04:00:00,65.16805267333984,74.17616271972656,33.99702072143555,47.975772857666016,16.589754104614258
2014-06-06 04:00:00,65.27420043945312,74.14742279052734,33.874061584472656,48.01604461669922,16.400222778320312
2014-06-09 04:00:00,65.1353988647461,74.17616271972656,33.09944152832031,48.104618072509766,16.3612003326416
2014-06-10 04:00:00,65.17621612548828,74.80854034423828,33.17938232421875,48.112667083740234,16.44481658935547
2014-06-11 04:00:00,65.47021484375,74.24801635742188,33.33922576904297,47.88719177246094,16.405792236328125
2014-06-12 04:00:00,65.17893981933594,73.68032836914062,32.988800048828125,47.41211700439453,16.416940689086914
2014-06-13 04:00:00,64.9655990600586,73.68032836914062,33.29618453979492,47.428218841552734,16.4615478515625
2014-06-16 04:00:00,63.99742889404297,73.6228256225586,33.197818756103516,47.37186050415039,16.50613784790039
2014-06-17 04:00:00,64.13690948486328,73.24911499023438,33.38224792480469,47.710052490234375,16.43366813659668
2014-06-18 04:00:00,64.9902114868164,73.88154602050781,33.548240661621094,48.30591583251953,16.561878204345703
2014-06-19 04:00:00,66.05681610107422,74.60014343261719,33.31462860107422,48.193180084228516,16.49498748779297
2014-06-20 04:00:00,66.79528045654297,75.64933013916016,32.76748275756836,49.94859313964844,16.60090446472168
2014-06-23 04:00:00,66.86091613769531,75.27565002441406,33.04411697387695,49.98081970214844,16.416940689086914
2014-06-24 04:00:00,67.06604766845703,75.16067504882812,32.94575119018555,49.83586120605469,16.333324432373047
2014-06-25 04:00:00,67.5583267211914,76.00149536132812,33.81260299682617,50.729671478271484,16.61204719543457
2014-06-26 04:00:00,67.51729583740234,75.92240905761719,34.74090576171875,50.76188278198242,16.49498748779297
2014-06-27 04:00:00,67.27936553955078,75.44812774658203,34.91304397583008,50.81018829345703,16.539581298828125
2014-06-30 04:00:00,67.07423400878906,75.1822280883789,34.69786834716797,50.06132125854492,16.54515838623047
2014-07-01 04:00:00,67.18910217285156,76.08050537109375,34.974525451660156,50.327049255371094,16.768142700195312
2014-07-02 04:00:00,67.681396484375,76.07330322265625,35.72454833984375,50.48810958862305,16.929800033569336
2014-07-03 04:00:00,68.38701629638672,75.75714111328125,35.79217529296875,50.77798843383789,17.01898956298828
2014-07-07 04:00:00,67.45987701416016,76.51168823242188,35.28804397583008,50.41561508178711,16.99669075012207
2014-07-08 04:00:00,67.22193145751953,75.97271728515625,34.23678970336914,50.294837951660156,16.807153701782227
2014-07-09 04:00:00,67.88650512695312,76.20267486572266,33.81874084472656,50.423683166503906,16.751419067382812
2014-07-10 04:00:00,67.34500122070312,76.03020477294922,34.29826354980469,50.35121154785156,16.72354507446289
2014-07-11 04:00:00,67.99317932128906,75.52716064453125,34.04429244995117,50.600826263427734,16.76255989074707
2014-07-14 04:00:00,69.141845703125,75.7283706665039,33.976158142089844,50.73772048950195,16.857330322265625
2014-07-15 04:00:00,68.83828735351562,74.21928405761719,33.102752685546875,50.616947174072266,16.95210075378418
2014-07-16 04:00:00,68.72339630126953,73.45752716064453,33.23283767700195,50.57667922973633,17.258691787719727
2014-07-17 04:00:00,69.83104705810547,72.12809753417969,33.15230178833008,50.133785247802734,17.03013801574707
2014-07-18 04:00:00,70.1674575805664,73.15573120117188,34.01332473754883,51.10811996459961,17.13048553466797
2014-07-21 04:00:00,69.79000091552734,72.77487182617188,33.44964599609375,51.24502182006836,16.918657302856445
2014-07-22 04:00:00,70.60232543945312,73.6371841430664,33.48060607910156,51.30944061279297,16.99669075012207
2014-07-23 04:00:00,70.51203918457031,73.43599700927734,33.7469596862793,51.7362060546875,16.94094467163086
2014-07-24 04:00:00,70.2987289428711,73.44316864013672,33.49919128417969,51.832847595214844,16.913076400756836
2014-07-25 04:00:00,69.47825622558594,73.37850189208984,32.94170379638672,51.357749938964844,16.82946014404297
2014-07-28 04:00:00,70.35614776611328,73.37850189208984,33.28858184814453,51.043701171875,16.779281616210938
2014-07-29 04:00:00,69.141845703125,73.27069091796875,33.096553802490234,50.54446029663086,16.573034286499023
2014-07-30 04:00:00,68.05882263183594,73.51502990722656,33.29477310180664,50.423683166503906,16.454936981201172
2014-07-31 04:00:00,66.4998779296875,71.92686462402344,32.4213752746582,49.16752624511719,16.1400089263916
2014-08-01 04:00:00,66.86091613769531,71.79035186767578,32.50809860229492,48.86153030395508,16.229984283447266
2014-08-04 04:00:00,67.50090026855469,71.9771728515625,33.00983810424805,49.62650680541992,16.168123245239258
2014-08-05 04:00:00,66.45067596435547,71.73283386230469,32.70012664794922,49.01451110839844,15.97691822052002
2014-08-06 04:00:00,66.8691177368164,72.37239837646484,32.24174118041992,49.2077751159668,15.903807640075684
2014-08-07 04:00:00,65.03123474121094,71.8118896484375,32.47711944580078,48.595794677734375,15.768838882446289
2014-08-08 04:00:00,65.73685455322266,72.6383056640625,32.71870422363281,49.10309982299805,15.937549591064453
2014-08-11 04:00:00,65.53173065185547,72.69578552246094,33.02222442626953,49.18362045288086,15.886934280395508
2014-08-12 04:00:00,65.81890106201172,72.31495666503906,32.73108673095703,49.417137145996094,15.791333198547363
2014-08-13 04:00:00,66.8773422241211,73.11259460449219,33.20186233520508,49.18174362182617,15.864442825317383
2014-08-14 04:00:00,67.1316909790039,73.31378936767578,33.567325592041016,49.66876983642578,16.156877517700195
2014-08-15 04:00:00,66.84449005126953,72.70298767089844,33.387699127197266,49.38467025756836,16.106264114379883
2014-08-18 04:00:00,67.5583267211914,73.8024673461914,33.641666412353516,49.79864501953125,16.21873664855957
2014-08-19 04:00:00,68.48546600341797,73.98931121826172,34.24871063232422,50.45612716674805,16.274974822998047
2014-08-20 04:00:00,68.45266723632812,74.16896057128906,34.106239318847656,50.334381103515625,16.246856689453125
2014-08-21 04:00:00,68.73162841796875,74.87322998046875,34.04429244995117,50.350616455078125,16.207489013671875
2014-08-22 04:00:00,68.73982238769531,74.59104919433594,34.192970275878906,50.58600616455078,16.263729095458984
2014-08-25 04:00:00,69.11722564697266,74.68512725830078,34.60798263549805,50.918792724609375,16.25810432434082
2014-08-26 04:00:00,69.83927154541016,74.8370590209961,34.53366470336914,50.983741760253906,16.426816940307617
2014-08-27 04:00:00,70.873046875,74.67788696289062,34.50269317626953,51.137977600097656,16.58428382873535
2014-08-28 04:00:00,70.84024810791016,74.4825439453125,34.44074630737305,51.22725296020508,16.522418975830078
2014-08-29 04:00:00,71.11922454833984,75.0468521118164,34.24251174926758,51.592533111572266,16.528043746948242
2014-09-02 04:00:00,70.8812484741211,74.77918243408203,34.1124382019043,51.68994140625,16.454936981201172
2014-09-03 04:00:00,71.20946502685547,75.06857299804688,34.384986877441406,52.07143020629883,16.533660888671875
2014-09-04 04:00:00,71.43096160888672,75.12642669677734,34.40355682373047,52.12827682495117,16.516794204711914
2014-09-05 04:00:00,71.99710845947266,75.54609680175781,34.65134811401367,52.53413391113281,16.674257278442383
2014-09-08 04:00:00,72.1283950805664,75.27838134765625,34.42216110229492,52.76139450073242,16.533660888671875
2014-09-09 04:00:00,72.66170501708984,75.09752655029297,35.2769775390625,52.30684280395508,16.43806266784668
2014-09-10 04:00:00,71.89128875732422,75.95845031738281,35.42564010620117,52.58282470703125,16.55615997314453
2014-09-11 04:00:00,71.75123596191406,75.6401138305664,35.83448028564453,52.90752410888672,16.663009643554688
2014-09-12 04:00:00,71.00965881347656,75.66182708740234,35.853057861328125,52.98056411743164,16.550537109375
2014-09-15 04:00:00,70.88607788085938,75.76311492919922,35.884029388427734,52.915626525878906,16.826099395751953
2014-09-16 04:00:00,71.81716918945312,76.60235595703125,36.29906463623047,53.41077423095703,16.89920425415039
2014-09-17 04:00:00,71.67705535888672,76.82662963867188,36.930870056152344,53.50007247924805,17.067913055419922
2014-09-18 04:00:00,72.20442199707031,77.66586303710938,36.8255729675293,54.052005767822266,17.197261810302734
2014-09-19 04:00:00,72.3445053100586,78.12890625,36.5839958190918,54.00331115722656,17.096038818359375
2014-09-22 04:00:00,72.31976318359375,78.04935455322266,36.367191314697266,53.6380729675293,16.972309112548828
2014-09-23 04:00:00,71.34748840332031,77.74543762207031,35.65482711791992,53.53253936767578,16.89920425415039
2014-09-24 04:00:00,72.68231964111328,78.59916687011719,36.57780075073242,53.72733688354492,17.045425415039062
2014-09-25 04:00:00,71.00965881347656,77.4849853515625,35.92738342285156,53.23219680786133,16.859838485717773
2014-09-26 04:00:00,71.355712890625,77.4849853515625,36.66452407836914,53.151023864746094,16.713624954223633
2014-09-29 04:00:00,71.28153228759766,77.07984161376953,36.24949645996094,53.03737258911133,16.74173927307129
2014-09-30 04:00:00,71.06733703613281,77.11602020263672,35.778724670410156,52.639644622802734,16.629270553588867
2014-10-01 04:00:00,69.93846130371094,75.45928955078125,35.450416564941406,52.82633590698242,16.393070220947266
2014-10-02 04:00:00,69.95494842529297,75.13367462158203,35.1035270690918,52.62342071533203,16.342456817626953
2014-10-03 04:00:00,70.87781524658203,76.05973052978516,36.35480880737305,53.30525207519531,16.432437896728516
2014-10-06 04:00:00,70.11150360107422,75.86441802978516,35.80970001220703,53.26466369628906,16.404321670532227
2014-10-07 04:00:00,69.36994934082031,74.07740783691406,35.09115219116211,52.12827682495117,16.190622329711914
2014-10-08 04:00:00,71.3721923828125,75.90059661865234,36.138004302978516,52.95619583129883,16.522418975830078
2014-10-09 04:00:00,69.98793029785156,73.85311889648438,35.134498596191406,52.193206787109375,16.303089141845703
2014-10-10 04:00:00,70.35869598388672,73.2381591796875,34.30451583862305,52.07143020629883,16.381818771362305
2014-10-13 04:00:00,69.17218017578125,71.71161651611328,33.46202850341797,51.365264892578125,16.01066017150879
2014-10-14 04:00:00,68.24111938476562,70.18506622314453,33.780303955078125,51.25160217285156,16.005035400390625
2014-10-15 04:00:00,67.69728088378906,71.05323791503906,34.09233856201172,51.03244400024414,15.85319709777832
2014-10-16 04:00:00,70.35869598388672,70.01864624023438,33.01271057128906,50.245086669921875,15.577627182006836
2014-10-17 04:00:00,72.65760040283203,71.40775299072266,33.306007385253906,50.79705810546875,15.650744438171387
2014-10-20 04:00:00,72.95420837402344,71.76950073242188,33.95502853393555,51.21915054321289,15.706982612609863
2014-10-21 04:00:00,74.94000244140625,72.6087417602539,35.12826919555664,52.50165557861328,15.903807640075684
2014-10-22 04:00:00,73.96769714355469,73.2309341430664,35.50894546508789,52.50165557861328,15.915055274963379
2014-10-23 04:00:00,74.70103454589844,74.25102233886719,37.143978118896484,52.23379135131836,16.08376693725586
2014-10-24 04:00:00,75.5085220336914,74.61277770996094,37.62450408935547,53.613704681396484,16.370582580566406
2014-10-27 04:00:00,75.91226959228516,75.2928237915039,37.74932098388672,53.735450744628906,16.32558822631836
2014-10-28 04:00:00,76.3324966430664,75.81375885009766,38.023902893066406,52.62342071533203,16.359325408935547
2014-10-29 04:00:00,76.59615325927734,76.37083435058594,37.4310417175293,53.15913009643555,16.58428382873535
2014-10-30 04:00:00,77.35421752929688,77.44156646728516,38.17991256713867,54.22248840332031,16.78110694885254
2014-10-31 04:00:00,78.28529357910156,77.97696685791016,39.60276412963867,53.84098434448242,16.842966079711914
2014-11-03 05:00:00,78.16171264648438,77.74543762207031,39.471717834472656,54.01142883300781,16.97793960571289
2014-11-04 05:00:00,78.2605972290039,78.58468627929688,39.103515625,54.522823333740234,17.028553009033203
2014-11-05 05:00:00,78.93621826171875,78.72938537597656,39.02862548828125,54.376712799072266,17.039894104003906
2014-11-06 05:00:00,79.2740707397461,78.8668441772461,39.13472366333008,54.352359771728516,17.039894104003906
2014-11-07 05:00:00,77.13175964355469,78.28083801269531,38.379615783691406,54.06013870239258,16.971824645996094
2014-11-10 05:00:00,78.07106018066406,78.72938537597656,39.808712005615234,55.48062515258789,17.130659103393555
2014-11-11 05:00:00,78.84559631347656,78.79451751708984,39.84615707397461,55.074771881103516,17.198720932006836
2014-11-12 05:00:00,78.83737182617188,78.67877960205078,39.78998565673828,55.107486724853516,17.25544548034668
2014-11-13 05:00:00,79.01861572265625,78.9102554321289,39.70885467529297,55.336429595947266,17.25544548034668
2014-11-14 05:00:00,78.36768341064453,78.25188446044922,39.93976593017578,55.050262451171875,17.210065841674805
2014-11-17 05:00:00,79.4883041381836,78.35317993164062,40.588775634765625,55.01755142211914,17.198720932006836
2014-11-18 05:00:00,80.90553283691406,78.73664855957031,41.21908187866211,55.418190002441406,17.35187339782715
2014-11-19 05:00:00,79.80965423583984,78.68596649169922,40.8758430480957,54.9521484375,17.26679229736328
2014-11-20 05:00:00,79.80137634277344,78.26634979248047,40.68238830566406,54.61692428588867,17.26679229736328
2014-11-21 05:00:00,79.6860580444336,78.54307556152344,42.03659439086914,55.07478713989258,17.272462844848633
2014-11-24 05:00:00,79.84261322021484,77.82943725585938,42.298702239990234,54.72320556640625,17.142000198364258
2014-11-25 05:00:00,80.66657257080078,77.69837951660156,42.47344970703125,54.65780258178711,17.283809661865234
2014-11-26 05:00:00,80.8396224975586,78.06976318359375,42.87283706665039,55.042091369628906,17.641172409057617
2014-11-28 05:00:00,81.26806640625,78.82708740234375,43.18486022949219,55.69618225097656,17.669527053833008
2014-12-01 05:00:00,81.62236022949219,78.66686248779297,43.128700256347656,56.01504898071289,17.73192596435547
2014-12-02 05:00:00,82.2568359375,79.01641082763672,43.22854995727539,57.54397964477539,17.90777015686035
2014-12-03 05:00:00,83.36925506591797,78.44112396240234,42.748023986816406,58.157196044921875,18.009876251220703
2014-12-04 05:00:00,82.43466186523438,78.3246078491211,43.4157600402832,59.179222106933594,17.964502334594727
2014-12-05 05:00:00,82.98050689697266,79.01641082763672,43.503135681152344,58.745887756347656,18.14600944519043
2014-12-08 05:00:00,82.64141082763672,79.02366638183594,43.3221549987793,59.54716110229492,18.13467025756836
2014-12-09 05:00:00,83.55120086669922,78.6814193725586,43.14740753173828,59.04022216796875,18.12331771850586
2014-12-10 05:00:00,81.9549560546875,77.36337280273438,42.173892974853516,58.09178924560547,18.072275161743164
2014-12-11 05:00:00,82.48426818847656,77.71292877197266,41.83065414428711,58.54966354370117,17.953153610229492
2014-12-12 05:00:00,81.6820068359375,76.04537963867188,40.7322998046875,56.86537170410156,17.55608558654785
2014-12-15 05:00:00,81.27674865722656,75.70313262939453,40.95073318481445,56.96348571777344,17.505033493041992
2014-12-16 05:00:00,79.27521514892578,74.82927703857422,40.71982955932617,56.628265380859375,17.397258758544922
2014-12-17 05:00:00,81.99629211425781,75.78321075439453,41.5435905456543,57.462249755859375,17.652515411376953
2014-12-18 05:00:00,84.56024932861328,77.77848052978516,42.38606262207031,59.2364501953125,18.13467025756836
2014-12-19 05:00:00,84.76699829101562,76.8609619140625,42.2550048828125,59.19560623168945,18.117643356323242
2014-12-22 05:00:00,85.22189331054688,77.72749328613281,41.79322052001953,58.39432144165039,18.20273208618164
2014-12-23 05:00:00,85.06475830078125,75.93614196777344,40.158180236816406,57.02073287963867,17.839706420898438
2014-12-24 05:00:00,84.9241714477539,76.1618881225586,41.318931579589844,57.364112854003906,17.82268714904785
2014-12-26 05:00:00,84.8166275024414,76.50411987304688,41.79945373535156,57.552181243896484,17.953153610229492
2014-12-29 05:00:00,84.63465881347656,76.70073699951172,41.89930725097656,57.31504440307617,17.8056697845459
2014-12-30 05:00:00,85.06475830078125,76.72257232666016,41.375091552734375,56.93895721435547,17.799997329711914
2014-12-31 05:00:00,83.60911560058594,76.14732360839844,40.838409423828125,56.407501220703125,17.669527053833008
2015-01-02 05:00:00,83.35271453857422,76.11089324951172,41.119232177734375,57.2823486328125,17.771629333496094
2015-01-05 05:00:00,81.979736328125,75.57930755615234,40.34540939331055,56.71821212768555,17.675203323364258
2015-01-06 05:00:00,81.8143539428711,75.20794677734375,40.145694732666016,57.00436782836914,17.82268714904785
2015-01-07 05:00:00,82.64969635009766,76.86821746826172,41.768245697021484,56.60371780395508,18.06659698486328
2015-01-08 05:00:00,86.5948486328125,77.47262573242188,42.20510482788086,57.944637298583984,18.435300827026367
2015-01-09 05:00:00,85.78431701660156,76.41676330566406,41.05058670043945,57.17607498168945,18.5203914642334
2015-01-12 05:00:00,84.8166275024414,76.15459442138672,41.03810119628906,56.75909423828125,18.588459014892578
2015-01-13 05:00:00,85.24671173095703,76.28569030761719,39.856075286865234,56.72635269165039,18.401269912719727
2015-01-14 05:00:00,85.46175384521484,75.73223876953125,40.05097198486328,57.037071228027344,18.423959732055664
2015-01-15 05:00:00,86.3963394165039,74.63265228271484,39.54169845581055,57.02073287963867,18.378583908081055
2015-01-16 05:00:00,87.47982788085938,75.7613754272461,40.57911682128906,57.78927230834961,18.60548210144043
2015-01-20 05:00:00,87.35577392578125,73.7588119506836,39.893795013427734,58.89306640625,18.775651931762695
2015-01-21 05:00:00,90.4159164428711,74.20304107666016,39.422237396240234,59.06476974487305,18.514720916748047
2015-01-22 05:00:00,94.16259765625,75.5574951171875,39.598289489746094,59.24464416503906,18.61114501953125
2015-01-23 05:00:00,92.63252258300781,74.4214859008789,39.252471923828125,58.974822998046875,18.406946182250977
2015-01-26 05:00:00,92.30992889404297,74.46519470214844,39.50397491455078,58.9584846496582,18.60548210144043
2015-01-27 05:00:00,90.98664093017578,74.34137725830078,39.67374038696289,58.647789001464844,18.492033004760742
2015-01-28 05:00:00,89.70462799072266,73.89718627929688,38.8878059387207,58.026405334472656,18.12331771850586
2015-01-29 05:00:00,90.47384643554688,74.55254364013672,39.686309814453125,58.9584846496582,18.05525779724121
2015-01-30 05:00:00,87.87684631347656,72.9214096069336,37.94468688964844,58.86854934692383,17.72625160217285
2015-02-02 05:00:00,88.73696899414062,73.42385864257812,38.16474533081055,58.61508560180664,17.953153610229492
2015-02-03 05:00:00,89.16703796386719,74.61080932617188,38.76205825805664,57.96097946166992,18.163034439086914
2015-02-04 05:00:00,89.25801849365234,73.80980682373047,35.781803131103516,57.41316604614258,18.351871490478516
2015-02-05 05:00:00,90.0024185180664,74.61080932617188,36.460845947265625,58.386165618896484,18.878332138061523
2015-02-06 05:00:00,88.99336242675781,73.6204833984375,35.7755241394043,57.52762985229492,18.981334686279297
2015-02-09 05:00:00,88.0752944946289,72.65924835205078,34.88270568847656,56.914424896240234,18.924116134643555
2015-02-10 05:00:00,90.12642669677734,73.07435607910156,35.769222259521484,57.642112731933594,19.542137145996094
2015-02-11 05:00:00,90.85427856445312,73.09619140625,35.643489837646484,57.60091781616211,19.599363327026367
2015-02-12 05:00:00,90.84600830078125,71.6834716796875,35.869834899902344,58.07854080200195,19.95415496826172
2015-02-13 05:00:00,90.51519012451172,72.54276275634766,36.498573303222656,58.10325622558594,19.822534561157227
2015-02-17 05:00:00,90.77983093261719,73.13986206054688,36.91983413696289,58.92668914794922,19.7882080078125
2015-02-18 05:00:00,90.7881088256836,72.79034423828125,37.246768951416016,58.47379684448242,19.730974197387695
2015-02-19 05:00:00,91.00316619873047,73.32919311523438,37.09588623046875,58.56438064575195,19.690921783447266
2015-02-20 05:00:00,93.1452865600586,73.51984405517578,38.541996002197266,59.190216064453125,19.776756286621094
2015-02-23 05:00:00,96.27164459228516,73.46118927001953,38.0830078125,58.5396614074707,19.679475784301758
2015-02-24 05:00:00,95.4693603515625,73.84249877929688,38.27163314819336,58.38322067260742,19.650861740112305
2015-02-25 05:00:00,94.32801818847656,74.21649169921875,38.11444091796875,57.93855285644531,19.833980560302734
2015-02-26 05:00:00,94.00543975830078,75.3824234008789,38.05157470703125,57.666805267333984,19.793928146362305
2015-02-27 05:00:00,93.98059844970703,75.16976165771484,38.03899383544922,57.78209686279297,19.639415740966797
2015-03-02 05:00:00,94.61746215820312,75.6904067993164,38.01384353637695,58.56438064575195,19.896926879882812
2015-03-03 05:00:00,93.34380340576172,75.04509735107422,37.48570251464844,57.94678497314453,19.776756286621094
2015-03-04 05:00:00,94.13777160644531,74.53912353515625,37.89439392089844,58.17734909057617,19.822534561157227
2015-03-05 05:00:00,94.94004821777344,75.17708587646484,35.7503662109375,58.127952575683594,19.72525978088379
2015-03-06 05:00:00,93.36033630371094,73.40988159179688,34.983299255371094,56.332801818847656,19.439136505126953
2015-03-09 04:00:00,95.031005859375,73.81315612792969,34.9204216003418,57.29624557495117,19.473468780517578
2015-03-10 04:00:00,93.01294708251953,72.98456573486328,35.109046936035156,56.637489318847656,19.330406188964844
2015-03-11 04:00:00,93.53988647460938,72.09728240966797,35.59946823120117,56.373985290527344,19.244571685791016
2015-03-12 04:00:00,95.3323745727539,73.20452117919922,36.46713638305664,57.27978515625,19.45630645751953
2015-03-13 04:00:00,95.63939666748047,72.74992370605469,36.46713638305664,57.55154037475586,19.45630645751953
2015-03-16 04:00:00,98.35299682617188,74.10649108886719,37.17132568359375,58.5232048034668,19.708086013793945
2015-03-17 04:00:00,97.58953094482422,73.2485580444336,37.55487060546875,58.33380126953125,19.553586959838867
2015-03-18 04:00:00,99.5479736328125,74.39982604980469,37.65546798706055,60.557159423828125,19.673755645751953
2015-03-19 04:00:00,100.21183013916016,74.5684585571289,38.47282409667969,61.117095947265625,19.542137145996094
2015-03-20 04:00:00,98.86750030517578,75.08910369873047,37.97612380981445,62.68168258666992,19.599363327026367
2015-03-23 04:00:00,98.7845230102539,75.51441955566406,38.02642059326172,62.879295349121094,20.057159423828125
2015-03-24 04:00:00,98.02103424072266,74.76646423339844,37.49199676513672,62.220523834228516,19.75386619567871
2015-03-25 04:00:00,96.70990753173828,73.57853698730469,36.605464935302734,61.232398986816406,19.627975463867188
2015-03-26 04:00:00,96.46924591064453,73.4318618774414,36.008155822753906,60.47479248046875,19.54785919189453
2015-03-27 04:00:00,97.92977142333984,73.57853698730469,36.24708557128906,60.590087890625,19.759592056274414
2015-03-30 04:00:00,100.41101837158203,74.46581268310547,36.618038177490234,60.828880310058594,20.028539657592773
2015-03-31 04:00:00,98.162109375,73.7691650390625,36.80665588378906,59.82429504394531,19.908374786376953
2015-04-01 04:00:00,97.46504974365234,72.70589447021484,35.90126419067383,58.9019889831543,19.6451416015625
2015-04-02 04:00:00,97.39036560058594,73.0652084350586,35.84469223022461,58.66318130493164,19.673755645751953
2015-04-06 04:00:00,97.67251586914062,72.71324157714844,36.221927642822266,58.72081756591797,19.730974197387695
2015-04-07 04:00:00,97.38206481933594,73.40251159667969,36.7312126159668,59.04197311401367,19.76531219482422
2015-04-08 04:00:00,98.07913208007812,73.44652557373047,36.9764289855957,59.412559509277344,19.822534561157227
2015-04-09 04:00:00,98.37789154052734,74.30448150634766,37.925819396972656,59.58546829223633,20.045713424682617
2015-04-10 04:00:00,98.75133514404297,74.83979797363281,38.98211669921875,60.87006759643555,20.28033447265625
2015-04-13 04:00:00,99.05836486816406,73.73251342773438,38.79825973510742,60.54067611694336,20.080045700073242
2015-04-14 04:00:00,99.51477813720703,73.71052551269531,39.127925872802734,60.49126052856445,20.045713424682617
2015-04-15 04:00:00,97.35716247558594,73.7691650390625,39.3244514465332,60.697147369384766,20.148717880249023
2015-04-16 04:00:00,100.9089126586914,73.17521667480469,39.67945861816406,60.51598358154297,20.137269973754883
2015-04-17 04:00:00,98.51067352294922,73.02124786376953,39.489280700683594,59.67605209350586,20.05143165588379
2015-04-20 04:00:00,98.40277099609375,73.4831771850586,40.281734466552734,59.62663269042969,20.034271240234375
2015-04-21 04:00:00,98.98369598388672,73.54920196533203,40.326114654541016,59.461944580078125,19.965604782104492
2015-04-22 04:00:00,97.7638168334961,73.64453125,40.903011322021484,59.536067962646484,19.988481521606445
2015-04-23 04:00:00,98.13725280761719,73.66651153564453,40.73183059692383,59.618412017822266,20.23455047607422
2015-04-24 04:00:00,98.49406433105469,74.12116241455078,41.885650634765625,58.943172454833984,20.18305206298828
2015-04-27 04:00:00,96.46098327636719,73.75452423095703,41.21998977661133,58.3749885559082,19.793928146362305
2015-04-28 04:00:00,97.58123016357422,73.8718490600586,42.151912689208984,58.613800048828125,19.730974197387695
2015-04-29 04:00:00,94.27845001220703,73.61516571044922,41.606689453125,59.51959228515625,19.62225341796875
2015-04-30 04:00:00,92.44451141357422,72.74256896972656,40.99176025390625,59.181976318359375,19.416248321533203
2015-05-01 04:00:00,93.93819427490234,73.4245376586914,40.776214599609375,60.21132278442383,19.5020809173584
2015-05-04 04:00:00,95.06680297851562,73.58586120605469,41.00444030761719,60.15365982055664,19.639415740966797
2015-05-05 04:00:00,94.07930755615234,72.96256256103516,40.484596252441406,59.21490478515625,19.52497100830078
2015-05-06 04:00:00,94.17888641357422,72.7205581665039,40.53529739379883,59.33021545410156,19.305723190307617
2015-05-07 04:00:00,95.23278045654297,73.07989501953125,41.01710510253906,59.140811920166016,19.37495231628418
2015-05-08 04:00:00,95.99624633789062,74.40711975097656,41.359458923339844,60.32658004760742,19.628822326660156
2015-05-11 04:00:00,95.24108123779297,74.08448028564453,41.3341064453125,60.4995002746582,19.594207763671875
2015-05-12 04:00:00,95.1332015991211,73.67384338378906,41.086849212646484,59.65135192871094,19.49034881591797
2015-05-13 04:00:00,96.14561462402344,73.73251342773438,41.39749526977539,59.94776916503906,19.346105575561523
2015-05-14 04:00:00,98.36129760742188,74.67112731933594,41.822242736816406,60.57793426513672,19.582677841186523
2015-05-15 04:00:00,99.0251693725586,75.01578521728516,41.83492660522461,60.44527053833008,19.611528396606445
2015-05-18 04:00:00,99.41522216796875,75.83705139160156,41.59402084350586,60.47847366333008,19.605745315551758
2015-05-19 04:00:00,100.03758239746094,76.23304748535156,41.67010498046875,60.90129089355469,19.738452911376953
2015-05-20 04:00:00,100.6101303100586,75.96905517578125,41.771541595458984,60.82669448852539,19.79037857055664
2015-05-21 04:00:00,99.9628677368164,75.65145111083984,41.619384765625,61.58123779296875,19.82499885559082
2015-05-22 04:00:00,99.24090576171875,74.861083984375,41.51161575317383,61.6060905456543,19.778846740722656
2015-05-26 04:00:00,98.12065887451172,74.46959686279297,41.90467071533203,61.61437225341797,19.680755615234375
2015-05-27 04:00:00,99.12474822998047,74.69859313964844,42.71613311767578,62.10356903076172,19.79037857055664
2015-05-28 04:00:00,99.26581573486328,74.71337127685547,42.7731819152832,63.355613708496094,19.871156692504883
2015-05-29 04:00:00,99.75540161132812,73.96733856201172,42.215301513671875,65.4201889038086,20.050016403198242
2015-06-01 04:00:00,99.4649887084961,73.89348602294922,42.430843353271484,65.50309753417969,19.940393447875977
2015-06-02 04:00:00,97.71403503417969,73.84916687011719,42.23432540893555,64.63250732421875,19.900007247924805
2015-06-03 04:00:00,98.21192932128906,73.9303970336914,42.481563568115234,64.53301239013672,19.853851318359375
2015-06-04 04:00:00,96.80116271972656,73.29518127441406,42.741485595703125,64.40864562988281,19.75576400756836
2015-06-05 04:00:00,96.70161437988281,72.82244110107422,42.72881317138672,64.77346801757812,19.66921615600586
2015-06-08 04:00:00,97.01696014404297,72.35710144042969,42.97605514526367,65.10514068603516,19.605745315551758
2015-06-09 04:00:00,97.08332824707031,72.541748046875,42.89997482299805,68.62903594970703,19.623058319091797
2015-06-10 04:00:00,98.37789154052734,73.03666687011719,43.26133728027344,68.9689712524414,19.79615592956543
2015-06-11 04:00:00,99.43623352050781,73.30257415771484,43.13453674316406,71.79639434814453,19.882699966430664
2015-06-12 04:00:00,98.0445556640625,72.64517974853516,42.506927490234375,69.8230209350586,19.738452911376953
2015-06-15 04:00:00,99.15290069580078,72.00994873046875,42.41817092895508,69.71520233154297,19.64037322998047
2015-06-16 04:00:00,101.29466247558594,72.6525650024414,42.329410552978516,70.2956314086914,19.64037322998047
2015-06-17 04:00:00,99.78627014160156,72.92588806152344,42.9633674621582,69.25919342041016,19.605745315551758
2015-06-18 04:00:00,100.74462890625,74.12985229492188,43.7304573059082,68.85289001464844,19.83077049255371
2015-06-19 04:00:00,100.27794647216797,73.7605209350586,44.04743957519531,68.51292419433594,19.721149444580078
2015-06-22 04:00:00,100.21127319335938,73.9303970336914,44.45317840576172,68.7533950805664,19.79615592956543
2015-06-23 04:00:00,102.28630828857422,73.70140838623047,44.38979721069336,68.54610443115234,19.905773162841797
2015-06-24 04:00:00,99.3112564086914,73.36905670166016,43.88261795043945,68.20616149902344,19.74999237060547
2015-06-25 04:00:00,101.9446792602539,73.21392822265625,44.26298904418945,70.31218719482422,19.628822326660156
2015-06-26 04:00:00,102.71134948730469,73.59801483154297,44.66872787475586,71.18281555175781,19.57113265991211
2015-06-29 04:00:00,100.99464416503906,72.15027618408203,42.5893440246582,69.46644592285156,19.380735397338867
2015-06-30 04:00:00,101.66966247558594,71.98779296875,42.59568405151367,69.22601318359375,19.346105575561523
2015-07-01 04:00:00,102.81967163085938,72.73379516601562,43.4325065612793,70.35365295410156,19.43842887878418
2015-07-02 04:00:00,101.51131439208984,72.71166229248047,43.242305755615234,71.42327880859375,19.253793716430664
2015-07-06 04:00:00,101.80301666259766,72.53438568115234,43.2486572265625,71.5973892211914,19.184553146362305
2015-07-07 04:00:00,100.58628845214844,73.06619262695312,43.46418762207031,73.57080841064453,19.461511611938477
2015-07-08 04:00:00,98.98622131347656,72.21675109863281,42.89363098144531,72.34362030029297,19.299949645996094
2015-07-09 04:00:00,99.4529037475586,72.6821060180664,43.09016799926758,72.53433990478516,19.536510467529297
2015-07-10 04:00:00,101.79467010498047,73.51676940917969,43.88895797729492,73.20594787597656,19.82499885559082
2015-07-13 04:00:00,102.04467010498047,74.06338500976562,44.43181610107422,73.64537811279297,20.09041404724121
2015-07-14 04:00:00,104.16973114013672,73.70140838623047,44.57871627807617,73.59564971923828,20.240427017211914
2015-07-15 04:00:00,104.88640594482422,74.17417907714844,44.54677963256836,71.62226104736328,20.182723999023438
2015-07-16 04:00:00,104.11141204833984,74.68383026123047,44.700050354003906,72.27729797363281,20.25196075439453
2015-07-17 04:00:00,103.21134948730469,73.92301177978516,44.700050354003906,72.44314575195312,20.234657287597656
2015-07-20 04:00:00,102.21131896972656,74.1372299194336,45.21737289428711,72.8576889038086,20.332746505737305
2015-07-21 04:00:00,100.7196273803711,74.11505889892578,45.05131912231445,70.95064544677734,20.275039672851562
2015-07-22 04:00:00,100.51127624511719,73.99688720703125,45.06410217285156,71.62226104736328,20.12503433227539
2015-07-23 04:00:00,99.44458770751953,74.01166534423828,45.03854751586914,71.93734741210938,20.067331314086914
2015-07-24 04:00:00,98.28623962402344,73.23609161376953,43.48019790649414,70.2458724975586,19.767309188842773
2015-07-27 04:00:00,98.23624420166016,72.59347534179688,44.28491973876953,69.77325439453125,19.813459396362305
2015-07-28 04:00:00,101.26963806152344,73.14006805419922,45.49198913574219,71.0418472290039,20.39620590209961
2015-07-29 04:00:00,101.26963806152344,73.66450500488281,45.198211669921875,70.55267333984375,20.63277244567871
2015-07-30 04:00:00,100.46961212158203,73.74575805664062,44.808631896972656,70.09661865234375,20.61545753479004
2015-07-31 04:00:00,101.16964721679688,74.01904296875,44.712825775146484,70.07176208496094,20.805866241455078
2015-08-03 04:00:00,100.74462890625,73.87870025634766,44.534000396728516,69.76495361328125,20.857797622680664
2015-08-04 04:00:00,100.70295715332031,73.71621704101562,44.67450714111328,69.69034576416016,20.83470916748047
2015-08-05 04:00:00,103.26969146728516,74.24803161621094,44.89805221557617,70.2541732788086,20.828903198242188
2015-08-06 04:00:00,101.70296478271484,73.177001953125,44.221065521240234,68.57097625732422,20.450937271118164
2015-08-07 04:00:00,101.5196533203125,73.01448822021484,43.82508087158203,68.21446228027344,20.462560653686523
2015-08-10 04:00:00,102.06965637207031,73.70880126953125,44.201900482177734,69.24258422851562,20.56140899658203
2015-08-11 04:00:00,101.88634490966797,73.13267517089844,43.588775634765625,69.26746368408203,20.421859741210938
2015-08-12 04:00:00,101.00296020507812,72.91106414794922,43.908119201660156,69.55107879638672,20.567230224609375
2015-08-13 04:00:00,100.43626403808594,72.7412109375,43.77399444580078,69.25914764404297,20.56140899658203
2015-08-14 04:00:00,100.85295104980469,72.98494720458984,43.8442497253418,69.99320220947266,20.53815460205078
2015-08-17 04:00:00,103.18634033203125,73.76791381835938,44.304080963134766,69.62615203857422,20.642822265625
2015-08-18 04:00:00,104.58639526367188,73.39859771728516,43.97837448120117,69.55940246582031,20.654457092285156
2015-08-19 04:00:00,102.68632507324219,73.35426330566406,43.80591583251953,69.87638854980469,20.50908088684082
2015-08-20 04:00:00,99.82792663574219,72.97017669677734,43.097015380859375,72.845947265625,20.090412139892578
2015-08-21 04:00:00,96.90284729003906,71.12432098388672,42.08792495727539,70.51036071777344,19.503110885620117
2015-08-24 04:00:00,92.0277099609375,69.08499145507812,40.523193359375,67.34059143066406,18.683204650878906
2015-08-25 04:00:00,91.65270233154297,67.52943420410156,38.77326583862305,65.2802505493164,18.223833084106445
2015-08-26 04:00:00,94.55278015136719,70.78939056396484,40.32521438598633,67.64925384521484,18.857656478881836
2015-08-27 04:00:00,98.14454650878906,71.61558532714844,41.2001838684082,69.85137176513672,19.340286254882812
2015-08-28 04:00:00,97.7362060546875,70.83407592773438,40.8616828918457,69.39259338378906,18.991395950317383
2015-08-31 04:00:00,96.41950225830078,69.94834899902344,39.858970642089844,68.69190216064453,18.735544204711914
2015-09-01 04:00:00,93.86109161376953,68.54163360595703,38.63914108276367,66.56486511230469,18.235464096069336
2015-09-02 04:00:00,95.19446563720703,69.47946166992188,38.945701599121094,68.2414779663086,18.59016990661621
2015-09-03 04:00:00,94.99443817138672,68.95100402832031,39.32889938354492,68.0663070678711,18.543651580810547
2015-09-04 04:00:00,93.63607788085938,67.96109008789062,38.172916412353516,66.99858093261719,18.241281509399414
2015-09-08 04:00:00,96.7445068359375,69.9185791015625,38.6838493347168,69.13400268554688,18.915802001953125
2015-09-09 04:00:00,96.31764221191406,68.638427734375,37.847190856933594,67.64088439941406,18.58435821533203
2015-09-10 04:00:00,97.73213958740234,69.01055908203125,38.051570892333984,67.43235778808594,18.9681396484375
2015-09-11 04:00:00,99.34747314453125,69.16685485839844,37.9046745300293,68.2331314086914,19.171655654907227
2015-09-14 04:00:00,98.59417724609375,69.45713806152344,37.642818450927734,68.30821990966797,19.02047348022461
2015-09-15 04:00:00,100.46063995361328,70.26094818115234,37.80887222290039,69.20073699951172,19.28795623779297
2015-09-16 04:00:00,101.39801025390625,70.41726684570312,38.006866455078125,70.44361114501953,19.293773651123047
2015-09-17 04:00:00,103.16402435302734,70.58842468261719,38.23040008544922,75.05645751953125,19.468219757080078
2015-09-18 04:00:00,102.50282287597656,69.50923156738281,39.09897994995117,73.81356811523438,19.10187530517578
2015-09-21 04:00:00,103.733154296875,69.31571197509766,37.93021774291992,73.06282806396484,18.851842880249023
2015-09-22 04:00:00,102.88783264160156,69.3975830078125,36.87643051147461,73.23798370361328,18.758806228637695
2015-09-23 04:00:00,103.18075561523438,69.21150207519531,36.67844772338867,72.31208038330078,18.9681396484375
2015-09-24 04:00:00,101.34779357910156,68.8319091796875,36.12919235229492,71.19435119628906,19.014657974243164
2015-09-25 04:00:00,97.3973617553711,67.73036193847656,35.59910583496094,70.1182861328125,18.543651580810547
2015-09-28 04:00:00,94.32568359375,68.00576782226562,33.52983093261719,66.5147933959961,17.921464920043945
2015-09-29 04:00:00,95.59788513183594,69.24874114990234,33.715057373046875,66.9652099609375,18.03775405883789
2015-09-30 04:00:00,97.09603881835938,69.47946166992188,34.74968338012695,69.80965423583984,18.264530181884766
2015-10-01 04:00:00,97.59820556640625,69.34548950195312,35.209510803222656,71.05255889892578,18.514575958251953
2015-10-02 04:00:00,99.45626068115234,69.9111557006836,35.65019607543945,73.00445556640625,19.23562240600586
2015-10-05 04:00:00,100.14257049560547,70.52892303466797,36.19945526123047,72.21200561523438,19.468219757080078
2015-10-06 04:00:00,97.1295166015625,69.53154754638672,35.177581787109375,70.21005249023438,19.066993713378906
2015-10-07 04:00:00,97.44757080078125,70.692626953125,35.52885437011719,70.05989074707031,19.357730865478516
2015-10-08 04:00:00,97.15460968017578,70.76707458496094,35.79069900512695,69.87638854980469,19.24143409729004
2015-10-09 04:00:00,99.82453918457031,70.98291778564453,35.53522872924805,71.85331726074219,19.328664779663086
2015-10-12 04:00:00,102.53631591796875,71.44436645507812,35.61827087402344,66.26456451416016,19.317026138305664
2015-10-13 04:00:00,103.77499389648438,71.04247283935547,34.677207946777344,66.41471862792969,19.17747688293457
2015-10-14 04:00:00,102.16800689697266,70.35770416259766,34.76744079589844,66.1060562133789,19.21236801147461
2015-10-15 04:00:00,100.57779693603516,72.30775451660156,36.18547821044922,66.61489868164062,19.817110061645508
2015-10-16 04:00:00,100.41878509521484,73.11901092529297,36.43685531616211,67.9912338256836,20.009002685546875
2015-10-19 04:00:00,101.04650115966797,72.89574432373047,36.198368072509766,66.94017791748047,20.061336517333984
2015-10-20 04:00:00,100.78704071044922,72.63525390625,35.341102600097656,64.88819885253906,19.770597457885742
2015-10-21 04:00:00,98.85364532470703,72.66502380371094,34.696537017822266,64.23757934570312,19.456592559814453
2015-10-22 04:00:00,95.25470733642578,74.07916259765625,31.112802505493164,64.21257019042969,19.380990982055664
2015-10-23 04:00:00,97.02069854736328,74.65972137451172,32.44704055786133,65.32195281982422,19.799663543701172
2015-10-26 04:00:00,97.5312728881836,74.38433074951172,33.43321228027344,65.98927307128906,19.863628387451172
2015-10-27 04:00:00,99.90824127197266,74.57039642333984,33.89085006713867,67.49073028564453,20.346263885498047
2015-10-28 04:00:00,100.25140380859375,74.78627014160156,34.32915115356445,69.29249572753906,20.613754272460938
2015-10-29 04:00:00,100.19281768798828,75.44866943359375,34.870574951171875,68.39997100830078,20.21832847595215
2015-10-30 04:00:00,98.57745361328125,75.19558715820312,38.38341522216797,68.041259765625,19.665922164916992
2015-11-02 05:00:00,99.339111328125,76.04408264160156,40.852073669433594,68.43333435058594,20.386972427368164
2015-11-03 05:00:00,98.47704315185547,75.88778686523438,40.23974609375,68.12467193603516,20.33463478088379
2015-11-04 05:00:00,95.94940948486328,75.87290954589844,41.1227912902832,67.60752868652344,20.01224136352539
2015-11-05 05:00:00,97.28016662597656,76.16316986083984,40.458892822265625,67.24048614501953,20.018095016479492
2015-11-06 05:00:00,96.0916748046875,75.85801696777344,41.33549118041992,67.11539459228516,19.88913345336914
2015-11-09 05:00:00,95.63134765625,75.0541763305664,40.75538635253906,66.19781494140625,19.725008010864258
2015-11-10 05:00:00,96.99559783935547,75.50822448730469,40.15595626831055,67.20513916015625,19.807069778442383
2015-11-11 05:00:00,95.86570739746094,75.81336212158203,39.227779388427734,67.74237060546875,19.77776527404785
2015-11-12 05:00:00,94.4261245727539,74.62993621826172,38.821720123291016,67.0372543334961,19.572601318359375
2015-11-13 05:00:00,93.24600982666016,74.33968353271484,38.583229064941406,66.77703857421875,19.502262115478516
2015-11-16 05:00:00,95.26306915283203,75.33702850341797,38.679908752441406,68.18727111816406,19.437780380249023
2015-11-17 05:00:00,95.74016571044922,75.54540252685547,38.91839599609375,68.24603271484375,19.26778793334961
2015-11-18 05:00:00,98.13384246826172,76.41624450683594,39.311580657958984,70.21869659423828,19.525705337524414
2015-11-19 05:00:00,92.59315490722656,76.28225708007812,39.02798080444336,70.27748107910156,18.927799224853516
2015-11-20 05:00:00,94.55167388916016,76.83708190917969,39.388916015625,70.90705871582031,18.863317489624023
2015-11-23 05:00:00,93.87372589111328,77.05455017089844,39.41470718383789,71.1336898803711,18.36506462097168
2015-11-24 05:00:00,94.73580932617188,76.50719451904297,39.40181350708008,70.41177368164062,18.740224838256836
2015-11-25 05:00:00,95.75688934326172,76.44722747802734,38.86039352416992,70.29425048828125,19.26778793334961
2015-11-27 05:00:00,95.69827270507812,76.754638671875,38.67346954345703,70.21869659423828,19.220890045166016
2015-11-30 05:00:00,94.33405303955078,75.9073715209961,37.48103713989258,68.86724090576172,19.209169387817383
2015-12-01 05:00:00,97.30529022216797,76.74712371826172,38.04179763793945,72.6111068725586,19.707422256469727
2015-12-02 05:00:00,98.88555908203125,76.51469421386719,37.20387268066406,70.98258209228516,19.28536605834961
2015-12-03 05:00:00,96.66644287109375,75.5699691772461,36.17258071899414,69.72344970703125,18.98642349243164
2015-12-04 05:00:00,98.96961975097656,77.18946838378906,36.855812072753906,72.71185302734375,19.22675323486328
2015-12-07 05:00:00,97.43134307861328,77.4669189453125,36.26927947998047,72.51036834716797,19.144689559936523
2015-12-08 05:00:00,97.40613555908203,76.79212188720703,36.52708435058594,72.53555297851562,19.0684814453125
2015-12-09 05:00:00,96.70842742919922,76.58969116210938,36.11457824707031,70.39498901367188,18.927799224853516
2015-12-10 05:00:00,97.68356323242188,76.95706939697266,35.95344161987305,71.27639770507812,18.968833923339844
2015-12-11 05:00:00,97.4902114868164,76.2372817993164,34.83190155029297,69.91651916503906,18.792978286743164
2015-12-14 05:00:00,97.38091278076172,76.58969116210938,35.73427963256836,71.08334350585938,18.863317489624023
2015-12-15 05:00:00,98.86033630371094,78.0742416381836,36.34661102294922,71.78843688964844,18.910215377807617
2015-12-16 05:00:00,99.8858413696289,78.9139633178711,37.1458625793457,72.43478393554688,19.09778594970703
2015-12-17 05:00:00,100.21366882324219,77.70681762695312,36.34015655517578,72.37606048583984,18.95124053955078
2015-12-18 05:00:00,97.35570526123047,76.43971252441406,35.927650451660156,71.15886688232422,18.75194549560547
2015-12-21 05:00:00,98.69222259521484,76.16230773925781,36.224151611328125,72.22496795654297,19.02745246887207
2015-12-22 05:00:00,98.71746826171875,77.0095443725586,37.12007522583008,72.11583709716797,19.062623977661133
2015-12-23 05:00:00,99.7681884765625,77.59439849853516,37.75819396972656,72.35926818847656,19.08607292175293
2015-12-24 05:00:00,99.47394561767578,77.7668228149414,37.68084716796875,72.06547546386719,19.12123680114746
2015-12-28 05:00:00,99.46556854248047,77.39192962646484,37.86777114868164,71.76326751708984,19.003997802734375
2015-12-29 05:00:00,100.71803283691406,77.99928283691406,38.3189582824707,72.40122985839844,19.244335174560547
2015-12-30 05:00:00,99.96148681640625,77.81181335449219,38.544551849365234,72.35926818847656,19.197446823120117
2015-12-31 05:00:00,98.88555908203125,77.01705169677734,38.18361282348633,70.73077392578125,18.921939849853516
2016-01-04 05:00:00,97.8936767578125,75.33757019042969,37.13297653198242,69.56394958496094,18.728496551513672
2016-01-05 05:00:00,98.07860565185547,75.6524429321289,36.97827911376953,70.60485076904297,18.863317489624023
2016-01-06 05:00:00,97.07830810546875,75.27005004882812,36.98472213745117,70.1599349975586,18.529199600219727
2016-01-07 05:00:00,94.22034454345703,74.392822265625,36.875152587890625,68.33836364746094,18.406099319458008
2016-01-08 05:00:00,92.59803771972656,73.59805297851562,35.8696403503418,68.20405578613281,18.171627044677734
2016-01-11 05:00:00,92.11051177978516,73.15567779541016,34.72877502441406,67.38142395019531,18.21265411376953
2016-01-12 05:00:00,94.36326599121094,73.65802764892578,35.3475456237793,67.49052429199219,18.171627044677734
2016-01-13 05:00:00,91.8163070678711,72.74333953857422,33.334938049316406,66.56715393066406,17.802330017089844
2016-01-14 05:00:00,93.1023941040039,74.14541625976562,35.536434173583984,69.28692626953125,18.23611068725586
2016-01-15 05:00:00,91.84992218017578,72.72831726074219,37.347129821777344,68.1956558227539,18.060245513916016
2016-01-19 05:00:00,94.63226318359375,73.10322570800781,35.81651306152344,69.86614227294922,17.989913940429688
2016-01-20 05:00:00,96.48989868164062,71.79110717773438,37.22337341308594,69.35409545898438,17.97232437133789
2016-01-21 05:00:00,95.40557861328125,71.93354034423828,38.011478424072266,68.32998657226562,17.925430297851562
2016-01-22 05:00:00,96.10326385498047,72.54088592529297,38.317596435546875,69.23657989501953,18.001628875732422
2016-01-25 05:00:00,95.3046875,72.27848052978516,38.20036315917969,68.59020233154297,17.8785343170166
2016-01-26 05:00:00,95.792236328125,75.86238861083984,37.94633865356445,68.80006408691406,17.978185653686523
2016-01-27 05:00:00,94.4220962524414,76.59716033935547,37.19732666015625,68.6321792602539,17.890262603759766
2016-01-28 05:00:00,93.62354278564453,76.67964935302734,36.37663650512695,64.47698211669922,17.70267677307129
2016-01-29 05:00:00,96.80091094970703,78.30665588378906,35.75788497924805,66.39927673339844,17.87267303466797
2016-02-01 05:00:00,97.41455841064453,78.2541732788086,35.42570495605469,65.81168365478516,17.68509292602539
2016-02-02 05:00:00,95.72498321533203,77.53439331054688,35.139129638671875,64.04886627197266,17.667509078979492
2016-02-03 05:00:00,94.7751235961914,78.08174896240234,37.02145767211914,63.87257766723633,17.566856384277344
2016-02-04 05:00:00,95.99396514892578,77.90177917480469,36.9693489074707,62.35319519042969,17.170164108276367
2016-02-05 05:00:00,93.90933227539062,75.38256072998047,34.59851837158203,62.38679122924805,17.18793296813965
2016-02-08 05:00:00,92.48035430908203,76.47721099853516,34.44871139526367,62.277671813964844,16.909650802612305
2016-02-09 05:00:00,93.43862915039062,76.4546890258789,34.83299255371094,61.89988708496094,17.229372024536133
2016-02-10 05:00:00,94.76671600341797,76.27474212646484,34.337989807128906,61.76469039916992,17.46028709411621
2016-02-11 05:00:00,92.98470306396484,76.25225067138672,33.98627853393555,60.36996841430664,17.24713897705078
2016-02-12 05:00:00,93.993408203125,76.34224700927734,34.24680709838867,60.2431526184082,17.38331413269043
2016-02-16 05:00:00,96.79252624511719,76.71711730957031,34.85254669189453,61.984432220458984,17.649747848510742
2016-02-17 05:00:00,99.44033813476562,76.85211181640625,35.829532623291016,63.12554168701172,17.54317283630371
2016-02-18 05:00:00,98.72586822509766,78.15669250488281,35.5299186706543,62.102760314941406,17.495807647705078
2016-02-19 05:00:00,98.919189453125,78.66268920898438,35.36056900024414,61.37580871582031,17.46028709411621
2016-02-22 05:00:00,101.93685913085938,79.10828399658203,36.005393981933594,61.713958740234375,17.79184341430664
2016-02-23 05:00:00,101.83596801757812,78.60228729248047,35.86860656738281,62.102760314941406,17.738561630249023
2016-02-24 05:00:00,101.03744506835938,79.26686096191406,35.751365661621094,62.63530731201172,17.774084091186523
2016-02-25 05:00:00,101.87801361083984,80.33926391601562,36.604610443115234,63.24390411376953,18.11156463623047
2016-02-26 05:00:00,101.9872817993164,79.8861312866211,36.47434616088867,62.21266174316406,17.898420333862305
2016-02-29 05:00:00,100.1128158569336,79.45565795898438,35.56899642944336,60.8602180480957,17.566856384277344
2016-03-01 05:00:00,102.27310180664062,80.9736328125,36.6957893371582,61.48570251464844,17.785924911499023
2016-03-02 05:00:00,101.93685913085938,80.83767700195312,36.2789421081543,62.56766891479492,17.750398635864258
2016-03-03 05:00:00,102.39917755126953,80.5431900024414,36.42876052856445,61.916812896728516,17.697107315063477
2016-03-04 05:00:00,102.38236236572266,80.42987060546875,36.57203674316406,62.21266174316406,17.590539932250977
2016-03-07 05:00:00,102.34873962402344,80.61113739013672,36.73487091064453,62.043617248535156,17.637907028198242
2016-03-08 05:00:00,102.26466369628906,80.21843719482422,36.03143310546875,61.705474853515625,17.38331413269043
2016-03-09 05:00:00,102.21401977539062,80.68668365478516,36.728363037109375,62.16195297241211,17.60830307006836
2016-03-10 05:00:00,103.04962921142578,80.91322326660156,36.62416458129883,61.722412109375,17.51949119567871
2016-03-11 05:00:00,105.5902328491211,81.34368133544922,37.60113525390625,63.10019302368164,18.058279037475586
2016-03-14 04:00:00,105.69154357910156,81.3059310913086,37.262454986572266,62.47468566894531,17.821447372436523
2016-03-15 04:00:00,105.37921142578125,81.3814697265625,36.22683334350586,60.21779251098633,17.489887237548828
2016-03-16 04:00:00,105.42144775390625,81.11714935302734,36.67626190185547,61.26595687866211,17.193845748901367
2016-03-17 04:00:00,105.10910034179688,80.61113739013672,36.03143310546875,58.37509536743164,17.371477127075195
2016-03-18 04:00:00,106.95759582519531,81.18510437011719,36.84560012817383,59.97266387939453,17.436601638793945
2016-03-21 04:00:00,106.97444915771484,81.01895904541016,36.48085021972656,59.380985260009766,17.803682327270508
2016-03-22 04:00:00,108.0548324584961,81.09446716308594,37.45132827758789,60.7925910949707,17.98723030090332
2016-03-23 04:00:00,109.54879760742188,81.94029998779297,36.70882034301758,60.158634185791016,17.874732971191406
2016-03-24 04:00:00,108.53596496582031,81.79682922363281,36.55249786376953,60.116355895996094,17.809606552124023
2016-03-28 04:00:00,108.8144760131836,81.73639678955078,36.545997619628906,59.69374084472656,17.631986618041992
2016-03-29 04:00:00,109.58258056640625,82.42364501953125,37.15823745727539,60.606632232666016,17.79184341430664
2016-03-30 04:00:00,109.45594024658203,82.30281829833984,37.125675201416016,60.67423629760742,17.803682327270508
2016-03-31 04:00:00,108.79759979248047,81.71376037597656,37.20383071899414,60.8686637878418,17.54909324645996
2016-04-01 04:00:00,109.65853881835938,82.46141052246094,37.39923095703125,62.06049346923828,17.785924911499023
2016-04-04 04:00:00,109.29559326171875,82.0082778930664,38.56510543823242,61.85763931274414,18.188533782958984
2016-04-05 04:00:00,107.22766876220703,82.28015899658203,38.12871551513672,61.739295959472656,18.567468643188477
2016-04-06 04:00:00,108.06327819824219,82.6351089477539,39.00800704956055,63.19316482543945,19.49701690673828
2016-04-07 04:00:00,107.08418273925781,82.52181243896484,38.62372589111328,63.04948425292969,19.39636993408203
2016-04-08 04:00:00,106.07977294921875,82.39344024658203,38.08311462402344,62.880428314208984,19.2424259185791
2016-04-11 04:00:00,106.62841796875,82.2952651977539,38.102664947509766,62.508514404296875,18.881263732910156
2016-04-12 04:00:00,107.02509307861328,82.77104187011719,39.00800704956055,63.03257369995117,18.92270851135254
2016-04-13 04:00:00,107.83540344238281,82.97492980957031,38.8370361328125,63.531314849853516,19.26611328125
2016-04-14 04:00:00,108.02108764648438,82.95228576660156,38.98169708251953,63.92857360839844,19.331235885620117
2016-04-15 04:00:00,107.4724349975586,83.20906066894531,39.1329460144043,63.84407043457031,19.2424259185791
2016-04-18 04:00:00,107.87760162353516,83.77546691894531,39.376258850097656,65.27257537841797,19.307558059692383
2016-04-19 04:00:00,110.14806365966797,85.09707641601562,39.56694793701172,65.29791259765625,19.473337173461914
2016-04-20 04:00:00,113.04315948486328,85.77680206298828,39.77080535888672,65.15425109863281,19.674640655517578
2016-04-21 04:00:00,112.22443389892578,85.76921081542969,40.356056213378906,65.39936065673828,19.680564880371094
2016-04-22 04:00:00,113.21199798583984,85.58039855957031,40.38893127441406,65.78820037841797,19.698331832885742
2016-04-25 04:00:00,112.91657257080078,85.72392272949219,40.09303283691406,65.88116455078125,19.66280174255371
2016-04-26 04:00:00,113.3047866821289,85.27079772949219,40.06672286987305,64.46955108642578,19.568063735961914
2016-04-27 04:00:00,112.08940124511719,85.16505432128906,39.91547393798828,64.67243194580078,19.538463592529297
2016-04-28 04:00:00,111.47322082519531,84.94605255126953,40.244266510009766,64.63019561767578,19.485183715820312
2016-04-29 04:00:00,111.14405822753906,84.64396667480469,40.11275863647461,63.84407043457031,19.36676597595215
2016-05-02 04:00:00,111.49855041503906,85.14996337890625,40.402095794677734,64.87528991699219,19.42005157470703
2016-05-03 04:00:00,111.80242156982422,85.10466003417969,40.61909866333008,64.4526596069336,19.952917098999023
2016-05-04 04:00:00,111.43948364257812,84.74968719482422,40.41523742675781,63.28618621826172,19.775297164916992
2016-05-05 04:00:00,111.6758041381836,85.24810791015625,40.99390411376953,63.624290466308594,19.875944137573242
2016-05-06 04:00:00,111.4478988647461,85.14237213134766,41.10569763183594,63.05793380737305,19.881864547729492
2016-05-09 04:00:00,111.97966003417969,85.88250732421875,41.88823699951172,63.894775390625,20.023967742919922
2016-05-10 04:00:00,112.73930358886719,86.5999526977539,41.91452407836914,64.98517608642578,20.012123107910156
2016-05-11 04:00:00,110.30843353271484,86.3733901977539,41.230655670166016,64.93412780761719,19.809017181396484
2016-05-12 04:00:00,109.50659942626953,86.2676773071289,41.09256362915039,64.63629150390625,19.826934814453125
2016-05-13 04:00:00,108.88201141357422,85.76167297363281,40.77033233642578,64.95112609863281,19.826934814453125
2016-05-16 04:00:00,110.26624298095703,86.42628479003906,41.06625747680664,66.61897277832031,19.940439224243164
2016-05-17 04:00:00,109.35467529296875,85.96559143066406,39.619564056396484,65.00221252441406,19.73136329650879
2016-05-18 04:00:00,110.15650939941406,85.7843246459961,39.75764846801758,64.95112609863281,19.814992904663086
2016-05-19 04:00:00,109.72604370117188,85.22544860839844,38.98169708251953,63.232269287109375,19.940439224243164
2016-05-20 04:00:00,110.51943969726562,85.67422485351562,39.25131607055664,63.657718658447266,20.155494689941406
2016-05-23 04:00:00,110.08055114746094,85.30915832519531,38.99485778808594,63.03656768798828,20.113679885864258
2016-05-24 04:00:00,111.91212463378906,85.71224975585938,39.91547393798828,63.81089401245117,20.370553970336914
2016-05-25 04:00:00,112.61270141601562,86.21427154541016,40.25742721557617,63.42802047729492,20.519899368286133
2016-05-26 04:00:00,112.2413101196289,85.87198638916016,40.7045783996582,64.26189422607422,20.567684173583984
2016-05-27 04:00:00,113.10223388671875,85.99366760253906,41.237220764160156,63.81089401245117,20.67521095275879
2016-05-31 04:00:00,112.82369995117188,85.71224975585938,41.38188934326172,63.84493637084961,20.728975296020508
2016-06-01 04:00:00,113.54956817626953,85.78069305419922,41.31614303588867,63.76835632324219,20.75884437561035
2016-06-02 04:00:00,114.8240966796875,87.08133697509766,42.80227279663086,64.21084594726562,20.830530166625977
2016-06-03 04:00:00,115.49933624267578,87.28670501708984,42.74309539794922,63.92153549194336,20.723003387451172
2016-06-06 04:00:00,116.60501861572266,88.0549087524414,41.309547424316406,63.68328857421875,20.866374969482422
2016-06-07 04:00:00,115.58372497558594,88.02446746826172,41.49367904663086,63.564144134521484,20.812610626220703
2016-06-08 04:00:00,118.50411987304688,88.07776641845703,40.59279251098633,63.74284744262695,21.057538986206055
2016-06-09 04:00:00,118.740478515625,88.9904556274414,39.94834899902344,63.33438491821289,21.093381881713867
2016-06-10 04:00:00,117.52505493164062,88.9980697631836,40.11275863647461,62.925941467285156,21.0814266204834
2016-06-13 04:00:00,116.55437469482422,88.83073425292969,39.40913009643555,62.849361419677734,20.75286865234375
2016-06-14 04:00:00,116.36869812011719,89.08172607421875,39.389404296875,63.24079132080078,20.902219772338867
2016-06-15 04:00:00,116.38140106201172,88.54170227050781,39.71820068359375,62.721710205078125,20.782745361328125
2016-06-16 04:00:00,117.56847381591797,88.71662902832031,40.0469856262207,63.181209564208984,20.75884437561035
2016-06-17 04:00:00,116.74601745605469,87.83434295654297,39.46174240112305,62.849361419677734,20.442237854003906
2016-06-20 04:00:00,117.44976043701172,88.64056396484375,39.52750015258789,62.355804443359375,20.609500885009766
2016-06-21 04:00:00,117.1699447631836,88.36676025390625,39.442020416259766,61.75167465209961,20.75884437561035
2016-06-22 04:00:00,116.9240493774414,88.5797119140625,39.71162414550781,62.177146911621094,20.59157943725586
2016-06-23 04:00:00,118.0178451538086,89.27947998046875,40.31660079956055,62.917457580566406,20.66326332092285
2016-06-24 04:00:00,116.4068374633789,87.94841003417969,39.36310958862305,63.24927520751953,20.292892456054688
2016-06-27 04:00:00,116.25422668457031,88.64817810058594,38.5871467590332,63.72578430175781,20.19133949279785
2016-06-28 04:00:00,117.61087036132812,89.92599487304688,39.4485969543457,63.94704818725586,20.573659896850586
2016-06-29 04:00:00,119.14554595947266,90.76265716552734,40.64540481567383,66.49980926513672,20.914167404174805
2016-06-30 04:00:00,119.72212219238281,92.26104736328125,40.71116256713867,67.0103759765625,21.03363800048828
2016-07-01 04:00:00,119.43384552001953,92.25343322753906,41.237220764160156,67.1805648803711,21.248699188232422
2016-07-05 04:00:00,120.02733612060547,92.99880981445312,40.71773147583008,67.7677001953125,21.392072677612305
2016-07-06 04:00:00,120.72260284423828,93.2802505493164,41.67123031616211,68.091064453125,21.42193031311035
2016-07-07 04:00:00,119.3829345703125,93.18136596679688,41.7106819152832,67.49542999267578,21.368167877197266
2016-07-08 04:00:00,119.78145599365234,93.43997955322266,42.19071960449219,67.78473663330078,21.57725715637207
2016-07-11 04:00:00,118.97600555419922,93.5008544921875,42.3156623840332,67.34223175048828,21.595169067382812
2016-07-12 04:00:00,118.58592224121094,93.49324035644531,43.071895599365234,67.79322814941406,21.64893913269043
2016-07-13 04:00:00,119.95950317382812,93.55406188964844,42.96575164794922,67.52945709228516,21.690757751464844
2016-07-14 04:00:00,119.4168701171875,93.69097137451172,42.202884674072266,68.57608795166016,22.055152893066406
2016-07-15 04:00:00,119.8322982788086,93.55406188964844,42.00387954711914,68.26124572753906,21.965543746948242
2016-07-18 04:00:00,119.34054565429688,93.66053771972656,42.163089752197266,68.03148651123047,21.887887954711914
2016-07-19 04:00:00,120.9006576538086,95.26539611816406,42.00387954711914,68.04853057861328,21.887887954711914
2016-07-20 04:00:00,121.26528930664062,95.18174743652344,42.06359100341797,68.31230163574219,21.911787033081055
2016-07-21 04:00:00,121.13803100585938,95.1893539428711,42.381988525390625,68.41439819335938,21.929702758789062
2016-07-22 04:00:00,121.83333587646484,95.09810638427734,42.328922271728516,69.42701721191406,21.9476318359375
2016-07-25 04:00:00,120.17147064208984,94.99160766601562,42.667236328125,69.7588882446289,21.971529006958008
2016-07-26 04:00:00,120.14607238769531,95.1893539428711,42.753475189208984,69.85247802734375,22.001388549804688
2016-07-27 04:00:00,120.12909698486328,94.90034484863281,43.0519905090332,70.96719360351562,22.01333999633789
2016-07-28 04:00:00,121.04483795166016,94.66453552246094,42.93259048461914,70.56724548339844,21.905813217163086
2016-07-29 04:00:00,121.41788482666016,95.25020599365234,43.934261322021484,70.53321838378906,22.037235260009766
2016-08-01 04:00:00,121.68071746826172,95.3795166015625,44.405242919921875,70.77999114990234,22.28813362121582
2016-08-02 04:00:00,121.39241790771484,94.96118927001953,44.299102783203125,70.89911651611328,21.73854637145996
2016-08-03 04:00:00,121.14656829833984,94.23860168457031,44.15980529785156,70.38853454589844,21.256664276123047
2016-08-04 04:00:00,121.00240325927734,94.20818328857422,43.848018646240234,70.13326263427734,21.172344207763672
2016-08-05 04:00:00,121.23979949951172,94.49720764160156,44.139896392822266,69.4014663696289,21.347017288208008
2016-08-08 04:00:00,120.51062774658203,94.04846954345703,44.007225036621094,69.4355239868164,21.039825439453125
2016-08-09 04:00:00,120.2477798461914,93.88111877441406,44.28583908081055,69.35043334960938,21.13018035888672
2016-08-10 04:00:00,120.5615234375,93.827880859375,44.06692886352539,68.54203796386719,21.16029930114746
2016-08-11 04:00:00,120.9345474243164,94.13973236083984,44.41187286376953,68.98735809326172,21.172344207763672
2016-08-12 04:00:00,121.14656829833984,93.72140502929688,44.57109069824219,68.6961898803711,21.069942474365234
2016-08-15 04:00:00,120.07817077636719,93.02925872802734,44.70376205444336,68.73043823242188,21.148250579833984
2016-08-16 04:00:00,119.62034606933594,91.52326202392578,44.27257537841797,68.37078094482422,20.955503463745117
2016-08-17 04:00:00,120.154541015625,92.26863861083984,44.332271575927734,68.60198974609375,21.166316986083984
2016-08-18 04:00:00,120.54457092285156,91.81988525390625,44.2924690246582,68.31937408447266,21.19643783569336
2016-08-19 04:00:00,120.4343032836914,91.81991577148438,44.51136779785156,67.70282745361328,21.069942474365234
2016-08-22 04:00:00,120.47672271728516,91.21503448486328,44.451663970947266,67.89979553222656,20.98561668395996
2016-08-23 04:00:00,120.40888977050781,91.45238494873047,43.89445877075195,68.13957214355469,21.13619613647461
2016-08-24 04:00:00,118.5943832397461,90.89342498779297,43.15812301635742,67.17191314697266,20.97357177734375
2016-08-25 04:00:00,116.41532897949219,90.7862319946289,42.93259048461914,66.80364990234375,20.943452835083008
2016-08-26 04:00:00,115.8387680053711,91.14608764648438,42.859619140625,67.00062561035156,20.97357177734375
2016-08-29 04:00:00,116.38990783691406,91.81991577148438,42.793277740478516,67.30892181396484,21.148250579833984
2016-08-30 04:00:00,116.05071258544922,91.47534942626953,42.561100006103516,66.59815979003906,21.009708404541016
2016-08-31 04:00:00,115.35546875,91.37580108642578,42.52129364013672,66.58100891113281,20.961519241333008
2016-09-01 04:00:00,115.09261322021484,91.17674255371094,42.47486877441406,66.13572692871094,20.889244079589844
2016-09-02 04:00:00,115.83027648925781,91.3604965209961,42.53456115722656,65.810302734375,20.943452835083008
2016-09-06 04:00:00,115.28765106201172,91.68971252441406,42.859619140625,67.23184967041016,20.943452835083008
2016-09-07 04:00:00,114.9852523803711,91.58255767822266,43.09842300415039,67.3003158569336,20.98561668395996
2016-09-08 04:00:00,115.36858367919922,91.47534942626953,42.49476623535156,68.41361236572266,20.913328170776367
2016-09-09 04:00:00,113.81827545166016,90.5259017944336,42.03041458129883,67.00062561035156,20.539886474609375
2016-09-12 04:00:00,115.44524383544922,91.23800659179688,42.508026123046875,67.71995544433594,20.871171951293945
2016-09-13 04:00:00,114.09937286376953,90.0511703491211,42.01713943481445,67.20614624023438,20.503746032714844
2016-09-14 04:00:00,113.8779067993164,90.24260711669922,42.01713943481445,67.0434341430664,20.443504333496094
2016-09-15 04:00:00,115.51336669921875,90.83214569091797,42.023780822753906,67.49728393554688,20.563976287841797
2016-09-16 04:00:00,117.94951629638672,90.54122161865234,41.970706939697266,67.48017883300781,20.443504333496094
2016-09-19 04:00:00,117.2766342163086,90.0894546508789,41.73190689086914,67.78846740722656,20.268829345703125
2016-09-20 04:00:00,117.09771728515625,90.31150817871094,41.97734832763672,68.405029296875,20.36520767211914
2016-09-21 04:00:00,119.1761245727539,91.04656982421875,42.52129364013672,69.25279998779297,20.648303985595703
2016-09-22 04:00:00,120.1386489868164,91.46768188476562,43.17140197753906,69.61247253417969,20.57000160217285
2016-09-23 04:00:00,119.68720245361328,90.97000122070312,43.10506057739258,69.50117492675781,20.636253356933594
2016-09-26 04:00:00,119.0143051147461,90.18135833740234,42.50139236450195,68.09673309326172,20.26280975341797
2016-09-27 04:00:00,119.92569732666016,91.28392791748047,42.83308029174805,69.26139831542969,20.377246856689453
2016-09-28 04:00:00,119.60206604003906,91.41410064697266,42.60090637207031,69.1158218383789,20.4736270904541
2016-09-29 04:00:00,117.82174682617188,89.79084777832031,41.67219924926758,68.28514099121094,20.070053100585938
2016-09-30 04:00:00,119.2528076171875,90.4493408203125,41.838043212890625,68.73043823242188,20.40134048461914
2016-10-03 04:00:00,117.96656799316406,90.97000122070312,41.944175720214844,69.36412811279297,20.28689956665039
2016-10-04 04:00:00,117.68549346923828,90.97765350341797,41.79160690307617,69.45835876464844,20.31099510192871
2016-10-05 04:00:00,117.20845794677734,91.25328826904297,42.05031204223633,70.00639343261719,20.41942024230957
2016-10-06 04:00:00,116.24593353271484,90.92406463623047,41.6788444519043,69.76663208007812,20.268829345703125
2016-10-07 04:00:00,116.40778350830078,91.29923248291016,41.745155334472656,70.29756927490234,20.214616775512695
2016-10-10 04:00:00,117.61731719970703,91.72801971435547,41.99724197387695,71.12821960449219,20.244735717773438
2016-10-11 04:00:00,114.78079223632812,90.07415008544922,41.386962890625,70.05778503417969,19.955610275268555
2016-10-12 04:00:00,115.0789566040039,90.32682800292969,40.97858428955078,68.94451141357422,19.91946792602539
2016-10-13 04:00:00,114.3038330078125,90.54888153076172,40.938411712646484,68.50778198242188,19.732746124267578
2016-10-14 04:00:00,114.0738296508789,90.01290130615234,40.28231430053711,67.88265228271484,19.67251205444336
2016-10-17 04:00:00,114.25271606445312,90.72499084472656,40.26224136352539,67.24897003173828,19.576129913330078
2016-10-18 04:00:00,122.14041900634766,88.36669158935547,41.20620346069336,67.45448303222656,19.690574645996094
2016-10-19 04:00:00,122.9752197265625,87.73885345458984,41.1258659362793,67.274658203125,19.636367797851562
2016-10-20 04:00:00,123.57141876220703,87.95323944091797,41.34678649902344,67.42880249023438,19.600231170654297
2016-10-21 04:00:00,123.82701110839844,86.85832214355469,40.82460021972656,67.00919342041016,19.383384704589844
2016-10-24 04:00:00,123.24777221679688,86.98849487304688,40.918331146240234,66.4268569946289,19.353269577026367
2016-10-25 04:00:00,122.47264862060547,87.25646209716797,41.20620346069336,66.58100891113281,19.443620681762695
2016-10-26 04:00:00,121.15230560302734,87.71587371826172,40.85137176513672,65.73323059082031,19.515899658203125
2016-10-27 04:00:00,120.9052963256836,88.58876037597656,41.145938873291016,65.21942901611328,19.564088821411133
2016-10-28 04:00:00,119.55094909667969,88.3054428100586,38.561771392822266,63.82360076904297,19.23280143737793
2016-10-31 04:00:00,120.38566589355469,88.81079864501953,37.343326568603516,63.232696533203125,19.10028076171875
2016-11-01 04:00:00,118.76728820800781,88.31310272216797,37.7918815612793,62.4962272644043,18.714778900146484
2016-11-02 04:00:00,118.38394165039062,87.94556427001953,38.019508361816406,62.213653564453125,18.449756622314453
2016-11-03 04:00:00,117.40435791015625,88.07574462890625,37.41697311401367,61.75121307373047,18.004018783569336
2016-11-04 04:00:00,117.30215454101562,88.13699340820312,37.51738739013672,62.07662582397461,18.070280075073242
2016-11-07 05:00:00,120.89676666259766,89.32379150390625,39.43878936767578,63.26694107055664,18.29916763305664
2016-11-08 05:00:00,121.72300720214844,89.6224136352539,39.371826171875,63.3868293762207,18.250499725341797
2016-11-09 05:00:00,120.8712387084961,92.1185073852539,41.935935974121094,67.12907409667969,19.540203094482422
2016-11-10 05:00:00,124.47434997558594,91.5289535522461,42.846412658691406,67.52558135986328,20.373647689819336
2016-11-11 05:00:00,124.72137451171875,90.70965576171875,42.2438850402832,66.94807434082031,19.826122283935547
2016-11-14 05:00:00,129.7129669189453,89.27788543701172,42.15685272216797,66.38780212402344,19.6983699798584
2016-11-15 05:00:00,129.6703643798828,89.06344604492188,42.08990478515625,66.6463851928711,19.607126235961914
2016-11-16 05:00:00,129.04855346679688,89.09408569335938,41.19950866699219,66.31885528564453,19.4428653717041
2016-11-17 05:00:00,128.42678833007812,89.25486755371094,41.306617736816406,66.98255157470703,19.30294418334961
2016-11-18 05:00:00,127.30232238769531,88.93876647949219,40.51663589477539,66.08609008789062,19.150863647460938
2016-11-21 05:00:00,128.12008666992188,88.6612319946289,40.44970703125,66.06024169921875,19.205612182617188
2016-11-22 05:00:00,129.69595336914062,86.91883850097656,39.452171325683594,65.5,19.059600830078125
2016-11-23 05:00:00,130.78622436523438,87.1732406616211,40.28901290893555,58.61295700073242,19.114360809326172
2016-11-25 05:00:00,130.16441345214844,87.9905014038086,40.509952545166016,59.578346252441406,19.278614044189453
2016-11-28 05:00:00,129.56817626953125,87.21953582763672,39.80699157714844,57.92339324951172,19.187355041503906
2016-11-29 05:00:00,134.23605346679688,86.7184066772461,41.23298263549805,57.88029479980469,19.41853141784668
2016-11-30 05:00:00,135.3948516845703,85.80867767333984,40.70409393310547,57.854434967041016,19.552371978759766
2016-12-01 05:00:00,137.63551330566406,85.87032318115234,39.60614013671875,56.86318588256836,19.138694763183594
2016-12-02 05:00:00,137.45590209960938,86.31749725341797,39.78691101074219,58.36298370361328,19.242111206054688
2016-12-05 05:00:00,134.80477905273438,86.30207061767578,40.74427032470703,57.97511672973633,19.2177791595459
2016-12-06 05:00:00,134.5396728515625,86.39459228515625,41.2530632019043,58.44057083129883,19.199525833129883
2016-12-07 05:00:00,136.31845092773438,85.65444946289062,40.16181945800781,58.07854080200195,18.97443389892578
2016-12-08 05:00:00,136.25003051757812,85.56966400146484,40.77104187011719,57.91477584838867,18.822349548339844
2016-12-09 05:00:00,136.93423461914062,86.54878997802734,41.19950866699219,58.48366928100586,19.284698486328125
2016-12-12 05:00:00,136.3954315185547,88.93876647949219,41.534244537353516,58.27679443359375,19.710540771484375
2016-12-13 05:00:00,137.2933349609375,89.34739685058594,41.500770568847656,59.16462326049805,19.972131729125977
2016-12-14 05:00:00,136.71182250976562,88.65350341796875,41.28653335571289,58.32851791381836,19.966045379638672
2016-12-15 05:00:00,137.36180114746094,89.34739685058594,41.52083969116211,61.51774215698242,19.923463821411133
2016-12-16 05:00:00,140.20108032226562,89.33969116210938,41.65475845336914,63.18992233276367,19.978214263916016
2016-12-19 05:00:00,138.1485595703125,89.44762420654297,41.65475845336914,63.28475570678711,19.972131729125977
2016-12-20 05:00:00,138.1913604736328,89.17007446289062,41.61457824707031,63.25028610229492,19.98430061340332
2016-12-21 05:00:00,137.968994140625,88.90020751953125,41.139251708984375,63.13822555541992,19.710540771484375
2016-12-22 05:00:00,138.1827850341797,89.0004653930664,41.279842376708984,63.14683151245117,19.674039840698242
2016-12-23 05:00:00,139.42282104492188,89.40137481689453,41.73508071899414,63.60365295410156,19.759206771850586
2016-12-27 05:00:00,139.08926391601562,89.3628158569336,41.842193603515625,63.62089538574219,19.789628982543945
2016-12-28 05:00:00,138.0630645751953,88.73834991455078,41.688232421875,62.9744758605957,19.680124282836914
2016-12-29 05:00:00,137.7209930419922,89.03899383544922,41.996177673339844,63.405426025390625,19.765291213989258
2016-12-30 05:00:00,136.86578369140625,88.82317352294922,41.92253875732422,63.39680480957031,19.759206771850586
2017-01-03 05:00:00,138.0716094970703,89.308837890625,41.78194046020508,64.3018569946289,20.07555389404297
2017-01-04 05:00:00,138.46499633789062,89.1623764038086,42.371089935302734,64.40528869628906,20.25196647644043
2017-01-05 05:00:00,138.69593811035156,90.09525299072266,42.69243240356445,65.15518188476562,20.44664192199707
2017-01-06 05:00:00,138.892578125,89.66349792480469,42.7058219909668,65.22413635253906,20.36756134033203
2017-01-09 05:00:00,138.4991912841797,89.6480941772461,42.98700714111328,65.74131774902344,20.361473083496094
2017-01-10 05:00:00,138.1827850341797,89.5555419921875,42.89327621459961,65.74131774902344,20.34322738647461
2017-01-11 05:00:00,138.44790649414062,88.45308685302734,41.3447151184082,64.87075805664062,19.972131729125977
2017-01-12 05:00:00,138.84983825683594,88.36824035644531,41.43938064575195,66.49984741210938,19.832210540771484
2017-01-13 05:00:00,138.3709259033203,88.35286712646484,41.91950988769531,66.7153091430664,19.783538818359375
2017-01-17 05:00:00,137.39605712890625,88.56101989746094,41.831607818603516,66.24125671386719,19.503698348999023
2017-01-18 05:00:00,134.89886474609375,88.42994689941406,41.696353912353516,66.82737731933594,19.485448837280273
2017-01-19 05:00:00,135.7198028564453,88.04446411132812,41.50701141357422,66.23262786865234,19.284698486328125
2017-01-20 05:00:00,135.68563842773438,88.00590515136719,41.35147476196289,66.2067642211914,19.32727813720703
2017-01-23 05:00:00,136.03623962402344,87.82087707519531,41.22297668457031,65.78441619873047,19.138694763183594
2017-01-24 05:00:00,137.19932556152344,86.16331481933594,40.96601867675781,64.51736450195312,18.95010757446289
2017-01-25 05:00:00,137.89205932617188,86.9651107788086,41.50701141357422,64.51736450195312,19.0352725982666
2017-01-26 05:00:00,139.18333435058594,86.2249755859375,41.4326171875,64.28461456298828,19.02918815612793
2017-01-27 05:00:00,139.38861083984375,87.4122543334961,40.57381820678711,64.97417449951172,19.114360809326172
2017-01-30 05:00:00,138.6189422607422,87.21953582763672,40.86457824707031,64.38803100585938,19.047441482543945
2017-01-31 05:00:00,138.62747192382812,87.31202697753906,41.324424743652344,66.39640045166016,19.30294418334961
2017-02-01 05:00:00,139.14920043945312,87.2966079711914,41.175662994384766,66.88772583007812,19.46272850036621
2017-02-02 05:00:00,137.48150634765625,87.55873107910156,41.175662994384766,66.70671844482422,19.499603271484375
2017-02-03 05:00:00,138.43080139160156,87.61270904541016,41.026878356933594,66.56880950927734,19.72083854675293
2017-02-06 05:00:00,137.26771545410156,87.42766571044922,41.01335525512695,67.08598327636719,19.80687713623047
2017-02-07 05:00:00,137.28482055664062,87.48936462402344,40.95249557495117,66.97391510009766,19.71469497680664
2017-02-08 05:00:00,137.09669494628906,87.42766571044922,40.925445556640625,67.32733917236328,19.751567840576172
2017-02-09 05:00:00,137.20787048339844,87.95195770263672,41.14183807373047,66.97391510009766,19.89905548095703
2017-02-10 05:00:00,137.47296142578125,88.84626007080078,40.85783767700195,67.0514907836914,19.88062286376953
2017-02-13 05:00:00,138.53343200683594,89.33969116210938,40.9186897277832,67.48538208007812,20.040403366088867
2017-02-14 05:00:00,139.50833129882812,89.70974731445312,41.12831115722656,68.38783264160156,20.126436233520508
2017-02-15 05:00:00,140.50039672851562,90.35736083984375,41.68959045410156,69.63742065429688,20.593496322631836
2017-02-16 05:00:00,139.9530487060547,91.03582763671875,41.574623107910156,69.4551773071289,20.66109275817871
2017-02-17 05:00:00,134.79623413085938,91.63716888427734,41.7707405090332,69.75890350341797,20.66109275817871
2017-02-21 05:00:00,137.31907653808594,92.25394439697266,41.811309814453125,69.73287200927734,20.66109275817871
2017-02-22 05:00:00,137.31907653808594,92.14602661132812,41.49348068237305,70.34896850585938,20.642663955688477
2017-02-23 05:00:00,139.0550537109375,93.82670593261719,41.88570785522461,71.63323211669922,20.931499481201172
2017-02-24 05:00:00,139.44850158691406,95.24693298339844,41.987125396728516,71.9109115600586,21.054407119750977
2017-02-27 05:00:00,141.4325408935547,94.99080657958984,42.07504653930664,72.07579803466797,21.066701889038086
2017-02-28 05:00:00,141.4325408935547,94.8433609008789,41.81807327270508,71.85888671875,20.96837043762207
2017-03-01 05:00:00,143.62184143066406,96.1238784790039,42.48754119873047,72.76132202148438,21.152738571166992
2017-03-02 05:00:00,143.08306884765625,95.94535827636719,42.77155685424805,71.9456558227539,21.208044052124023
2017-03-03 05:00:00,143.8441925048828,96.06954956054688,42.832420349121094,72.70060729980469,21.21418571472168
2017-03-06 05:00:00,144.27174377441406,96.0074691772461,42.97442626953125,72.74398040771484,21.109716415405273
2017-03-07 05:00:00,143.92971801757812,96.10061645507812,43.06911087036133,71.798095703125,20.88848114013672
2017-03-08 05:00:00,144.1314697265625,96.31013488769531,43.37339401245117,72.37950897216797,20.839319229125977
2017-03-09 05:00:00,144.21725463867188,97.7458724975586,43.61684799194336,73.36878204345703,20.925355911254883
2017-03-10 05:00:00,145.90830993652344,97.9476318359375,44.550045013427734,73.20389556884766,20.96222686767578
2017-03-13 04:00:00,146.105712890625,98.31238555908203,44.529747009277344,73.01298522949219,20.96222686767578
2017-03-14 04:00:00,145.1185760498047,98.59956359863281,44.40803527832031,73.29066467285156,21.029829025268555
2017-03-15 04:00:00,147.4534149169922,100.08184051513672,45.00310516357422,74.52289581298828,21.281789779663086
2017-03-16 04:00:00,147.04136657714844,99.69380187988281,44.563560485839844,73.75057220458984,21.15888214111328
2017-03-17 04:00:00,145.6679229736328,99.38337707519531,44.42156219482422,72.85678100585938,21.091276168823242
2017-03-20 04:00:00,144.20867919921875,99.39112854003906,44.495948791503906,72.94355010986328,21.128150939941406
2017-03-21 04:00:00,143.951171875,98.75474548339844,44.191627502441406,72.6572036743164,21.04826545715332
2017-03-22 04:00:00,143.3760223388672,97.98646545410156,44.30659484863281,73.20389556884766,21.183462142944336
2017-03-23 04:00:00,141.88247680664062,97.70708465576172,44.39452362060547,73.25596618652344,21.072839736938477
2017-03-24 04:00:00,141.63351440429688,97.38113403320312,44.374229431152344,73.04769134521484,20.894622802734375
2017-03-27 04:00:00,141.29019165039062,97.62946319580078,44.69880676269531,73.09973907470703,21.005245208740234
2017-03-28 04:00:00,141.93394470214844,97.52079772949219,44.617671966552734,73.54231262207031,20.992952346801758
2017-03-29 04:00:00,140.29444885253906,96.9465103149414,44.47565841674805,73.27333068847656,21.097423553466797
2017-03-30 04:00:00,141.62493896484375,96.7447280883789,44.26602554321289,73.55097961425781,21.109716415405273
2017-03-31 04:00:00,140.78375244140625,96.65938568115234,44.06315231323242,72.9869613647461,21.023679733276367
2017-04-03 04:00:00,142.13998413085938,96.76802825927734,43.97523880004883,73.281982421875,21.042112350463867
2017-04-04 04:00:00,141.60777282714844,96.76028442382812,44.02934646606445,74.70509338378906,21.10356903076172
2017-04-05 04:00:00,141.9511260986328,96.85338592529297,43.92790985107422,74.30591583251953,21.011388778686523
2017-04-06 04:00:00,141.92538452148438,97.04741668701172,44.009056091308594,74.07162475585938,20.96222686767578
2017-04-07 04:00:00,142.5091094970703,96.9465103149414,44.32011795043945,74.03692626953125,20.95608139038086
2017-04-10 04:00:00,142.04554748535156,96.49639892578125,43.93467330932617,74.16708374023438,20.919206619262695
2017-04-11 04:00:00,142.34603881835938,96.40326690673828,43.83222961425781,74.56625366210938,20.85160255432129
2017-04-12 04:00:00,142.11422729492188,97.31901550292969,43.96199035644531,74.84396362304688,20.8454647064209
2017-04-13 04:00:00,141.5991973876953,97.00081634521484,43.798072814941406,74.52289581298828,20.820877075195312
2017-04-17 04:00:00,143.50482177734375,97.56736755371094,43.92100143432617,71.48573303222656,20.894622802734375
2017-04-18 04:00:00,144.7151336669922,94.54071044921875,43.47025680541992,70.46177673339844,20.796297073364258
2017-04-19 04:00:00,145.28167724609375,94.19148254394531,43.33366775512695,70.1927719116211,20.65494728088379
2017-04-20 04:00:00,147.24734497070312,94.57952880859375,43.55904006958008,71.10392761230469,20.734840393066406
2017-04-21 04:00:00,146.9211883544922,94.494140625,43.58637237548828,71.0605239868164,20.67339515686035
2017-04-24 04:00:00,147.9254913330078,95.37107849121094,44.16004943847656,72.38818359375,20.734840393066406
2017-04-25 04:00:00,149.39328002929688,95.79016876220703,44.460548400878906,70.46177673339844,20.747135162353516
2017-04-26 04:00:00,149.6851806640625,95.85225677490234,44.41957092285156,70.2535171508789,20.802444458007812
2017-04-27 04:00:00,149.8997802734375,96.03075408935547,45.12302017211914,70.57460021972656,20.808591842651367
2017-04-28 04:00:00,150.11439514160156,95.82121276855469,45.03424072265625,71.20806121826172,20.8454647064209
2017-05-01 04:00:00,149.86541748046875,95.7203369140625,45.40303421020508,70.99980163574219,20.75942039489746
2017-05-02 04:00:00,149.47911071777344,95.99971771240234,45.50547409057617,70.89564514160156,20.65494728088379
2017-05-03 04:00:00,148.1057586669922,95.71257019042969,45.580604553222656,70.5051498413086,20.568912506103516
2017-05-04 04:00:00,149.3761749267578,96.19371795654297,45.91525650024414,72.05844116210938,20.556623458862305
2017-05-05 04:00:00,149.46202087402344,95.85225677490234,45.751338958740234,71.59854125976562,20.575061798095703
2017-05-08 04:00:00,149.73670959472656,95.6504898071289,45.2186279296875,70.00186920166016,20.556623458862305
2017-05-09 04:00:00,148.70657348632812,95.61941528320312,45.191307067871094,70.10598754882812,20.51360511779785
2017-05-10 04:00:00,148.8353271484375,95.30901336669922,45.061561584472656,70.33161163330078,20.4949951171875
2017-05-11 04:00:00,148.77529907226562,95.61166381835938,44.597137451171875,70.06087493896484,20.501195907592773
2017-05-12 04:00:00,147.4791717529297,95.95314025878906,45.11618423461914,70.03465270996094,20.482582092285156
2017-05-15 04:00:00,147.23873901367188,98.55296325683594,45.53279113769531,70.13075256347656,20.55083465576172
2017-05-16 04:00:00,144.3116912841797,99.15828704833984,45.65571975708008,68.98664855957031,20.228174209594727
2017-05-17 04:00:00,144.9468994140625,98.30464172363281,44.64495086669922,68.2442855834961,19.998594284057617
2017-05-18 04:00:00,147.1701202392578,98.5374526977539,44.82251739501953,68.38401794433594,19.992387771606445
2017-05-19 04:00:00,148.14865112304688,98.56075286865234,44.78837203979492,67.94734191894531,20.141305923461914
2017-05-22 04:00:00,149.9598388671875,98.76251220703125,44.69276428222656,67.23117065429688,19.930334091186523
2017-05-23 04:00:00,150.4062042236328,98.96428680419922,44.965938568115234,68.11328887939453,19.942747116088867
2017-05-24 04:00:00,150.7238311767578,98.95650482177734,45.027400970458984,68.08708190917969,19.88690185546875
2017-05-25 04:00:00,152.8354949951172,99.6283950805664,45.29375076293945,68.41895294189453,19.95516014099121
2017-05-26 04:00:00,152.36334228515625,99.1518325805664,45.11618423461914,68.16570281982422,19.942747116088867
2017-05-30 04:00:00,151.58218383789062,99.30026245117188,45.088863372802734,68.42768859863281,19.936540603637695
2017-05-31 04:00:00,150.37188720703125,100.19086456298828,45.088863372802734,69.49315643310547,20.259206771850586
2017-06-01 04:00:00,154.14881896972656,100.60491943359375,45.56011962890625,69.86000061035156,20.296428680419922
2017-06-02 04:00:00,153.98568725585938,101.6205062866211,45.92890167236328,69.98228454589844,20.190946578979492
2017-06-05 04:00:00,153.968505859375,101.83922576904297,46.10647964477539,69.301025390625,20.073057174682617
2017-06-06 04:00:00,155.2131805419922,102.20637512207031,46.35233688354492,69.07398223876953,19.89931297302246
2017-06-07 04:00:00,157.26466369628906,102.14390563964844,46.953346252441406,69.33598327636719,19.855880737304688
2017-06-08 04:00:00,155.9599609375,101.98765563964844,46.96017074584961,69.95608520507812,19.700759887695312
2017-06-09 04:00:00,155.7625732421875,102.75323486328125,47.58167266845703,70.7770004272461,20.333662033081055
2017-06-12 04:00:00,153.86549377441406,102.97980499267578,47.48604965209961,70.65478515625,20.290224075317383
2017-06-13 04:00:00,155.4105987548828,103.13605499267578,47.58167266845703,70.96041870117188,20.21577262878418
2017-06-14 04:00:00,156.5350799560547,103.72196197509766,48.162174224853516,71.26610565185547,20.284019470214844
2017-06-15 04:00:00,155.4749298095703,103.932861328125,48.21681213378906,71.65913391113281,20.358478546142578
2017-06-16 04:00:00,156.5523681640625,104.95626831054688,48.524139404296875,71.51063537597656,20.457763671875
2017-06-19 04:00:00,157.7504119873047,104.73753356933594,48.72220993041992,71.9123764038086,20.612884521484375
2017-06-20 04:00:00,157.96588134765625,104.85472106933594,48.640254974365234,72.27046966552734,20.823854446411133
2017-06-21 04:00:00,159.38803100585938,105.39375305175781,48.72220993041992,72.17440032958984,21.022415161132812
2017-06-22 04:00:00,160.74993896484375,106.28433227539062,49.97884750366211,73.63290405273438,21.134103775024414
2017-06-23 04:00:00,159.6725311279297,106.5811996459961,49.610050201416016,73.26610565185547,21.202356338500977
2017-06-26 04:00:00,159.5604248046875,106.51087951660156,49.678340911865234,73.6067123413086,21.121692657470703
2017-06-27 04:00:00,159.11224365234375,105.47184753417969,49.43931198120117,72.52374267578125,20.95415687561035
2017-06-28 04:00:00,160.06033325195312,104.54225158691406,49.80128860473633,72.57614135742188,20.941749572753906
2017-06-29 04:00:00,159.6898193359375,103.62040710449219,49.500789642333984,72.22681427001953,20.867286682128906
2017-06-30 04:00:00,159.8190460205078,103.3469467163086,49.521278381347656,71.87744140625,20.84246826171875
2017-07-03 04:00:00,160.87924194335938,103.82349395751953,49.45978927612305,72.22681427001953,20.985185623168945
2017-07-05 04:00:00,162.25830078125,104.40158081054688,49.500789642333984,72.22681427001953,20.873497009277344
2017-07-06 04:00:00,161.12921142578125,103.52664184570312,48.988555908203125,71.26610565185547,20.612884521484375
2017-07-07 04:00:00,162.00839233398438,103.54226684570312,49.193443298339844,71.86872863769531,20.693546295166016
2017-07-10 04:00:00,161.13780212402344,102.76885986328125,49.056846618652344,71.8599853515625,20.73078155517578
2017-07-11 04:00:00,160.27586364746094,102.51887512207031,49.063682556152344,71.9211196899414,20.581863403320312
2017-07-12 04:00:00,160.9136962890625,103.30009460449219,49.53227233886719,72.92549133300781,20.612884521484375
2017-07-13 04:00:00,159.87074279785156,103.01103973388672,50.04908752441406,73.37960052490234,20.650117874145508
2017-07-14 04:00:00,161.0947265625,103.58914184570312,50.379859924316406,73.66783142089844,20.74319076538086
2017-07-17 04:00:00,160.62066650390625,103.23757934570312,50.09732437133789,73.04774475097656,20.631498336791992
2017-07-18 04:00:00,161.0516357421875,105.0422134399414,49.773468017578125,73.10016632080078,20.699756622314453
2017-07-19 04:00:00,163.0685272216797,105.62810516357422,50.14555358886719,73.56304168701172,20.861080169677734
2017-07-20 04:00:00,165.05958557128906,106.69058990478516,51.000057220458984,74.01719665527344,20.81144905090332
2017-07-21 04:00:00,165.30093383789062,105.70622253417969,51.42729187011719,73.93858337402344,20.77420997619629
2017-07-24 04:00:00,164.53379821777344,103.909423828125,50.93113327026367,74.00846099853516,20.674936294555664
2017-07-25 04:00:00,164.11146545410156,103.02667236328125,49.973297119140625,71.78137969970703,20.538427352905273
2017-07-26 04:00:00,164.4131317138672,102.30012512207031,50.02153396606445,71.47571563720703,20.40812110900879
2017-07-27 04:00:00,162.84446716308594,102.20637512207031,49.42890167236328,72.50628662109375,20.47637939453125
2017-07-28 04:00:00,164.75790405273438,103.00323486328125,48.53997802734375,72.57614135742188,20.5694522857666
2017-07-31 04:00:00,165.32676696777344,103.68287658691406,48.17473602294922,72.19185638427734,20.575660705566406
2017-08-01 04:00:00,165.68875122070312,103.51882934570312,48.49863052368164,71.93858337402344,20.52601432800293
2017-08-02 04:00:00,166.3524932861328,103.24539184570312,48.72602081298828,71.458251953125,20.626264572143555
2017-08-03 04:00:00,167.8780975341797,104.17506408691406,48.918968200683594,71.5543212890625,20.94581413269043
2017-08-04 04:00:00,167.97288513183594,104.04225158691406,48.918968200683594,71.88618469238281,21.077390670776367
2017-08-07 04:00:00,167.88673400878906,103.79225158691406,49.07746505737305,71.67660522460938,20.870620727539062
2017-08-08 04:00:00,167.99014282226562,103.33134460449219,49.24972915649414,71.58924865722656,20.851825714111328
2017-08-09 04:00:00,167.9298095703125,104.08130645751953,49.62873077392578,72.11328887939453,20.958335876464844
2017-08-10 04:00:00,165.9818572998047,103.97195434570312,48.53997802734375,71.65913391113281,20.939538955688477
2017-08-11 04:00:00,166.3697509765625,103.9797592163086,48.67089080810547,71.32511901855469,20.833024978637695
2017-08-14 04:00:00,166.96441650390625,104.276611328125,48.801822662353516,71.62396240234375,20.870620727539062
2017-08-15 04:00:00,167.64535522460938,104.19844818115234,48.4710578918457,71.81733703613281,20.91448402404785
2017-08-16 04:00:00,167.01614379882812,104.81566619873047,48.52620315551758,70.92082977294922,20.90194320678711
2017-08-17 04:00:00,166.0939178466797,103.932861328125,48.133392333984375,68.38072204589844,20.645063400268555
2017-08-18 04:00:00,164.47348022460938,103.6125717163086,48.209205627441406,67.73908996582031,20.46962547302246
2017-08-21 04:00:00,165.51641845703125,104.25315856933594,48.71912384033203,68.01155090332031,20.52601432800293
2017-08-22 04:00:00,167.89535522460938,105.22969055175781,49.442684173583984,68.78501892089844,20.770370483398438
2017-08-23 04:00:00,167.42123413085938,103.74537658691406,49.2841911315918,68.68834686279297,20.826766967773438
2017-08-24 04:00:00,167.86085510253906,103.81570434570312,49.69077682495117,69.3123550415039,20.820493698120117
2017-08-25 04:00:00,167.52471923828125,103.52478790283203,49.94575119018555,69.25086212158203,20.920740127563477
2017-08-28 04:00:00,168.15391540527344,103.5719985961914,50.52457046508789,69.29478454589844,20.970874786376953
2017-08-29 04:00:00,169.5674591064453,103.9415054321289,50.9173583984375,69.03990936279297,20.989669799804688
2017-08-30 04:00:00,168.83482360839844,103.04525756835938,50.93802261352539,70.74503326416016,20.958335876464844
2017-08-31 04:00:00,171.4378662109375,104.06726837158203,51.888980865478516,71.44818878173828,21.25282096862793
2017-09-01 04:00:00,172.1704864501953,103.0137939453125,51.9716682434082,70.38465118408203,21.27788734436035
2017-09-05 04:00:00,171.791259765625,102.1253890991211,51.85451889038086,70.1561508178711,21.177637100219727
2017-09-06 04:00:00,170.98963928222656,102.7307357788086,53.094905853271484,70.76261138916016,21.29668426513672
2017-09-07 04:00:00,171.45687866210938,103.92573547363281,56.35433578491211,71.66790008544922,21.29668426513672
2017-09-08 04:00:00,171.09349060058594,102.97447204589844,58.8074951171875,72.88082122802734,21.365598678588867
2017-09-11 04:00:00,172.6768035888672,104.7276840209961,59.951412200927734,72.62594604492188,21.50344467163086
2017-09-12 04:00:00,170.85121154785156,104.27167510986328,60.46824264526367,72.22162628173828,22.161333084106445
2017-09-13 04:00:00,171.5952911376953,104.13018035888672,60.96438980102539,72.4501724243164,21.967092514038086
2017-09-14 04:00:00,171.0761260986328,105.4902572631836,61.481197357177734,73.0126724243164,22.386892318725586
2017-09-15 04:00:00,171.46548461914062,105.70255279541016,60.20637130737305,72.45893859863281,22.15506362915039
2017-09-18 04:00:00,171.47413635253906,106.43368530273438,58.79372024536133,72.52925109863281,22.274105072021484
2017-09-19 04:00:00,168.41134643554688,106.30789947509766,59.51728057861328,71.83490753173828,22.211458206176758
2017-09-20 04:00:00,169.3631134033203,104.73553466796875,60.23392868041992,72.08978271484375,22.54979133605957
2017-09-21 04:00:00,168.89588928222656,103.57981872558594,60.23392868041992,73.2412109375,22.537260055541992
2017-09-22 04:00:00,167.00973510742188,103.29681396484375,60.28217697143555,73.75096130371094,22.5310001373291
2017-09-25 04:00:00,165.90231323242188,103.12384796142578,59.65509033203125,74.39258575439453,22.249046325683594
2017-09-26 04:00:00,166.72422790527344,102.94303894042969,58.81439208984375,74.02344512939453,22.11747169494629
2017-09-27 04:00:00,168.27296447753906,102.00746154785156,58.40095520019531,74.4013900756836,22.211458206176758
2017-09-28 04:00:00,169.66592407226562,101.7873306274414,61.30204772949219,74.70899963378906,22.305437088012695
2017-09-29 04:00:00,169.4495849609375,102.21187591552734,61.233131408691406,75.18363952636719,22.36809730529785
2017-10-02 04:00:00,170.8252410888672,103.1631851196289,62.28746032714844,75.89556121826172,22.59992027282715
2017-10-03 04:00:00,171.85487365722656,103.8550033569336,61.811988830566406,75.98345184326172,22.643783569335938
2017-10-04 04:00:00,173.45547485351562,104.4760971069336,61.949790954589844,76.43170166015625,22.5310001373291
2017-10-05 04:00:00,171.2233123779297,104.71195220947266,62.14273452758789,77.03814697265625,22.556062698364258
2017-10-06 04:00:00,171.36167907714844,104.73553466796875,62.35637283325195,76.53717041015625,22.58738899230957
2017-10-09 04:00:00,169.8389434814453,104.91633605957031,62.556190490722656,76.51080322265625,22.643783569335938
2017-10-10 04:00:00,168.43734741210938,105.27012634277344,62.824947357177734,75.72856903076172,22.80668830871582
2017-10-11 04:00:00,168.93911743164062,107.43214416503906,63.65873718261719,75.64067840576172,22.8380126953125
2017-10-12 04:00:00,166.91453552246094,107.57366943359375,63.436702728271484,75.96587371826172,22.775358200073242
2017-10-13 04:00:00,166.56846618652344,107.25918579101562,62.91628646850586,76.07136535644531,22.769086837768555
2017-10-16 04:00:00,167.15679931640625,107.0154800415039,63.17300033569336,75.54399108886719,22.54353141784668
2017-10-17 04:00:00,176.40585327148438,110.68693542480469,63.95712661743164,75.64067840576172,22.681373596191406
2017-10-18 04:00:00,177.565185546875,110.60043334960938,66.64253234863281,75.35062408447266,22.449546813964844
2017-10-19 04:00:00,175.85211181640625,111.66967010498047,66.9478759765625,75.90434265136719,22.70643424987793
2017-10-20 04:00:00,179.52053833007812,111.95269775390625,66.68416595458984,76.66901397705078,22.8192138671875
2017-10-23 04:00:00,179.10523986816406,112.91184997558594,65.58085632324219,76.62508392333984,22.80668830871582
2017-10-24 04:00:00,180.091552734375,111.3552017211914,63.62404251098633,74.85841369628906,22.72523307800293
2017-10-25 04:00:00,179.58103942871094,111.92125701904297,63.6795654296875,74.5771713256836,22.656309127807617
2017-10-26 04:00:00,180.956787109375,111.4888687133789,62.14601516723633,73.97071838378906,22.39315414428711
2017-10-27 04:00:00,183.94171142578125,111.46527862548828,63.79060363769531,73.70702362060547,22.305437088012695
2017-10-30 04:00:00,181.16444396972656,110.06587982177734,63.117496490478516,72.64351654052734,22.02349090576172
2017-10-31 04:00:00,181.882568359375,109.60200500488281,62.62483596801758,72.01948547363281,21.967092514038086
2017-11-01 04:00:00,181.28553771972656,110.05014038085938,64.14449310302734,72.85445404052734,22.092405319213867
2017-11-02 04:00:00,182.64390563964844,110.01079559326172,63.159141540527344,73.06539916992188,22.21772575378418
2017-11-03 04:00:00,184.17530822753906,110.12872314453125,64.05426788330078,73.39940643310547,22.274105072021484
2017-11-06 05:00:00,183.5264129638672,109.8771743774414,64.50531005859375,72.89839935302734,22.130002975463867
2017-11-07 05:00:00,184.0282440185547,109.88505554199219,65.19921112060547,73.1972427368164,22.15506362915039
2017-11-08 05:00:00,182.35842895507812,111.1036148071289,66.41355895996094,73.83887481689453,22.142532348632812
2017-11-09 05:00:00,183.04190063476562,110.34101867675781,66.5384521484375,73.8212661743164,22.2563419342041
2017-11-10 05:00:00,182.61798095703125,109.7199478149414,66.21926879882812,73.2060317993164,22.243701934814453
2017-11-13 05:00:00,183.9936065673828,109.8771743774414,66.00415802001953,72.82807159423828,22.31957244873047
2017-11-14 05:00:00,183.17166137695312,109.66494750976562,65.7474136352539,72.96076965332031,22.37015151977539
2017-11-15 05:00:00,181.571044921875,109.35826873779297,65.06043243408203,72.6954116821289,22.35750961303711
2017-11-16 05:00:00,182.66989135742188,109.17748260498047,65.55310821533203,73.801025390625,22.483966827392578
2017-11-17 05:00:00,181.6056365966797,108.4935302734375,64.95636749267578,73.31455993652344,22.363834381103516
2017-11-20 05:00:00,181.90853881835938,108.4384536743164,64.94942474365234,73.57106018066406,22.35118293762207
2017-11-21 05:00:00,183.94171142578125,108.76082611083984,65.6988296508789,73.8629379272461,22.4713191986084
2017-11-22 05:00:00,182.7477264404297,107.93531036376953,65.55310821533203,74.01329803466797,22.40176773071289
2017-11-24 05:00:00,183.8638458251953,108.50135803222656,65.72659301757812,74.3228759765625,22.439708709716797
2017-11-27 05:00:00,183.76866149902344,109.23697662353516,66.21233367919922,75.01277160644531,22.439708709716797
2017-11-28 05:00:00,187.0045166015625,110.75570678710938,66.21233367919922,75.22503662109375,22.667329788208008
2017-11-29 05:00:00,192.83596801757812,110.58959197998047,66.48988342285156,75.14542388916016,22.894948959350586
2017-11-30 05:00:00,198.07945251464844,110.20992279052734,67.253173828125,74.86239624023438,22.92656898498535
2017-12-01 05:00:00,196.87274169921875,110.72405242919922,66.83683776855469,75.4638442993164,22.983469009399414
2017-12-04 05:00:00,192.2196502685547,109.95680236816406,66.07354736328125,75.69381713867188,22.800111770629883
2017-12-05 05:00:00,191.0649871826172,110.47884368896484,66.20537567138672,76.11836242675781,22.528230667114258
2017-12-06 05:00:00,190.93479919433594,111.57832336425781,65.50454711914062,75.4638442993164,22.483966827392578
2017-12-07 05:00:00,191.11708068847656,110.74779510498047,65.39350891113281,75.95030212402344,22.44603157043457
2017-12-08 05:00:00,194.38124084472656,111.20655822753906,66.580078125,76.46331787109375,22.597774505615234
2017-12-11 05:00:00,193.39157104492188,111.6416244506836,66.94091033935547,76.65788269042969,22.894948959350586
2017-12-12 05:00:00,193.14852905273438,112.7964859008789,66.82295989990234,76.69326782226562,23.128896713256836
2017-12-13 05:00:00,194.76321411132812,113.0259017944336,67.55155181884766,77.73694610595703,23.166831970214844
2017-12-14 05:00:00,192.072021484375,112.0450439453125,66.82295989990234,76.50752258300781,23.053022384643555
2017-12-15 05:00:00,192.56687927246094,112.68572998046875,67.62094116210938,76.54293060302734,23.520904541015625
2017-12-18 05:00:00,193.30474853515625,112.16368103027344,68.13442993164062,76.13603973388672,23.47665023803711
2017-12-19 05:00:00,192.7578582763672,112.14785766601562,67.94706726074219,76.69326782226562,23.356521606445312
2017-12-20 05:00:00,193.0530242919922,111.6574478149414,67.59318542480469,75.83533477783203,23.053022384643555
2017-12-21 05:00:00,192.4540252685547,111.57832336425781,67.94013977050781,75.7203140258789,22.913917541503906
2017-12-22 05:00:00,190.9868621826172,110.83478546142578,68.14830780029297,75.24273681640625,22.850692749023438
2017-12-26 05:00:00,190.6396484375,110.81108856201172,67.8291244506836,75.17194366455078,22.894948959350586
2017-12-27 05:00:00,191.35147094726562,111.19075775146484,68.06504821777344,75.30462646484375,22.9708251953125
2017-12-28 05:00:00,193.39157104492188,111.1828384399414,67.85686492919922,75.22503662109375,22.996112823486328
2017-12-29 05:00:00,191.38623046875,110.51839447021484,67.10746002197266,74.70321655273438,22.901275634765625
2018-01-02 05:00:00,191.993896484375,110.13081359863281,68.2870864868164,74.89779663085938,23.040374755859375
2018-01-03 05:00:00,194.00791931152344,111.1828384399414,69.35569763183594,75.30462646484375,23.21109390258789
2018-01-04 05:00:00,194.85000610351562,111.17493438720703,68.96016693115234,75.64073944091797,23.26167106628418
2018-01-05 05:00:00,198.56558227539062,112.09247589111328,70.16063690185547,76.56946563720703,23.305931091308594
2018-01-08 05:00:00,195.119140625,112.23487854003906,69.0364990234375,76.18026733398438,23.046695709228516
2018-01-09 05:00:00,196.09146118164062,114.01464080810547,69.55693817138672,76.11836242675781,23.02140998840332
2018-01-10 05:00:00,194.63294982910156,113.8801498413086,69.17530822753906,76.15371704101562,23.059343338012695
2018-01-11 05:00:00,195.66604614257812,114.52877807617188,69.3779525756836,76.41023254394531,23.11624526977539
2018-01-12 05:00:00,198.48745727539062,115.29603576660156,70.12576293945312,76.93208312988281,23.103605270385742
2018-01-16 05:00:00,202.1856689453125,116.1661605834961,71.62834930419922,75.43733215332031,23.141544342041016
2018-01-17 05:00:00,206.98638916015625,116.2610855102539,72.93526458740234,76.25101470947266,23.50826644897461
2018-01-18 05:00:00,211.0925750732422,116.21357727050781,72.55088806152344,75.90609741210938,23.38813591003418
2018-01-19 05:00:00,211.25759887695312,116.56163024902344,73.13095092773438,75.61421203613281,23.356521606445312
2018-01-22 05:00:00,211.43988037109375,117.17861938476562,74.42389678955078,75.56998443603516,23.35019302368164
2018-01-23 05:00:00,212.87222290039062,112.18743896484375,73.64811706542969,74.6678237915039,23.280635833740234
2018-01-24 05:00:00,212.55972290039062,112.37725830078125,73.7389907836914,74.56166076660156,23.35019302368164
2018-01-25 05:00:00,212.84622192382812,114.22026062011719,75.6888656616211,75.18965148925781,23.53988265991211
2018-01-26 05:00:00,215.70228576660156,114.95590209960938,86.10919189453125,77.02053833007812,24.665342330932617
2018-01-29 05:00:00,214.78213500976562,113.6507568359375,85.48017883300781,77.48047637939453,24.671661376953125
2018-01-30 05:00:00,205.44113159179688,112.66202545166016,80.98639678955078,76.14488220214844,23.900279998779297
2018-01-31 05:00:00,205.55397033691406,109.30818939208984,78.4284896850586,72.04090118408203,23.41974639892578
2018-02-01 05:00:00,204.19973754882812,110.75570678710938,81.30787658691406,72.8900146484375,23.502702713012695
2018-02-02 05:00:00,201.30015563964844,108.90475463867188,80.49019622802734,71.80211639404297,23.362308502197266
2018-02-05 05:00:00,191.00428771972656,103.13839721679688,76.53450012207031,68.53834533691406,22.124311447143555
2018-02-06 05:00:00,195.4837188720703,104.27743530273438,77.71561431884766,68.98060607910156,22.513580322265625
2018-02-07 05:00:00,196.0393524169922,103.95311737060547,79.40692138671875,67.8573226928711,22.322141647338867
2018-02-08 05:00:00,187.91368103027344,99.9506607055664,75.81465911865234,65.63723754882812,21.460651397705078
2018-02-09 05:00:00,191.82029724121094,102.45811462402344,77.78549194335938,67.42393493652344,21.79886817932129
2018-02-12 05:00:00,195.926513671875,103.04344940185547,78.22581481933594,67.44161987304688,22.117937088012695
2018-02-13 05:00:00,196.7511749267578,102.79827117919922,78.1768798828125,67.40621948242188,22.296621322631836
2018-02-14 05:00:00,198.60902404785156,102.56886291503906,79.0295181274414,68.63858795166016,22.456159591674805
2018-02-15 05:00:00,196.21299743652344,103.80281066894531,80.30147552490234,69.5207290649414,22.78799057006836
2018-02-16 05:00:00,199.1211700439453,105.32151794433594,82.8873291015625,70.36724090576172,23.13896942138672
2018-02-20 05:00:00,196.7685089111328,103.5180435180664,82.45404052734375,69.1019287109375,22.979433059692383
2018-02-21 05:00:00,195.4403533935547,102.75872802734375,82.40513610839844,69.1019287109375,22.81989097595215
2018-02-22 05:00:00,197.14183044433594,102.75872802734375,82.16049194335938,68.78115844726562,22.80712890625
2018-02-23 05:00:00,199.8069610595703,104.427734375,82.99217224121094,70.17118835449219,23.13896942138672
2018-02-26 05:00:00,203.1926727294922,105.13619995117188,84.94203186035156,71.44542694091797,23.668621063232422
2018-02-27 05:00:00,201.85574340820312,104.81777954101562,82.64974212646484,70.12664031982422,23.483558654785156
2018-02-28 05:00:00,196.33450317382812,103.392822265625,80.9514389038086,68.62967681884766,23.17087173461914
2018-03-01 05:00:00,194.85000610351562,101.32306671142578,79.5606689453125,68.16631317138672,22.7369384765625
2018-03-02 05:00:00,195.49246215820312,102.54900360107422,80.39932250976562,68.81675720214844,22.941139221191406
2018-03-05 05:00:00,198.26174926757812,103.3211669921875,80.83262634277344,69.2355728149414,23.049623489379883
2018-03-06 05:00:00,196.3518829345703,102.07135772705078,80.0638427734375,68.78115844726562,22.89647102355957
2018-03-07 05:00:00,197.29815673828125,102.72413635253906,80.1756820678711,69.00389862060547,22.92837142944336
2018-03-08 05:00:00,195.73902893066406,105.12824249267578,81.77611541748047,70.29594421386719,23.2921199798584
2018-03-09 05:00:00,196.34869384765625,106.51341247558594,83.36957550048828,70.9375228881836,23.464406967163086
2018-03-12 04:00:00,194.03189086914062,105.58198547363281,82.67767333984375,70.42961120605469,23.362308502197266
2018-03-13 04:00:00,197.66392517089844,106.95121765136719,83.6910629272461,70.52762603759766,23.451658248901367
2018-03-14 04:00:00,196.3052215576172,105.33525848388672,83.12496185302734,69.93951416015625,23.196395874023438
2018-03-15 04:00:00,199.87623596191406,105.92431640625,80.32244873046875,70.17118835449219,23.343164443969727
2018-03-16 04:00:00,198.4652557373047,106.41786193847656,79.4698257446289,71.72163391113281,23.470800399780273
2018-03-19 04:00:00,196.0177459716797,103.67940521240234,78.2956771850586,70.15340423583984,23.183635711669922
2018-03-20 04:00:00,197.5245819091797,104.45158386230469,78.72898864746094,69.83261108398438,23.183635711669922
2018-03-21 04:00:00,194.07540893554688,104.43569946289062,78.58921813964844,69.71678161621094,23.14534568786621
2018-03-22 04:00:00,187.4470977783203,101.40267181396484,68.56025695800781,68.19304656982422,22.717792510986328
2018-03-23 04:00:00,185.13027954101562,99.5876235961914,68.11296844482422,66.61585998535156,22.00946044921875
2018-03-26 04:00:00,190.8092041015625,101.41062927246094,66.58941650390625,67.88116455078125,22.360435485839844
2018-03-27 04:00:00,189.84237670898438,101.26731872558594,64.30406951904297,67.41781616210938,22.341293334960938
2018-03-28 04:00:00,190.312744140625,101.4583740234375,65.8835678100586,68.62074279785156,22.526350021362305
2018-03-29 04:00:00,186.39321899414062,102.01564025878906,66.1491470336914,68.94153594970703,22.647594451904297
2018-04-02 04:00:00,189.18043518066406,99.15776824951172,63.9196891784668,67.45345306396484,22.366809844970703
2018-04-03 04:00:00,195.60838317871094,102.17485046386719,63.311676025390625,69.09300994873047,22.768835067749023
2018-04-04 04:00:00,199.27525329589844,103.81475067138672,64.95405578613281,70.03755950927734,23.056001663208008
2018-04-05 04:00:00,199.5191650390625,104.0535659790039,64.44387817382812,70.05537414550781,22.80074691772461
2018-04-06 04:00:00,195.068359375,101.9758529663086,62.74559020996094,68.4781723022461,22.443389892578125
2018-04-09 04:00:00,193.99697875976562,103.07439422607422,63.23478698730469,68.914794921875,22.628456115722656
2018-04-10 04:00:00,197.53335571289062,103.6873779296875,65.42926788330078,70.5899887084961,22.941139221191406
2018-04-11 04:00:00,193.2740936279297,103.1938247680664,65.44325256347656,70.15340423583984,22.83904457092285
2018-04-12 04:00:00,195.31222534179688,103.83068084716797,65.04783630371094,70.65238189697266,23.17724609375
2018-04-13 04:00:00,195.34710693359375,103.98188781738281,64.84305572509766,71.03553771972656,23.17724609375
2018-04-16 04:00:00,200.60789489746094,104.88941955566406,65.38676452636719,71.39196014404297,23.311260223388672
2018-04-17 04:00:00,207.7762451171875,103.91822052001953,66.0858383178711,71.21375274658203,23.183635711669922
2018-04-18 04:00:00,205.90353393554688,101.67335510253906,66.60131072998047,71.03553771972656,23.285743713378906
2018-04-19 04:00:00,205.3461456298828,101.5379867553711,65.67627716064453,71.06226348876953,23.311260223388672
2018-04-20 04:00:00,204.73641967773438,100.82950592041016,65.38676452636719,70.44742584228516,23.37507438659668
2018-04-23 04:00:00,204.10934448242188,100.96482849121094,65.78926086425781,71.46324920654297,23.483558654785156
2018-04-24 04:00:00,204.00477600097656,100.45535278320312,64.51119232177734,71.365234375,23.64946937561035
2018-04-25 04:00:00,204.59710693359375,100.90912628173828,64.87132263183594,72.30084991455078,23.406982421875
2018-04-26 04:00:00,206.45230102539062,101.90418243408203,68.80439758300781,73.55724334716797,23.515466690063477
2018-04-27 04:00:00,209.1959228515625,102.11116790771484,69.71529388427734,73.71762084960938,23.611183166503906
2018-04-30 04:00:00,205.90353393554688,100.69416046142578,68.17594146728516,72.23846435546875,23.362308502197266
2018-05-01 04:00:00,206.29554748535156,100.31205749511719,72.07373809814453,70.45634460449219,22.59016227722168
2018-05-02 04:00:00,203.3428192138672,98.31394958496094,70.87333679199219,70.24246978759766,22.264713287353516
2018-05-03 04:00:00,203.9438018798828,97.9398193359375,70.80976867675781,69.53852844238281,22.18174934387207
2018-05-04 04:00:00,205.46803283691406,98.86321258544922,70.73210144042969,69.85931396484375,22.232803344726562
2018-05-07 04:00:00,203.62155151367188,98.3855972290039,70.35079193115234,70.06426239013672,22.290231704711914
2018-05-08 04:00:00,202.0972900390625,97.6054458618164,70.18840026855469,70.28703308105469,22.322141647338867
2018-05-09 04:00:00,199.64108276367188,98.32191467285156,71.4452896118164,70.63455963134766,22.443389892578125
2018-05-10 04:00:00,203.56056213378906,99.7866439819336,72.6244888305664,72.05133056640625,22.57870864868164
2018-05-11 04:00:00,207.54104614257812,101.29122924804688,73.56363677978516,73.46815490722656,22.875120162963867
2018-05-14 04:00:00,211.56500244140625,100.35185241699219,74.77111053466797,74.02056121826172,23.107088088989258
2018-05-15 04:00:00,208.60362243652344,99.61151123046875,73.56363677978516,73.25428009033203,22.99755096435547
2018-05-16 04:00:00,210.5372772216797,99.7866439819336,74.17091369628906,72.83528137207031,22.991100311279297
2018-05-17 04:00:00,211.6173095703125,98.59257507324219,74.3686294555664,73.26594543457031,23.01043701171875
2018-05-18 04:00:00,213.08055114746094,98.90300750732422,74.83467102050781,73.63379669189453,22.96533203125
2018-05-21 04:00:00,215.9199981689453,98.48906707763672,75.01119232177734,73.41845703125,23.068431854248047
2018-05-22 04:00:00,213.5509490966797,97.84426879882812,75.01119232177734,73.76836395263672,23.016881942749023
2018-05-23 04:00:00,212.74960327148438,98.27413940429688,74.56633758544922,74.18109130859375,23.177967071533203
2018-05-24 04:00:00,211.4169464111328,97.31883239746094,72.82929229736328,74.20800018310547,23.126420974731445
2018-05-25 04:00:00,213.3505859375,97.41508483886719,71.37467956542969,74.26183319091797,22.991100311279297
2018-05-29 04:00:00,210.92919921875,95.7550277709961,70.23782348632812,73.96576690673828,23.003990173339844
2018-05-30 04:00:00,213.34190368652344,97.01411437988281,72.73750305175781,75.23979187011719,23.229522705078125
2018-05-31 04:00:00,210.35433959960938,95.93145751953125,69.86359405517578,76.29849243164062,23.152193069458008
2018-06-01 04:00:00,211.95704650878906,97.2466812133789,69.2351303100586,76.12802124023438,23.3583984375
2018-06-04 04:00:00,213.0718536376953,97.80003356933594,69.97655487060547,76.32544708251953,23.487272262573242
2018-06-05 04:00:00,212.8976287841797,97.42312622070312,70.0754165649414,76.10111999511719,23.480825424194336
2018-06-06 04:00:00,216.57330322265625,98.47370147705078,70.59793853759766,77.09700775146484,23.442167282104492
2018-06-07 04:00:00,216.86070251464844,98.9067611694336,70.13189697265625,77.05215454101562,23.51305389404297
2018-06-08 04:00:00,218.3414306640625,99.49220275878906,70.91571044921875,77.23159790039062,23.629037857055664
2018-06-11 04:00:00,221.0414276123047,98.36942291259766,70.44963836669922,77.03424072265625,23.3906192779541
2018-06-12 04:00:00,220.86729431152344,98.27320861816406,69.8423843383789,76.70225524902344,23.3906192779541
2018-06-13 04:00:00,220.24891662597656,98.34535217285156,68.90323638916016,76.90861511230469,23.339067459106445
2018-06-14 04:00:00,222.39151000976562,98.1689453125,69.72940826416016,77.47381591796875,23.300403594970703
2018-06-15 04:00:00,223.74639892578125,98.329345703125,70.30843353271484,77.9493637084961,23.429285049438477
2018-06-18 04:00:00,222.77606201171875,97.29478454589844,69.53876495361328,77.25849151611328,23.300403594970703
2018-06-19 04:00:00,221.15907287597656,98.29725646972656,69.2068862915039,77.89553833007812,23.339067459106445
2018-06-20 04:00:00,220.9755401611328,97.87222290039062,69.37635803222656,77.41105651855469,23.493711471557617
2018-06-21 04:00:00,220.17135620117188,97.39904022216797,67.46983337402344,77.22262573242188,23.3906192779541
2018-06-22 04:00:00,222.33908081054688,98.51377868652344,66.01522064208984,77.08804321289062,23.525930404663086
2018-06-25 04:00:00,219.1399688720703,98.31326293945312,65.70452880859375,76.95347595214844,23.442167282104492
2018-06-26 04:00:00,218.3182830810547,98.12081909179688,65.04783630371094,76.3613052368164,23.442167282104492
2018-06-27 04:00:00,216.91981506347656,97.5273666381836,64.61709594726562,75.966552734375,23.332618713378906
2018-06-28 04:00:00,214.06155395507812,97.84014129638672,65.26673889160156,76.70225524902344,23.429285049438477
2018-06-29 04:00:00,214.44615173339844,97.3108139038086,65.42207336425781,76.5586929321289,23.377727508544922
2018-07-02 04:00:00,216.31671142578125,97.5032958984375,65.74689483642578,77.03424072265625,23.40994644165039
2018-07-03 04:00:00,215.879638671875,98.4095458984375,66.0999526977539,77.61739349365234,23.422832489013672
2018-07-05 04:00:00,218.9564208984375,100.24603271484375,66.71426391601562,77.66223907470703,23.757905960083008
2018-07-06 04:00:00,219.18368530273438,100.8475341796875,68.43722534179688,78.40694427490234,23.912553787231445
2018-07-09 04:00:00,221.7272186279297,101.08809661865234,68.52194213867188,78.83760833740234,23.944774627685547
2018-07-10 04:00:00,223.3617401123047,102.15471649169922,69.79295349121094,78.99909973144531,24.118751525878906
2018-07-11 04:00:00,222.53135681152344,101.24047088623047,67.05323791503906,78.5594482421875,23.976991653442383
2018-07-12 04:00:00,223.80751037597656,102.45948028564453,68.2016830444336,79.77071380615234,24.17674446105957
2018-07-13 04:00:00,226.1238555908203,100.99188232421875,68.92928314208984,80.48846435546875,24.18318748474121
2018-07-16 04:00:00,224.6204376220703,99.9974365234375,68.65821838378906,79.91423797607422,24.086538314819336
2018-07-17 04:00:00,218.7728729248047,103.5421371459961,68.05900573730469,80.36284637451172,24.260509490966797
2018-07-18 04:00:00,223.25686645507812,102.49154663085938,67.33855438232422,80.77555847167969,24.26696014404297
2018-07-19 04:00:00,221.0803985595703,100.99989318847656,64.16421508789062,80.2372055053711,24.073644638061523
2018-07-20 04:00:00,220.87937927246094,100.92772674560547,63.42237091064453,79.37590026855469,24.05431365966797
2018-07-23 04:00:00,220.914306640625,101.5532455444336,63.77188491821289,79.7437744140625,23.976991653442383
2018-07-24 04:00:00,221.80587768554688,103.74261474609375,65.29840850830078,83.75428009033203,24.292734146118164
2018-07-25 04:00:00,222.76736450195312,103.14915466308594,66.42546844482422,86.51766967773438,24.479595184326172
2018-07-26 04:00:00,224.6378631591797,104.48043060302734,67.0103988647461,85.39618682861328,24.58913803100586
2018-07-27 04:00:00,223.72012329101562,105.49895477294922,64.599365234375,86.67021179199219,24.750228881835938
2018-07-30 04:00:00,221.8757781982422,105.99614715576172,65.23421478271484,87.94424438476562,24.86621856689453
2018-07-31 04:00:00,221.33384704589844,106.27685546875,65.79061889648438,88.65306091308594,25.729677200317383
2018-08-01 04:00:00,221.46502685546875,106.37310028076172,66.98902130126953,88.55437469482422,25.948762893676758
2018-08-02 04:00:00,223.83372497558594,105.2583236694336,67.85216522216797,89.2452163696289,25.76679801940918
2018-08-03 04:00:00,224.8302001953125,105.8197250366211,68.85794067382812,90.2411117553711,26.345172882080078
2018-08-06 04:00:00,224.42811584472656,105.87586975097656,69.23602294921875,91.51514434814453,26.67009735107422
2018-08-07 04:00:00,225.2060546875,105.4267578125,67.09603118896484,91.46131896972656,26.540132522583008
2018-08-08 04:00:00,226.21998596191406,105.19418334960938,66.86062622070312,91.75737762451172,26.910547256469727
2018-08-09 04:00:00,228.64988708496094,105.21824645996094,68.10181427001953,91.68560028076172,26.64410972595215
2018-08-10 04:00:00,227.5748291015625,104.85737609863281,68.33723449707031,91.73941802978516,26.598621368408203
2018-08-13 04:00:00,228.05552673339844,104.43231201171875,69.03628540039062,91.909912109375,26.520641326904297
2018-08-14 04:00:00,230.30194091796875,103.85490417480469,68.42282104492188,92.41783905029297,26.45564842224121
2018-08-15 04:00:00,227.7933349609375,104.6007308959961,69.51419067382812,93.22074890136719,26.748083114624023
2018-08-16 04:00:00,229.96975708007812,106.2447738647461,70.06348419189453,94.1500015258789,26.91704750061035
2018-08-17 04:00:00,229.29672241210938,107.84068298339844,70.48433685302734,95.22355651855469,27.35245132446289
2018-08-20 04:00:00,229.35794067382812,109.7734146118164,69.64260864257812,95.46714782714844,27.508419036865234
2018-08-21 04:00:00,228.73739624023438,108.5464096069336,69.72108459472656,94.7905044555664,27.397945404052734
2018-08-22 04:00:00,227.90692138671875,107.95296478271484,69.64973449707031,94.75443267822266,27.339452743530273
2018-08-23 04:00:00,228.50132751464844,108.35393524169922,69.30023193359375,94.5649642944336,27.423940658569336
2018-08-24 04:00:00,231.00111389160156,109.02758026123047,69.47854614257812,95.42202758789062,27.55389976501465
2018-08-27 04:00:00,233.44859313964844,108.92266845703125,69.92081451416016,94.82659912109375,27.02101707458496
2018-08-28 04:00:00,234.6985626220703,108.43827056884766,69.3786849975586,94.88975524902344,26.969032287597656
2018-08-29 04:00:00,235.12681579589844,108.87421417236328,69.60693359375,95.02509307861328,26.969032287597656
2018-08-30 04:00:00,234.59364318847656,108.94688415527344,69.0434341430664,95.1604232788086,26.969032287597656
2018-08-31 04:00:00,234.65484619140625,108.73697662353516,68.46563720703125,95.31378936767578,26.982036590576172
2018-09-04 04:00:00,234.6985626220703,107.95387268066406,67.45269012451172,94.3845443725586,26.88455581665039
2018-09-05 04:00:00,233.9381103515625,109.68150329589844,67.9020767211914,95.37693786621094,27.196489334106445
2018-09-06 04:00:00,236.4901885986328,110.49687194824219,66.86772918701172,95.06117248535156,27.150997161865234
2018-09-07 04:00:00,235.28863525390625,110.86019897460938,67.17450714111328,96.55878448486328,27.423940658569336
2018-09-10 04:00:00,227.79010009765625,110.7713851928711,66.92481994628906,96.0084457397461,27.332956314086914
2018-09-11 04:00:00,228.93902587890625,111.82093048095703,66.4682846069336,95.30476379394531,27.495410919189453
2018-09-12 04:00:00,230.3686065673828,112.5071029663086,66.51107788085938,95.60247039794922,27.560405731201172
2018-09-13 04:00:00,232.84182739257812,112.9349594116211,68.7153091430664,96.15278625488281,27.846345901489258
2018-09-14 04:00:00,232.68394470214844,112.612060546875,68.2516098022461,95.42202758789062,27.917829513549805
2018-09-17 04:00:00,231.42098999023438,112.99148559570312,68.03048706054688,95.36791229248047,27.9503231048584
2018-09-18 04:00:00,230.912353515625,113.45974731445312,66.06167602539062,96.4234390258789,28.275245666503906
2018-09-19 04:00:00,232.7014923095703,113.3951416015625,64.92748260498047,95.39497375488281,28.112775802612305
2018-09-20 04:00:00,233.63116455078125,114.62225341796875,66.11161041259766,95.69268035888672,28.431203842163086
2018-09-21 04:00:00,233.8767547607422,115.3488540649414,65.8120346069336,95.92724609375,28.632659912109375
2018-09-24 04:00:00,234.4818572998047,113.40325164794922,66.63948059082031,95.25963592529297,28.548187255859375
2018-09-25 04:00:00,231.10528564453125,111.92582702636719,66.89627075195312,95.35887908935547,28.457204818725586
2018-09-26 04:00:00,230.57908630371094,111.53836059570312,67.18161010742188,95.9092025756836,28.385723114013672
2018-09-27 04:00:00,232.10504150390625,111.58676147460938,67.153076171875,96.25202941894531,28.528676986694336
2018-09-28 04:00:00,233.3241729736328,111.54641723632812,67.46692657470703,96.81137084960938,28.639171600341797
2018-10-01 04:00:00,236.0078125,112.77351379394531,67.76654815673828,97.072998046875,28.769132614135742
2018-10-02 04:00:00,237.34974670410156,113.41130828857422,67.21727752685547,97.39778137207031,28.73664093017578
2018-10-03 04:00:00,237.58653259277344,112.24067687988281,68.48700714111328,97.99320220947266,29.120065689086914
2018-10-04 04:00:00,235.32379150390625,112.49903869628906,66.93907165527344,101.93567657470703,29.04857635498047
2018-10-05 04:00:00,236.09556579589844,112.29721069335938,67.32428741455078,103.76707458496094,29.1850528717041
2018-10-08 04:00:00,235.92893981933594,112.53135681152344,67.63102722167969,104.16400909423828,29.42548942565918
2018-10-09 04:00:00,236.8936767578125,112.3779296875,67.45979309082031,104.15498352050781,29.54896354675293
2018-10-10 04:00:00,230.72817993164062,111.1911849975586,66.39695739746094,102.25141906738281,28.925098419189453
2018-10-11 04:00:00,225.5010528564453,108.05075073242188,64.69921112060547,97.35266876220703,27.82034683227539
2018-10-12 04:00:00,227.68484497070312,108.07495880126953,65.38414764404297,99.6712417602539,28.450708389282227
2018-10-15 04:00:00,228.2462158203125,108.1395492553711,64.29550170898438,99.79753112792969,28.021804809570312
2018-10-16 04:00:00,239.05111694335938,110.24664306640625,66.26371765136719,100.16741180419922,28.548187255859375
2018-10-17 04:00:00,234.42922973632812,112.5878677368164,66.52324676513672,102.47697448730469,28.96409034729004
2018-10-18 04:00:00,233.9994659423828,112.62010955810547,64.81455993652344,102.22435760498047,28.593677520751953
2018-10-19 04:00:00,232.67515563964844,112.25682830810547,63.423091888427734,100.97035217285156,28.918596267700195
2018-10-22 04:00:00,229.9476318359375,111.95814514160156,60.75557327270508,101.06957244873047,28.834123611450195
2018-10-23 04:00:00,232.2892608642578,112.15995788574219,59.81108474731445,99.59004974365234,28.658666610717773
2018-10-24 04:00:00,224.79946899414062,110.98129272460938,57.251686096191406,95.9182357788086,27.605892181396484
2018-10-25 04:00:00,231.7455291748047,111.78858947753906,58.92428970336914,97.33463287353516,28.21026039123535
2018-10-26 04:00:00,226.43069458007812,110.57763671875,58.246604919433594,95.98139190673828,27.683874130249023
2018-10-29 04:00:00,224.974853515625,111.04588317871094,58.65755081176758,96.892578125,28.09328269958496
2018-10-30 04:00:00,226.5184326171875,113.62926483154297,58.82337188720703,97.74061584472656,27.872339248657227
2018-10-31 04:00:00,229.21092224121094,113.01570129394531,56.126976013183594,97.83081817626953,27.982810974121094
2018-11-01 04:00:00,228.84254455566406,113.68580627441406,57.82843017578125,97.30757904052734,28.379226684570312
2018-11-02 04:00:00,228.9127197265625,113.57276153564453,57.35980987548828,96.30615234375,27.898330688476562
2018-11-05 05:00:00,228.9127197265625,114.79991149902344,59.53711700439453,99.3644790649414,28.281736373901367
2018-11-06 05:00:00,231.13165283203125,115.09859466552734,60.315757751464844,95.53932189941406,27.9503231048584
2018-11-07 05:00:00,240.8578643798828,116.8585433959961,62.6949348449707,98.98558807373047,28.85361671447754
2018-11-08 05:00:00,242.62942504882812,117.30256652832031,63.25007629394531,99.32840728759766,28.71609878540039
2018-11-09 05:00:00,242.54171752929688,117.33484649658203,64.01432800292969,101.23197174072266,28.997692108154297
2018-11-12 05:00:00,238.8845672607422,117.56086730957031,64.66317749023438,102.12512969970703,28.886362075805664
2018-11-13 05:00:00,236.1131134033203,116.80203247070312,63.60336685180664,101.3943862915039,28.49997901916504
2018-11-14 05:00:00,232.37698364257812,116.45487976074219,63.6682243347168,99.56554412841797,28.100521087646484
2018-11-15 05:00:00,232.35940551757812,116.6567153930664,64.98760986328125,101.73255920410156,28.29697608947754
2018-11-16 05:00:00,237.77059936523438,117.85958862304688,65.9897232055664,103.21051788330078,28.493438720703125
2018-11-19 05:00:00,233.33297729492188,119.26433563232422,64.51178741455078,105.00579071044922,28.932201385498047
2018-11-20 05:00:00,229.34246826171875,118.23097229003906,63.50962448120117,104.01747131347656,28.50653648376465
2018-11-21 05:00:00,228.50933837890625,114.6303482055664,62.11095428466797,101.75975799560547,28.224945068359375
2018-11-23 05:00:00,229.4477081298828,114.82408905029297,61.73606872558594,102.34005737304688,28.25113296508789
2018-11-26 05:00:00,233.42941284179688,114.85657501220703,62.17585372924805,101.895751953125,28.38211441040039
2018-11-27 05:00:00,237.8057403564453,116.35965728759766,63.21405029296875,103.56414031982422,28.860172271728516
2018-11-28 05:00:00,246.4005889892578,118.97575378417969,64.12245178222656,104.75191497802734,29.403718948364258
2018-11-29 05:00:00,247.8039093017578,118.49640655517578,64.82177734375,106.08477020263672,29.80318832397461
2018-11-30 05:00:00,247.54872131347656,119.34944915771484,67.96517181396484,107.57177734375,30.27468490600586
2018-12-03 05:00:00,251.9214630126953,118.78889465332031,67.52540588378906,107.46296691894531,30.117523193359375
2018-12-04 05:00:00,245.0763702392578,118.64263916015625,65.283203125,105.64954376220703,29.56087875366211
2018-12-06 05:00:00,243.58070373535156,118.54511260986328,65.12458801269531,105.03299713134766,29.45609474182129
2018-12-07 05:00:00,236.8324432373047,118.1551513671875,62.6949348449707,102.9838638305664,28.761934280395508
2018-12-10 05:00:00,234.50088500976562,118.01705932617188,63.163578033447266,103.44624328613281,29.076274871826172
2018-12-11 05:00:00,235.10794067382812,119.02447509765625,63.56732177734375,103.81798553466797,28.82087516784668
2018-12-12 05:00:00,238.1170196533203,119.511962890625,63.877323150634766,103.67291259765625,28.91910171508789
2018-12-13 05:00:00,239.4454803466797,120.11315155029297,63.23565673828125,104.1444091796875,29.18760108947754
2018-12-14 05:00:00,233.17234802246094,108.0563735961914,61.72163391113281,101.4877700805664,28.683347702026367
2018-12-17 05:00:00,227.05752563476562,104.9202880859375,61.231380462646484,98.25081634521484,28.231483459472656
2018-12-18 05:00:00,222.57037353515625,105.96023559570312,60.25807571411133,96.56433868408203,27.76652717590332
2018-12-19 05:00:00,220.2300262451172,103.67724609375,60.2148323059082,98.93086242675781,27.484933853149414
2018-12-20 05:00:00,213.30577087402344,104.2134780883789,61.54862976074219,99.09403991699219,27.47183609008789
2018-12-21 05:00:00,209.69847106933594,104.06722259521484,61.22418212890625,99.21192932128906,27.458744049072266
2018-12-24 05:00:00,204.94737243652344,99.80181884765625,60.67624282836914,96.791015625,26.555023193359375
2018-12-26 05:00:00,214.10643005371094,102.94602966308594,64.19454956054688,100.72612762451172,27.62900161743164
2018-12-27 05:00:00,216.41160583496094,103.5147476196289,64.82177734375,102.35820007324219,28.061229705810547
2018-12-28 05:00:00,216.64915466308594,103.40098571777344,65.69414520263672,103.54598236083984,28.133264541625977
2018-12-31 05:00:00,219.18301391601562,104.84716796875,66.46559143066406,104.92417907714844,28.585124969482422
2019-01-02 05:00:00,214.22959899902344,103.79097747802734,64.3315200805664,104.16255950927734,28.32316780090332
2019-01-03 05:00:00,208.3875274658203,102.1417007446289,62.2119026184082,100.92558288574219,27.53078269958496
2019-01-04 05:00:00,210.8246307373047,103.85598754882812,64.2161865234375,103.96308135986328,28.15945053100586
2019-01-07 05:00:00,211.2293701171875,103.18974304199219,65.15341186523438,104.52523803710938,28.31007194519043
2019-01-08 05:00:00,214.05361938476562,105.58650207519531,65.45623016357422,105.4863510131836,28.441049575805664
2019-01-09 05:00:00,214.36158752441406,104.74967956542969,63.30775451660156,106.27518463134766,28.38211441040039
2019-01-10 05:00:00,215.44371032714844,105.38341522216797,63.58891677856445,105.12364959716797,27.70758628845215
2019-01-11 05:00:00,217.9073028564453,105.4158935546875,63.6682243347168,105.34125518798828,28.08087158203125
2019-01-14 05:00:00,218.2504119873047,104.22157287597656,61.858341217041016,103.98120880126953,27.746875762939453
2019-01-15 05:00:00,226.001708984375,105.0990219116211,62.39836883544922,106.16637420654297,27.982643127441406
2019-01-16 05:00:00,230.04017639160156,104.02657318115234,62.43486404418945,105.9034423828125,27.576623916625977
2019-01-17 05:00:00,228.55316162109375,104.8796615600586,63.63904571533203,108.04328155517578,27.81237030029297
2019-01-18 05:00:00,233.59458923339844,106.17961120605469,65.31761169433594,105.7130355834961,27.851667404174805
2019-01-22 05:00:00,233.7617950439453,104.64404296875,64.70457458496094,106.16637420654297,27.681394577026367
2019-01-23 05:00:00,234.9319610595703,104.64404296875,64.5512924194336,107.7077865600586,27.60936737060547
2019-01-24 05:00:00,234.14892578125,103.20602416992188,62.67570877075195,104.26229095458984,26.816967010498047
2019-01-25 05:00:00,235.8382110595703,104.18095397949219,58.778560638427734,104.244140625,26.61396026611328
2019-01-28 05:00:00,234.7119903564453,104.79845428466797,56.29722213745117,104.29854583740234,25.88705062866211
2019-01-29 05:00:00,235.2135467529297,105.88710021972656,56.538047790527344,104.91511535644531,26.699085235595703
2019-01-30 05:00:00,237.87942504882812,106.951416015625,57.698429107666016,106.03038024902344,27.22953224182129
2019-01-31 05:00:00,237.7298583984375,108.121337890625,58.596099853515625,108.67794799804688,28.04206657409668
2019-02-01 05:00:00,236.4276885986328,109.03131103515625,58.74935531616211,109.61186218261719,28.32611846923828
2019-02-04 05:00:00,235.97897338867188,107.95886993408203,57.3116340637207,108.95903015136719,28.035457611083984
2019-02-05 05:00:00,234.30731201171875,107.95886993408203,58.158206939697266,109.19477844238281,27.817466735839844
2019-02-06 05:00:00,237.11395263671875,108.0563735961914,57.71303939819336,108.14301300048828,27.962793350219727
2019-02-07 05:00:00,236.674072265625,107.28453826904297,57.778717041015625,106.53812408447266,27.546621322631836
2019-02-08 05:00:00,230.42721557617188,107.5688705444336,58.14362716674805,108.44219970703125,27.896732330322266
2019-02-11 05:00:00,226.23928833007812,107.24390411376953,58.21658706665039,107.00054168701172,27.533409118652344
2019-02-12 05:00:00,231.8350067138672,108.99882507324219,58.33335876464844,108.34246063232422,27.658918380737305
2019-02-13 05:00:00,232.09890747070312,109.23441314697266,58.960994720458984,108.48754119873047,27.546621322631836
2019-02-14 05:00:00,233.44505310058594,109.12066650390625,58.76393508911133,110.07831573486328,27.724977493286133
2019-02-15 05:00:00,238.54808044433594,110.8024673461914,59.004798889160156,111.65544891357422,28.009031295776367
2019-02-19 05:00:00,237.9146728515625,110.24182891845703,58.76393508911133,111.33634948730469,28.141151428222656
2019-02-20 05:00:00,237.1227569580078,110.77806854248047,58.377159118652344,111.81950378417969,27.876920700073242
2019-02-21 05:00:00,234.38645935058594,110.02249145507812,57.47218704223633,111.87422180175781,27.8372859954834
2019-02-22 05:00:00,235.01112365722656,110.98119354248047,58.3990478515625,113.04109191894531,28.378971099853516
2019-02-25 05:00:00,232.80276489257812,111.39010620117188,58.596099853515625,112.9408187866211,28.458229064941406
2019-02-26 05:00:00,231.3774871826172,111.31651306152344,58.75665283203125,113.65184783935547,28.418603897094727
2019-02-27 05:00:00,220.02764892578125,111.12020111083984,57.95387268066406,114.57262420654297,28.359149932861328
2019-02-28 05:00:00,213.11221313476562,111.74996185302734,57.82980728149414,115.12870788574219,28.636594772338867
2019-03-01 05:00:00,216.5699005126953,113.14848327636719,58.45743942260742,117.45332336425781,28.643205642700195
2019-03-04 05:00:00,207.6572723388672,113.2547836303711,57.9903564453125,116.19529724121094,28.45162582397461
2019-03-05 05:00:00,212.41714477539062,113.49195098876953,57.58897399902344,117.1343002319336,28.332725524902344
2019-03-06 05:00:00,210.3407745361328,113.7536849975586,56.99052429199219,115.48424530029297,27.652315139770508
2019-03-07 05:00:00,208.25555419921875,113.05853271484375,57.099998474121094,115.17427062988281,27.341840744018555
2019-03-08 05:00:00,209.571533203125,112.91129302978516,56.61832809448242,115.50244903564453,27.011545181274414
2019-03-11 04:00:00,214.7469940185547,113.32018280029297,56.98322296142578,112.58528137207031,27.414499282836914
2019-03-12 04:00:00,217.1580810546875,113.82727813720703,57.46490478515625,112.58528137207031,27.566438674926758
2019-03-13 04:00:00,222.7840118408203,114.0154037475586,57.60356521606445,113.32369995117188,27.75140380859375
2019-03-14 04:00:00,223.68484497070312,112.87862396240234,58.347965240478516,112.20240783691406,27.209718704223633
2019-03-15 04:00:00,222.03323364257812,112.53509521484375,59.36239242553711,112.98638916015625,27.59947395324707
2019-03-18 04:00:00,225.2127685546875,112.18343353271484,58.858821868896484,114.17151641845703,27.619285583496094
2019-03-19 04:00:00,227.09393310546875,113.22208404541016,58.982887268066406,115.40219116210938,27.942977905273438
2019-03-20 04:00:00,221.2384033203125,112.28154754638672,58.69825744628906,116.83341979980469,27.857097625732422
2019-03-21 04:00:00,222.58084106445312,112.94401550292969,59.28942108154297,116.9701919555664,27.976015090942383
2019-03-22 04:00:00,218.22669982910156,111.97080993652344,58.20927810668945,116.9610595703125,27.645713806152344
2019-03-25 04:00:00,218.0236358642578,111.7254409790039,58.02684783935547,118.39231872558594,27.672121047973633
2019-03-26 04:00:00,214.958984375,113.32841491699219,58.93911361694336,119.440673828125,28.022239685058594
2019-03-27 04:00:00,213.4752197265625,113.43472290039062,58.304176330566406,117.38954162597656,27.758010864257812
2019-03-28 04:00:00,213.93447875976562,113.58192443847656,58.355255126953125,117.5536117553711,27.93637466430664
2019-03-29 04:00:00,218.37684631347656,114.32618713378906,58.81504821777344,118.29202270507812,28.055273056030273
2019-04-01 04:00:00,216.8577880859375,113.66372680664062,58.953697204589844,117.64478302001953,28.2996883392334
2019-04-02 04:00:00,215.8598175048828,112.62507629394531,60.62495803833008,117.89092254638672,28.34593963623047
2019-04-03 04:00:00,217.12277221679688,112.18343353271484,60.63225555419922,115.82154083251953,28.2996883392334
2019-04-04 04:00:00,218.49169921875,110.87489318847656,60.435211181640625,114.5088119506836,28.233631134033203
2019-04-05 04:00:00,219.71934509277344,111.37374877929688,60.902278900146484,115.76685333251953,28.398784637451172
2019-04-08 04:00:00,219.6928253173828,111.34107971191406,61.289085388183594,115.92182159423828,28.497867584228516
2019-04-09 04:00:00,219.7281494140625,110.87489318847656,60.34764099121094,115.9947509765625,28.2996883392334
2019-04-10 04:00:00,217.2905731201172,110.8830795288086,60.537384033203125,115.94915008544922,28.227035522460938
2019-04-11 04:00:00,207.91995239257812,110.58048248291016,59.676204681396484,114.08943939208984,27.923152923583984
2019-04-12 04:00:00,197.14505004882812,111.21021270751953,59.7353630065918,112.18416595458984,27.55323028564453
2019-04-15 04:00:00,203.30970764160156,111.65181732177734,59.92023849487305,113.11402130126953,27.80425262451172
2019-04-16 04:00:00,195.14906311035156,112.87862396240234,59.31385803222656,109.35811614990234,27.031356811523438
2019-04-17 04:00:00,191.51036071777344,113.28751373291016,57.664825439453125,106.20394897460938,26.34433937072754
2019-04-18 04:00:00,195.84677124023438,112.46967315673828,57.36162185668945,105.0188217163086,26.014053344726562
2019-04-22 04:00:00,200.58067321777344,112.72322082519531,57.790531158447266,105.26496887207031,25.74981117248535
2019-04-23 04:00:00,203.64532470703125,114.4161148071289,58.16767120361328,107.1064224243164,26.04047203063965
2019-04-24 04:00:00,203.44224548339844,113.8436508178711,58.17506790161133,107.57133483886719,26.0074405670166
2019-04-25 04:00:00,203.83079528808594,114.21166229248047,58.670509338378906,107.78103637695312,26.165992736816406
2019-04-26 04:00:00,209.31536865234375,114.81689453125,58.936729431152344,109.27608489990234,26.403799057006836
2019-04-29 04:00:00,209.71282958984375,114.36703491210938,59.38041687011719,109.02996826171875,26.152769088745117
2019-04-30 04:00:00,205.844482421875,115.47932434082031,58.70751190185547,106.69620513916016,26.826574325561523
2019-05-01 04:00:00,204.85528564453125,116.09268951416016,58.33774948120117,107.73545837402344,26.93226432800293
2019-05-02 04:00:00,205.29689025878906,115.54475402832031,58.02715301513672,107.9906997680664,27.090816497802734
2019-05-03 04:00:00,204.85528564453125,116.14181518554688,58.20463943481445,106.57769775390625,27.341840744018555
2019-05-06 04:00:00,212.40652465820312,116.20722198486328,58.61135482788086,106.3406753540039,27.513582229614258
2019-05-07 04:00:00,210.2427215576172,114.47339630126953,57.64263153076172,104.78179931640625,26.971906661987305
2019-05-08 04:00:00,211.21420288085938,114.32618713378906,57.67221450805664,105.97602081298828,27.051176071166992
2019-05-09 04:00:00,210.17202758789062,113.45926666259766,57.613059997558594,105.56578826904297,27.08450698852539
2019-05-10 04:00:00,212.4860076904297,113.720947265625,57.27288818359375,105.94867706298828,27.13782501220703
2019-05-13 04:00:00,211.56753540039062,112.20794677734375,56.843994140625,104.26216888427734,27.037851333618164
2019-05-14 04:00:00,208.81192016601562,111.89717102050781,58.00497817993164,104.78179931640625,27.09783172607422
2019-05-15 04:00:00,208.5028533935547,111.97080993652344,58.25639343261719,105.40169525146484,27.42438316345215
2019-05-16 04:00:00,209.1299285888672,113.03400421142578,58.788822174072266,107.01056671142578,27.750951766967773
2019-05-17 04:00:00,213.1837615966797,113.36111450195312,58.75925064086914,106.35051727294922,27.637659072875977
2019-05-20 04:00:00,217.25526428222656,113.20571899414062,59.02546310424805,106.55220794677734,27.717618942260742
2019-05-21 04:00:00,220.74380493164062,112.96033477783203,59.8093147277832,106.87306213378906,27.770946502685547
2019-05-22 04:00:00,220.2139434814453,113.48381042480469,60.33434295654297,108.156494140625,27.984203338623047
2019-05-23 04:00:00,217.7056884765625,114.32618713378906,60.00897979736328,107.08391571044922,27.937559127807617
2019-05-24 04:00:00,218.7036895751953,114.33440399169922,59.20293045043945,107.06558227539062,27.95755386352539
2019-05-28 04:00:00,213.78431701660156,112.86870574951172,57.7017936706543,106.12134552001953,27.924230575561523
2019-05-29 04:00:00,214.08460998535156,108.14214324951172,57.723976135253906,105.87381744384766,27.80426597595215
2019-05-30 04:00:00,215.0561065673828,108.78443145751953,57.391204833984375,106.24970245361328,27.924230575561523
2019-05-31 04:00:00,213.5546875,107.99391174316406,56.725669860839844,106.28634643554688,27.670976638793945
2019-06-03 04:00:00,208.9268035888672,108.23273468017578,55.97879409790039,107.04723358154297,27.937559127807617
2019-06-04 04:00:00,212.63612365722656,110.11840057373047,56.755252838134766,107.77146911621094,28.14415740966797
2019-06-05 04:00:00,214.4114227294922,110.65362548828125,56.98448181152344,107.27642059326172,28.310762405395508
2019-06-06 04:00:00,213.5723419189453,112.54752349853516,56.99188995361328,107.7164535522461,28.464048385620117
2019-06-07 04:00:00,217.94410705566406,114.08737182617188,57.258113861083984,108.49567413330078,28.604001998901367
2019-06-10 04:00:00,219.15408325195312,114.47438049316406,56.903167724609375,104.4437484741211,28.70397186279297
2019-06-11 04:00:00,217.14926147460938,115.1002197265625,57.805301666259766,102.8669204711914,28.437393188476562
2019-06-12 04:00:00,215.93930053710938,116.66474914550781,58.101112365722656,105.6446304321289,28.710641860961914
2019-06-13 04:00:00,216.34556579589844,115.86597442626953,58.38212203979492,102.50940704345703,28.3241024017334
2019-06-14 04:00:00,217.66732788085938,115.35546112060547,58.18986511230469,102.43606567382812,28.497373580932617
2019-06-17 04:00:00,218.1995849609375,114.82020568847656,58.1602668762207,103.95783996582031,28.577346801757812
2019-06-18 04:00:00,217.96006774902344,115.47071838378906,57.864471435546875,105.10375213623047,28.70397186279297
2019-06-19 04:00:00,221.94313049316406,115.65190124511719,57.391204833984375,105.63546752929688,28.990549087524414
2019-06-20 04:00:00,219.78750610351562,117.1011734008789,57.93101119995117,105.93800354003906,29.057188034057617
2019-06-21 04:00:00,223.7971649169922,117.00236511230469,58.25639343261719,105.87381744384766,29.10384750366211
2019-06-24 04:00:00,221.4552459716797,117.80107879638672,58.01237106323242,106.00215911865234,29.163820266723633
2019-06-25 04:00:00,219.69879150390625,118.77271270751953,48.58397674560547,105.75465393066406,29.163820266723633
2019-06-26 04:00:00,215.9818115234375,116.8047103881836,50.28478240966797,102.06936645507812,28.650651931762695
2019-06-27 04:00:00,218.52784729003906,115.84953308105469,51.76374053955078,102.18853759765625,28.943885803222656
2019-06-28 04:00:00,216.46087646484375,114.68848419189453,53.7751350402832,101.5651626586914,28.870590209960938
2019-07-01 04:00:00,215.2455596923828,114.75435638427734,54.27799987792969,103.35279083251953,29.17048454284668
2019-07-02 04:00:00,216.42543029785156,115.30603790283203,54.891754150390625,104.69123077392578,29.47039031982422
2019-07-03 04:00:00,217.52537536621094,117.04350280761719,55.431583404541016,104.89289855957031,29.590343475341797
2019-07-05 04:00:00,219.1044158935547,115.7507095336914,53.97480392456055,103.42613983154297,29.270462036132812
2019-07-08 04:00:00,219.8584442138672,116.0801010131836,52.66590881347656,102.2343978881836,28.857255935668945
2019-07-09 04:00:00,218.2261962890625,116.44239807128906,52.68070602416992,103.66448211669922,28.90390396118164
2019-07-10 04:00:00,219.53912353515625,116.2776870727539,52.9838981628418,104.9937515258789,29.363759994506836
2019-07-11 04:00:00,231.67462158203125,115.3719482421875,52.68070602416992,100.67594146728516,28.643983840942383
2019-07-12 04:00:00,235.87954711914062,110.5877685546875,52.7632942199707,99.27335357666016,28.257455825805664
2019-07-15 04:00:00,235.9327392578125,110.92538452148438,52.75577926635742,99.43833923339844,28.490711212158203
2019-07-16 04:00:00,234.7794647216797,109.1055908203125,51.92243957519531,99.75918579101562,28.557350158691406
2019-07-17 04:00:00,236.54476928710938,108.57856750488281,51.291812896728516,98.17324829101562,28.484045028686523
2019-07-18 04:00:00,231.1778564453125,108.75148010253906,51.2392578125,99.31917572021484,28.697307586669922
2019-07-19 04:00:00,227.67379760742188,107.30224609375,51.45697784423828,97.89822387695312,28.50403594970703
2019-07-22 04:00:00,226.49400329589844,105.9271011352539,51.051570892333984,98.33824920654297,28.5373592376709
2019-07-23 04:00:00,226.21896362304688,106.09178161621094,50.848854064941406,99.20916748046875,28.717300415039062
2019-07-24 04:00:00,222.77703857421875,106.86581420898438,50.64615249633789,99.48417663574219,28.58401107788086
2019-07-25 04:00:00,220.6214141845703,107.96922302246094,50.0455436706543,98.84246826171875,28.437393188476562
2019-07-26 04:00:00,224.3826904296875,107.64807891845703,50.87138366699219,99.2549819946289,28.717300415039062
2019-07-29 04:00:00,225.163330078125,109.53375244140625,50.43593215942383,99.66751098632812,27.62432098388672
2019-07-30 04:00:00,226.14801025390625,108.75971984863281,50.43593215942383,99.64000701904297,25.8515682220459
2019-07-31 04:00:00,220.8963623046875,107.22813415527344,50.0155143737793,99.87836456298828,25.8848934173584
2019-08-01 04:00:00,221.10928344726562,107.28575897216797,49.399898529052734,101.30848693847656,25.730175018310547
2019-08-02 04:00:00,221.81893920898438,107.92805480957031,49.06205368041992,103.05945587158203,25.562000274658203
2019-08-05 04:00:00,217.39234924316406,107.17874145507812,48.97197341918945,99.65834045410156,24.86240577697754
2019-08-06 04:00:00,220.248779296875,107.68102264404297,48.62660217285156,102.12434387207031,24.85568618774414
2019-08-07 04:00:00,218.6253662109375,107.21990203857422,48.39387130737305,101.8676986694336,24.60679054260254
2019-08-08 04:00:00,219.66331481933594,108.43035125732422,49.13713073730469,104.48038482666016,24.801870346069336
2019-08-09 04:00:00,220.55929565429688,108.72679138183594,49.23472595214844,104.29702758789062,24.452070236206055
2019-08-12 04:00:00,215.74232482910156,108.63619232177734,48.446434020996094,104.14118957519531,23.80629539489746
2019-08-13 04:00:00,221.08267211914062,109.86311340332031,48.80678939819336,106.06633758544922,23.678483963012695
2019-08-14 04:00:00,215.74232482910156,107.26107025146484,47.67314910888672,101.67361450195312,23.032711029052734
2019-08-15 04:00:00,216.67376708984375,107.49161529541016,47.28275680541992,101.61830139160156,23.194150924682617
2019-08-16 04:00:00,217.95120239257812,108.16685485839844,48.37135314941406,101.88562774658203,23.308515548706055
2019-08-19 04:00:00,217.08181762695312,108.89971923828125,49.97046661376953,103.73861694335938,23.6650333404541
2019-08-20 04:00:00,213.0455322265625,107.54103088378906,49.85786437988281,102.33737182617188,23.28160285949707
2019-08-21 04:00:00,213.214111328125,108.30683898925781,50.706207275390625,102.75220489501953,23.456506729125977
2019-08-22 04:00:00,206.64068603515625,108.0927505493164,50.69119644165039,102.89048767089844,23.597766876220703
2019-08-23 04:00:00,204.61813354492188,105.17778015136719,49.52752685546875,100.95455169677734,23.099985122680664
2019-08-26 04:00:00,204.99072265625,106.02398681640625,49.8953857421875,103.04721069335938,23.436321258544922
2019-08-27 04:00:00,197.76083374023438,107.55045318603516,49.302303314208984,102.07923889160156,23.099985122680664
2019-08-28 04:00:00,201.6818389892578,106.75402069091797,49.602596282958984,102.30046844482422,23.597766876220703
2019-08-29 04:00:00,204.58261108398438,106.38899993896484,49.71520233154297,103.48047637939453,23.76593780517578
2019-08-30 04:00:00,207.5810546875,106.48855590820312,49.354854583740234,104.14423370361328,23.913923263549805
2019-09-03 04:00:00,204.58261108398438,106.80381774902344,49.09959030151367,105.056884765625,24.297361373901367
2019-09-04 04:00:00,201.13180541992188,106.90335845947266,49.83533477783203,104.40234375,24.102279663085938
2019-09-05 04:00:00,203.66893005371094,106.67108917236328,50.32332992553711,105.64688110351562,24.445344924926758
2019-09-06 04:00:00,203.14552307128906,106.36414337158203,50.76628112792969,105.13986206054688,24.552976608276367
2019-09-09 04:00:00,204.63584899902344,105.31880187988281,50.0755729675293,102.39266967773438,24.77496337890625
2019-09-10 04:00:00,206.21490478515625,107.4758071899414,51.18669128417969,102.42032623291016,25.144943237304688
2019-09-11 04:00:00,207.767333984375,108.81974792480469,52.17018508911133,102.96421813964844,25.16511344909668
2019-09-12 04:00:00,204.121337890625,108.20584869384766,53.17621994018555,102.76141357421875,25.07767105102539
2019-09-13 04:00:00,208.2123260498047,108.49620056152344,52.935970306396484,102.22671508789062,24.828777313232422
2019-09-16 04:00:00,208.9431610107422,107.46749114990234,52.988529205322266,101.52610778808594,24.77496337890625
2019-09-17 04:00:00,207.2408447265625,107.5753402709961,53.75428771972656,102.43877410888672,24.552976608276367
2019-09-18 04:00:00,205.5384979248047,108.18925476074219,53.50654220581055,103.91375732421875,24.472257614135742
2019-09-19 04:00:00,207.53497314453125,107.94036102294922,53.806846618652344,105.41642761230469,24.559703826904297
2019-09-20 04:00:00,207.5706024169922,109.21795654296875,54.34739685058594,107.08501434326172,24.680788040161133
2019-09-23 04:00:00,203.89852905273438,109.29263305664062,54.7527961730957,105.25968933105469,24.37807846069336
2019-09-24 04:00:00,200.53839111328125,109.13502502441406,54.767791748046875,104.40234375,24.223363876342773
2019-09-25 04:00:00,198.0160675048828,108.67041778564453,54.122161865234375,102.68767547607422,24.149364471435547
2019-09-26 04:00:00,192.05340576171875,106.89509582519531,55.57863235473633,103.08407592773438,24.06864356994629
2019-09-27 04:00:00,191.85731506347656,106.68766021728516,56.19424819946289,103.5910873413086,24.3646240234375
2019-09-30 04:00:00,193.69338989257812,107.33475494384766,56.847412109375,103.09329986572266,24.16954231262207
2019-10-01 04:00:00,193.5952911376953,107.84081268310547,54.97803497314453,102.29124450683594,23.833202362060547
2019-10-02 04:00:00,193.185302734375,109.50833129882812,54.15219497680664,98.64063262939453,23.342147827148438
2019-10-03 04:00:00,191.94638061523438,108.83636474609375,55.44349670410156,98.90797424316406,23.846662521362305
2019-10-04 04:00:00,195.9037322998047,110.885498046875,56.05160903930664,99.74689483642578,24.16954231262207
2019-10-07 04:00:00,197.1872100830078,110.47068786621094,55.80386734008789,99.40580749511719,24.102279663085938
2019-10-08 04:00:00,196.18003845214844,109.37557983398438,55.20326614379883,98.81578063964844,23.833202362060547
2019-10-09 04:00:00,197.93585205078125,107.2020263671875,55.03059005737305,98.91719055175781,24.00810432434082
2019-10-10 04:00:00,199.40647888183594,107.06926727294922,55.89393997192383,98.56688690185547,24.07537269592285
2019-10-11 04:00:00,197.9269561767578,108.95247650146484,56.08439254760742,99.89440155029297,24.290632247924805
2019-10-14 04:00:00,196.60781860351562,108.4464340209961,56.18339920043945,99.4703369140625,24.418445587158203
2019-10-15 04:00:00,212.65090942382812,110.20521545410156,56.74705505371094,101.12969207763672,24.552976608276367
2019-10-16 04:00:00,211.2248992919922,112.13818359375,56.9374885559082,99.51642608642578,24.445344924926758
2019-10-17 04:00:00,217.17861938476562,112.96781921386719,57.234554290771484,99.98657989501953,24.52607536315918
2019-10-18 04:00:00,218.6670684814453,105.94100189208984,58.2400016784668,100.15251159667969,24.52607536315918
2019-10-21 04:00:00,217.4014129638672,106.20648956298828,58.87984085083008,99.47954559326172,24.52607536315918
2019-10-22 04:00:00,222.35693359375,107.1854248046875,59.31401824951172,101.25874328613281,24.505887985229492
2019-10-23 04:00:00,220.85963439941406,107.76615905761719,59.22260284423828,99.00939178466797,24.73459815979004
2019-10-24 04:00:00,217.9272918701172,105.77510070800781,58.498985290527344,99.41500854492188,24.478981018066406
2019-10-25 04:00:00,218.28379821777344,106.48027801513672,58.2933235168457,101.59062957763672,24.73459815979004
2019-10-28 04:00:00,220.19117736816406,107.1688232421875,59.66437911987305,104.16265869140625,25.07767105102539
2019-10-29 04:00:00,224.86148071289062,107.11904907226562,59.771034240722656,102.94579315185547,25.703269958496094
2019-10-30 04:00:00,227.09857177734375,110.20521545410156,60.677459716796875,103.91375732421875,25.8848934173584
2019-10-31 04:00:00,225.22689819335938,109.54151916503906,60.59368133544922,105.04766845703125,25.810895919799805
2019-11-01 04:00:00,224.79017639160156,108.84465026855469,62.269439697265625,103.72016143798828,25.824356079101562
2019-11-04 05:00:00,223.9345245361328,108.03993225097656,63.21394729614258,104.2732925415039,25.58218765258789
2019-11-05 05:00:00,223.0878143310547,108.19755554199219,62.3380012512207,102.55859375,25.212209701538086
2019-11-06 05:00:00,223.28390502929688,108.64553833007812,62.52078628540039,104.92782592773438,25.29966163635254
2019-11-07 05:00:00,228.57806396484375,109.03546142578125,62.46748352050781,103.95985412597656,25.06873321533203
2019-11-08 05:00:00,229.0326690673828,110.33794403076172,64.90494537353516,104.66046905517578,25.163816452026367
2019-11-11 05:00:00,226.4657440185547,109.49175262451172,65.24772644042969,103.98749542236328,25.082317352294922
2019-11-12 05:00:00,227.49964904785156,108.96910858154297,65.84183502197266,104.32859802246094,25.109487533569336
2019-11-13 05:00:00,226.0023193359375,108.9027099609375,66.0094223022461,103.97827911376953,24.858186721801758
2019-11-14 05:00:00,228.01661682128906,108.64553833007812,66.74825286865234,103.27827453613281,24.82422637939453
2019-11-15 05:00:00,240.1112823486328,111.94738006591797,67.50994110107422,104.94718933105469,25.32003402709961
2019-11-18 05:00:00,243.25753784179688,111.85610961914062,67.58615112304688,105.76310729980469,25.279279708862305
2019-11-19 05:00:00,244.4162139892578,111.84786987304688,67.80702209472656,106.71809387207031,25.578121185302734
2019-11-20 05:00:00,245.6015625,112.77698516845703,66.42072296142578,106.26378631591797,25.163816452026367
2019-11-21 05:00:00,246.4839324951172,113.19181060791016,65.90276336669922,106.39360046386719,25.63245964050293
2019-11-22 05:00:00,246.742431640625,114.54407501220703,65.54475402832031,107.73799133300781,26.03317642211914
2019-11-25 05:00:00,251.93865966796875,114.59416961669922,66.84728240966797,108.9155044555664,26.270893096923828
2019-11-26 05:00:00,250.80661010742188,114.58580780029297,66.81680297851562,108.56317901611328,26.006013870239258
2019-11-27 05:00:00,250.1560821533203,115.07032775878906,67.28144836425781,108.88770294189453,26.2369327545166
2019-11-29 05:00:00,249.44300842285156,114.85315704345703,66.82442474365234,108.80425262451172,26.162221908569336
2019-12-02 05:00:00,249.2558135986328,114.74455261230469,66.29124450683594,108.23867797851562,26.006013870239258
2019-12-03 05:00:00,246.7959747314453,114.57749938964844,65.46859741210938,109.0453109741211,25.843006134033203
2019-12-04 05:00:00,248.9528350830078,116.43196868896484,66.42072296142578,110.02813720703125,25.904129028320312
2019-12-05 05:00:00,251.3413848876953,116.58230590820312,66.05509185791016,111.04801177978516,25.829423904418945
2019-12-06 05:00:00,250.68832397460938,117.26728820800781,66.25312805175781,110.927490234375,26.006013870239258
2019-12-09 05:00:00,248.31736755371094,117.3675537109375,65.84183502197266,111.48377990722656,26.026386260986328
2019-12-10 05:00:00,250.0888214111328,116.94152069091797,65.93324279785156,111.86392974853516,26.135053634643555
2019-12-11 05:00:00,250.96563720703125,117.76852416992188,66.03986358642578,111.9844741821289,25.958465576171875
2019-12-12 05:00:00,253.74830627441406,118.06925964355469,67.58615112304688,112.83748626708984,26.17580795288086
2019-12-13 05:00:00,255.42137145996094,118.10264587402344,66.908203125,112.67982482910156,26.03317642211914
2019-12-16 05:00:00,261.2816467285156,118.44515228271484,68.11933135986328,113.90372467041016,26.583314895629883
2019-12-17 05:00:00,259.8859558105469,119.92375946044922,68.61442565917969,116.20313262939453,26.42030906677246
2019-12-18 05:00:00,262.0600280761719,119.61471557617188,68.04316711425781,120.05088806152344,26.413522720336914
2019-12-19 05:00:00,263.5989685058594,121.41905212402344,67.61660766601562,121.32113647460938,26.467851638793945
2019-12-20 05:00:00,261.7826843261719,122.01215362548828,68.01268005371094,122.78604888916016,26.644451141357422
2019-12-23 05:00:00,264.01947021484375,122.32955932617188,68.74394226074219,121.59928894042969,26.70556640625
2019-12-24 05:00:00,263.52740478515625,121.90351867675781,68.4392318725586,121.56221008300781,26.68519401550293
2019-12-26 05:00:00,264.5205078125,121.81999969482422,68.42402648925781,121.59002685546875,26.746318817138672
2019-12-27 05:00:00,264.80682373046875,121.7531509399414,67.94414520263672,121.9423599243164,26.70556640625
2019-12-30 05:00:00,262.9100341796875,121.3772964477539,67.42617797851562,121.73838806152344,26.427104949951172
2019-12-31 05:00:00,263.0263366699219,121.85340118408203,67.44140625,121.8589096069336,26.610485076904297
2020-01-02 05:00:00,261.7021789550781,121.93695831298828,68.21073913574219,122.58211517333984,26.583314895629883
2020-01-03 05:00:00,259.0538635253906,120.52520751953125,67.56327056884766,122.17414855957031,26.440690994262695
2020-01-06 05:00:00,260.852294921875,120.3748550415039,68.09647369384766,122.62845611572266,26.4067325592041
2020-01-07 05:00:00,259.2775573730469,121.10997009277344,67.70800018310547,122.86027526855469,26.318437576293945
2020-01-08 05:00:00,264.7441101074219,121.09326934814453,68.18787384033203,123.97286224365234,26.528974533081055
2020-01-09 05:00:00,263.2409973144531,121.45245361328125,68.71346282958984,126.02190399169922,26.413522720336914
2020-01-10 05:00:00,264.05523681640625,121.17680358886719,67.83749389648438,127.95048522949219,26.821027755737305
2020-01-13 05:00:00,255.75241088867188,121.7114028930664,67.42617797851562,128.822021484375,26.766695022583008
2020-01-14 05:00:00,257.8907775878906,122.39640045166016,68.09008026123047,130.40744018554688,27.2149600982666
2020-01-15 05:00:00,265.2004699707031,122.80570220947266,68.90840911865234,130.833984375,27.622468948364258
2020-01-16 05:00:00,269.07452392578125,123.79981994628906,68.90840911865234,131.1306915283203,27.58172035217285
2020-01-17 05:00:00,267.0435791015625,124.61009979248047,67.9356918334961,129.4154052734375,27.513797760009766
2020-01-21 05:00:00,268.88665771484375,124.69363403320312,67.92796325683594,130.64857482910156,27.39834213256836
2020-01-22 05:00:00,268.94036865234375,123.84159851074219,67.3258056640625,131.25123596191406,27.29646873474121
2020-01-23 05:00:00,267.9293518066406,124.07545471191406,65.828125,130.92666625976562,27.649635314941406
2020-01-24 05:00:00,261.9795837402344,123.90006256103516,64.4925765991211,128.9425506591797,27.045166015625
2020-01-27 05:00:00,254.17764282226562,124.2592544555664,64.86314392089844,128.23785400390625,27.276084899902344
2020-01-28 05:00:00,255.77024841308594,124.88575744628906,64.67015838623047,129.1187286376953,25.904129028320312
2020-01-29 05:00:00,253.1129150390625,125.75455474853516,64.23011016845703,129.7306365966797,25.523794174194336
2020-01-30 05:00:00,251.3951416015625,125.60418701171875,63.133872985839844,132.28036499023438,25.43459129333496
2020-01-31 05:00:00,243.76329040527344,124.3594970703125,62.547149658203125,129.47103881835938,25.551237106323242
2020-02-03 05:00:00,245.16798400878906,125.44541931152344,63.53533172607422,130.73194885253906,25.73648452758789
2020-02-04 05:00:00,251.26986694335938,126.64002227783203,65.1256332397461,132.99429321289062,25.859987258911133
2020-02-05 05:00:00,264.592041015625,128.63653564453125,66.8780746459961,136.6195526123047,26.189327239990234
2020-02-06 05:00:00,261.6663513183594,128.2522735595703,67.3026351928711,136.57322692871094,26.25107192993164
2020-02-07 05:00:00,258.76751708984375,126.88224029541016,71.2475814819336,135.74803161621094,26.106992721557617
2020-02-10 05:00:00,256.80810546875,126.85724639892578,73.14667510986328,134.91354370117188,25.942319869995117
2020-02-11 05:00:00,260.1722412109375,126.9658432006836,74.11166381835938,133.7453155517578,26.134435653686523
2020-02-12 05:00:00,271.5260314941406,126.2139892578125,75.4935531616211,133.05918884277344,25.8942928314209
2020-02-13 05:00:00,270.380859375,125.37860107421875,73.60987854003906,132.1551971435547,25.338537216186523
2020-02-14 05:00:00,267.3209533691406,125.41206359863281,72.60627746582031,131.5214385986328,25.050365447998047
2020-02-18 05:00:00,270.32720947265625,124.58500671386719,72.26659393310547,131.4188995361328,24.919992446899414
2020-02-19 05:00:00,273.16339111328125,124.41793060302734,72.67574310302734,131.2511749267578,24.85824203491211
2020-02-20 05:00:00,270.31829833984375,123.94182586669922,72.74524688720703,132.34158325195312,24.597517013549805
2020-02-21 05:00:00,269.69189453125,125.24495697021484,73.30879211425781,132.37887573242188,24.508323669433594
2020-02-24 05:00:00,248.54103088378906,122.6640853881836,71.90375518798828,128.75344848632812,23.787891387939453
2020-02-25 05:00:00,235.65719604492188,121.60480499267578,68.84664916992188,126.19981384277344,23.28016471862793
2020-02-26 05:00:00,235.3083038330078,120.78933715820312,68.25220489501953,124.44767761230469,23.82219886779785
2020-02-27 05:00:00,227.18429565429688,116.95579528808594,65.94395446777344,120.40289306640625,23.396806716918945
2020-02-28 05:00:00,228.1148223876953,113.05506134033203,66.16781616210938,117.55101013183594,22.93024253845215
2020-03-02 05:00:00,244.35379028320312,117.71245574951172,68.46837615966797,123.80461883544922,23.93198013305664
2020-03-03 05:00:00,233.87673950195312,113.98823547363281,67.6037368774414,121.44671630859375,23.534032821655273
2020-03-04 05:00:00,258.9464111328125,120.62120819091797,70.83068084716797,130.831787109375,24.974891662597656
2020-03-05 05:00:00,253.16664123535156,119.38539123535156,69.95060729980469,130.61741638183594,24.32993507385254
2020-03-06 05:00:00,253.98080444335938,119.40221405029297,68.56873321533203,131.8383331298828,24.02803611755371
2020-03-09 04:00:00,244.6490936279297,114.70281219482422,65.828125,126.4887466430664,23.163524627685547
2020-03-10 04:00:00,250.518310546875,119.07433319091797,67.57286834716797,131.58668518066406,23.733001708984375
2020-03-11 04:00:00,248.53208923339844,110.8020248413086,65.50389099121094,130.49623107910156,22.072586059570312
2020-03-12 04:00:00,224.0438995361328,105.43004608154297,60.686641693115234,117.448486328125,20.597421646118164
2020-03-13 04:00:00,244.4507598876953,112.89531707763672,65.9053726196289,129.8904571533203,22.443092346191406
2020-03-16 04:00:00,202.21726989746094,106.87602996826172,57.336181640625,120.57994842529297,20.70720100402832
2020-03-17 04:00:00,219.4521484375,114.82891082763672,56.371185302734375,133.45997619628906,22.065731048583984
2020-03-18 04:00:00,195.04661560058594,113.45860290527344,54.83491134643555,133.35745239257812,22.202953338623047
2020-03-19 04:00:00,197.5087432861328,106.80880737304688,54.858070373535156,124.0376205444336,20.871871948242188
2020-03-20 04:00:00,185.63841247558594,100.78951263427734,53.12879943847656,114.07472229003906,19.904443740844727
2020-03-23 04:00:00,175.0980224609375,93.43352508544922,49.79377746582031,110.95256805419922,19.547653198242188
2020-03-24 04:00:00,197.5087432861328,100.19261169433594,52.102046966552734,114.5313949584961,20.37786102294922
2020-03-25 04:00:00,210.70889282226562,100.37755584716797,52.42628479003906,113.64600372314453,20.41217041015625
2020-03-26 04:00:00,229.4893035888672,106.40525817871094,56.99650573730469,125.2118911743164,21.784420013427734
2020-03-27 04:00:00,217.86163330078125,103.53854370117188,56.100990295410156,124.98823547363281,21.201210021972656
2020-03-30 04:00:00,225.79612731933594,111.8192367553711,58.08502197265625,129.0237274169922,22.415651321411133
2020-03-31 04:00:00,224.08885192871094,110.23876953125,58.818416595458984,129.2847137451172,22.395065307617188
2020-04-01 04:00:00,213.25189208984375,108.28838348388672,56.67997741699219,127.14110565185547,21.784420013427734
2020-04-02 04:00:00,216.05552673339844,111.93693542480469,58.00008773803711,132.50933837890625,22.552871704101562
2020-04-03 04:00:00,206.2160186767578,112.79443359375,56.64139938354492,130.16073608398438,23.08119010925293
2020-04-06 04:00:00,223.15426635742188,117.49386596679688,58.46330261230469,131.9781036376953,23.71928596496582
2020-04-07 04:00:00,222.8846893310547,115.57711791992188,58.20082092285156,132.22970581054688,23.060609817504883
2020-04-08 04:00:00,240.6676483154297,120.4362564086914,60.648033142089844,136.27455139160156,23.7398624420166
2020-04-09 04:00:00,237.34295654296875,118.7296371459961,61.56673049926758,135.8179168701172,24.281906127929688
2020-04-13 04:00:00,236.7858428955078,117.50228881835938,61.991329193115234,134.5970001220703,24.110376358032227
2020-04-14 04:00:00,243.06690979003906,122.76494598388672,64.34968566894531,140.8319549560547,25.002336502075195
2020-04-15 04:00:00,253.1130828857422,124.13528442382812,64.10680389404297,140.89720153808594,24.67985725402832
2020-04-16 04:00:00,268.1643981933594,125.82505798339844,64.13813781738281,144.2057342529297,24.618101119995117
2020-04-17 04:00:00,261.0924987792969,127.80064392089844,65.38392639160156,146.59156799316406,25.32480812072754
2020-04-20 04:00:00,253.5264129638672,127.50636291503906,65.80701446533203,147.0575714111328,24.755329132080078
2020-04-21 04:00:00,246.38272094726562,125.83342742919922,62.962867736816406,142.28585815429688,24.43971061706543
2020-04-22 04:00:00,248.9256134033203,128.61610412597656,63.83258819580078,146.0510711669922,24.871973037719727
2020-04-23 04:00:00,256.39288330078125,130.73458862304688,64.27916717529297,149.05201721191406,25.17386245727539
2020-04-24 04:00:00,261.7484436035156,130.18817138671875,65.49359893798828,151.8479766845703,25.647287368774414
2020-04-27 04:00:00,264.1656799316406,129.70895385742188,66.35546875,150.31951904296875,26.299100875854492
2020-04-28 04:00:00,259.1155700683594,127.27102661132812,64.84329986572266,146.60093688964844,26.01093101501465
2020-04-29 04:00:00,258.4776306152344,126.30423736572266,65.62680053710938,144.60647583007812,26.1550235748291
2020-04-30 04:00:00,262.808837890625,126.13603973388672,64.40453338623047,144.12181091308594,26.31969451904297
2020-05-01 04:00:00,255.65603637695312,124.66490936279297,64.9059829711914,143.18057250976562,25.825679779052734
2020-05-04 04:00:00,258.3788146972656,124.6480941772461,64.13813781738281,142.8543243408203,25.811954498291016
2020-05-05 04:00:00,263.3210144042969,125.68212890625,66.88827514648438,147.15078735351562,26.422611236572266
2020-05-06 04:00:00,259.48406982421875,124.48833465576172,66.92744445800781,146.02310180664062,26.422611236572266
2020-05-07 04:00:00,256.0964050292969,124.076416015625,65.9872055053711,142.5654296875,25.611839294433594
2020-05-08 04:00:00,257.89349365234375,125.00958251953125,65.78349304199219,143.0686798095703,25.792011260986328
2020-05-11 04:00:00,259.412109375,125.3542709350586,68.87052917480469,147.76588439941406,26.40181541442871
2020-05-12 04:00:00,258.5225524902344,123.6980972290039,70.87632751464844,146.9923858642578,25.889020919799805
2020-05-13 04:00:00,249.8063201904297,123.68968200683594,69.63054656982422,147.18804931640625,25.674205780029297
2020-05-14 04:00:00,261.13739013671875,124.11843872070312,70.46888732910156,148.30235290527344,26.27708625793457
2020-05-15 04:00:00,261.45196533203125,126.47235870361328,71.07219696044922,149.0982666015625,26.166210174560547
2020-05-18 04:00:00,263.6085205078125,126.53962707519531,71.66767883300781,147.90907287597656,26.38102912902832
2020-05-19 04:00:00,259.7355651855469,125.27857208251953,71.45611572265625,146.729248046875,26.11077308654785
2020-05-20 04:00:00,258.78314208984375,124.15206909179688,71.44828796386719,143.38641357421875,26.07613182067871
2020-05-21 04:00:00,257.8127136230469,123.33660888671875,72.8821029663086,142.59048461914062,25.819734573364258
2020-05-22 04:00:00,260.5354309082031,122.21080017089844,72.16127014160156,141.54177856445312,25.98603630065918
2020-05-26 04:00:00,264.9833679199219,122.37158966064453,71.07219696044922,138.54537963867188,25.97911262512207
2020-05-27 04:00:00,272.9627380371094,122.65094757080078,70.50025177001953,136.42919921875,25.92367172241211
2020-05-28 04:00:00,273.14251708984375,124.41171264648438,70.53941345214844,141.06417846679688,26.45725440979004
2020-05-29 04:00:00,273.93328857421875,125.91846466064453,72.60786437988281,143.21786499023438,26.464187622070312
2020-06-01 04:00:00,274.9036865234375,124.59793090820312,71.0643539428711,142.7496795654297,24.572402954101562
2020-06-02 04:00:00,275.2451477050781,125.49522399902344,71.33074951171875,144.0699920654297,25.05746841430664
2020-06-03 04:00:00,274.382568359375,125.83377838134766,71.21322631835938,142.82456970214844,25.05746841430664
2020-06-04 04:00:00,267.849853515625,124.2085189819336,72.89778900146484,141.12042236328125,24.953535079956055
2020-06-05 04:00:00,280.223388671875,124.6910629272461,73.53243255615234,139.71583557128906,24.939672470092773
2020-06-08 04:00:00,278.09375,124.24235534667969,74.11223602294922,139.71583557128906,25.35544776916504
2020-06-09 04:00:00,277.85107421875,123.55671691894531,75.35016632080078,139.64097595214844,25.092121124267578
2020-06-10 04:00:00,274.7419738769531,125.11429595947266,75.92213439941406,141.3919219970703,24.89116096496582
2020-06-11 04:00:00,254.95510864257812,119.24795532226562,72.2866439819336,134.9122772216797,23.075603485107422
2020-06-12 04:00:00,256.2311706542969,120.33150482177734,72.443359375,134.40660095214844,23.387435913085938
2020-06-15 04:00:00,257.24652099609375,119.56965637207031,72.92913055419922,132.5151824951172,23.1171817779541
2020-06-16 04:00:00,263.28509521484375,122.28694152832031,75.26396942138672,153.29319763183594,23.1449031829834
2020-06-17 04:00:00,262.9256896972656,121.9145278930664,75.01325225830078,149.7911834716797,23.25577735900879
2020-06-18 04:00:00,261.9192199707031,121.39813232421875,75.39718627929688,150.8212432861328,23.03403091430664
2020-06-19 04:00:00,262.8306579589844,121.75362396240234,75.77326202392578,149.76307678222656,23.158761978149414
2020-06-22 04:00:00,264.1212158203125,121.38118743896484,76.21202087402344,150.24061584472656,22.94394302368164
2020-06-23 04:00:00,268.57037353515625,120.93254852294922,76.24337768554688,149.20126342773438,22.708335876464844
2020-06-24 04:00:00,260.9715881347656,118.35916900634766,74.54314422607422,147.0382843017578,22.306421279907227
2020-06-25 04:00:00,267.3249816894531,118.23216247558594,75.99263000488281,152.49728393554688,22.39650535583496
2020-06-26 04:00:00,258.8959655761719,116.65763854980469,75.3188247680664,152.4691925048828,22.202472686767578
2020-06-29 04:00:00,261.49505615234375,117.6988525390625,75.56171417236328,152.36619567871094,22.61825180053711
2020-06-30 04:00:00,266.1788330078125,119.0448226928711,76.92501831054688,153.73329162597656,22.659832000732422
2020-07-01 04:00:00,268.6876525878906,118.83317565917969,77.67719268798828,152.90924072265625,23.380510330200195
2020-07-02 04:00:00,269.1658935546875,119.33264923095703,77.47346496582031,153.4430389404297,23.91408348083496
2020-07-06 04:00:00,273.2721252441406,121.03410339355469,77.57533264160156,156.27081298828125,23.91408348083496
2020-07-07 04:00:00,267.7129211425781,120.92405700683594,77.84172821044922,156.13978576660156,23.581466674804688
2020-07-08 04:00:00,269.2561340332031,121.27960205078125,77.78688049316406,158.3683624267578,23.387435913085938
2020-07-09 04:00:00,262.7585144042969,120.61931610107422,76.73698425292969,155.85885620117188,23.186481475830078
2020-07-10 04:00:00,262.8216857910156,120.51774597167969,75.8672866821289,152.9654998779297,23.4428768157959
2020-07-13 04:00:00,270.4744567871094,122.92179870605469,76.67430877685547,151.7669677734375,24.3991641998291
2020-07-14 04:00:00,278.4250793457031,125.21588897705078,78.41114044189453,153.45237731933594,24.41302490234375
2020-07-15 04:00:00,274.4091491699219,125.50370025634766,79.68798065185547,154.92250061035156,24.75257110595703
2020-07-16 04:00:00,277.188720703125,126.34173583984375,79.24385070800781,154.50115966796875,24.66942024230957
2020-07-17 04:00:00,276.6292419433594,126.4263687133789,79.96553039550781,155.4000701904297,25.119844436645508
2020-07-20 04:00:00,273.85858154296875,126.6380386352539,78.9424819946289,156.4113311767578,25.29308319091797
2020-07-21 04:00:00,275.3476867675781,126.75651550292969,77.24530792236328,154.78201293945312,25.424741744995117
2020-07-22 04:00:00,276.7916259765625,126.98509216308594,77.48323059082031,154.35130310058594,26.720577239990234
2020-07-23 04:00:00,273.4164733886719,126.64646911621094,77.74494934082031,151.24256896972656,26.61663246154785
2020-07-24 04:00:00,271.4490966796875,125.38514709472656,77.01533508300781,149.3885040283203,26.096914291381836
2020-07-27 04:00:00,269.4727783203125,124.58944702148438,77.05500030517578,150.28749084472656,26.01376724243164
2020-07-28 04:00:00,270.6730041503906,124.29318237304688,76.69808959960938,152.30064392089844,27.039344787597656
2020-07-29 04:00:00,276.7646179199219,124.04768371582031,76.93600463867188,151.45794677734375,27.20566177368164
2020-07-30 04:00:00,275.4560241699219,124.3016128540039,76.16674041748047,143.26463317871094,27.107696533203125
2020-07-31 04:00:00,273.2449951171875,123.38737487792969,75.27057647705078,140.72711181640625,26.925756454467773
2020-08-03 04:00:00,273.9940185546875,124.73339080810547,76.08743286132812,143.1148681640625,26.83480453491211
2020-08-04 04:00:00,274.7972412109375,124.6233139038086,74.77886199951172,144.9969940185547,26.8627872467041
2020-08-05 04:00:00,281.98980712890625,125.62217712402344,73.95405578613281,144.51942443847656,26.904769897460938
2020-08-06 04:00:00,283.4246826171875,124.90263366699219,73.41476440429688,143.15232849121094,26.77882194519043
2020-08-07 04:00:00,286.10491943359375,125.79150390625,73.69233703613281,143.19911193847656,26.904769897460938
2020-08-10 04:00:00,287.97308349609375,125.3089599609375,73.26406860351562,143.26463317871094,26.8627872467041
2020-08-11 04:00:00,284.769287109375,124.41171264648438,73.49406433105469,141.0454864501953,26.44293975830078
2020-08-12 04:00:00,290.83380126953125,126.68878936767578,75.74639892578125,142.84332275390625,26.82080078125
2020-08-13 04:00:00,290.1569519042969,125.28360748291016,75.08815002441406,141.57305908203125,26.708845138549805
2020-08-14 04:00:00,292.1242980957031,125.48675537109375,75.39744567871094,141.22491455078125,26.63187599182129
2020-08-17 04:00:00,289.24554443359375,126.1216049194336,76.41258239746094,142.5798797607422,26.83480453491211
2020-08-18 04:00:00,285.9063720703125,127.05277252197266,75.85743713378906,144.06654357910156,26.841794967651367
2020-08-19 04:00:00,284.6339416503906,127.30677795410156,76.2143325805664,143.29493713378906,26.77181625366211
2020-08-20 04:00:00,282.7658386230469,128.17864990234375,75.50054168701172,142.40106201171875,27.09369468688965
2020-08-21 04:00:00,283.4969482421875,129.31298828125,75.23091125488281,140.44390869140625,27.205657958984375
2020-08-24 04:00:00,278.7138671875,129.65386962890625,74.95332336425781,140.68858337402344,27.17766571044922
2020-08-25 04:00:00,281.7641906738281,129.5771484375,74.59644317626953,140.839111328125,26.87677764892578
2020-08-26 04:00:00,278.6958923339844,129.7816925048828,74.82645416259766,140.44390869140625,26.624874114990234
2020-08-27 04:00:00,281.2678527832031,130.36109924316406,74.78679656982422,140.17108154296875,26.491926193237305
2020-08-28 04:00:00,283.7044982910156,130.9235382080078,74.68368530273438,138.63729858398438,26.526912689208984
2020-08-31 04:00:00,282.06195068359375,130.7275390625,75.95259857177734,139.6253204345703,26.44293975830078
2020-09-01 04:00:00,282.314697265625,129.1170196533203,73.1530532836914,138.59974670410156,25.80618667602539
2020-09-02 04:00:00,289.0018615722656,131.08543395996094,74.50921630859375,140.7167510986328,26.03009796142578
2020-09-03 04:00:00,285.38299560546875,127.43824005126953,72.85962677001953,140.21807861328125,25.470314025878906
2020-09-04 04:00:00,281.56561279296875,126.6202163696289,72.85962677001953,141.99649047851562,25.442323684692383
2020-09-08 04:00:00,277.27899169921875,125.4868392944336,71.5510482788086,140.49098205566406,25.14143943786621
2020-09-09 04:00:00,281.583740234375,127.56608581542969,72.66929626464844,142.99386596679688,25.316373825073242
2020-09-10 04:00:00,274.8874206542969,125.18861389160156,71.09899139404297,137.58346557617188,24.94551658630371
2020-09-11 04:00:00,273.19293212890625,125.92996215820312,71.13865661621094,139.34304809570312,25.23940086364746
2020-09-14 04:00:00,279.61767578125,126.41569519042969,71.76518249511719,140.19927978515625,25.89714813232422
2020-09-15 04:00:00,278.4034423828125,126.8758773803711,72.09825897216797,141.21551513671875,25.86216163635254
2020-09-16 04:00:00,277.7600402832031,126.45829010009766,71.20209503173828,142.0435028076172,25.73621368408203
2020-09-17 04:00:00,276.3645324707031,125.41014862060547,71.08312225341797,143.46435546875,25.76420021057129
2020-09-18 04:00:00,279.11932373046875,127.12296295166016,71.46379089355469,145.0639190673828,25.631254196166992
2020-09-21 04:00:00,271.1178283691406,123.64622497558594,70.65486145019531,142.25051879882812,25.204416275024414
2020-09-22 04:00:00,266.6502380371094,122.8878173828125,70.2662582397461,141.00851440429688,25.365358352661133
2020-09-23 04:00:00,264.7293395996094,123.08380126953125,69.10836791992188,140.96144104003906,25.190427780151367
2020-09-24 04:00:00,265.200439453125,123.2798080444336,68.13290405273438,140.02049255371094,25.022485733032227
2020-09-25 04:00:00,274.1172790527344,124.1234130859375,68.38667297363281,141.38482666015625,25.22540855407715
2020-09-28 04:00:00,274.77880859375,125.3590316772461,69.21939849853516,139.35247802734375,25.463319778442383
2020-09-29 04:00:00,275.6123962402344,125.31642150878906,68.91010284423828,137.62109375,25.30937385559082
2020-09-30 04:00:00,282.517333984375,126.8673324584961,69.46527099609375,139.2771453857422,25.680233001708984
2020-10-01 04:00:00,283.6954345703125,125.53799438476562,69.10836791992188,135.76747131347656,25.449323654174805
2020-10-02 04:00:00,282.70770263671875,124.6176528930664,68.29945373535156,136.6331329345703,25.456323623657227
2020-10-05 04:00:00,288.2987976074219,126.31343841552734,69.73489379882812,137.96926879882812,25.715225219726562
2020-10-06 04:00:00,284.94598388671875,124.63472747802734,68.11702728271484,135.61695861816406,25.30937385559082
2020-10-07 04:00:00,292.84783935546875,126.01516723632812,69.05287170410156,140.16165161132812,25.519290924072266
2020-10-08 04:00:00,292.1591491699219,126.8758773803711,69.2669906616211,144.43348693847656,25.813182830810547
2020-10-09 04:00:00,297.07965087890625,128.64830017089844,69.552490234375,147.6138458251953,25.74321174621582
2020-10-12 04:00:00,299.0098571777344,129.38970947265625,70.04421997070312,145.3650360107422,25.76420021057129
2020-10-13 04:00:00,300.3237609863281,126.42418670654297,69.65560150146484,141.21551513671875,25.820180892944336
2020-10-14 04:00:00,291.6517333984375,126.2026596069336,69.18937683105469,139.69119262695312,25.792192459106445
2020-10-15 04:00:00,294.1164245605469,125.42720794677734,68.51411437988281,138.11038208007812,25.57527732849121
2020-10-16 04:00:00,298.9462585449219,126.2026596069336,69.35012817382812,137.48939514160156,26.554901123046875
2020-10-19 04:00:00,293.7993469238281,122.9815444946289,67.77455139160156,134.36549377441406,26.4499454498291
2020-10-20 04:00:00,293.0653076171875,123.17749786376953,67.72631072998047,135.10887145996094,26.23302459716797
2020-10-21 04:00:00,292.5035095214844,122.64922332763672,66.63304901123047,132.9635009765625,25.946130752563477
2020-10-22 04:00:00,295.16766357421875,123.62918090820312,67.77455139160156,133.28341674804688,26.191038131713867
2020-10-23 04:00:00,299.58062744140625,123.76554870605469,67.79866027832031,133.97032165527344,26.715837478637695
2020-10-26 04:00:00,292.7481384277344,122.68328094482422,67.46102142333984,133.3304901123047,26.533910751342773
2020-10-27 04:00:00,290.4374084472656,121.98453521728516,66.48834228515625,124.10929870605469,26.191038131713867
2020-10-28 04:00:00,279.1012268066406,117.90276336669922,64.70375061035156,123.55416870117188,24.80556869506836
2020-10-29 04:00:00,275.18646240234375,116.90574645996094,64.84842681884766,124.72093200683594,24.68661117553711
2020-10-30 04:00:00,276.5094909667969,116.83757019042969,68.40959930419922,122.75436401367188,24.82656478881836
2020-11-02 05:00:00,282.81646728515625,118.18396759033203,70.94180297851562,123.8552474975586,25.35135269165039
2020-11-03 05:00:00,291.19854736328125,118.02206420898438,70.70869445800781,123.24362182617188,25.323368072509766
2020-11-04 05:00:00,321.2925720214844,118.78898620605469,75.96600341796875,139.81349182128906,26.121061325073242
2020-11-05 05:00:00,321.14764404296875,119.09577178955078,75.31485748291016,136.92483520507812,25.72518539428711
2020-11-06 05:00:00,314.8586730957031,121.21762084960938,74.63961791992188,134.30905151367188,25.732254028320312
2020-11-09 05:00:00,317.1604309082031,124.48130798339844,76.46440887451172,133.9232177734375,27.7116641998291
2020-11-10 05:00:00,320.504150390625,126.3560562133789,79.47894287109375,137.90341186523438,27.34405517578125
2020-11-11 05:00:00,318.700927734375,125.94699096679688,78.900146484375,136.20970153808594,27.216806411743164
2020-11-12 05:00:00,321.1566467285156,126.37306213378906,78.45800018310547,133.38189697265625,26.545225143432617
2020-11-13 05:00:00,322.2984313964844,127.7365493774414,79.61559295654297,134.65866088867188,27.30164337158203
2020-11-16 05:00:00,323.3405456542969,128.54608154296875,79.06895446777344,132.9657440185547,26.38969612121582
2020-11-17 05:00:00,319.0633544921875,127.267822265625,79.75225067138672,133.5426788330078,26.853557586669922
2020-11-18 05:00:00,312.1855163574219,125.58057403564453,79.35834503173828,132.5684814453125,27.062192916870117
2020-11-19 05:00:00,305.380126953125,125.38459777832031,80.12202453613281,135.63279724121094,26.96531867980957
2020-11-20 05:00:00,303.29595947265625,124.71994018554688,81.06256866455078,137.60000610351562,27.34532928466797
2020-11-23 05:00:00,303.62213134765625,123.45001220703125,82.13975524902344,135.6044464111328,27.21120834350586
2020-11-24 05:00:00,304.48309326171875,123.45001220703125,83.57064056396484,137.04200744628906,27.270816802978516
2020-11-25 05:00:00,301.9276428222656,123.28694152832031,83.76356506347656,136.9001007080078,27.21865463256836
2020-11-27 05:00:00,306.23193359375,123.5615234375,84.31824493408203,139.44427490234375,27.740234375
2020-11-30 05:00:00,304.7820739746094,124.14502716064453,84.06905364990234,137.75132751464844,28.54494285583496
2020-12-01 05:00:00,309.177001953125,126.52188873291016,83.63496398925781,137.6662139892578,29.364566802978516
2020-12-02 05:00:00,314.9493408203125,127.11389923095703,84.39862823486328,137.2878875732422,30.400253295898438
2020-12-03 05:00:00,315.9642639160156,127.85187530517578,84.19766235351562,136.29486083984375,29.87122344970703
2020-12-04 05:00:00,318.20147705078125,128.9416046142578,86.23951721191406,140.39947509765625,30.057512283325195
2020-12-07 05:00:00,316.35528564453125,127.82612609863281,85.0819320678711,139.4253692626953,30.73555564880371
2020-12-08 05:00:00,316.35528564453125,130.03993225097656,86.569091796875,141.20338439941406,31.711641311645508
2020-12-09 05:00:00,313.2178039550781,131.3699951171875,87.35688781738281,149.43157958984375,31.182613372802734
2020-12-10 05:00:00,308.8887634277344,130.6405792236328,86.40831756591797,152.26889038085938,31.093204498291016
2020-12-11 05:00:00,306.5425109863281,131.24124145507812,85.48385620117188,151.3609161376953,30.638689041137695
2020-12-14 05:00:00,305.6877136230469,127.91194152832031,83.76356506347656,149.34646606445312,29.215543746948242
2020-12-15 05:00:00,308.9070739746094,129.19900512695312,82.65422821044922,158.35020446777344,28.842992782592773
2020-12-16 05:00:00,308.60693359375,128.4267578125,84.11727142333984,162.71963500976562,28.194746017456055
2020-12-17 05:00:00,310.72589111328125,131.81613159179688,84.31824493408203,163.26820373535156,28.336318969726562
2020-12-18 05:00:00,307.73388671875,132.57981872558594,83.96453857421875,162.10487365722656,28.07553482055664
2020-12-21 05:00:00,305.64215087890625,131.30128479003906,83.36965942382812,159.62693786621094,27.85200309753418
2020-12-22 05:00:00,304.6690673828125,131.04388427734375,82.63814544677734,157.67872619628906,27.37513542175293
2020-12-23 05:00:00,307.01544189453125,130.37457275390625,83.02401733398438,156.50596618652344,27.896703720092773
2020-12-24 05:00:00,309.9255676269531,130.82936096191406,83.00792694091797,157.62197875976562,27.770036697387695
2020-12-28 05:00:00,314.61834716796875,131.44717407226562,83.16065216064453,157.47061157226562,27.434743881225586
2020-12-29 05:00:00,315.8915710449219,132.26229858398438,84.16551208496094,157.5462646484375,27.606115341186523
2020-12-30 05:00:00,313.7452392578125,133.9012451171875,84.62372589111328,157.9529571533203,27.37513542175293
2020-12-31 05:00:00,318.91986083984375,135.04246520996094,86.13500213623047,159.68370056152344,27.427295684814453
2021-01-04 05:00:00,317.84674072265625,134.28732299804688,84.73624420166016,156.52487182617188,27.427295684814453
2021-01-05 05:00:00,313.5723571777344,135.86622619628906,85.61248779296875,157.3003692626953,27.71042823791504
2021-01-06 05:00:00,326.7319641113281,137.14474487304688,84.8729248046875,155.40884399414062,27.471996307373047
2021-01-07 05:00:00,331.9702453613281,137.60804748535156,85.78129577636719,156.83692932128906,27.613567352294922
2021-01-08 05:00:00,330.478759765625,137.32492065429688,86.23147583007812,157.385498046875,27.665721893310547
2021-01-11 05:00:00,328.077880859375,136.74996948242188,87.63822174072266,175.85638427734375,28.14259147644043
2021-01-12 05:00:00,325.0039978027344,135.6859893798828,88.24918365478516,169.1035919189453,27.702980041503906
2021-01-13 05:00:00,322.8849792480469,135.4800262451172,90.3955307006836,175.4402313232422,27.46454429626465
2021-01-14 05:00:00,318.7835388183594,137.84835815429688,90.78588104248047,176.5657501220703,27.382585525512695
2021-01-15 05:00:00,319.4837951660156,137.54800415039062,89.88314819335938,180.42449951171875,27.34532928466797
2021-01-19 05:00:00,320.293212890625,139.67601013183594,91.23319244384766,187.71629333496094,27.36768341064453
2021-01-20 05:00:00,319.0654296875,139.3328094482422,91.5910415649414,190.34556579589844,27.196304321289062
2021-01-21 05:00:00,322.8486633300781,138.77505493164062,90.48500061035156,191.37646484375,27.181406021118164
2021-01-22 05:00:00,316.0733642578125,140.33676147460938,90.1596908569336,194.96092224121094,27.233564376831055
2021-01-25 05:00:00,316.30975341796875,142.42184448242188,89.86688232421875,200.83413696289062,27.777488708496094
2021-01-26 05:00:00,312.03546142578125,146.28317260742188,88.48434448242188,201.1841278076172,27.799837112426758
2021-01-27 05:00:00,302.83203125,144.0521697998047,83.59654998779297,196.3133544921875,27.002580642700195
2021-01-28 05:00:00,307.5247497558594,145.1504669189453,84.75138854980469,198.72508239746094,27.010114669799805
2021-01-29 05:00:00,303.36865234375,139.97634887695312,83.34443664550781,196.69171142578125,27.040239334106445
2021-02-01 05:00:00,303.7505187988281,139.61595153808594,83.19802856445312,192.12364196777344,26.964920043945312
2021-02-02 05:00:00,308.0430603027344,138.36317443847656,84.14956665039062,186.84622192382812,26.35481834411621
2021-02-03 05:00:00,307.28826904296875,137.71963500976562,86.97977447509766,186.27874755859375,26.241836547851562
2021-02-04 05:00:00,299.4944763183594,138.99813842773438,88.2647476196289,190.6860809326172,26.279499053955078
2021-02-05 05:00:00,295.1200866699219,141.1090087890625,88.4273910522461,190.82794189453125,26.302093505859375
2021-02-08 05:00:00,294.9654235839844,141.5122528076172,86.89030456542969,194.61102294921875,26.22677230834961
2021-02-09 05:00:00,299.77630615234375,142.670654296875,85.71920013427734,190.77113342285156,26.339757919311523
2021-02-10 05:00:00,303.2049865722656,143.13401794433594,84.62128448486328,193.3058319091797,26.166522979736328
2021-02-11 05:00:00,302.90478515625,142.49049377441406,84.3772964477539,192.39410400390625,25.933021545410156
2021-02-12 05:00:00,298.5122985839844,142.9366912841797,84.93843841552734,196.86727905273438,26.151456832885742
2021-02-16 05:00:00,295.2200927734375,141.64100646972656,84.7432632446289,195.41421508789062,26.128860473632812
2021-02-17 05:00:00,297.2572021484375,142.14723205566406,86.44300842285156,196.0790252685547,26.279499053955078
2021-02-18 05:00:00,298.6668395996094,142.2158966064453,86.25595092773438,191.00750732421875,26.03094482421875
2021-02-19 05:00:00,295.18365478515625,139.84764099121094,85.40201568603516,190.8175506591797,25.940549850463867
2021-02-22 05:00:00,297.966552734375,139.76129150390625,87.0692367553711,190.58961486816406,25.804977416992188
2021-02-23 05:00:00,299.66717529296875,138.52659606933594,86.4267349243164,192.29916381835938,25.54135513305664
2021-02-24 05:00:00,302.1227111816406,140.3829345703125,88.39486694335938,194.236572265625,25.42084312438965
2021-02-25 05:00:00,299.085205078125,140.52975463867188,87.28882598876953,193.57176208496094,25.47356414794922
2021-02-26 05:00:00,302.1318664550781,136.81703186035156,87.62224578857422,194.5879669189453,25.225000381469727
2021-03-01 05:00:00,304.3417663574219,137.55960083007812,88.16715240478516,196.08853149414062,25.375646591186523
2021-03-02 05:00:00,304.3326721191406,137.30056762695312,87.71171569824219,193.87571716308594,25.240068435668945
2021-03-03 05:00:00,302.7229919433594,134.88294982910156,86.78458404541016,191.84326171875,25.90289306640625
2021-03-04 05:00:00,303.5777587890625,132.1632537841797,85.92252349853516,190.45668029785156,25.75978660583496
2021-03-05 05:00:00,315.6641845703125,134.7793731689453,86.77644348144531,196.51589965820312,25.90289306640625
2021-03-08 05:00:00,318.4561462402344,135.90182495117188,86.29661560058594,196.62037658691406,25.87276268005371
2021-03-09 05:00:00,320.10223388671875,136.16082763671875,86.84964752197266,195.74659729003906,25.948091506958008
2021-03-10 05:00:00,317.9377136230469,137.41278076171875,87.83370208740234,195.11981201171875,26.30962562561035
2021-03-11 05:00:00,321.1208190917969,137.4041748046875,87.72798156738281,194.89186096191406,26.143922805786133
2021-03-12 05:00:00,324.9265441894531,137.8013458251953,88.01264190673828,197.6175537109375,26.317155838012695
2021-03-15 04:00:00,322.97344970703125,138.5093536376953,89.67170715332031,179.6488800048828,26.671167373657227
2021-03-16 04:00:00,323.6305847167969,139.32957458496094,90.14342498779297,181.30142211914062,26.987520217895508
2021-03-17 04:00:00,321.4219970703125,138.81155395507812,85.42643737792969,177.341064453125,26.95738410949707
2021-03-18 04:00:00,330.42987060546875,138.552490234375,84.39356231689453,174.68185424804688,26.942325592041016
2021-03-19 04:00:00,333.6516418457031,138.18124389648438,84.1089096069336,175.02371215820312,26.761552810668945
2021-03-22 04:00:00,334.8197937011719,138.5784149169922,86.1258316040039,176.49581909179688,27.11556625366211
2021-03-23 04:00:00,336.3165283203125,138.44891357421875,85.26376342773438,174.4443817138672,26.633508682250977
2021-03-24 04:00:00,338.23321533203125,139.79586791992188,83.81613159179688,171.1109161376953,26.82181167602539
2021-03-25 04:00:00,338.68035888671875,139.84762573242188,84.48300170898438,173.8840789794922,26.867000579833984
2021-03-26 04:00:00,343.59967041015625,142.4033203125,86.19090270996094,175.99241638183594,27.303865432739258
2021-03-29 04:00:00,345.95428466796875,143.36172485351562,86.80085754394531,176.9706573486328,27.58255386352539
2021-03-30 04:00:00,340.93463134765625,142.47242736816406,86.84964752197266,176.17288208007812,27.198410034179688
2021-03-31 04:00:00,339.57489013671875,141.90255737304688,88.01264190673828,177.42657470703125,27.28880500793457
2021-04-01 04:00:00,335.0115051269531,140.59014892578125,88.25660705566406,175.92599487304688,27.341524124145508
2021-04-05 04:00:00,337.8498229980469,141.10821533203125,86.32101440429688,175.59359741210938,27.326459884643555
2021-04-06 04:00:00,332.54730224609375,141.0736846923828,85.70294189453125,173.6086883544922,27.153221130371094
2021-04-07 04:00:00,333.7064208984375,141.26364135742188,85.56466674804688,173.1527862548828,27.047773361206055
2021-04-08 04:00:00,333.02191162109375,140.71104431152344,86.28849792480469,173.42822265625,27.085433959960938
2021-04-09 04:00:00,343.4353332519531,139.22596740722656,87.45960235595703,175.21371459960938,27.567487716674805
2021-04-12 04:00:00,343.4170837402344,139.5626983642578,88.03703308105469,172.67791748046875,27.84618377685547
2021-04-13 04:00:00,341.7926025390625,137.69772338867188,88.01264190673828,173.35223388671875,27.989288330078125
2021-04-14 04:00:00,342.8239440917969,138.07765197753906,87.17298889160156,173.79859924316406,27.996814727783203
2021-04-15 04:00:00,355.9480895996094,138.48341369628906,87.98792266845703,176.57177734375,28.320701599121094
2021-04-16 04:00:00,356.8606872558594,140.0807647705078,88.82756042480469,179.73439025878906,29.051315307617188
2021-04-19 04:00:00,355.7928771972656,140.46929931640625,89.40377807617188,180.1047821044922,29.322460174560547
2021-04-20 04:00:00,361.8985595703125,143.7416534423828,89.74949645996094,181.02597045898438,29.39779281616211
2021-04-21 04:00:00,363.9794921875,143.83660888671875,91.20649719238281,181.3488311767578,29.774396896362305
2021-04-22 04:00:00,361.9076843261719,142.61917114257812,90.5891342163086,177.6449737548828,29.104040145874023
2021-04-23 04:00:00,365.3484191894531,142.9127655029297,91.6839370727539,179.23095703125,29.11910629272461
2021-04-26 04:00:00,361.2870178222656,141.70399475097656,91.69216918945312,177.80641174316406,29.13416290283203
2021-04-27 04:00:00,360.0458679199219,140.8923797607422,91.73332977294922,173.04830932617188,28.960927963256836
2021-04-28 04:00:00,360.1280212402344,139.8562774658203,92.13667297363281,171.4718017578125,29.232084274291992
2021-04-29 04:00:00,366.480224609375,141.77305603027344,91.28060150146484,173.03880310058594,29.07390785217285
2021-04-30 04:00:00,363.9702453613281,140.5038604736328,91.78271484375,173.58018493652344,29.111572265625
2021-05-03 04:00:00,370.4502258300781,142.64511108398438,94.4003677368164,176.57177734375,30.00035858154297
2021-05-04 04:00:00,375.41510009765625,144.85546875,93.7583236694336,178.73715209960938,30.090740203857422
2021-05-05 04:00:00,376.4737854003906,144.25111389160156,95.30586242675781,183.11534118652344,30.105810165405273
2021-05-06 04:00:00,378.72808837890625,144.82958984375,95.55280303955078,184.14105224609375,29.809162139892578
2021-05-07 04:00:00,381.17401123046875,145.48574829101562,95.28116607666016,185.59413146972656,30.105810165405273
2021-05-10 04:00:00,384.13104248046875,147.0139923095703,95.66804504394531,184.96731567382812,30.318782806396484
2021-05-11 04:00:00,375.7436218261719,145.81385803222656,94.57323455810547,184.95779418945312,29.93086051940918
2021-05-12 04:00:00,369.9665832519531,145.22669982910156,94.630859375,183.48573303222656,30.189477920532227
2021-05-13 04:00:00,372.8779602050781,146.74630737304688,95.98085021972656,185.95639038085938,30.501338958740234
2021-05-14 04:00:00,374.00958251953125,146.9708251953125,95.8409194946289,187.16786193847656,30.440479278564453
2021-05-17 04:00:00,372.9418029785156,147.11758422851562,96.21956634521484,186.51918029785156,30.50893783569336
2021-05-18 04:00:00,374.5389709472656,147.16941833496094,96.48298645019531,185.66064453125,30.463306427001953
2021-05-19 04:00:00,373.73577880859375,146.84994506835938,95.36347198486328,187.45404052734375,30.29596519470215
2021-05-20 04:00:00,372.9509582519531,147.70472717285156,96.40066528320312,190.33486938476562,30.51654815673828
2021-05-21 04:00:00,375.6798400878906,147.6097869873047,95.58574676513672,190.66873168945312,30.38724136352539
2021-05-24 04:00:00,375.0591735839844,148.1744842529297,95.41287231445312,191.75621032714844,30.280752182006836
2021-05-25 04:00:00,376.9757995605469,147.76611328125,94.30159759521484,190.0391387939453,29.915651321411133
2021-05-26 04:00:00,377.121826171875,146.8886260986328,94.41685485839844,191.7275848388672,29.60378646850586
2021-05-27 04:00:00,376.65631103515625,146.66273498535156,92.45770263671875,190.02008056640625,29.39841651916504
2021-05-28 04:00:00,375.9444580078125,147.04501342773438,93.18209075927734,190.53515625,29.459274291992188
2021-06-01 04:00:00,371.1985778808594,143.81307983398438,92.36715698242188,189.2760009765625,29.28432846069336
2021-06-02 04:00:00,370.40460205078125,144.39517211914062,91.70039367675781,189.95333862304688,29.504905700683594
2021-06-03 04:00:00,372.3303527832031,144.25616455078125,92.36715698242188,193.35879516601562,29.641826629638672
2021-06-04 04:00:00,370.21295166015625,144.19534301757812,92.49064636230469,192.7101287841797,29.77873420715332
2021-06-07 04:00:00,365.2936706542969,143.21360778808594,93.02569580078125,212.26539611816406,29.65703773498535
2021-06-08 04:00:00,366.6535339355469,141.95384216308594,92.47416687011719,210.52926635742188,29.550548553466797
2021-06-09 04:00:00,366.0694885253906,143.865234375,93.84062957763672,215.5850067138672,30.280752182006836
2021-06-10 04:00:00,366.4254150390625,145.15972900390625,95.68449401855469,222.77752685546875,30.942514419555664
2021-06-11 04:00:00,363.1397705078125,143.31787109375,95.009521484375,213.76300048828125,30.539365768432617
2021-06-14 04:00:00,364.298828125,143.67405700683594,94.99305725097656,215.68038940429688,30.143835067749023
2021-06-15 04:00:00,365.3210144042969,142.9095458984375,95.34700012207031,213.2193145751953,30.1134090423584
2021-06-16 04:00:00,362.5556640625,142.85736083984375,95.10005187988281,210.5864715576172,29.892831802368164
2021-06-17 04:00:00,362.64697265625,143.5437469482422,94.58147430419922,211.9696807861328,30.029743194580078
2021-06-18 04:00:00,356.66546630859375,140.7288360595703,93.11622619628906,208.4783172607422,29.520126342773438
2021-06-21 04:00:00,364.6347351074219,142.34481811523438,94.4415283203125,212.4084930419922,29.98410415649414
2021-06-22 04:00:00,365.2026672363281,142.15365600585938,94.41685485839844,211.23513793945312,30.128623962402344
2021-06-23 04:00:00,362.33544921875,141.29354858398438,93.84062957763672,207.0951385498047,29.702669143676758
2021-06-24 04:00:00,365.3674621582031,141.9364471435547,94.44978332519531,222.23382568359375,29.809162139892578
2021-06-25 04:00:00,370.93682861328125,142.66627502441406,93.00100708007812,219.61056518554688,29.649429321289062
2021-06-28 04:00:00,367.73992919921875,142.50115966796875,93.0174789428711,217.70266723632812,29.755916595458984
2021-06-29 04:00:00,364.6620788574219,142.5098876953125,92.4412612915039,218.79969787597656,29.740705490112305
2021-06-30 04:00:00,366.80560302734375,143.12673950195312,92.72110748291016,218.94281005859375,29.786346435546875
2021-07-01 04:00:00,370.8818359375,144.18667602539062,94.05464172363281,220.47862243652344,30.09059715270996
2021-07-02 04:00:00,374.9764404296875,146.81044006347656,94.80371856689453,223.17819213867188,30.21990203857422
2021-07-06 04:00:00,375.8008117675781,145.9329376220703,95.26468658447266,224.57090759277344,29.885225296020508
2021-07-07 04:00:00,377.0832214355469,147.18402099609375,96.10431671142578,224.95249938964844,29.93086051940918
2021-07-08 04:00:00,375.516845703125,146.8973388671875,95.77506256103516,226.1925506591797,29.854799270629883
2021-07-09 04:00:00,377.4954833984375,147.47943115234375,95.96438598632812,224.16070556640625,30.128623962402344
2021-07-12 04:00:00,381.0953369140625,147.24484252929688,96.82870483398438,225.13372802734375,30.242725372314453
2021-07-13 04:00:00,383.3853759765625,147.06240844726562,97.0592041015625,224.45643615722656,30.159053802490234
2021-07-14 04:00:00,379.904541015625,148.06155395507812,97.68344116210938,225.4580841064453,30.38724136352539
2021-07-15 04:00:00,384.76849365234375,146.2804718017578,97.53361511230469,220.80288696289062,30.493730545043945
2021-07-16 04:00:00,384.4478759765625,146.04591369628906,97.79998016357422,221.747314453125,30.69148826599121
2021-07-19 04:00:00,374.7016296386719,144.98593139648438,96.0687026977539,223.34988403320312,30.539365768432617
2021-07-20 04:00:00,378.28314208984375,146.34996032714844,96.59307861328125,224.18934631347656,31.223934173583984
2021-07-21 04:00:00,379.8129577636719,147.25350952148438,97.37549591064453,226.35470581054688,31.201120376586914
2021-07-22 04:00:00,380.84796142578125,147.67921447753906,97.8332748413086,227.4994354248047,31.543397903442383
2021-07-23 04:00:00,382.6158752441406,149.25177001953125,98.37430572509766,232.8986053466797,31.703140258789062
2021-07-26 04:00:00,378.8052673339844,149.32127380371094,98.0413589477539,232.0019073486328,31.80201530456543
2021-07-27 04:00:00,380.2342834472656,150.00767517089844,98.182861328125,232.35487365722656,32.02259826660156
2021-07-28 04:00:00,374.8023681640625,149.5906524658203,98.6739273071289,235.14979553222656,33.04945373535156
2021-07-29 04:00:00,377.4678955078125,149.5906524658203,98.94029235839844,234.02420043945312,32.842220306396484
2021-07-30 04:00:00,377.5962219238281,149.6079864501953,96.8011703491211,232.27853393554688,32.85757064819336
2021-08-02 04:00:00,380.6647644042969,149.66883850097656,96.09367370605469,235.23570251464844,33.74021530151367
2021-08-03 04:00:00,386.46307373046875,151.5106658935547,96.75955963134766,244.19297790527344,35.060359954833984
2021-08-04 04:00:00,386.1333923339844,150.61581420898438,95.78572845458984,250.37432861328125,34.68427276611328
2021-08-05 04:00:00,376.6527099609375,150.90249633789062,95.81901550292969,252.0150909423828,34.58450698852539
2021-08-06 04:00:00,380.2525939941406,150.3986053466797,95.2613525390625,251.2996368408203,34.59217834472656
2021-08-09 04:00:00,376.359619140625,150.91990661621094,94.93673706054688,254.84820556640625,35.29060745239258
2021-08-10 04:00:00,377.19317626953125,150.97203063964844,95.56929016113281,257.03265380859375,36.986839294433594
2021-08-11 04:00:00,373.49249267578125,150.9980926513672,94.65372467041016,251.9292755126953,35.54389572143555
2021-08-12 04:00:00,371.8619689941406,152.21441650390625,96.2518310546875,252.1397247314453,36.25769805908203
2021-08-13 04:00:00,375.2603454589844,153.12669372558594,96.95100402832031,252.84793090820312,37.209415435791016
2021-08-16 04:00:00,382.16705322265625,154.50808715820312,98.5573959350586,258.33148193359375,37.53945541381836
2021-08-17 04:00:00,386.3532409667969,155.92420959472656,99.59783172607422,260.9824523925781,38.698402404785156
2021-08-18 04:00:00,382.267822265625,153.94334411621094,97.62517547607422,256.97259521484375,37.84646224975586
2021-08-19 04:00:00,391.9500427246094,155.1422882080078,98.15788269042969,258.7716979980469,37.45502471923828
2021-08-20 04:00:00,393.6171569824219,155.89816284179688,98.898681640625,259.259765625,37.39362335205078
2021-08-23 04:00:00,389.63250732421875,155.2251739501953,99.34815216064453,256.3027038574219,38.322322845458984
2021-08-24 04:00:00,387.8462829589844,153.2849578857422,99.61448669433594,251.4698944091797,37.13267135620117
2021-08-25 04:00:00,384.4845275878906,152.2711639404297,100.21379089355469,252.52255249023438,36.46492385864258
2021-08-26 04:00:00,381.8373107910156,151.45838928222656,100.21379089355469,250.08221435546875,36.365150451660156
2021-08-27 04:00:00,383.58685302734375,151.13502502441406,99.53123474121094,248.5797576904297,35.766475677490234
2021-08-30 04:00:00,383.16546630859375,151.77301025390625,100.35526275634766,251.02967834472656,35.8892822265625
2021-08-31 04:00:00,381.30596923828125,151.3097686767578,100.5300521850586,247.1824951171875,35.35969161987305
2021-09-01 04:00:00,382.2952880859375,151.8429412841797,93.44682312011719,246.33078002929688,35.336666107177734
2021-09-02 04:00:00,388.12103271484375,152.88294982910156,93.2387466430664,248.40748596191406,35.950687408447266
2021-09-03 04:00:00,387.3424072265625,152.9790802001953,92.90582275390625,248.36915588378906,35.950687408447266
2021-09-07 04:00:00,385.8585510253906,150.6019287109375,90.75005340576172,243.84263610839844,35.88161087036133
2021-09-08 04:00:00,380.4998779296875,150.2348175048828,91.85706329345703,243.880859375,35.697391510009766
2021-09-09 04:00:00,379.73046875,146.88755798339844,89.28511810302734,229.6790771484375,35.32898712158203
2021-09-10 04:00:00,371.2828369140625,145.92613220214844,88.79405975341797,229.2005615234375,34.99128341674805
2021-09-13 04:00:00,381.03570556640625,144.90367126464844,89.45995330810547,227.726806640625,34.21609115600586
2021-09-14 04:00:00,379.2157287597656,144.02969360351562,88.62759399414062,223.06617736816406,34.31585693359375
2021-09-15 04:00:00,383.7934265136719,144.5714874267578,89.70130920410156,223.67864990234375,34.36192321777344
2021-09-16 04:00:00,383.16839599609375,144.39674377441406,89.95934295654297,221.10435485839844,34.13166046142578
2021-09-17 04:00:00,386.22021484375,143.9859619140625,89.66801452636719,220.20481872558594,33.686500549316406
2021-09-20 04:00:00,379.3627624511719,143.16444396972656,88.5610122680664,221.67855834960938,33.92442321777344
2021-09-21 04:00:00,379.03192138671875,143.793701171875,89.18525695800781,220.2717742919922,33.70951461791992
2021-09-22 04:00:00,375.6859130859375,143.26927185058594,88.56932067871094,218.48219299316406,33.732547760009766
2021-09-23 04:00:00,375.070068359375,144.08209228515625,89.36004638671875,222.1953582763672,33.916751861572266
2021-09-24 04:00:00,374.19677734375,143.64511108398438,89.11868286132812,221.71688842773438,33.72486877441406
2021-09-27 04:00:00,372.532958984375,142.60507202148438,89.65968322753906,216.6638946533203,33.440887451171875
2021-09-28 04:00:00,366.42010498046875,142.29043579101562,89.34339904785156,212.0703125,33.03409957885742
2021-09-29 04:00:00,368.0655517578125,143.34796142578125,90.5919189453125,220.45361328125,33.41019821166992
2021-09-30 04:00:00,359.1766357421875,141.14559936523438,89.7845458984375,221.11392211914062,33.01108169555664
2021-10-01 04:00:00,360.73016357421875,140.24537658691406,90.79999542236328,219.7167205810547,32.949676513671875
2021-10-04 04:00:00,355.74798583984375,139.15293884277344,90.50037384033203,215.1805877685547,32.5582275390625
2021-10-05 04:00:00,361.64947509765625,139.4675750732422,91.14957427978516,220.9990997314453,32.48148727416992
2021-10-06 04:00:00,362.4031677246094,139.75595092773438,90.99143981933594,218.05157470703125,32.25123977661133
2021-10-07 04:00:00,372.009033203125,141.00575256347656,92.28157043457031,223.15231323242188,32.80384826660156
2021-10-08 04:00:00,375.4653625488281,140.64743041992188,92.53960418701172,223.87965393066406,32.58126449584961
2021-10-11 04:00:00,372.27557373046875,140.0531463623047,91.84042358398438,223.6212921142578,32.28193664550781
2021-10-12 04:00:00,370.6670227050781,137.81573486328125,90.36717987060547,222.76956176757812,32.12074661254883
2021-10-13 04:00:00,370.95184326171875,139.1354522705078,90.3338851928711,226.2721710205078,31.790719985961914
2021-10-14 04:00:00,386.404052734375,139.93077087402344,91.7491683959961,226.5113983154297,31.98259735107422
2021-10-15 04:00:00,393.4911804199219,140.9707794189453,92.10298156738281,227.65017700195312,31.84444236755371
2021-10-18 04:00:00,390.3199157714844,139.9394989013672,90.50238037109375,228.70291137695312,31.713973999023438
2021-10-19 04:00:00,390.0992736816406,143.21685791015625,90.51922607421875,231.88967895507812,32.30494689941406
2021-10-20 04:00:00,399.9441833496094,143.13819885253906,91.32797241210938,233.23907470703125,32.84990310668945
2021-10-21 04:00:00,406.5533752441406,142.80613708496094,91.62279510498047,230.79876708984375,32.89594650268555
2021-10-22 04:00:00,412.877685546875,143.08580017089844,91.94293975830078,233.2677764892578,33.126197814941406
2021-10-25 04:00:00,413.1809387207031,143.4004669189453,91.40377807617188,234.5118865966797,33.118534088134766
2021-10-26 04:00:00,417.9150085449219,144.8599090576172,92.23776245117188,237.756103515625,33.4332160949707
2021-10-27 04:00:00,416.8486633300781,143.10330200195312,91.31954193115234,239.4116973876953,32.980384826660156
2021-10-28 04:00:00,418.650390625,142.32545471191406,92.3894271850586,242.45497131347656,33.14155197143555
2021-10-29 04:00:00,423.2740783691406,142.35166931152344,96.60157012939453,243.8043212890625,33.57137680053711
2021-11-01 04:00:00,417.4277648925781,142.47398376464844,96.71949768066406,238.58871459960938,33.49461364746094
2021-11-02 04:00:00,415.52496337890625,144.7200927734375,98.16850280761719,245.80442810058594,34.883827209472656
2021-11-03 04:00:00,420.3876953125,144.2568817138672,99.04463195800781,254.80975341796875,34.40029525756836
2021-11-04 04:00:00,419.86370849609375,143.85488891601562,98.614990234375,259.34588623046875,33.95121765136719
2021-11-05 04:00:00,418.99041748046875,142.83230590820312,98.71605682373047,253.60397338867188,37.63669967651367
2021-11-08 05:00:00,425.25030517578125,142.34292602539062,97.77257537841797,249.3261260986328,37.419898986816406
2021-11-09 05:00:00,426.8406066894531,142.0282745361328,97.39344787597656,250.75209045410156,36.62241744995117
2021-11-10 05:00:00,422.7500305175781,143.56646728515625,98.35382080078125,253.2689971923828,37.95412826538086
2021-11-11 05:00:00,420.4427490234375,142.5089874267578,98.25275421142578,251.33590698242188,38.85226821899414
2021-11-12 05:00:00,421.91351318359375,144.21322631835938,98.5391616821289,249.29087829589844,38.50386428833008
2021-11-15 05:00:00,414.3851318359375,142.9110107421875,98.42965698242188,248.11952209472656,38.441917419433594
2021-11-16 05:00:00,413.3004150390625,142.16807556152344,98.0758285522461,247.4378662109375,38.4031982421875
2021-11-17 05:00:00,412.68463134765625,142.70123291015625,98.85928344726562,250.7598114013672,39.38650894165039
2021-11-18 05:00:00,413.1626281738281,141.93214416503906,98.6234130859375,250.90380859375,39.80461120605469
2021-11-19 05:00:00,404.4574890136719,142.3603973388672,97.92417907714844,250.29898071289062,39.332313537597656
2021-11-22 05:00:00,402.19622802734375,140.4866485595703,97.42716217041016,250.04933166503906,39.64201736450195
2021-11-23 05:00:00,411.0115966796875,141.35755920410156,100.148193359375,251.50872802734375,39.54910659790039
2021-11-24 05:00:00,413.7967529296875,140.96170043945312,99.96287536621094,251.54705810546875,39.40199279785156
2021-11-26 05:00:00,404.3747863769531,140.0467987060547,98.15166473388672,249.982177734375,41.8099365234375
2021-11-29 05:00:00,415.4881591796875,140.53062438964844,98.47176361083984,244.6631317138672,40.57112121582031
2021-11-30 05:00:00,408.3366394042969,137.17022705078125,97.11546325683594,238.14407348632812,41.600894927978516
2021-12-01 05:00:00,408.44696044921875,139.06153869628906,97.64619445800781,239.19056701660156,42.3364372253418
2021-12-02 05:00:00,409.99127197265625,138.190673828125,98.45492553710938,237.99044799804688,41.066654205322266
2021-12-03 05:00:00,414.37176513671875,140.20513916015625,100.12294006347656,235.78224182128906,42.01898956298828
2021-12-06 05:00:00,424.3225402832031,143.3368377685547,102.22900390625,236.5022735595703,39.85880661010742
2021-12-07 05:00:00,428.58319091796875,143.70631408691406,102.36380004882812,235.3309326171875,40.04462814331055
2021-12-08 05:00:00,432.3919372558594,144.56837463378906,102.66708374023438,234.5724639892578,39.796878814697266
2021-12-09 05:00:00,436.5050354003906,145.94073486328125,104.58782196044922,233.20912170410156,40.323360443115234
2021-12-10 05:00:00,441.03314208984375,145.580078125,105.69983673095703,234.399658203125,40.8653450012207
2021-12-13 05:00:00,440.9501647949219,148.18394470214844,106.57595825195312,238.61448669433594,42.73904800415039
2021-12-14 05:00:00,442.1674499511719,149.8025665283203,107.23303985595703,239.4306182861328,43.00230026245117
2021-12-15 05:00:00,455.9269714355469,150.55030822753906,109.70979309082031,264.2972106933594,45.5263786315918
2021-12-16 05:00:00,454.5251770019531,152.1953125,111.01557159423828,267.9073181152344,47.42331314086914
2021-12-17 05:00:00,449.2317199707031,147.9904327392578,109.12010955810547,256.7508850097656,46.052879333496094
2021-12-20 05:00:00,446.1053771972656,147.56814575195312,110.24053955078125,252.96804809570312,47.245243072509766
2021-12-21 05:00:00,449.3146057128906,147.09312438964844,109.47391510009766,254.31219482421875,45.642520904541016
2021-12-22 05:00:00,455.6964416503906,147.72650146484375,111.24303436279297,255.86756896972656,46.10707473754883
2021-12-23 05:00:00,456.8492126464844,148.00799560546875,112.1191635131836,262.2042541503906,45.456695556640625
2021-12-27 05:00:00,460.6487731933594,149.25717163085938,113.23120880126953,267.3023681640625,45.83608627319336
2021-12-28 05:00:00,463.8212585449219,149.8553924560547,113.21430969238281,265.40142822265625,44.914710998535156
2021-12-29 05:00:00,466.255859375,150.9110107421875,114.031494140625,267.31201171875,44.581783294677734
2021-12-30 05:00:00,465.19537353515625,151.57952880859375,114.51164245605469,266.1886901855469,45.21666717529297
2021-12-31 05:00:00,463.0834655761719,150.48873901367188,114.06517028808594,265.1997375488281,45.71994400024414
2022-01-03 05:00:00,463.2125244140625,150.9021759033203,114.08202362060547,260.8889465332031,43.861717224121094
2022-01-04 05:00:00,452.7176513671875,150.4975128173828,113.86299133300781,256.1651916503906,42.22030258178711
2022-01-05 05:00:00,451.6018371582031,151.50039672851562,114.46110534667969,250.25096130371094,43.071983337402344
2022-01-06 05:00:00,433.1205139160156,150.9813690185547,113.92193603515625,248.98361206054688,42.46031188964844
2022-01-07 05:00:00,422.92999267578125,153.0222930908203,113.62711334228516,249.1468505859375,43.141666412353516
2022-01-10 05:00:00,428.83221435546875,152.2657012939453,114.89916229248047,249.7324676513672,43.544273376464844
2022-01-11 05:00:00,432.5210266113281,150.6470947265625,115.38778686523438,251.85435485839844,43.8927001953125
2022-01-12 05:00:00,436.8739929199219,149.36273193359375,115.65737915039062,245.7096710205078,43.861717224121094
2022-01-13 05:00:00,431.07318115234375,148.4566650390625,113.64860534667969,239.70901489257812,43.00230026245117
2022-01-14 05:00:00,432.2351989746094,147.64735412597656,115.64885711669922,234.3804473876953,42.545494079589844
2022-01-18 05:00:00,425.13409423828125,146.99635314941406,116.42341613769531,237.2127227783203,41.89511489868164
2022-01-19 05:00:00,426.54510498046875,146.5388946533203,115.08709716796875,235.27334594726562,41.45378494262695
2022-01-20 05:00:00,426.98773193359375,145.36892700195312,113.23151397705078,233.429931640625,41.84864807128906
2022-01-21 05:00:00,425.300048828125,145.03463745117188,112.3377914428711,233.3627471923828,40.87308883666992
2022-01-24 05:00:00,426.3145751953125,143.36328125,112.49099731445312,230.82810974121094,39.90526580810547
2022-01-25 05:00:00,421.30694580078125,147.46261596679688,113.28258514404297,229.9063720703125,40.67951583862305
2022-01-26 05:00:00,422.7732238769531,148.1223907470703,114.25292205810547,228.37022399902344,41.043426513671875
2022-01-27 05:00:00,425.6966247558594,150.0664825439453,115.73397827148438,227.2757110595703,41.63633728027344
2022-01-28 05:00:00,429.80975341796875,151.1221160888672,117.39375305175781,235.32135009765625,42.38528060913086
2022-01-31 05:00:00,435.8133850097656,151.56195068359375,116.51705169677734,235.59974670410156,41.1058349609375
2022-02-01 05:00:00,431.9769592285156,150.3215789794922,116.6106948852539,238.3744659423828,41.40229797363281
2022-02-02 05:00:00,442.46258544921875,151.98422241210938,117.98958587646484,240.82275390625,42.01860427856445
2022-02-03 05:00:00,450.7533874511719,151.97540283203125,119.78553771972656,235.04290771484375,41.644142150878906
2022-02-04 05:00:00,445.5888977050781,150.9813690185547,119.71746063232422,232.604248046875,41.347679138183594
2022-02-07 05:00:00,446.07769775390625,150.4799346923828,121.31768035888672,233.83316040039062,41.511512756347656
2022-02-08 05:00:00,455.03240966796875,150.8757781982422,122.15178680419922,230.33837890625,40.33349609375
2022-02-09 05:00:00,459.357666015625,150.8582305908203,121.88796997070312,233.56436157226562,40.1540641784668
2022-02-10 05:00:00,448.86279296875,149.03724670410156,121.47089385986328,230.07920837402344,39.47533416748047
2022-02-11 05:00:00,440.9409484863281,147.53298950195312,120.87504577636719,226.3347625732422,39.61575698852539
2022-02-14 05:00:00,437.5011291503906,145.6768341064453,121.71770477294922,226.2672882080078,38.85121536254883
2022-02-15 05:00:00,441.03314208984375,147.18112182617188,123.21578216552734,235.08895874023438,38.843414306640625
2022-02-16 05:00:00,442.7115173339844,147.09312438964844,124.16056823730469,236.76644897460938,38.757606506347656
2022-02-17 05:00:00,433.7568054199219,146.19583129882812,123.39452362060547,232.3218994140625,38.14908981323242
2022-02-18 05:00:00,431.42364501953125,144.62881469726562,122.59442138671875,231.6855926513672,37.86043167114258
2022-02-22 05:00:00,426.5358581542969,142.66334533691406,123.8967056274414,230.5479278564453,37.080291748046875
2022-02-23 05:00:00,423.87060546875,142.73416137695312,124.91810607910156,229.7574005126953,36.565391540527344
2022-02-24 05:00:00,420.4308166503906,140.00733947753906,123.6498794555664,234.356201171875,35.8554573059082
2022-02-25 05:00:00,438.7460632324219,146.96607971191406,127.28440856933594,241.8473358154297,37.228515625
2022-02-28 05:00:00,438.85675048828125,145.70005798339844,125.77787017822266,240.9796142578125,36.62000274658203
2022-03-01 05:00:00,439.20709228515625,145.1954345703125,125.70968627929688,240.5457763671875,35.691619873046875
2022-03-02 05:00:00,447.62701416015625,147.00149536132812,127.30992126464844,245.04818725585938,37.21292495727539
2022-03-03 05:00:00,448.742919921875,149.16171264648438,128.02491760253906,249.3577880859375,37.31433868408203
2022-03-04 05:00:00,459.8648681640625,150.0470428466797,128.15255737304688,253.43597412109375,37.954044342041016
2022-03-07 05:00:00,449.00115966796875,152.46405029296875,127.20780944824219,252.25013732910156,37.43135070800781
2022-03-08 05:00:00,436.6341857910156,149.37417602539062,125.25006103515625,250.60147094726562,37.01007843017578
2022-03-09 05:00:00,447.80224609375,149.9408416748047,126.68856048583984,253.35877990722656,38.03207015991211
2022-03-10 05:00:00,453.2156677246094,150.20640563964844,126.96944427490234,256.4729309082031,38.383140563964844
2022-03-11 05:00:00,446.6300354003906,149.93197631835938,126.87579345703125,256.74285888671875,39.2178840637207
2022-03-14 04:00:00,451.3010559082031,152.00363159179688,129.46339416503906,259.3459167480469,40.76256561279297
2022-03-15 04:00:00,460.54132080078125,155.9434356689453,132.6808319091797,265.5740966796875,40.73137283325195
2022-03-16 04:00:00,460.8650207519531,154.50917053222656,132.8255157470703,266.5190124511719,41.28527069091797
2022-03-17 04:00:00,468.967529296875,156.52772521972656,134.98748779296875,275.2635192871094,42.315067291259766
2022-03-18 04:00:00,468.1350402832031,154.79246520996094,135.5067138671875,277.31695556640625,42.525691986083984
2022-03-21 04:00:00,469.55950927734375,155.66896057128906,136.230224609375,279.2452087402344,42.27605438232422
2022-03-22 04:00:00,467.3951721191406,154.93411254882812,136.1961669921875,274.791015625,41.37888717651367
2022-03-23 04:00:00,465.4619445800781,154.34979248046875,134.84280395507812,273.99072265625,40.715763092041016
2022-03-24 04:00:00,474.92425537109375,155.1466064453125,136.42596435546875,277.365234375,41.02783203125
2022-03-25 04:00:00,474.5265808105469,156.6339569091797,137.31973266601562,278.6474914550781,41.17605209350586
2022-03-28 04:00:00,474.6837463378906,157.4396514892578,137.864501953125,281.1927185058594,41.566123962402344
2022-03-29 04:00:00,472.3991394042969,157.35997009277344,138.04319763183594,278.04010009765625,41.144840240478516
2022-03-30 04:00:00,481.73187255859375,158.9978485107422,139.37954711914062,279.4862976074219,40.91080093383789
2022-03-31 04:00:00,471.6961364746094,156.9084014892578,137.983642578125,276.0925598144531,40.388099670410156
2022-04-01 04:00:00,474.1195068359375,157.7583770751953,138.4687957763672,282.1664123535156,40.23207092285156
2022-04-04 04:00:00,471.74237060546875,156.23556518554688,137.7963409423828,280.96136474609375,39.74058151245117
2022-04-05 04:00:00,478.9014892578125,157.24488830566406,139.10716247558594,281.9929504394531,39.974632263183594
2022-04-06 04:00:00,491.84149169921875,161.3351287841797,143.7716064453125,294.86383056640625,41.24625778198242
2022-04-07 04:00:00,496.6513366699219,160.91900634765625,147.49124145507812,297.36083984375,43.032798767089844
2022-04-08 04:00:00,504.98516845703125,161.23770141601562,148.92117309570312,300.50390625,43.040592193603516
2022-04-11 04:00:00,497.10443115234375,159.21913146972656,144.55470275878906,297.8718566894531,42.07321548461914
2022-04-12 04:00:00,493.65435791015625,159.2722930908203,142.4097442626953,297.0233459472656,41.43349838256836
2022-04-13 04:00:00,496.697509765625,159.94512939453125,136.44375610351562,291.8075866699219,41.425697326660156
2022-04-14 04:00:00,494.6811828613281,159.2722930908203,139.32803344726562,291.02667236328125,41.44130325317383
2022-04-18 04:00:00,493.9967041015625,157.2891387939453,136.79576110839844,288.09576416015625,40.44271469116211
2022-04-19 04:00:00,497.344970703125,162.08766174316406,134.21194458007812,286.35076904296875,39.147666931152344
2022-04-20 04:00:00,505.0312805175781,162.80477905273438,134.51234436035156,282.4075012207031,38.81221389770508
2022-04-21 04:00:00,497.10443115234375,162.33554077148438,136.07469177246094,279.2162170410156,38.312923431396484
2022-04-22 04:00:00,481.8429260253906,160.72425842285156,133.04449462890625,268.7267761230469,37.548377990722656
2022-04-25 04:00:00,484.9230651855469,164.6816864013672,134.16900634765625,274.9645080566406,38.188106536865234
2022-04-26 04:00:00,475.2201843261719,163.50416564941406,134.0659942626953,272.6795654296875,38.2504997253418
2022-04-27 04:00:00,475.24786376953125,161.22003173828125,135.3021240234375,274.8585205078125,38.80440902709961
2022-04-28 04:00:00,485.06170654296875,162.42410278320312,134.17759704589844,286.6014099121094,39.405120849609375
2022-04-29 04:00:00,470.3826599121094,159.7681121826172,126.08282470703125,281.6457824707031,38.28171157836914
2022-05-02 04:00:00,463.5381164550781,158.1567840576172,126.93265533447266,279.16815185546875,37.71221160888672
2022-05-03 04:00:00,462.1229553222656,157.8468780517578,128.41769409179688,277.7315979003906,38.45334243774414
2022-05-04 04:00:00,469.52252197265625,159.53787231445312,130.12588500976562,284.3164978027344,38.74200439453125
2022-05-05 04:00:00,457.5906982421875,156.49232482910156,130.6323699951172,281.8772277832031,37.79801940917969
2022-05-06 04:00:00,462.1229553222656,156.1470184326172,131.1903533935547,286.24462890625,38.25830078125
2022-05-09 04:00:00,449.91357421875,156.9969940185547,129.5851593017578,278.8498840332031,37.946250915527344
2022-05-10 04:00:00,451.38427734375,156.7844696044922,130.55514526367188,275.4466247558594,38.60936737060547
2022-05-11 04:00:00,449.6638488769531,155.93455505371094,130.44351196289062,276.4010925292969,38.57817077636719
2022-05-12 04:00:00,442.865478515625,157.4750518798828,132.443603515625,281.3276672363281,39.6320915222168
2022-05-13 04:00:00,448.9701843261719,156.57199096679688,131.7654571533203,282.11126708984375,39.26243209838867
2022-05-16 04:00:00,452.50341796875,157.66098022460938,133.45657348632812,289.6083068847656,39.85230255126953
2022-05-17 04:00:00,455.5650634765625,158.3161163330078,132.8642578125,291.56231689453125,40.379276275634766
2022-05-18 04:00:00,436.00238037109375,155.37680053710938,130.84698486328125,285.5550231933594,39.639957427978516
2022-05-19 04:00:00,442.6342468261719,153.9956817626953,130.2375030517578,276.9262390136719,39.83657455444336
2022-05-20 04:00:00,449.275390625,156.68711853027344,129.62802124023438,289.0956115722656,41.26802062988281
2022-05-23 04:00:00,455.1488037109375,159.88592529296875,127.06998443603516,292.7232360839844,41.590484619140625
2022-05-24 04:00:00,460.2175598144531,161.63229370117188,127.99707794189453,295.9735412597656,42.007347106933594
2022-05-25 04:00:00,460.707763671875,160.04624938964844,130.44351196289062,296.9892272949219,42.243289947509766
2022-05-26 04:00:00,464.5370178222656,159.9037322998047,129.25035095214844,303.22869873046875,42.46350860595703
2022-05-27 04:00:00,469.05078125,161.35609436035156,128.7610626220703,312.9217224121094,42.400596618652344
2022-05-31 04:00:00,459.49609375,159.96607971191406,126.50343322753906,303.2093200683594,41.716331481933594
2022-06-01 04:00:00,455.58349609375,158.34439086914062,125.3446044921875,300.9264221191406,41.18937301635742
2022-06-02 04:00:00,455.3153076171875,157.84544372558594,125.97122192382812,292.55877685546875,41.43319320678711
2022-06-03 04:00:00,449.1643371582031,157.19497680664062,126.33174133300781,291.8042297363281,41.842166900634766
2022-06-06 04:00:00,453.39141845703125,157.17715454101562,125.78239440917969,293.4584045410156,41.88935852050781
2022-06-07 04:00:00,459.79205322265625,158.9057159423828,128.0228271484375,301.9131164550781,42.439918518066406
2022-06-08 04:00:00,456.4900207519531,157.96127319335938,128.1172637939453,303.25775146484375,42.05452346801758
2022-06-09 04:00:00,452.69769287109375,154.78030395507812,124.83812713623047,293.3519592285156,40.72533416748047
2022-06-10 04:00:00,448.25799560546875,153.7467041015625,122.92388153076172,287.315673828125,39.30175018310547
2022-06-13 04:00:00,434.44842529296875,152.1963348388672,119.67913055419922,281.7727355957031,37.681549072265625
2022-06-14 04:00:00,427.0950927734375,149.86183166503906,118.13397216796875,281.2987365722656,37.68941116333008
2022-06-15 04:00:00,429.4814758300781,151.46568298339844,118.53740692138672,283.4267883300781,38.15345764160156
2022-06-16 04:00:00,423.36431884765625,151.54588317871094,119.44733428955078,278.66748046875,37.343353271484375
2022-06-17 04:00:00,419.62353515625,150.9934539794922,118.70053100585938,281.4051513671875,36.59617614746094
2022-06-21 04:00:00,445.8558044433594,154.15658569335938,123.15568542480469,287.6348876953125,37.8388557434082
2022-06-22 04:00:00,454.544189453125,156.58912658691406,126.66651153564453,296.6796569824219,38.593894958496094
2022-06-23 04:00:00,463.9472961425781,160.0819091796875,128.28890991210938,302.5129089355469,39.3961296081543
2022-06-24 04:00:00,460.0765380859375,162.42530822753906,130.76971435546875,314.9918518066406,40.57589340209961
2022-06-27 04:00:00,469.37762451171875,162.27381896972656,131.45643615722656,316.5880126953125,40.803985595703125
2022-06-28 04:00:00,471.9580993652344,157.65830993652344,130.89852905273438,307.2529296875,39.84444046020508
2022-06-29 04:00:00,478.70648193359375,157.702880859375,132.3148651123047,312.4573059082031,40.064666748046875
2022-06-30 04:00:00,476.7757263183594,158.1662139892578,131.4736328125,313.6471862792969,41.2365608215332
2022-07-01 04:00:00,480.2751770019531,159.95718383789062,132.02297973632812,314.1115417480469,41.142181396484375
2022-07-05 04:00:00,468.9876708984375,158.7275390625,132.13458251953125,316.5009460449219,40.6152229309082
2022-07-06 04:00:00,478.3164978027344,158.8701171875,130.93284606933594,319.3739318847656,41.48824691772461
2022-07-07 04:00:00,477.4718322753906,159.04832458496094,130.4778594970703,317.24578857421875,42.015201568603516
2022-07-08 04:00:00,481.41693115234375,158.852294921875,131.20751953125,319.6835021972656,41.81857681274414
2022-07-11 04:00:00,479.8575134277344,158.9146728515625,131.53370666503906,320.2638854980469,41.598350524902344
2022-07-12 04:00:00,477.5090026855469,156.6870880126953,130.87274169921875,313.0281066894531,40.92982864379883
2022-07-13 04:00:00,465.2746887207031,156.32179260253906,130.60662841796875,311.9349670410156,40.73319625854492
2022-07-14 04:00:00,466.3793640136719,156.53561401367188,130.34671020507812,316.22039794921875,40.41859817504883
2022-07-15 04:00:00,491.73907470703125,158.80776977539062,133.10195922851562,320.77667236328125,40.70172882080078
2022-07-18 04:00:00,482.1038513183594,155.24363708496094,129.5928955078125,311.2674865722656,39.91522979736328
2022-07-19 04:00:00,495.173583984375,152.98040771484375,129.7401885986328,315.55291748046875,40.402862548828125
2022-07-20 04:00:00,482.19659423828125,152.10720825195312,127.96397399902344,311.5190124511719,39.97028350830078
2022-07-21 04:00:00,484.9720458984375,152.641845703125,128.01597595214844,316.2493591308594,40.20623016357422
2022-07-22 04:00:00,483.9974060058594,153.3635711669922,128.63983154296875,318.0196228027344,40.292755126953125
2022-07-25 04:00:00,491.47906494140625,153.66653442382812,130.1560821533203,320.728271484375,40.717464447021484
2022-07-26 04:00:00,493.4469299316406,154.75355529785156,130.71923828125,320.7379455566406,41.13430404663086
2022-07-27 04:00:00,496.2503356933594,154.3258514404297,130.9618377685547,318.20343017578125,40.859046936035156
2022-07-28 04:00:00,502.6366882324219,155.21690368652344,129.74887084960938,320.0027160644531,40.201175689697266
2022-07-29 04:00:00,503.4256896972656,155.50204467773438,124.34227752685547,318.92901611328125,40.034725189208984
2022-08-01 04:00:00,496.9649963378906,154.95852661132812,121.49170684814453,313.56982421875,40.113983154296875
2022-08-02 04:00:00,497.03924560546875,154.0763702392578,121.63900756835938,309.748779296875,39.38478469848633
2022-08-03 04:00:00,501.8568420410156,155.56442260742188,122.34083557128906,303.58660888671875,39.519527435302734
2022-08-04 04:00:00,495.4520263671875,153.06951904296875,120.3653335571289,295.80908203125,39.519527435302734
2022-08-05 04:00:00,496.6679992675781,152.463623046875,119.60286712646484,291.4849548339844,39.051883697509766
2022-08-08 04:00:00,498.09735107421875,151.6527862548828,121.5956802368164,292.6264343261719,39.289676666259766
2022-08-09 04:00:00,498.71014404296875,151.6349639892578,121.51770782470703,293.1295166015625,39.45611572265625
2022-08-10 04:00:00,499.1371765136719,152.07154846191406,122.11550903320312,294.6674499511719,39.59086227416992
2022-08-11 04:00:00,494.62591552734375,148.92625427246094,123.10326385498047,291.3399353027344,38.27512741088867
2022-08-12 04:00:00,504.6881103515625,147.28675842285156,123.55384063720703,298.99725341796875,39.717689514160156
2022-08-15 04:00:00,505.5606689453125,147.99069213867188,123.28522491455078,304.68450927734375,39.432342529296875
2022-08-16 04:00:00,506.9344177246094,149.3094024658203,123.51051330566406,301.1614990234375,39.519527435302734
2022-08-17 04:00:00,505.8948669433594,149.3183135986328,122.54875946044922,307.4796142578125,39.051883697509766
2022-08-18 04:00:00,506.0990905761719,148.59657287597656,122.41878509521484,307.382568359375,38.50498580932617
2022-08-19 04:00:00,508.9765930175781,150.8597869873047,122.90401458740234,313.254150390625,38.956783294677734
2022-08-22 04:00:00,505.4956359863281,150.33053588867188,121.5956802368164,313.5744934082031,38.75862121582031
2022-08-23 04:00:00,497.3549499511719,149.02090454101562,120.45199584960938,305.8103332519531,38.05319595336914
2022-08-24 04:00:00,497.96759033203125,148.5275421142578,119.49024963378906,309.4692077636719,37.59348678588867
2022-08-25 04:00:00,502.7109680175781,149.9178924560547,120.7206039428711,313.61328125,37.966007232666016
2022-08-26 04:00:00,491.27490234375,147.35244750976562,118.13861083984375,306.2567443847656,37.1099967956543
2022-08-29 04:00:00,491.7575988769531,146.2132568359375,117.5840835571289,301.0062255859375,36.64236068725586
2022-08-30 04:00:00,485.3248291015625,145.7019500732422,117.44547271728516,297.9879455566406,36.341163635253906
2022-08-31 04:00:00,482.0666809082031,144.7241973876953,116.50105285644531,292.34918212890625,35.84974670410156
2022-09-01 04:00:00,486.4016418457031,148.31227111816406,119.9581298828125,300.016357421875,36.95940399169922
2022-09-02 04:00:00,479.3005065917969,145.9800262451172,118.07796478271484,292.44622802734375,36.222267150878906
2022-09-06 04:00:00,480.5350646972656,146.37472534179688,119.21299743652344,297.7743835449219,36.26982116699219
2022-09-07 04:00:00,484.2480773925781,147.17306518554688,120.18341827392578,302.41351318359375,36.56309509277344
2022-09-08 04:00:00,489.6597900390625,148.35711669921875,121.75164031982422,306.1985778808594,37.316070556640625
2022-09-09 04:00:00,488.24444580078125,148.64419555664062,122.53142547607422,308.3336181640625,37.918453216552734
2022-09-12 04:00:00,494.6786804199219,148.5813751220703,123.2419204711914,305.9267272949219,37.85504913330078
2022-09-13 04:00:00,478.5790100097656,144.71522521972656,120.0274429321289,297.4444885253906,36.610652923583984
2022-09-14 04:00:00,474.6773986816406,147.70228576660156,120.91122436523438,300.4820861816406,36.57895278930664
2022-09-15 04:00:00,486.912841796875,148.0790252685547,123.47583770751953,300.34625244140625,36.41250228881836
2022-09-16 04:00:00,485.15289306640625,150.33950805664062,124.8188247680664,299.783447265625,36.48383331298828
2022-09-19 04:00:00,487.5088195800781,149.15542602539062,123.60580444335938,296.09539794921875,36.01618957519531
2022-09-20 04:00:00,486.81036376953125,147.98037719726562,122.83472442626953,292.8345642089844,35.48515319824219
2022-09-21 04:00:00,476.828369140625,146.46438598632812,121.5696792602539,287.7392272949219,34.81142044067383
2022-09-22 04:00:00,481.8379821777344,149.06576538085938,123.90907287597656,301.70501708984375,35.326622009277344
2022-09-23 04:00:00,478.2530822753906,149.55014038085938,123.95240783691406,302.2775573730469,34.9382438659668
2022-09-26 04:00:00,473.364501953125,148.63519287109375,122.3494873046875,298.4344177246094,34.74009704589844
2022-09-27 04:00:00,473.3738098144531,147.95347595214844,122.79137420654297,301.9282531738281,34.946170806884766
2022-09-28 04:00:00,478.5603942871094,149.2272186279297,125.28672790527344,324.52191162109375,35.21566390991211
2022-09-29 04:00:00,473.8020935058594,147.58567810058594,123.65780639648438,320.2807312011719,35.00165557861328
2022-09-30 04:00:00,470.2730712890625,146.5361785888672,116.2844467163086,313.8171081542969,34.684600830078125
2022-10-03 04:00:00,480.02227783203125,146.39268493652344,119.84547424316406,312.0701599121094,34.98579788208008
2022-10-04 04:00:00,487.1549987792969,148.5634307861328,123.02535247802734,320.1643371582031,35.239437103271484
2022-10-05 04:00:00,490.7864990234375,148.10594177246094,124.18634033203125,321.9986267089844,34.969947814941406
2022-10-06 04:00:00,483.39306640625,145.23550415039062,121.55237579345703,323.13409423828125,34.15355682373047
2022-10-07 04:00:00,470.0960998535156,143.70162963867188,120.22672271728516,317.029541015625,33.54324722290039
2022-10-10 04:00:00,464.5185546875,143.88998413085938,119.83683776855469,314.3411865234375,33.091461181640625
2022-10-11 04:00:00,465.403076171875,145.9710693359375,122.60940551757812,317.9418029785156,33.22621154785156
2022-10-12 04:00:00,465.542724609375,145.93521118164062,121.28378295898438,315.0011291503906,33.31340026855469
2022-10-13 04:00:00,474.8077392578125,148.14181518554688,125.09111022949219,322.3091125488281,34.06637191772461
2022-10-14 04:00:00,477.80615234375,147.52288818359375,125.10860443115234,321.62005615234375,33.97126388549805
2022-10-17 04:00:00,485.9537353515625,149.4335174560547,126.39524841308594,322.9496765136719,34.5974235534668
2022-10-18 04:00:00,486.2611083984375,148.91322326660156,126.56156921386719,325.1527099609375,34.946170806884766
2022-10-19 04:00:00,484.5011291503906,147.72923278808594,125.27494049072266,319.58197021484375,34.16941452026367
2022-10-20 04:00:00,485.02264404296875,148.10594177246094,125.09988403320312,319.3684387207031,34.01089096069336
2022-10-21 04:00:00,496.9879455566406,151.33523559570312,128.71466064453125,330.7234802246094,35.627811431884766
2022-10-24 04:00:00,504.3161926269531,153.3714141845703,132.06687927246094,337.6433410644531,36.095458984375
2022-10-25 04:00:00,503.0312194824219,153.1292266845703,131.13037109375,340.95281982421875,36.13508224487305
2022-10-26 04:00:00,505.7781982421875,154.4747772216797,133.48480224609375,347.3096923828125,36.50761413574219
2022-10-27 04:00:00,504.50244140625,154.564453125,134.35128784179688,345.8247985839844,36.25397872924805
2022-10-28 04:00:00,513.2926025390625,156.8607940673828,129.19606018066406,349.28955078125,37.59348678588867
2022-10-31 04:00:00,516.9334716796875,156.0535125732422,128.13697814941406,351.4149475097656,36.8959846496582
2022-11-01 04:00:00,509.6332092285156,155.2641143798828,128.58338928222656,342.18536376953125,38.05319595336914
2022-11-02 04:00:00,506.0203552246094,152.87802124023438,126.49151611328125,344.4951477050781,37.30814743041992
2022-11-03 04:00:00,506.18780517578125,153.13821411132812,126.40397644042969,351.0171203613281,37.228206634521484
2022-11-04 04:00:00,501.12237548828125,153.81993103027344,127.1567153930664,346.8729553222656,37.74781799316406
2022-11-07 05:00:00,507.5007629394531,155.1654510498047,129.6249237060547,354.3070983886719,37.643890380859375
2022-11-08 05:00:00,514.97802734375,155.93685913085938,130.0012969970703,355.8501892089844,37.85173416137695
2022-11-09 05:00:00,503.4410400390625,154.69003295898438,129.2047882080078,352.5601806640625,37.348121643066406
2022-11-10 05:00:00,506.7093505859375,156.50196838378906,131.04281616210938,357.8494873046875,37.875728607177734
2022-11-11 05:00:00,486.1399841308594,151.81959533691406,131.427978515625,341.91351318359375,38.05158996582031
2022-11-14 05:00:00,478.3834533691406,154.20562744140625,132.8108673095703,346.5267028808594,39.36261749267578
2022-11-15 05:00:00,468.38275146484375,154.63619995117188,133.94866943359375,340.58026123046875,38.82701873779297
2022-11-16 05:00:00,476.3069152832031,155.59600830078125,132.92462158203125,343.4804992675781,38.41131591796875
2022-11-17 05:00:00,479.8360290527344,156.85179138183594,133.178466796875,351.110595703125,38.635154724121094
2022-11-18 05:00:00,493.5147705078125,158.05384826660156,135.64666748046875,351.9864807128906,38.55521774291992
2022-11-21 05:00:00,481.58660888671875,158.86631774902344,137.5109405517578,351.4998474121094,38.5152473449707
2022-11-22 05:00:00,487.08056640625,159.6337890625,139.85665893554688,351.21759033203125,39.234710693359375
2022-11-23 05:00:00,493.24481201171875,159.80526733398438,139.5065460205078,352.03515625,39.050846099853516
2022-11-25 05:00:00,500.6101989746094,160.01292419433594,139.7078399658203,355.47064208984375,39.338626861572266
2022-11-28 05:00:00,495.6286315917969,160.0941619873047,138.66627502441406,355.9767150878906,39.62641906738281
2022-11-29 05:00:00,491.6524963378906,158.97470092773438,138.46498107910156,354.2054138183594,39.562461853027344
2022-11-30 05:00:00,510.0521240234375,160.69908142089844,141.07325744628906,361.1445007324219,40.07408142089844
2022-12-01 05:00:00,499.94891357421875,161.3671417236328,141.46707153320312,360.41461181640625,40.83351516723633
2022-12-02 05:00:00,500.7897644042969,161.49349975585938,143.24386596679688,364.72607421875,40.6976203918457
2022-12-05 05:00:00,499.7435302734375,161.40322875976562,143.48895263671875,359.4024353027344,40.5537223815918
2022-12-06 05:00:00,503.7411804199219,158.98373413085938,143.29637145996094,358.6725769042969,39.73833084106445
2022-12-07 05:00:00,507.094482421875,159.94972229003906,144.76678466796875,362.0106506347656,40.16201400756836
2022-12-08 05:00:00,511.7739562988281,159.97682189941406,145.28321838378906,361.8355407714844,41.393096923828125
2022-12-09 05:00:00,503.6292724609375,158.65875244140625,142.7187042236328,351.32470703125,41.34513854980469
2022-12-12 05:00:00,509.849853515625,160.55459594726562,144.69677734375,357.4170837402344,41.696868896484375
2022-12-13 05:00:00,502.7138366699219,161.79141235351562,144.23289489746094,349.05706787109375,42.42432403564453
2022-12-14 05:00:00,502.8446350097656,162.2879638671875,144.29415893554688,353.7674560546875,43.551483154296875
2022-12-15 05:00:00,492.8691711425781,160.23863220214844,142.7537384033203,350.3708801269531,42.85599899291992
2022-12-16 05:00:00,489.1517028808594,158.59552001953125,140.46055603027344,350.2346496582031,41.089324951171875
2022-12-19 05:00:00,489.0581970214844,158.42396545410156,141.34457397460938,348.20068359375,41.05734634399414
2022-12-20 05:00:00,485.8919372558594,158.59552001953125,140.548095703125,350.0108337402344,41.02537155151367
2022-12-21 05:00:00,492.7384033203125,160.41015625,141.97474670410156,358.1567687988281,41.29716110229492
2022-12-22 05:00:00,492.318115234375,159.82333374023438,142.90249633789062,355.5290222167969,41.28118133544922
2022-12-23 05:00:00,496.2597961425781,160.2296142578125,142.7537384033203,358.0496826171875,41.43307113647461
2022-12-27 05:00:00,496.8948059082031,160.1844482421875,142.65745544433594,355.1105651855469,40.873477935791016
2022-12-28 05:00:00,493.5883483886719,159.48928833007812,141.99227905273438,355.4414367675781,40.609676361083984
2022-12-29 05:00:00,494.9240417480469,160.3018035888672,142.28106689453125,357.1932678222656,41.03336715698242
2022-12-30 05:00:00,495.20416259765625,159.48025512695312,141.44960021972656,356.0448303222656,40.96142578125
2023-01-03 05:00:00,484.425537109375,160.87059020996094,142.12351989746094,355.2175598144531,40.97740173339844
2023-01-04 05:00:00,471.2183532714844,162.62205505371094,143.27011108398438,353.3782043457031,40.07408142089844
2023-01-05 05:00:00,457.637451171875,161.42127990722656,143.09507751464844,349.3101501464844,39.6983642578125
2023-01-06 05:00:00,457.6748962402344,162.73037719726562,145.77334594726562,353.22247314453125,40.70560836791992
2023-01-09 05:00:00,457.7308654785156,158.51425170898438,141.4933624267578,340.46343994140625,38.6831169128418
2023-01-10 05:00:00,453.938720703125,158.1350860595703,139.72537231445312,343.3052673339844,38.06758117675781
2023-01-11 05:00:00,460.8505859375,157.88232421875,137.56349182128906,350.76019287109375,37.931678771972656
2023-01-12 05:00:00,462.9708557128906,157.08782958984375,134.49746704101562,349.50482177734375,38.13951873779297
2023-01-13 05:00:00,457.2732849121094,156.5732421875,135.71681213378906,351.9377746582031,38.25143814086914
2023-01-17 05:00:00,453.0794372558594,155.6072540283203,135.03646850585938,348.1617126464844,36.83649826049805
2023-01-18 05:00:00,444.8226318359375,153.25994873046875,131.8291015625,342.5851745605469,35.97315216064453
2023-01-19 05:00:00,452.40692138671875,153.0522918701172,131.39614868164062,341.67999267578125,35.94116973876953
2023-01-20 05:00:00,454.6112365722656,152.33909606933594,132.1737060546875,336.8041687011719,36.06108474731445
2023-01-23 05:00:00,453.76129150390625,151.95089721679688,131.2547607421875,333.0474853515625,35.9571533203125
2023-01-24 05:00:00,459.1693420410156,151.95089721679688,130.494873046875,337.1156005859375,35.74131393432617
2023-01-25 05:00:00,460.0100402832031,153.03424072265625,130.58323669433594,340.3662109375,36.02910232543945
2023-01-26 05:00:00,459.99127197265625,152.4744873046875,130.2386474609375,338.69219970703125,35.698341369628906
2023-01-27 05:00:00,453.98541259765625,151.87863159179688,129.24905395507812,332.9404602050781,35.32723617553711
2023-01-30 05:00:00,453.74261474609375,146.25416564941406,128.6923828125,331.38330078125,35.13361740112305
2023-01-31 05:00:00,466.2586364746094,147.53619384765625,130.54791259765625,334.9355773925781,35.625728607177734
2023-02-01 05:00:00,464.2131042480469,148.89036560058594,129.53182983398438,333.39788818359375,35.472450256347656
2023-02-02 05:00:00,439.7695007324219,149.45010375976562,127.97672271728516,321.8456726074219,35.77094650268555
2023-02-03 05:00:00,440.8810729980469,148.61053466796875,128.29481506347656,330.0013427734375,35.54505920410156
2023-02-06 05:00:00,443.88861083984375,147.4820098876953,128.1357421875,328.619384765625,35.30302810668945
2023-02-07 05:00:00,445.4204406738281,147.51808166503906,128.24180603027344,330.5852355957031,35.165889739990234
2023-02-08 05:00:00,451.3421936035156,147.7077178955078,127.77351379394531,331.607177734375,35.48051834106445
2023-02-09 05:00:00,453.68658447265625,145.71250915527344,131.38729858398438,332.6388244628906,34.96419906616211
2023-02-10 05:00:00,461.64453125,146.38958740234375,134.34727478027344,335.87957763671875,35.399845123291016
2023-02-13 05:00:00,462.6719665527344,146.93128967285156,135.8316650390625,341.0182189941406,35.488582611083984
2023-02-14 05:00:00,460.3182067871094,146.29031372070312,134.82443237304688,339.3486633300781,35.27076721191406
2023-02-15 05:00:00,458.8424072265625,143.87979125976562,133.47254943847656,327.09515380859375,34.94805908203125
2023-02-16 05:00:00,455.19970703125,142.85964965820312,132.1206817626953,318.3663330078125,34.64957046508789
2023-02-17 05:00:00,466.1558837890625,145.84213256835938,133.6934051513672,320.64129638671875,34.85932540893555
2023-02-21 05:00:00,458.8984680175781,143.66891479492188,134.3031005859375,319.7723388671875,34.44788360595703
2023-02-22 05:00:00,456.63812255859375,143.4688720703125,133.12796020507812,321.2955627441406,34.189727783203125
2023-02-23 05:00:00,459.2533874511719,143.4234161376953,134.3649444580078,319.7820739746094,34.125186920166016
2023-02-24 05:00:00,452.37896728515625,141.8230438232422,134.93043518066406,314.041015625,33.681480407714844
2023-02-27 05:00:00,451.4355773925781,141.51388549804688,136.31764221191406,309.1396179199219,32.89894485473633
2023-02-28 05:00:00,444.5423889160156,139.3588409423828,135.98187255859375,303.8672180175781,32.729530334472656
2023-03-01 05:00:00,443.8699645996094,138.7314453125,137.19239807128906,306.74755859375,32.41489791870117
2023-03-02 05:00:00,446.18634033203125,138.62234497070312,136.40597534179688,307.6067199707031,32.76985549926758
2023-03-03 05:00:00,446.9895935058594,140.04991149902344,137.89036560058594,310.9068603515625,33.19743347167969
2023-03-06 05:00:00,449.0631408691406,141.4502410888672,137.2012176513672,311.42431640625,33.16516876220703
2023-03-07 05:00:00,442.6182861328125,140.11358642578125,135.12481689453125,303.2911376953125,32.543975830078125
2023-03-08 05:00:00,439.5547180175781,139.08607482910156,132.1825408935547,305.15606689453125,32.366493225097656
2023-03-09 05:00:00,434.2400817871094,137.52206420898438,130.19448852539062,309.3642272949219,31.83404541015625
2023-03-10 05:00:00,431.4936218261719,137.85850524902344,132.2797088623047,307.57745361328125,31.77756690979004
2023-03-13 04:00:00,434.63372802734375,139.17698669433594,134.2589111328125,316.8236999511719,32.15673828125
2023-03-14 04:00:00,435.47735595703125,139.95899963378906,135.9376983642578,319.3427429199219,32.18900680541992
2023-03-15 04:00:00,436.2741394042969,140.34999084472656,136.12327575683594,321.68603515625,32.495567321777344
2023-03-16 04:00:00,442.45135498046875,140.05902099609375,137.21890258789062,321.74462890625,32.568172454833984
2023-03-17 04:00:00,440.08917236328125,138.5586700439453,136.26463317871094,321.40283203125,32.3503532409668
2023-03-20 04:00:00,447.0819091796875,139.93170166015625,137.9434051513672,325.71844482421875,32.92314529418945
2023-03-21 04:00:00,450.025146484375,139.93170166015625,138.51771545410156,323.25799560546875,32.8021354675293
2023-03-22 04:00:00,445.7320861816406,137.34930419921875,135.77867126464844,323.15057373046875,32.27775573730469
2023-03-23 04:00:00,440.4735412597656,137.4220428466797,137.21890258789062,324.7811279296875,32.41489791870117
2023-03-24 04:00:00,446.17266845703125,138.80418395996094,139.62222290039062,328.1886901855469,32.58430862426758
2023-03-27 04:00:00,451.7123718261719,139.39524841308594,139.19808959960938,326.6947937011719,32.44717025756836
2023-03-28 04:00:00,442.9762268066406,138.0494842529297,139.82542419433594,329.67279052734375,32.26161575317383
2023-03-29 04:00:00,437.3614501953125,139.40432739257812,139.60452270507812,327.9348449707031,32.471370697021484
2023-03-30 04:00:00,440.6141052246094,139.51344299316406,139.53384399414062,332.64093017578125,32.57624816894531
2023-03-31 04:00:00,442.9856262207031,140.9410400390625,140.8150177001953,335.30645751953125,32.915077209472656
2023-04-03 04:00:00,463.2325439453125,142.6232147216797,141.74276733398438,342.4534912109375,33.3587760925293
2023-04-04 04:00:00,462.3514709472656,144.114501953125,141.1773223876953,346.2418212890625,32.995750427246094
2023-04-05 04:00:00,477.330322265625,150.58868408203125,142.07855224609375,353.6817932128906,33.520145416259766
2023-04-06 04:00:00,480.6861267089844,150.17037963867188,142.7412109375,359.5888671875,33.47978973388672
2023-04-10 04:00:00,482.90765380859375,149.41571044921875,142.50262451171875,358.329345703125,33.66534423828125
2023-04-11 04:00:00,488.33489990234375,149.37020874023438,142.59104919433594,355.4393005371094,33.71375274658203
2023-04-12 04:00:00,488.5411376953125,149.05197143554688,143.45692443847656,360.33087158203125,33.37491989135742
2023-04-13 04:00:00,493.265380859375,151.0433349609375,145.07086181640625,366.2868347167969,33.455596923828125
2023-04-14 04:00:00,479.73004150390625,150.79782104492188,144.09002685546875,365.8767395019531,33.229705810546875
2023-04-17 04:00:00,473.69342041015625,150.6432342529297,143.72439575195312,363.5529479980469,33.22162628173828
2023-04-18 04:00:00,472.8778991699219,146.40589904785156,142.30661010742188,361.17059326171875,32.7133903503418
2023-04-19 04:00:00,455.74310302734375,147.78805541992188,143.75115966796875,361.7173767089844,32.46330261230469
2023-04-20 04:00:00,456.9241027832031,148.74281311035156,144.22378540039062,365.954833984375,32.14867401123047
2023-04-21 04:00:00,453.5121154785156,147.9335479736328,144.8212127685547,376.138427734375,32.43910217285156
2023-04-24 04:00:00,458.3113098144531,148.83370971679688,146.3103485107422,374.29315185546875,32.197078704833984
2023-04-25 04:00:00,461.10479736328125,150.1976776123047,147.04153442382812,375.7479248046875,31.72917366027832
2023-04-26 04:00:00,452.69659423828125,147.86985778808594,144.27728271484375,367.3803405761719,31.164447784423828
2023-04-27 04:00:00,459.74554443359375,148.21542358398438,132.74754333496094,381.12774658203125,31.253192901611328
2023-04-28 04:00:00,461.26409912109375,148.85189819335938,134.75390625,386.5074768066406,31.37419891357422
2023-05-01 04:00:00,464.6479187011719,148.76100158691406,137.0634002685547,396.2223815917969,31.632354736328125
2023-05-02 04:00:00,462.4826354980469,150.061279296875,135.19972229003906,394.6504821777344,31.511350631713867
2023-05-03 04:00:00,458.7801208496094,148.09718322753906,133.08645629882812,421.0028076171875,31.01923179626465
2023-05-04 04:00:00,456.75543212890625,147.42433166503906,131.40110778808594,418.3177795410156,30.841751098632812
2023-05-05 04:00:00,463.31689453125,147.92442321777344,131.99853515625,417.70269775390625,31.051502227783203
2023-05-08 04:00:00,461.7608642578125,147.5879669189453,131.4813690185547,422.4967041015625,31.196712493896484
2023-05-09 04:00:00,459.6611633300781,146.4423065185547,130.928466796875,418.2591857910156,31.04343605041504
2023-05-10 04:00:00,459.3706970214844,146.98785400390625,130.5628662109375,425.6210632324219,30.898223876953125
2023-05-11 04:00:00,458.1427001953125,146.38771057128906,130.7144775390625,425.2598571777344,30.645421981811523
2023-05-12 04:00:00,460.4579772949219,146.19677734375,131.21385192871094,425.2695617675781,30.457860946655273
2023-05-15 04:00:00,456.3616943359375,145.07833862304688,130.7144775390625,425.347900390625,30.302927017211914
2023-05-16 04:00:00,449.6689453125,144.8873748779297,127.77186584472656,427.4427490234375,30.180599212646484
2023-05-17 04:00:00,454.44012451171875,144.5691375732422,127.82537841796875,428.2454833984375,29.968585968017578
2023-05-18 04:00:00,449.2096862792969,144.10537719726562,127.90563201904297,428.6566467285156,29.74840545654297
2023-05-19 04:00:00,448.8253479003906,144.49636840820312,129.394775390625,433.05194091796875,29.98488998413086
2023-05-22 04:00:00,450.5125427246094,143.7176513671875,129.20751953125,424.8388366699219,31.599525451660156
2023-05-23 04:00:00,449.40655517578125,143.66265869140625,127.08525848388672,414.2861633300781,32.32529067993164
2023-05-24 04:00:00,450.70941162109375,143.52525329589844,125.8636474609375,416.7921447753906,31.501665115356445
2023-05-25 04:00:00,447.7755432128906,141.4639434814453,123.60761260986328,418.2997131347656,30.84929656982422
2023-05-26 04:00:00,451.3561706542969,141.40896606445312,122.66242218017578,416.811767578125,30.66173553466797
2023-05-30 04:00:00,449.79083251953125,141.42723083496094,121.66375732421875,418.2312316894531,30.180599212646484
2023-05-31 04:00:00,456.7178955078125,142.05941772460938,123.01911163330078,420.4043884277344,31.004240036010742
2023-06-01 04:00:00,462.7076416015625,141.58297729492188,118.98861694335938,427.2861633300781,31.004240036010742
2023-06-02 04:00:00,468.2848815917969,143.8092498779297,122.04715728759766,433.00299072265625,31.281496047973633
2023-06-05 04:00:00,466.98193359375,145.0460662841797,122.03824615478516,434.89239501953125,31.517976760864258
2023-06-06 04:00:00,457.0271911621094,144.9177703857422,120.76312255859375,433.7273864746094,31.289642333984375
2023-06-07 04:00:00,451.9280090332031,145.22930908203125,121.71723175048828,427.1686706542969,31.713693618774414
2023-06-08 04:00:00,459.5205993652344,146.82342529296875,122.7337646484375,436.2628479003906,31.87679100036621
2023-06-09 04:00:00,462.6982727050781,146.5943603515625,123.21527099609375,436.6347961425781,31.778928756713867
2023-06-12 04:00:00,461.7327575683594,146.49359130859375,122.81402587890625,435.920166015625,32.537322998046875
2023-06-13 04:00:00,460.53289794921875,147.26318359375,123.33121490478516,436.321533203125,32.847198486328125
2023-06-14 04:00:00,431.0530700683594,148.01443481445312,121.4764633178711,438.2793884277344,32.096961975097656
2023-06-15 04:00:00,438.49798583984375,150.00250244140625,121.17329406738281,444.3584289550781,32.41499710083008
2023-06-16 04:00:00,431.5330505371094,150.46054077148438,123.6254653930664,438.2695617675781,32.66779327392578
2023-06-20 04:00:00,441.7922668457031,150.3689422607422,122.89427947998047,442.4201965332031,32.080657958984375
2023-06-21 04:00:00,448.7195129394531,150.13992309570312,122.03824615478516,443.447998046875,31.721851348876953
2023-06-22 04:00:00,450.88427734375,151.7340545654297,122.5286865234375,448.0293273925781,31.583221435546875
2023-06-23 04:00:00,448.9547424316406,151.60577392578125,121.20002746582031,449.1649169921875,31.232568740844727
2023-06-26 04:00:00,450.89373779296875,149.91085815429688,120.33509063720703,443.21307373046875,30.08275032043457
2023-06-27 04:00:00,454.1878662109375,149.59934997558594,118.23959350585938,454.70556640625,29.699472427368164
2023-06-28 04:00:00,446.5546875,149.2970428466797,118.15933990478516,449.02783203125,29.59346580505371
2023-06-29 04:00:00,448.4277038574219,150.34146118164062,118.80135345458984,454.6957092285156,29.454832077026367
2023-06-30 04:00:00,452.38079833984375,151.6424102783203,120.13890075683594,459.091064453125,29.911500930786133
2023-07-03 04:00:00,449.78302001953125,149.65435791015625,120.38859558105469,451.69049072265625,29.887033462524414
2023-07-05 04:00:00,443.5146179199219,149.1596221923828,122.71593475341797,455.8802185058594,29.73209571838379
2023-07-06 04:00:00,441.76397705078125,148.0511016845703,122.38600158691406,453.4427185058594,29.05525016784668
2023-07-07 04:00:00,434.4413757324219,145.89810180664062,120.82551574707031,442.5473937988281,28.973711013793945
2023-07-10 04:00:00,435.824951171875,146.1363067626953,119.92488861083984,443.6046142578125,29.096031188964844
2023-07-11 04:00:00,435.67437744140625,145.33009338378906,120.88795471191406,430.1250305175781,29.373289108276367
2023-07-12 04:00:00,425.1423034667969,144.82620239257812,120.36184692382812,431.3094787597656,29.348827362060547
2023-07-13 04:00:00,421.424560546875,145.49497985839844,120.4429702758789,425.53387451171875,29.405906677246094
2023-07-14 04:00:00,451.9384460449219,146.46609497070312,122.62482452392578,439.982666015625,29.617931365966797
2023-07-17 04:00:00,455.6184997558594,145.7332000732422,121.56095123291016,437.71160888671875,29.242815017700195
2023-07-18 04:00:00,470.6025695800781,145.72402954101562,123.13872528076172,441.68597412109375,29.552692413330078
2023-07-19 04:00:00,474.0849914550781,145.43084716796875,124.13047790527344,443.9962158203125,29.715789794921875
2023-07-20 04:00:00,474.59320068359375,154.2626190185547,128.1966094970703,454.0398864746094,29.98488998413086
2023-07-21 04:00:00,476.7486267089844,155.9208526611328,129.59410095214844,452.2974548339844,30.498638153076172
2023-07-24 04:00:00,478.77215576171875,156.73623657226562,129.0891876220703,449.6347351074219,30.588342666625977
2023-07-25 04:00:00,480.8898620605469,157.9364013671875,127.69178009033203,447.8923034667969,30.22138214111328
2023-07-26 04:00:00,478.13214111328125,158.23873901367188,127.93515014648438,444.02557373046875,30.343698501586914
2023-07-27 04:00:00,475.5250244140625,159.12741088867188,134.20120239257812,445.39605712890625,29.84896469116211
2023-07-28 04:00:00,473.3414611816406,159.85116577148438,136.00436401367188,448.8124694824219,29.741777420043945
2023-07-31 04:00:00,476.5979919433594,153.48388671875,134.859375,444.96533203125,29.73352813720703
2023-08-01 04:00:00,475.0638122558594,154.72987365722656,133.92169189453125,443.5361022949219,29.36247444152832
2023-08-02 04:00:00,475.1202697753906,155.66433715820312,134.6790313720703,444.8968200683594,29.14809226989746
2023-08-03 04:00:00,475.1767272949219,156.33316040039062,134.38153076171875,439.6890563964844,28.859495162963867
2023-08-04 04:00:00,473.1720275878906,154.86727905273438,133.19140625,440.0119934082031,28.87598991394043
2023-08-07 04:00:00,480.7110595703125,158.5868682861328,135.53555297851562,444.5053405761719,29.420190811157227
2023-08-08 04:00:00,476.117919921875,158.66014099121094,134.89541625976562,510.6015930175781,29.38721466064453
2023-08-09 04:00:00,472.5884094238281,158.5594024658203,135.93223571777344,515.1339111328125,29.552120208740234
2023-08-10 04:00:00,473.8779296875,157.73486328125,136.5363311767578,510.3470458984375,29.45318031311035
2023-08-11 04:00:00,478.1416015625,159.27398681640625,137.20347595214844,517.1408081054688,29.71703338623047
2023-08-14 04:00:00,480.8898620605469,158.89840698242188,137.2846221923828,527.7847290039062,29.741777420043945
2023-08-15 04:00:00,476.899169921875,158.44029235839844,137.14938354492188,536.240966796875,29.18107795715332
2023-08-16 04:00:00,473.9532165527344,157.9364013671875,136.63548278808594,535.8681030273438,29.255279541015625
2023-08-17 04:00:00,464.9176025390625,159.4205780029297,135.25607299804688,527.4511108398438,30.10457992553711
2023-08-18 04:00:00,469.1342468261719,158.0280303955078,135.36424255371094,536.0545654296875,30.228261947631836
2023-08-21 04:00:00,468.41888427734375,153.31898498535156,135.3822784423828,539.6058959960938,30.5168514251709
2023-08-22 04:00:00,463.3928527832031,152.10052490234375,133.65121459960938,543.147216796875,30.37668228149414
2023-08-23 04:00:00,460.6634216308594,150.73544311523438,132.60537719726562,542.8529663085938,30.228261947631836
2023-08-24 04:00:00,459.40216064453125,151.24844360351562,132.19967651367188,537.5947265625,29.815982818603516
2023-08-25 04:00:00,460.3621826171875,153.41705322265625,132.25376892089844,543.1375122070312,29.997385025024414
2023-08-28 04:00:00,462.3952331542969,151.6083526611328,132.92092895507812,543.4022216796875,29.857208251953125
2023-08-29 04:00:00,463.85400390625,151.62681579589844,133.065185546875,543.3828125,29.807735443115234
2023-08-30 04:00:00,462.6304626464844,151.09161376953125,133.72335815429688,537.5850219726562,29.601600646972656
2023-08-31 04:00:00,448.5594482421875,149.19979858398438,132.4971923828125,543.6771240234375,29.17283058166504
2023-09-01 04:00:00,448.23944091796875,148.0924530029297,133.6151885986328,546.5317993164062,29.50265121459961
2023-09-05 04:00:00,452.540771484375,148.2770233154297,131.72183227539062,547.5913696289062,29.17283058166504
2023-09-06 04:00:00,448.8983154296875,145.81312561035156,131.28005981445312,549.31787109375,28.340024948120117
2023-09-07 04:00:00,456.30560302734375,147.67718505859375,134.25531005859375,562.3456420898438,28.26581573486328
2023-09-08 04:00:00,454.26470947265625,148.166259765625,134.3544921875,575.3245849609375,28.2410831451416
2023-09-11 04:00:00,452.9512939453125,150.1041717529297,134.37249755859375,584.2516479492188,27.98546600341797
2023-09-12 04:00:00,453.4427185058594,150.95315551757812,134.5798797607422,587.9207153320312,28.15862274169922
2023-09-13 04:00:00,453.3859558105469,151.33152770996094,136.2838592529297,587.508544921875,28.100906372070312
2023-09-14 04:00:00,456.9386901855469,151.10081481933594,138.51979064941406,580.3766479492188,28.15862274169922
2023-09-15 04:00:00,459.8677673339844,148.98757934570312,137.14938354492188,564.7294921875,28.0926570892334
2023-09-18 04:00:00,459.2630920410156,149.92884826660156,138.790283203125,560.432861328125,27.738100051879883
2023-09-19 04:00:00,454.1607971191406,149.67970275878906,138.38455200195312,564.0429077148438,28.026695251464844
2023-09-20 04:00:00,464.99847412109375,150.3348846435547,138.4927520751953,558.823974609375,27.721609115600586
2023-09-21 04:00:00,473.5116271972656,149.18138122558594,138.33045959472656,539.6842651367188,27.08669662475586
2023-09-22 04:00:00,478.1982116699219,148.11090087890625,137.70838928222656,540.0865478515625,26.954769134521484
2023-09-25 04:00:00,482.1477966308594,147.88941955566406,139.43038940429688,541.8032836914062,27.193889617919922
2023-09-26 04:00:00,477.58404541015625,146.7451629638672,138.76324462890625,539.5665893554688,26.715652465820312
2023-09-27 04:00:00,475.9588928222656,144.98257446289062,138.05999755859375,539.3214111328125,26.468280792236328
2023-09-28 04:00:00,481.97772216796875,144.77035522460938,137.26661682128906,534.1123046875,26.46003532409668
2023-09-29 04:00:00,476.3934631347656,143.7275848388672,134.39051818847656,526.93115234375,27.35055923461914
2023-10-02 04:00:00,486.20123291015625,143.17385864257812,133.6602325439453,528.0691528320312,27.98546600341797
2023-10-03 04:00:00,481.3824462890625,143.3491973876953,132.92092895507812,515.2179565429688,27.95248794555664
2023-10-04 04:00:00,482.4690246582031,143.51531982421875,133.15536499023438,521.3688354492188,27.465999603271484
2023-10-05 04:00:00,487.76971435546875,145.01026916503906,132.93898010253906,531.198486328125,27.59792709350586
2023-10-06 04:00:00,495.876708984375,145.47164916992188,133.65121459960938,554.4877319335938,27.317575454711914
2023-10-09 04:00:00,497.4830017089844,146.3022003173828,134.43560791015625,560.9036254882812,27.37529182434082
2023-10-10 04:00:00,495.33807373046875,146.13607788085938,134.23727416992188,568.310302734375,27.35055923461914
2023-10-11 04:00:00,495.23419189453125,144.1243438720703,134.64295959472656,593.7871704101562,27.301084518432617
2023-10-12 04:00:00,496.5665283203125,144.26280212402344,135.0436553955078,598.9081420898438,27.14441680908203
2023-10-13 04:00:00,509.6623840332031,144.74264526367188,134.73402404785156,597.6326904296875,26.47652816772461
2023-10-16 04:00:00,508.3679504394531,145.37017822265625,134.0692901611328,604.9314575195312,27.43301010131836
2023-10-17 04:00:00,507.06402587890625,144.0413360595703,135.84498596191406,596.7596435546875,27.004243850708008
2023-10-18 04:00:00,506.506591796875,140.940673828125,135.93603515625,595.7100219726562,25.899335861206055
2023-10-19 04:00:00,502.32073974609375,140.56231689453125,132.51214599609375,579.58203125,25.717933654785156
2023-10-20 04:00:00,497.97442626953125,141.18983459472656,133.15869140625,573.5390625,25.272672653198242
2023-10-23 04:00:00,492.8153076171875,139.7041015625,131.79275512695312,565.7007446289062,25.429338455200195
2023-10-24 04:00:00,496.05621337890625,139.5564422607422,133.2315216064453,581.18115234375,25.091270446777344
2023-10-25 04:00:00,500.97894287109375,139.87022399902344,132.275390625,575.3245849609375,25.338638305664062
2023-10-26 04:00:00,499.2310791015625,137.49859619140625,132.22073364257812,557.3131103515625,25.693201065063477
2023-10-27 04:00:00,495.73492431640625,134.36106872558594,126.5112075805664,549.5924682617188,24.82741355895996
2023-10-30 04:00:00,500.7711181640625,135.68063354492188,129.2066192626953,554.9685668945312,25.190221786499023
2023-10-31 04:00:00,506.0340881347656,136.88955688476562,128.56007385253906,543.4121704101562,25.198461532592773
2023-11-01 04:00:00,502.2923889160156,137.21250915527344,129.73475646972656,543.93212890625,25.157236099243164
2023-11-02 04:00:00,506.57269287109375,138.6428985595703,130.45413208007812,569.2716064453125,25.148988723754883
2023-11-03 04:00:00,501.63104248046875,139.65797424316406,128.77862548828125,557.0286254882812,25.775651931762695
2023-11-06 05:00:00,504.0498962402344,139.9901580810547,128.5782928466797,583.8887329101562,25.709688186645508
2023-11-07 05:00:00,508.17889404296875,139.25193786621094,129.4524688720703,588.5386962890625,25.767410278320312
2023-11-08 05:00:00,507.1396179199219,138.7444305419922,129.33412170410156,607.374267578125,25.4128475189209
2023-11-09 05:00:00,509.2844543457031,136.0405731201172,125.70075225830078,580.0921630859375,24.802806854248047
2023-11-10 05:00:00,511.3725280761719,135.88368225097656,126.20161437988281,586.3609008789062,24.635671615600586
2023-11-13 05:00:00,512.6575927734375,136.23435974121094,126.24715423583984,601.0759887695312,24.217832565307617
2023-11-14 05:00:00,510.663818359375,136.26202392578125,125.71898651123047,600.3291625976562,24.451824188232422
2023-11-15 05:00:00,508.7269592285156,137.31402587890625,125.30011749267578,578.4318237304688,25.229000091552734
2023-11-16 05:00:00,510.0591735839844,138.51368713378906,125.91932678222656,578.6382446289062,24.87801742553711
2023-11-17 05:00:00,506.7238464355469,138.22763061523438,125.93753814697266,581.5474243164062,25.003366470336914
2023-11-20 05:00:00,505.5993347167969,139.4461669921875,125.94661712646484,587.336181640625,25.053508758544922
2023-11-21 05:00:00,509.8419189453125,140.5717010498047,126.32910919189453,582.4221801757812,25.3209228515625
2023-11-22 05:00:00,513.7819213867188,140.2926788330078,126.09233093261719,584.869384765625,25.337635040283203
2023-11-24 05:00:00,516.9378662109375,141.8553924560547,126.27446746826172,590.776123046875,25.488059997558594
2023-11-27 05:00:00,513.621337890625,140.72052001953125,126.65692138671875,581.3705444335938,25.18721580505371
2023-11-28 05:00:00,510.7301940917969,141.0460968017578,125.7372055053711,581.439208984375,24.811166763305664
2023-11-29 05:00:00,505.4860534667969,141.4926300048828,126.11967468261719,581.6947021484375,25.137075424194336
2023-11-30 05:00:00,522.484130859375,143.86460876464844,129.66195678710938,580.8887939453125,25.46298599243164
2023-12-01 05:00:00,518.7581787109375,147.32496643066406,130.59075927734375,574.0090942382812,24.15933609008789
2023-12-04 05:00:00,519.820068359375,147.79006958007812,131.2646026611328,575.6209106445312,24.468538284301758
2023-12-05 05:00:00,521.6973876953125,147.4831085205078,131.64707946777344,578.0485229492188,24.309755325317383
2023-12-06 05:00:00,521.0051879882812,145.68780517578125,133.29525756835938,579.1295776367188,24.059057235717773
2023-12-07 05:00:00,519.8106079101562,144.552978515625,134.74314880371094,578.16650390625,23.92534828186035
2023-12-08 05:00:00,521.2327880859375,143.641357421875,135.93603515625,587.7785034179688,24.050701141357422
2023-12-11 05:00:00,515.4588012695312,144.23670959472656,137.72085571289062,574.0090942382812,23.933704376220703
2023-12-12 05:00:00,517.3930053710938,144.2460174560547,139.54208374023438,574.716796875,23.88356590270996
2023-12-13 05:00:00,520.5122680664062,144.91574096679688,140.50732421875,587.2379150390625,22.279069900512695
2023-12-14 05:00:00,506.50885009765625,145.92037963867188,141.0354766845703,563.8171997070312,21.836162567138672
2023-12-15 05:00:00,503.55084228515625,144.3297119140625,140.27053833007812,562.2152099609375,22.253999710083008
2023-12-18 05:00:00,499.2181091308594,144.59019470214844,139.7059783935547,569.8026733398438,22.613340377807617
2023-12-19 05:00:00,496.8383483886719,145.53900146484375,139.86988830566406,569.851806640625,23.53257942199707
2023-12-20 05:00:00,489.1493225097656,142.57167053222656,138.130615234375,560.4165649414062,23.089672088623047
2023-12-21 05:00:00,492.8943176269531,144.03204345703125,138.95016479492188,562.1759643554688,23.65793228149414
2023-12-22 05:00:00,493.3019104003906,144.6087646484375,141.09010314941406,560.5934448242188,23.733142852783203
2023-12-26 05:00:00,493.0365905761719,145.24131774902344,140.79869079589844,560.8688354492188,23.741500854492188
2023-12-27 05:00:00,495.6532287597656,145.43667602539062,141.0354766845703,571.5225219726562,23.90863800048828
2023-12-28 05:00:00,497.6536865234375,145.65061950683594,140.91709899902344,570.8738403320312,24.059057235717773
2023-12-29 05:00:00,499.1422119140625,145.79945373535156,141.117431640625,572.9083862304688,24.059057235717773
2024-01-02 05:00:00,511.34423828125,148.80401611328125,145.53390502929688,582.0289306640625,24.844587326049805
2024-01-03 05:00:00,513.89453125,149.7341766357422,146.11669921875,607.091064453125,24.844587326049805
2024-01-04 05:00:00,517.1085205078125,149.41793823242188,147.02728271484375,603.9459228515625,24.309755325317383
2024-01-05 05:00:00,509.48583984375,149.88302612304688,147.64651489257812,607.9264526367188,24.627317428588867
2024-01-08 05:00:00,508.6705322265625,150.25511169433594,146.99996948242188,615.2780151367188,24.719240188598633
2024-01-09 05:00:00,510.424560546875,150.34811401367188,147.80130004882812,614.7373657226562,24.568817138671875
2024-01-10 05:00:00,509.7324523925781,150.57138061523438,150.1506805419922,619.3663940429688,24.226186752319336
2024-01-11 05:00:00,511.6666564941406,149.90162658691406,149.139892578125,624.801513671875,23.733142852783203
2024-01-12 05:00:00,494.4396667480469,151.05506896972656,149.29617309570312,631.8778076171875,23.983844757080078
2024-01-16 05:00:00,492.20220947265625,149.3155975341797,148.45042419433594,623.6712036132812,23.666290283203125
2024-01-17 05:00:00,497.6916198730469,149.2318572998047,148.96522521972656,618.1085205078125,23.524227142333984
2024-01-18 05:00:00,489.5380859375,149.95742797851562,150.12355041503906,612.64404296875,23.474082946777344
2024-01-19 05:00:00,477.4214172363281,150.3946075439453,151.47494506835938,617.7841796875,23.632862091064453
2024-01-22 05:00:00,486.3619689941406,151.12948608398438,152.04493713378906,620.044677734375,23.65793228149414
2024-01-23 05:00:00,488.7606201171875,148.6551513671875,153.98468017578125,618.865234375,23.758214950561523
2024-01-24 05:00:00,486.5894775390625,147.86448669433594,150.96932983398438,622.8162231445312,23.674646377563477
2024-01-25 05:00:00,467.7887878417969,148.42262268066406,151.80592346191406,616.840576171875,23.30141830444336
2024-01-26 05:00:00,477.0801086425781,148.36679077148438,151.13478088378906,628.2709350585938,23.30141830444336
2024-01-29 05:00:00,478.3505859375,148.23658752441406,150.68434143066406,633.9221801757812,23.309898376464844
2024-01-30 05:00:00,477.4687805175781,147.68775939941406,151.61285400390625,633.9024658203125,22.91970443725586
2024-01-31 05:00:00,485.17681884765625,147.8086395263672,151.13478088378906,634.5216674804688,22.970596313476562
2024-02-01 05:00:00,480.81561279296875,147.30636596679688,154.06739807128906,649.0870361328125,23.148733139038086
2024-02-02 05:00:00,483.74517822265625,145.6785125732422,155.06027221679688,656.1829833984375,22.843360900878906
2024-02-05 05:00:00,476.8525390625,144.92506408691406,157.4412841796875,694.0709838867188,22.537992477416992
2024-02-06 05:00:00,484.162353515625,147.0272979736328,159.30747985839844,692.921142578125,23.326862335205078
2024-02-07 05:00:00,492.4297180175781,146.952880859375,160.88868713378906,712.921630859375,23.37775993347168
2024-02-08 05:00:00,493.0933837890625,145.48316955566406,160.6864471435547,723.044677734375,23.386241912841797
2024-02-09 05:00:00,491.3204345703125,145.8180389404297,160.03375244140625,727.44775390625,23.37775993347168
2024-02-12 05:00:00,490.7705993652344,146.83197021484375,159.1052703857422,724.59765625,23.462583541870117
2024-02-13 05:00:00,490.0215759277344,145.5482940673828,159.30747985839844,730.2095336914062,22.877288818359375
2024-02-14 05:00:00,490.1068420410156,144.86924743652344,160.34629821777344,745.6078491210938,22.99604606628418
2024-02-15 05:00:00,493.8423767089844,146.89706420898438,162.3412322998047,746.070556640625,23.335346221923828
2024-02-16 05:00:00,494.4775390625,146.72837829589844,163.16859436035156,769.9754028320312,23.428651809692383
2024-02-20 05:00:00,494.01300048828125,147.95619201660156,161.56900024414062,743.9832763671875,23.403207778930664
2024-02-21 05:00:00,494.8757629394531,148.72471618652344,161.0082244873047,734.3839111328125,23.471065521240234
2024-02-22 05:00:00,499.1706848144531,150.38369750976562,162.48831176757812,757.747314453125,23.369274139404297
2024-02-23 05:00:00,499.87225341796875,151.6864776611328,163.72018432617188,757.64892578125,23.547407150268555
2024-02-26 05:00:00,498.0519714355469,150.70236206054688,164.382080078125,759.9920654296875,23.055421829223633
2024-02-27 05:00:00,486.76959228515625,150.88043212890625,164.54757690429688,753.178955078125,22.809431076049805
2024-02-28 05:00:00,472.4154357910156,151.41468811035156,163.63746643066406,745.9328002929688,22.936668395996094
2024-02-29 05:00:00,467.9784240722656,151.25535583496094,161.8447723388672,742.0338745117188,22.529512405395508
2024-03-01 05:00:00,464.1196594238281,151.94894409179688,164.47402954101562,770.0344848632812,22.554960250854492
2024-03-04 05:00:00,456.85723876953125,149.81198120117188,162.7641143798828,780.0374755859375,21.961181640625
2024-03-05 05:00:00,448.5899353027344,149.9337615966797,164.70384216308594,765.574462890625,22.12234878540039
2024-03-06 05:00:00,448.0685119628906,149.3433074951172,166.4505615234375,767.7207641601562,23.063907623291016
2024-03-07 05:00:00,453.9277038574219,148.90280151367188,166.00009155273438,768.104736328125,22.724605560302734
2024-03-08 05:00:00,453.6136169433594,149.51205444335938,164.4188690185547,750.3632202148438,23.08935546875
2024-03-11 04:00:00,465.5876159667969,151.11474609375,165.1359405517578,723.0222778320312,24.064842224121094
2024-03-12 04:00:00,465.7779541015625,152.53001403808594,166.3218231201172,743.2843017578125,23.75947380065918
2024-03-13 04:00:00,464.49298095703125,150.992919921875,165.34735107421875,746.129638671875,23.937602996826172
2024-03-14 04:00:00,465.4447937011719,149.22149658203125,166.5792236328125,748.9749755859375,23.86125946044922
2024-03-15 04:00:00,467.17718505859375,148.25611877441406,163.5271453857422,742.5164184570312,23.700092315673828
2024-03-18 04:00:00,463.5887756347656,146.92515563964844,164.0879364013672,750.8751220703125,23.513477325439453
2024-03-19 04:00:00,469.5567321777344,146.4097137451172,165.1634979248047,760.8388671875,23.4371337890625
2024-03-20 04:00:00,470.42291259765625,145.98793029785156,162.0470428466797,760.91748046875,23.49651527404785
2024-03-21 04:00:00,468.0052490234375,145.9785614013672,163.1777801513672,758.3577880859375,23.462583541870117
2024-03-22 04:00:00,466.46331787109375,145.49118041992188,164.0511474609375,758.7022705078125,23.208110809326172
2024-03-25 04:00:00,462.4751281738281,145.48184204101562,164.1246795654297,761.193359375,23.267486572265625
2024-03-26 04:00:00,468.59539794921875,145.99729919433594,164.7314453125,762.9259643554688,23.403207778930664
2024-03-27 04:00:00,469.3473205566406,148.0499267578125,165.7978515625,766.1553344726562,23.564373016357422
2024-03-28 04:00:00,470.8702392578125,148.2655029296875,167.40664672851562,765.938720703125,23.538925170898438
2024-04-01 04:00:00,466.1111145019531,147.8811798095703,166.17474365234375,748.7977905273438,23.513477325439453
2024-04-02 04:00:00,436.0714111328125,147.83436584472656,166.1103973388672,752.1550903320312,23.369274139404297
2024-04-03 04:00:00,437.59423828125,144.58203125,163.02151489257812,763.9991455078125,23.08935546875
2024-04-04 04:00:00,433.4443359375,142.93246459960938,154.35238647460938,756.21142578125,22.605852127075195
2024-04-05 04:00:00,433.7869567871094,142.82936096191406,156.282958984375,772.0922241210938,22.614334106445312
2024-04-08 04:00:00,434.034423828125,142.07955932617188,156.09909057617188,765.279052734375,22.54647445678711
2024-04-09 04:00:00,437.57525634765625,142.73561096191406,156.4116668701172,745.5389404296875,22.716127395629883
2024-04-10 04:00:00,428.3710632324219,140.77674865722656,155.3912353515625,750.2056274414062,22.325931549072266
2024-04-11 04:00:00,420.4422912597656,139.45521545410156,154.00306701660156,747.8527221679688,22.3428955078125
2024-04-12 04:00:00,418.0437316894531,138.264892578125,150.57911682128906,740.025390625,21.93573570251465
2024-04-15 04:00:00,424.1639404296875,138.3304901123047,150.01309204101562,739.1689453125,21.978145599365234
2024-04-16 04:00:00,446.303466796875,135.38751220703125,150.82040405273438,735.2011108398438,21.79153060913086
2024-04-17 04:00:00,455.9169616699219,135.68740844726562,152.40707397460938,739.1689453125,21.562501907348633
2024-04-18 04:00:00,469.4234313964844,136.59658813476562,152.7875213623047,734.42333984375,21.537057876586914
2024-04-19 04:00:00,476.9905090332031,138.63043212890625,154.4113311767578,715.0867919921875,22.05449104309082
2024-04-22 04:00:00,467.56744384765625,139.76451110839844,155.78460693359375,720.0292358398438,22.27503204345703
2024-04-23 04:00:00,462.7606201171875,140.17689514160156,157.3156280517578,734.1673583984375,22.325931549072266
2024-04-24 04:00:00,463.8266906738281,139.21153259277344,155.7011260986328,720.8858032226562,22.28351593017578
2024-04-25 04:00:00,470.0706481933594,137.60882568359375,155.22787475585938,713.6690673828125,21.426782608032227
2024-04-26 04:00:00,471.4889221191406,136.9714813232422,148.11090087890625,722.175537109375,21.5455379486084
2024-04-29 04:00:00,465.4733581542969,137.60882568359375,149.87391662597656,725.8085327148438,21.749120712280273
2024-04-30 04:00:00,460.400146484375,135.51870727539062,150.9131622314453,769.0301513671875,21.732158660888672
2024-05-01 04:00:00,460.7903747558594,141.6952667236328,150.05950927734375,764.7474975585938,23.055421829223633
2024-05-02 04:00:00,469.22357177734375,140.51429748535156,149.2151336669922,744.2294921875,23.49651527404785
2024-05-03 04:00:00,468.7286682128906,139.9051055908203,151.98023986816406,723.6129760742188,23.589820861816406
2024-05-06 04:00:00,470.565673828125,139.25839233398438,150.9966583251953,754.8330688476562,23.886709213256836
2024-05-07 04:00:00,476.8287048339844,139.3896026611328,150.82968139648438,765.751708984375,23.555889129638672
2024-05-08 04:00:00,478.9703369140625,139.60519409179688,148.88104248046875,763.0244750976562,23.980016708374023
2024-05-09 04:00:00,482.6062927246094,140.44871520996094,148.8346710205078,759.6279296875,24.26416015625
2024-05-10 04:00:00,488.10784912109375,140.5049591064453,149.159423828125,748.2562866210938,24.117782592773438
2024-05-13 04:00:00,487.08941650390625,141.73277282714844,149.6511993408203,745.9918212890625,24.48802947998047
2024-05-14 04:00:00,489.1263732910156,141.88270568847656,149.93885803222656,752.1748657226562,24.43636703491211
2024-05-15 04:00:00,492.6195068359375,143.09181213378906,151.98023986816406,776.1795043945312,24.815227508544922
2024-05-16 04:00:00,496.160400390625,144.60081481933594,152.4998779296875,760.4984741210938,24.90133285522461
2024-05-17 04:00:00,499.35845947265625,144.9381866455078,154.4206085205078,759.3939819335938,24.660240173339844
2024-05-20 04:00:00,492.31488037109375,142.92568969726562,152.6947479248047,772.3923950195312,24.565526962280273
2024-05-21 04:00:00,498.33056640625,142.8973388671875,151.18223571777344,792.1070556640625,24.591354370117188
2024-05-22 04:00:00,496.23651123046875,145.0326690673828,148.10165405273438,791.8505859375,25.486841201782227
2024-05-23 04:00:00,491.93426513671875,141.4423065185547,146.84896850585938,797.3142700195312,24.703292846679688
2024-05-24 04:00:00,483.6913757324219,138.86289978027344,145.73550415039062,796.308349609375,24.86688804626465
2024-05-28 04:00:00,479.41766357421875,136.41578674316406,144.13949584960938,796.732421875,24.367483139038086
2024-05-29 04:00:00,461.3710021972656,136.47247314453125,143.62916564941406,800.3519287109375,23.954185485839844
2024-05-30 04:00:00,458.4488525390625,137.26611328125,145.03956604003906,803.8331909179688,24.281381607055664
2024-05-31 04:00:00,471.50799560546875,138.5794219970703,149.6141357421875,809.0405883789062,24.677461624145508
2024-06-03 04:00:00,473.478271484375,139.59039306640625,148.63983154296875,819.8101196289062,25.237136840820312
2024-06-04 04:00:00,481.1405029296875,139.64710998535156,150.44923400878906,821.1217651367188,25.392126083374023
2024-06-05 04:00:00,478.88470458984375,137.91806030273438,153.51129150390625,820.3032836914062,25.443784713745117
2024-06-06 04:00:00,477.74249267578125,138.34323120117188,156.41558837890625,825.7569580078125,24.798004150390625
2024-06-07 04:00:00,467.0534362792969,138.9668426513672,157.2042999267578,838.2821655273438,24.608577728271484
2024-06-10 04:00:00,471.1557922363281,139.01406860351562,158.1693115234375,853.0853271484375,24.16944694519043
2024-06-11 04:00:00,472.3170166015625,138.66445922851562,155.60833740234375,853.89404296875,24.135007858276367
2024-06-12 04:00:00,469.31878662109375,137.38894653320312,154.1144256591797,855.3536376953125,23.816417694091797
2024-06-13 04:00:00,473.344970703125,137.4267120361328,154.5504913330078,871.1629028320312,23.80780792236328
2024-06-14 04:00:00,473.1736755371094,137.51174926757812,156.43417358398438,866.3500366210938,23.704483032226562
2024-06-17 04:00:00,467.6392517089844,137.89913940429688,157.44554138183594,872.8197021484375,23.23090934753418
2024-06-18 04:00:00,459.8201904296875,137.61569213867188,159.00442504882812,879.1808471679688,23.601158142089844
2024-06-20 04:00:00,463.1370544433594,139.62818908691406,159.7189178466797,873.7863159179688,23.88530158996582
2024-06-21 04:00:00,461.292236328125,140.54470825195312,158.10435485839844,871.7053833007812,23.88530158996582
2024-06-24 04:00:00,468.35614013671875,140.89427185058594,160.2849578857422,877.8494873046875,24.41914939880371
2024-06-25 04:00:00,463.1180114746094,139.0707550048828,158.43841552734375,892.1497802734375,24.100563049316406
2024-06-26 04:00:00,462.6782531738281,138.72117614746094,158.80955505371094,888.845947265625,23.609769821166992
2024-06-27 04:00:00,464.9723815917969,137.75741577148438,156.80532836914062,896.5186767578125,23.936960220336914
2024-06-28 04:00:00,486.7852783203125,138.0975799560547,159.1529083251953,892.9091796875,24.09195327758789
2024-07-01 04:00:00,472.8199768066406,138.36212158203125,158.08580017089844,901.775390625,24.298601150512695
2024-07-02 04:00:00,476.2515563964844,137.97471618652344,153.99378967285156,894.2208251953125,23.96279525756836
2024-07-03 04:00:00,468.2701416015625,137.65350341796875,152.02664184570312,885.7294311523438,23.850860595703125
2024-07-05 04:00:00,466.4730529785156,138.39991760253906,155.19078063964844,901.9725952148438,24.152223587036133
2024-07-08 04:00:00,467.7443542480469,137.45506286621094,154.51341247558594,905.35546875,24.04890251159668
2024-07-09 04:00:00,470.39208984375,138.93849182128906,155.93309020996094,919.6556396484375,23.86807632446289
2024-07-10 04:00:00,478.8228454589844,141.1871795654297,156.01658630371094,926.8353881835938,24.410539627075195
2024-07-11 04:00:00,482.1014709472656,141.4423065185547,157.65896606445312,921.2730102539062,24.677461624145508
2024-07-12 04:00:00,488.955078125,141.6123809814453,158.00230407714844,935.3366088867188,24.90133285522461
2024-07-15 04:00:00,492.6255798339844,141.00767517089844,157.34678649902344,937.3682861328125,25.056318283081055
2024-07-16 04:00:00,524.6470947265625,142.68003845214844,158.4424285888672,928.6303100585938,25.40073585510254
2024-07-17 04:00:00,547.9799194335938,147.94277954101562,164.12648010253906,893.1163940429688,25.85708999633789
2024-07-18 04:00:00,539.4345092773438,146.8467559814453,160.2590789794922,837.2070922851562,25.581554412841797
2024-07-19 04:00:00,540.3807983398438,146.1570281982422,161.3640594482422,845.6591186523438,25.8054256439209
2024-07-22 04:00:00,533.880859375,145.7318878173828,162.57200622558594,854.0419921875,25.486841201782227
2024-07-23 04:00:00,530.219970703125,143.94610595703125,162.14125061035156,866.1922607421875,25.40073585510254
2024-07-24 04:00:00,535.0469970703125,147.65933227539062,165.0067138671875,848.0358276367188,25.814037322998047
2024-07-25 04:00:00,534.9801025390625,150.833984375,170.58778381347656,809.8788452148438,25.986242294311523
2024-07-26 04:00:00,544.5770263671875,151.77882385253906,173.38768005371094,793.5369873046875,26.86817169189453
2024-07-29 04:00:00,541.7380981445312,149.8135528564453,170.37240600585938,796.663330078125,26.824508666992188
2024-07-30 04:00:00,550.8953247070312,152.43077087402344,174.90469360351562,779.3256225585938,27.409547805786133
2024-07-31 04:00:00,550.7327270507812,149.1427459716797,173.5375213623047,793.1919555664062,26.66733741760254
2024-08-01 04:00:00,547.4924926757812,151.89219665527344,177.64840698242188,820.9738159179688,26.763383865356445
2024-08-02 04:00:00,563.7994384765625,155.0857696533203,177.25509643554688,793.3793334960938,26.5712833404541
2024-08-05 04:00:00,544.8064575195312,152.3551788330078,172.6385498046875,764.5814208984375,25.968780517578125
2024-08-06 04:00:00,543.2673950195312,150.200927734375,173.90274047851562,782.2546997070312,25.602039337158203
2024-08-07 04:00:00,541.09765625,150.13479614257812,175.5882568359375,761.5044555664062,25.191635131835938
2024-08-08 04:00:00,541.2506103515625,151.38198852539062,178.29452514648438,833.6665649414062,25.113052368164062
2024-08-09 04:00:00,534.1007080078125,151.75991821289062,177.85440063476562,879.3978881835938,24.92967987060547
2024-08-12 04:00:00,540.3424682617188,151.0607452392578,178.08851623535156,872.1983642578125,24.842361450195312
2024-08-13 04:00:00,548.8975219726562,149.65293884277344,179.07176208496094,895.5423583984375,25.191635131835938
2024-08-14 04:00:00,554.0879516601562,149.73797607421875,180.729248046875,918.846923828125,25.217832565307617
2024-08-15 04:00:00,554.030517578125,150.31431579589844,181.10377502441406,920.0321044921875,25.06939125061035
2024-08-16 04:00:00,552.1857299804688,150.59776306152344,181.57200622558594,910.6893310546875,24.711380004882812
2024-08-19 04:00:00,553.2371826171875,150.8245391845703,184.35316467285156,910.3831787109375,25.14797592163086
2024-08-20 04:00:00,555.024658203125,151.32530212402344,183.67893981933594,938.194091796875,25.23529624938965
2024-08-21 04:00:00,552.55859375,152.52525329589844,184.03480529785156,940.1692504882812,25.348812103271484
2024-08-22 04:00:00,553.1798706054688,153.39451599121094,183.8849639892578,942.342041015625,25.13051414489746
2024-08-23 04:00:00,558.71435546875,155.07632446289062,184.9899444580078,940.9297485351562,25.23529624938965
2024-08-26 04:00:00,561.2186889648438,155.52984619140625,184.88694763183594,938.7471923828125,25.25275993347168
2024-08-27 04:00:00,561.4288940429688,155.1300048828125,183.4635772705078,942.648193359375,25.165441513061523
2024-08-28 04:00:00,562.5665283203125,156.05343627929688,182.9766387939453,937.1768798828125,25.104318618774414
2024-08-29 04:00:00,565.4627075195312,156.34854125976562,182.77064514160156,928.5452880859375,25.078121185302734
2024-08-30 04:00:00,564.1531982421875,157.90032958984375,183.82876586914062,948.1195068359375,25.331350326538086
2024-09-03 04:00:00,572.2589721679688,159.13795471191406,185.1210479736328,944.6727905273438,24.711380004882812
2024-09-04 04:00:00,577.5162963867188,159.328369140625,184.48428344726562,934.5795288085938,24.78997039794922
2024-09-05 04:00:00,569.209716796875,157.07211303710938,180.59812927246094,901.435546875,24.89475440979004
2024-09-06 04:00:00,570.538330078125,156.49136352539062,181.10377502441406,891.5198974609375,24.93840980529785
2024-09-09 04:00:00,567.881103515625,158.61434936523438,183.9317626953125,897.010986328125,25.68062400817871
2024-09-10 04:00:00,572.593505859375,159.34738159179688,186.67552185058594,890.0779418945312,25.968780517578125
2024-09-11 04:00:00,563.7230834960938,156.91026306152344,182.2181396484375,909.4744873046875,25.89892578125
2024-09-12 04:00:00,562.4517822265625,156.7388916015625,181.6843719482422,923.4293823242188,25.46232795715332
2024-09-13 04:00:00,568.0914306640625,157.57666015625,181.86231994628906,912.2596435546875,25.558378219604492
2024-09-16 04:00:00,565.136962890625,158.9761199951172,183.28567504882812,912.0916748046875,26.256933212280273
2024-09-17 04:00:00,554.4124145507812,159.05227661132812,181.150634765625,894.9468383789062,26.047367095947266
2024-09-18 04:00:00,556.9927368164062,158.17640686035156,180.6730194091797,893.7518920898438,25.977510452270508
2024-09-19 04:00:00,553.55859375,156.91026306152344,181.30979919433594,903.6970825195312,25.89892578125
2024-09-20 04:00:00,551.5729370117188,156.28192138671875,181.16934204101562,910.067138671875,25.68935775756836
2024-09-23 04:00:00,550.0477294921875,155.3870391845703,181.50645446777344,907.1339111328125,25.593305587768555
2024-09-24 04:00:00,551.7552490234375,154.96817016601562,181.206787109375,912.9705810546875,25.759214401245117
2024-09-25 04:00:00,552.8295288085938,152.89279174804688,179.09986877441406,913.0991821289062,25.26149559020996
2024-09-26 04:00:00,551.390625,153.6448516845703,179.69915771484375,898.0480346679688,25.296419143676758
2024-09-27 04:00:00,558.143798828125,153.6543731689453,182.40542602539062,866.9088134765625,25.401203155517578
2024-09-30 04:00:00,560.8585815429688,154.28271484375,184.9243621826172,874.9578247070312,25.270227432250977
2024-10-01 04:00:00,559.5347900390625,154.21604919433594,184.4374542236328,873.515869140625,25.03446388244629
2024-10-02 04:00:00,568.177734375,153.4354248046875,184.30638122558594,880.024169921875,24.982072830200195
2024-10-03 04:00:00,568.5997924804688,152.79757690429688,183.02345275878906,874.5725708007812,24.746307373046875
2024-10-04 04:00:00,567.1129150390625,152.59762573242188,181.93722534179688,876.1626586914062,24.95587730407715
2024-10-07 04:00:00,559.7841796875,151.8740997314453,181.30044555664062,887.2633056640625,25.497255325317383
2024-10-08 04:00:00,557.8848876953125,152.02642822265625,180.7385711669922,902.3934326171875,25.479795455932617
2024-10-09 04:00:00,567.132080078125,152.94036865234375,182.36795043945312,908.3387451171875,26.361717224121094
2024-10-10 04:00:00,573.34814453125,152.8070831298828,181.99337768554688,899.4010009765625,25.619504928588867
2024-10-11 04:00:00,573.6838989257812,153.7115020751953,181.8435821533203,920.506103515625,25.46232795715332
2024-10-14 04:00:00,580.7344360351562,153.8447723388672,183.21075439453125,917.9876708984375,25.392473220825195
2024-10-15 04:00:00,533.6253051757812,156.22482299804688,181.09640502929688,901.9984741210938,25.706825256347656
2024-10-16 04:00:00,548.06201171875,156.39614868164062,179.7749481201172,905.0598754882812,25.907657623291016
2024-10-17 04:00:00,542.9684448242188,156.57704162597656,177.99099731445312,905.7513427734375,25.558378219604492
2024-10-18 04:00:00,546.4024658203125,157.19586181640625,178.2647247314453,906.5907592773438,25.514719009399414
2024-10-21 04:00:00,548.1867065429688,155.0157470703125,176.0748748779297,894.8975830078125,25.26149559020996
2024-10-22 04:00:00,546.642333984375,155.60598754882812,178.17030334472656,897.8800659179688,25.182905197143555
2024-10-23 04:00:00,541.6349487304688,157.90032958984375,177.33969116210938,892.0531616210938,25.20037269592285
2024-10-24 04:00:00,537.9609985351562,155.81541442871094,179.01039123535156,880.2711181640625,25.008268356323242
2024-10-25 04:00:00,541.558349609375,153.1593475341797,177.3113555908203,881.634033203125,24.842361450195312
2024-10-28 04:00:00,542.2105712890625,153.8447723388672,179.03871154785156,884.4882202148438,25.20037269592285
2024-10-29 04:00:00,539.227294921875,152.4072265625,178.8216094970703,892.3792114257812,24.851089477539062
2024-10-30 04:00:00,540.0234985351562,152.9022979736328,190.19557189941406,836.3326416015625,24.903484344482422
2024-10-31 04:00:00,541.5007934570312,152.18826293945312,192.4326171875,819.4544677734375,24.711380004882812
2024-11-01 04:00:00,544.4360961914062,152.44532775878906,192.13059997558594,808.7784423828125,24.52800941467285
2024-11-04 05:00:00,535.044921875,150.6460418701172,189.22337341308594,796.1470947265625,24.239856719970703
2024-11-05 05:00:00,543.9276733398438,150.7507781982422,190.36549377441406,796.0679931640625,24.440690994262695
2024-11-06 05:00:00,572.3792114257812,150.30328369140625,189.91241455078125,766.7559204101562,23.890579223632812
2024-11-07 05:00:00,580.7823486328125,149.20849609375,189.26112365722656,787.564697265625,23.97789764404297
2024-11-08 05:00:00,590.72021484375,148.0089569091797,188.30780029296875,821.232177734375,23.694135665893555
2024-11-11 05:00:00,599.775634765625,147.59957885742188,164.6442413330078,822.1209716796875,23.26849365234375
2024-11-12 05:00:00,589.626708984375,145.31475830078125,161.49163818359375,808.7093505859375,23.22415542602539
2024-11-13 05:00:00,581.185302734375,145.885986328125,160.79315185546875,801.7467041015625,23.694135665893555
2024-11-14 05:00:00,568.9834594726562,144.5817413330078,160.11354064941406,776.4837646484375,23.073408126831055
2024-11-15 05:00:00,568.1009521484375,146.60951232910156,155.73385620117188,738.1705322265625,21.99156379699707
2024-11-18 05:00:00,565.6260986328125,147.3425750732422,156.95147705078125,719.3749389648438,22.044769287109375
2024-11-19 05:00:00,553.491455078125,145.65748596191406,157.2252197265625,721.8777465820312,22.257593154907227
2024-11-20 05:00:00,576.0339965820312,145.76222229003906,158.34844970703125,745.3029174804688,22.115711212158203
2024-11-21 05:00:00,573.1465454101562,148.0375213623047,162.09573364257812,741.8505249023438,22.28419303894043
2024-11-22 05:00:00,566.79638671875,147.7233428955078,167.02285766601562,739.9609985351562,22.74530601501465
2024-11-25 05:00:00,581.1467895507812,148.3040771484375,167.12672424316406,746.8758544921875,23.206418991088867
2024-11-26 05:00:00,582.0676879882812,148.28488159179688,170.97781372070312,780.8265991210938,22.851716995239258
2024-11-27 05:00:00,583.5928955078125,149.12936401367188,172.80897521972656,779.7088012695312,22.904922485351562
2024-11-29 05:00:00,585.3388061523438,148.75509643554688,172.66737365722656,786.7916870117188,23.24188995361328
2024-12-02 05:00:00,583.7272338867188,148.55360412597656,171.57247924804688,791.19384765625,22.896055221557617
2024-12-03 05:00:00,580.5712890625,146.21205139160156,171.31759643554688,804.5782470703125,22.665498733520508
2024-12-04 05:00:00,585.9046630859375,144.3983154296875,166.56036376953125,820.91064453125,22.37286949157715
2024-12-05 05:00:00,555.3811645507812,143.4866485595703,166.28665161132812,816.7359619140625,22.78964614868164
2024-12-06 05:00:00,527.2269897460938,143.28512573242188,166.30551147460938,817.8142700195312,22.816247940063477
2024-12-09 05:00:00,539.8414306640625,143.56341552734375,166.66421508789062,794.9331665039062,23.144346237182617
2024-12-10 05:00:00,544.2421264648438,143.20834350585938,165.814697265625,790.9761352539062,22.67436408996582
2024-12-11 05:00:00,513.7554931640625,140.7228546142578,164.58763122558594,787.46435546875,22.37286949157715
2024-12-12 05:00:00,496.6441345214844,140.33901977539062,163.4738311767578,773.9315795898438,22.49701690673828
2024-12-13 05:00:00,501.1891784667969,140.7036590576172,163.6437225341797,780.6287841796875,22.683231353759766
2024-12-16 05:00:00,480.0238952636719,138.04544067382812,162.0013427734375,770.6176147460938,22.39060401916504
2024-12-17 05:00:00,467.5249328613281,140.50213623046875,165.5409698486328,770.24169921875,23.43697738647461
2024-12-18 05:00:00,481.1986083984375,138.90911865234375,163.31336975097656,756.4814453125,22.958126068115234
2024-12-19 05:00:00,471.11669921875,137.7863311767578,161.8975067138672,749.3885498046875,22.851716995239258
2024-12-20 05:00:00,481.59344482421875,138.6404266357422,165.729736328125,759.4985961914062,23.374902725219727
2024-12-23 05:00:00,487.57330322265625,139.4081573486328,168.382080078125,787.711669921875,23.68526840209961
2024-12-24 05:00:00,487.3421630859375,139.96475219726562,169.90176391601562,787.1082153320312,23.711872100830078
2024-12-26 05:00:00,492.2049865722656,139.70562744140625,169.14663696289062,785.5947875976562,23.552255630493164
2024-12-27 05:00:00,491.0879821777344,139.197021484375,168.02340698242188,774.7427368164062,23.60546112060547
2024-12-30 05:00:00,488.9791564941406,137.55601501464844,166.31494140625,765.51318359375,23.428110122680664
2024-12-31 05:00:00,487.11102294921875,138.78436279296875,167.73080444335938,763.6929931640625,23.525651931762695
2025-01-02 05:00:00,485.81109619140625,138.20858764648438,169.37318420410156,769.6976928710938,23.596593856811523
2025-01-03 05:00:00,493.9864196777344,138.37171936035156,171.05331420898438,773.5654907226562,23.578859329223633
2025-01-06 05:00:00,494.6316223144531,137.8631134033203,169.99618530273438,756.8671875,23.844884872436523
2025-01-07 05:00:00,495.19012451171875,140.32940673828125,169.4581298828125,764.968994140625,24.057706832885742
2025-01-08 05:00:00,505.0794677734375,136.52920532226562,168.48593139648438,778.7491455078125,23.818281173706055
2025-01-10 05:00:00,501.3914489746094,136.32765197753906,165.34274291992188,791.2927856445312,23.694135665893555
2025-01-13 05:00:00,521.0834350585938,138.6404266357422,166.8246612548828,788.8987426757812,23.765077590942383
2025-01-14 05:00:00,523.5870971679688,138.90911865234375,165.70143127441406,736.8944091796875,23.41924285888672
2025-01-15 05:00:00,523.2789306640625,139.1202392578125,163.2622528076172,738.7047729492188,23.250755310058594
2025-01-16 05:00:00,491.665771484375,141.80726623535156,165.5013427734375,749.4478759765625,23.490182876586914
2025-01-17 05:00:00,490.86651611328125,141.09713745117188,163.46234130859375,717.9108276367188,23.321697235107422
2025-01-21 05:00:00,505.5320129394531,142.17193603515625,164.46278381347656,734.3619384765625,23.623197555541992
2025-01-22 05:00:00,500.4573669433594,139.4081573486328,161.2137451171875,745.8668212890625,23.064537048339844
2025-01-23 05:00:00,510.1349182128906,140.7228546142578,162.61434936523438,758.3511352539062,23.445842742919922
2025-01-24 05:00:00,512.7733154296875,140.89559936523438,162.26182556152344,776.9585571289062,23.517959594726562
2025-01-27 05:00:00,523.3753051757812,146.7206573486328,168.55029296875,799.4736938476562,24.212047576904297
2025-01-28 05:00:00,522.373779296875,144.3119659423828,166.55894470214844,796.3279418945312,24.11289405822754
2025-01-29 05:00:00,518.1561279296875,145.05087280273438,166.98768615722656,795.4277954101562,23.995708465576172
2025-01-30 05:00:00,525.3492431640625,146.70147705078125,167.35926818847656,814.3717041015625,24.257118225097656
2025-01-31 05:00:00,522.3834228515625,146.01051330566406,175.2198944091797,802.3523559570312,23.905569076538086
2025-02-03 05:00:00,527.862548828125,145.7418212890625,181.16537475585938,801.7094116210938,23.617115020751953
2025-02-04 05:00:00,525.2337646484375,147.29644775390625,180.98434448242188,817.18115234375,23.319650650024414
2025-02-05 05:00:00,519.802734375,148.4480438232422,182.69937133789062,833.1177978515625,23.833452224731445
2025-02-06 05:00:00,510.3948059082031,147.3156280517578,183.86180114746094,861.00439453125,23.283588409423828
2025-02-07 05:00:00,507.4964599609375,146.9413604736328,181.60365295410156,868.8590087890625,23.202463150024414
2025-02-10 05:00:00,513.6013793945312,148.0161895751953,181.35589599609375,859.530517578125,23.319650650024414
2025-02-11 05:00:00,514.1310424804688,149.8299102783203,182.7755889892578,855.6921997070312,23.013166427612305
2025-02-12 05:00:00,507.85272216796875,148.99502563476562,183.890380859375,863.576416015625,22.95907974243164
2025-02-13 05:00:00,511.4925537109375,150.9047393798828,184.3191375732422,862.4783935546875,23.11231803894043
2025-02-14 05:00:00,504.10693359375,149.84912109375,183.76651000976562,836.624755859375,23.013166427612305
2025-02-18 05:00:00,482.17120361328125,149.92649841308594,186.98695373535156,849.4376220703125,23.040206909179688
2025-02-19 05:00:00,492.09912109375,152.73175048828125,188.03504943847656,859.1984252929688,23.33767318725586
2025-02-20 05:00:00,483.798583984375,154.46327209472656,191.39842224121094,865.2134399414062,23.346689224243164
2025-02-21 05:00:00,449.13287353515625,156.9976806640625,192.54180908203125,865.7683715820312,23.70725440979004
2025-02-24 05:00:00,444.4144592285156,158.39064025878906,194.4473876953125,873.41845703125,24.022748947143555
2025-02-25 05:00:00,452.94610595703125,160.6638641357422,194.50454711914062,893.6337280273438,24.103879928588867
2025-02-26 05:00:00,446.4076843261719,157.75221252441406,193.42788696289062,906.72412109375,23.815425872802734
2025-02-27 05:00:00,451.19354248046875,158.38095092773438,195.343017578125,896.9632568359375,23.5269718170166
2025-02-28 05:00:00,457.3562927246094,159.6288299560547,199.1637420654297,912.293212890625,23.824440002441406
2025-03-03 05:00:00,449.7394714355469,161.8149871826172,201.49810791015625,921.3009033203125,23.66218376159668
2025-03-04 05:00:00,457.019287109375,160.01576232910156,197.95367431640625,902.8098754882812,23.211475372314453
2025-03-05 05:00:00,458.3385314941406,159.72555541992188,201.55526733398438,921.3009033203125,23.382747650146484
2025-03-06 05:00:00,469.6434020996094,160.41236877441406,200.8025665283203,904.4944458007812,23.65317153930664
2025-03-07 05:00:00,475.18994140625,161.24427795410156,204.1754913330078,861.7055053710938,24.094863891601562
2025-03-10 04:00:00,464.3975830078125,162.2212677001953,206.43362426757812,822.2461547851562,24.01373863220215
2025-03-11 04:00:00,470.0258483886719,160.44139099121094,203.5084991455078,816.59765625,23.42781639099121
2025-03-12 04:00:00,465.25823974609375,157.52972412109375,202.05072021484375,814.4175415039062,23.1754207611084
2025-03-13 04:00:00,465.6547546386719,157.6651611328125,201.56480407714844,794.390625,23.076265335083008
2025-03-14 04:00:00,472.5498352050781,157.49102783203125,201.77442932128906,806.113525390625,23.184431076049805
2025-03-17 04:00:00,482.5781555175781,157.52003479003906,204.34698486328125,817.2913208007812,23.481903076171875
2025-03-18 04:00:00,487.2006530761719,158.8839874267578,203.75625610351562,815.061767578125,23.716270446777344
2025-03-19 04:00:00,486.6204528808594,157.6651611328125,202.2317657470703,829.430419921875,23.626127243041992
2025-03-20 04:00:00,494.45355224609375,157.6941680908203,201.95547485351562,834.9400634765625,23.60809898376465
2025-03-21 04:00:00,499.8207092285156,158.28424072265625,200.09750366210938,829.9853515625,23.689228057861328
2025-03-24 04:00:00,499.48223876953125,157.955322265625,199.29714965820312,857.06787109375,23.563026428222656
2025-03-25 04:00:00,496.5133972167969,155.75950622558594,191.83673095703125,844.6314086914062,23.031192779541016
2025-03-26 04:00:00,501.1262512207031,156.4366455078125,191.79859924316406,819.2732543945312,22.724708557128906
2025-03-27 04:00:00,498.7279357910156,157.80056762695312,193.15158081054688,814.2293701171875,22.544429779052734
2025-03-28 04:00:00,499.0373840332031,158.36163330078125,195.60028076171875,815.061767578125,22.724708557128906
2025-03-31 04:00:00,506.49334716796875,160.42202758789062,199.63063049316406,818.4309692382812,22.841896057128906
2025-04-01 04:00:00,505.8841247558594,148.24334716796875,196.53402709960938,797.938232421875,22.120765686035156
2025-04-02 04:00:00,505.96148681640625,150.28440856933594,195.50502014160156,810.810546875,22.264989852905273
2025-04-03 04:00:00,522.6334838867188,154.5987091064453,192.12257385253906,781.9443969726562,21.895410537719727
2025-04-04 04:00:00,507.7505798339844,148.2336883544922,178.1354522705078,731.525146484375,20.70553970336914
2025-04-07 04:00:00,507.4120788574219,145.6992645263672,177.74481201171875,717.17626953125,20.39905548095703
2025-04-08 04:00:00,534.8569946289062,145.0995330810547,167.3783416748047,719.6635131835938,19.686935424804688
2025-04-09 04:00:00,559.439453125,146.037841796875,171.3515167236328,746.884765625,20.272859573364258
2025-04-10 04:00:00,574.8156127929688,143.8323211669922,165.9777374267578,714.3817138671875,19.46158218383789
2025-04-11 04:00:00,579.718505859375,146.77301025390625,166.78761291503906,725.7775268554688,19.750036239624023
2025-04-14 04:00:00,567.7174072265625,149.3170928955078,170.64645385742188,747.5189208984375,19.939334869384766
2025-04-15 04:00:00,564.36181640625,148.60125732421875,170.01181030273438,750.3233642578125,20.227787017822266
2025-04-16 04:00:00,565.7639770507812,148.8817901611328,165.08836364746094,728.2451171875,19.867223739624023
2025-04-17 04:00:00,439.14788818359375,152.3254852294922,166.34808349609375,832.3536987304688,19.95736312866211
2025-04-21 04:00:00,411.3161315917969,151.79344177246094,163.62673950195312,810.6124877929688,19.867223739624023
2025-04-22 04:00:00,413.10516357421875,152.59632873535156,167.10772705078125,820.0462036132812,20.308916091918945
2025-04-23 04:00:00,413.85943603515625,150.30377197265625,170.252197265625,821.9091796875,20.182716369628906
2025-04-24 04:00:00,410.2716979980469,149.8684539794922,173.44473266601562,851.9446411132812,20.534271240234375
2025-04-25 04:00:00,404.8465576171875,149.5299072265625,178.916259765625,876.5299682617188,20.66046714782715
2025-04-28 04:00:00,406.1617431640625,150.27474975585938,184.9551239013672,869.3455810546875,20.777650833129883
2025-04-29 04:00:00,395.74664306640625,150.81643676757812,186.08021545410156,877.1840209960938,21.444700241088867
2025-04-30 04:00:00,397.8838195800781,151.20338439941406,187.60919189453125,890.8095092773438,22.003578186035156
2025-05-01 04:00:00,387.47833251953125,149.413818359375,185.916748046875,786.908935546875,21.570899963378906
2025-05-02 04:00:00,386.7433776855469,151.0195770263672,190.8497772216797,816.1617431640625,21.814281463623047
2025-05-05 04:00:00,391.47222900390625,149.93617248535156,188.54193115234375,814.0213012695312,21.516813278198242
2025-05-06 04:00:00,381.5115966796875,149.4235076904297,179.9644012451172,768.1008911132812,20.624408721923828
2025-05-07 04:00:00,378.17529296875,152.16104125976562,180.86830139160156,769.6864013671875,20.54328155517578
2025-05-08 04:00:00,372.8468017578125,150.57461547851562,178.45468139648438,744.6452026367188,20.70553970336914
2025-05-09 04:00:00,368.0986328125,149.18167114257812,177.51231384277344,727.9181518554688,20.46670150756836
2025-05-12 04:00:00,366.2708435058594,149.10427856445312,182.7722930908203,748.7279663085938,21.210777282714844
2025-05-13 04:00:00,301.1205749511719,143.5904998779297,180.78176879882812,739.303955078125,21.008682250976562
2025-05-14 04:00:00,297.86163330078125,141.5784454345703,170.62721252441406,709.0802001953125,20.227859497070312
2025-05-15 04:00:00,265.3106689453125,144.72227478027344,174.70440673828125,726.649658203125,20.76065444946289
2025-05-16 04:00:00,282.2920837402344,146.38607788085938,176.95457458496094,752.06982421875,20.97193717956543
2025-05-19 04:00:00,305.4820251464844,147.5081787109375,178.57969665527344,749.8057861328125,21.128101348876953
2025-05-20 04:00:00,310.9845275878906,148.6399383544922,177.7527313232422,741.7627563476562,21.60577964782715
2025-05-21 04:00:00,292.99737548828125,148.17562866210938,174.81980895996094,719.857666015625,21.164844512939453
2025-05-22 04:00:00,286.8952941894531,147.624267578125,175.53138732910156,710.1762084960938,21.164844512939453
2025-05-23 04:00:00,285.83154296875,147.9434814453125,176.2237548828125,708.6967163085938,21.42205810546875
2025-05-27 04:00:00,285.2802734375,149.51422119140625,178.5893096923828,720.1257934570312,21.68845558166504
2025-05-28 04:00:00,288.2878112792969,148.71421813964844,176.06028747558594,714.3367919921875,21.293453216552734
2025-05-29 04:00:00,288.34588623046875,149.836181640625,178.49313354492188,717.4944458007812,21.54147720336914
2025-05-30 04:00:00,291.9626159667969,151.42645263671875,178.96435546875,732.4883422851562,21.578222274780273
2025-06-02 04:00:00,294.6800231933594,151.61181640625,179.81056213378906,741.8720092773438,21.550661087036133
2025-06-03 04:00:00,291.29534912109375,150.65570068359375,180.06057739257812,745.50634765625,21.449615478515625
2025-06-04 04:00:00,290.4830627441406,149.48495483398438,180.14710998535156,760.4605102539062,21.486358642578125
2025-06-05 04:00:00,286.0926208496094,149.91421508789062,180.27212524414062,760.3016357421875,21.23833465576172
2025-06-06 04:00:00,293.2294616699219,151.25082397460938,182.54151916503906,764.4721069335938,21.449615478515625
2025-06-09 04:00:00,293.200439453125,151.44593811035156,181.89723205566406,768.2752075195312,22.019155502319336
2025-06-10 04:00:00,293.7806396484375,152.63623046875,182.2241668701172,801.52001953125,22.322296142578125
2025-06-11 04:00:00,300.32763671875,151.4752197265625,184.14739990234375,802.9301147460938,22.487648010253906
2025-06-12 04:00:00,308.0060119628906,152.84109497070312,185.03207397460938,806.3261108398438,22.81835174560547
2025-06-13 04:00:00,303.19970703125,153.27037048339844,183.74351501464844,813.6045532226562,22.542766571044922
2025-06-16 04:00:00,299.6352233886719,151.4362030029297,183.5319366455078,801.9072875976562,22.414159774780273
2025-06-17 04:00:00,300.81365966796875,148.66543579101562,178.3585205078125,785.6820678710938,22.046716690063477
2025-06-18 04:00:00,299.1872253417969,147.05564880371094,178.36814880371094,779.5157470703125,21.936477661132812
2025-06-20 04:00:00,294.1325988769531,146.1385498046875,178.18544006347656,757.372314453125,22.019155502319336
2025-06-23 04:00:00,292.8372802734375,147.63125610351562,176.70455932617188,765.226806640625,22.07427215576172
2025-06-24 04:00:00,297.6484375,148.4800567626953,178.42584228515625,772.6145629882812,22.33148193359375
2025-06-25 04:00:00,294.1423034667969,148.56787109375,178.27197265625,786.734619140625,22.285554885864258
2025-06-26 04:00:00,294.7266845703125,148.304443359375,179.61822509765625,789.5347900390625,22.267179489135742
2025-06-27 04:00:00,301.0473937988281,148.6947021484375,175.3102264404297,770.0030517578125,22.22125244140625
2025-06-30 04:00:00,303.832763671875,149.0264129638672,178.49313354492188,774.0543212890625,22.267179489135742
2025-07-01 04:00:00,317.6332092285156,152.119140625,182.69537353515625,770.4498901367188,23.002071380615234
2025-07-02 04:00:00,299.5378112792969,151.76791381835938,183.42617797851562,773.8060913085938,23.259281158447266
2025-07-03 04:00:00,300.50201416015625,152.20693969726562,182.0126190185547,775.1862182617188,23.31439971923828
2025-07-07 04:00:00,295.7882385253906,151.48500061035156,180.4259796142578,767.4410400390625,23.185792922973633
2025-07-08 04:00:00,299.6741943359375,151.9923095703125,182.4838104248047,772.1974487304688,23.534868240356445
2025-07-09 04:00:00,295.00909423828125,152.47036743164062,183.30117797851562,781.3924560546875,23.47974967956543
2025-07-10 04:00:00,291.69781494140625,153.84597778320312,187.5130157470703,785.09619140625,23.681846618652344
2025-07-11 04:00:00,296.1681213378906,153.0752410888672,185.0609130859375,787.4396362304688,23.562423706054688
2025-07-14 04:00:00,292.7398681640625,152.99720764160156,184.1666259765625,793.7252197265625,23.286842346191406
2025-07-15 04:00:00,284.1012268066406,151.38742065429688,180.78163146972656,766.3289794921875,22.607067108154297
2025-07-16 04:00:00,284.8608703613281,160.76315307617188,184.84556579589844,784.2521362304688,22.607067108154297
2025-07-17 04:00:00,280.55621337890625,159.0070343017578,185.640869140625,756.1510009765625,22.579509735107422
2025-07-18 04:00:00,275.27752685546875,159.70947265625,183.56527709960938,766.289306640625,22.47846221923828
2025-07-21 04:00:00,274.7809143066406,160.3533935546875,179.28799438476562,756.826171875,22.285554885864258
2025-07-22 04:00:00,277.6929016113281,163.83636474609375,181.47998046875,770.9860229492188,23.093931198120117
2025-07-23 04:00:00,284.8804016113281,164.9778594970703,184.81646728515625,793.2783813476562,23.29602813720703
2025-07-24 04:00:00,271.3136901855469,165.4266357421875,185.08802795410156,799.7723999023438,23.286842346191406
2025-07-25 04:00:00,273.7290344238281,164.19735717773438,184.55458068847656,806.9814453125,23.165361404418945
2025-07-28 04:00:00,274.7613830566406,162.16806030273438,182.8475341796875,802.43359375,22.71681785583496
2025-07-29 04:00:00,254.26043701171875,164.01197814941406,185.46632385253906,757.5907592773438,22.70747184753418
2025-07-30 04:00:00,259.100830078125,163.1826934814453,183.61378479003906,754.740966796875,22.249584197998047
2025-07-31 04:00:00,243.0506591796875,160.72413635253906,183.33250427246094,734.8715209960938,21.7636661529541
2025-08-01 04:00:00,231.56817626953125,163.25100708007812,189.345947265625,756.9751586914062,21.950557708740234
2025-08-04 04:00:00,234.6944580078125,166.87054443359375,191.25665283203125,763.5982666015625,21.98793601989746
2025-08-05 04:00:00,244.45310974121094,166.577880859375,192.57574462890625,760.5697021484375,23.127981185913086
2025-08-06 04:00:00,239.36924743652344,166.4315185546875,190.39346313476562,741.1273193359375,22.361724853515625
2025-08-07 04:00:00,238.28819274902344,167.34861755371094,192.8764190673828,636.3583374023438,22.642059326171875
2025-08-08 04:00:00,244.34596252441406,169.104736328125,192.09080505371094,621.2553100585938,22.96912384033203
2025-08-11 04:00:00,245.78736877441406,169.58279418945312,192.6630401611328,630.7579956054688,22.96912384033203
2025-08-12 04:00:00,254.7473907470703,168.56813049316406,192.6630401611328,634.9383544921875,23.034536361694336
2025-08-13 04:00:00,264.7203063964844,170.16815185546875,195.40789794921875,655.8505859375,23.5111141204834
2025-08-14 04:00:00,264.40863037109375,170.46084594726562,198.52130126953125,679.622314453125,23.46438980102539
2025-08-15 04:00:00,296.0804138183594,172.33404541015625,200.4708251953125,697.8336791992188,23.492422103881836
2025-08-18 04:00:00,300.4435729980469,171.95355224609375,200.35443115234375,694.6690673828125,23.42700958251953
2025-08-19 04:00:00,296.3044128417969,173.4657745361328,199.98585510253906,699.8041381835938,23.660625457763672
2025-08-20 04:00:00,292.0191650390625,174.4804229736328,202.85679626464844,702.0233154296875,23.716693878173828
2025-08-21 04:00:00,295.4376525878906,174.56822204589844,203.19625854492188,706.3821411132812,24.053102493286133
2025-08-22 04:00:00,299.4014892578125,174.91944885253906,204.26318359375,708.2330932617188,24.183927536010742
2025-08-25 04:00:00,296.90826416015625,174.0609130859375,201.30494689941406,691.9623413085938,23.492422103881836
2025-08-26 04:00:00,292.5937805175781,173.4515838623047,202.090576171875,732.4651489257812,23.286840438842773
2025-08-27 04:00:00,295.95379638671875,173.7464141845703,201.79957580566406,730.6141967773438,23.42700958251953
2025-08-28 04:00:00,294.4052734375,172.42947387695312,201.66380310058594,728.4149169921875,22.98781394958496
2025-08-29 04:00:00,301.7875671386719,174.11985778808594,204.06918334960938,729.0318603515625,23.1373291015625
2025-09-02 04:00:00,300.7454833984375,174.99453735351562,205.54345703125,731.6292114257812,23.34290885925293
2025-09-03 04:00:00,299.8494873046875,174.93557739257812,205.48526000976562,734.2564697265625,23.165361404418945
2025-09-04 04:00:00,302.2842712402344,175.6824951171875,206.59095764160156,739.3118286132812,22.931745529174805
2025-09-05 04:00:00,307.1636047363281,175.35816955566406,206.1641845703125,723.6878662109375,23.249462127685547
2025-09-08 04:00:00,311.89678955078125,175.06333923339844,203.4775390625,735.0625,22.941089630126953
2025-09-09 04:00:00,338.8451232910156,173.9134979248047,204.08859252929688,746.9745483398438,23.09060287475586
2025-09-10 04:00:00,337.73486328125,172.7636260986328,205.27186584472656,750.9651489257812,22.95977783203125
2025-09-11 04:00:00,344.3866271972656,175.42698669433594,213.5937042236328,752.6170654296875,23.23077392578125
2025-09-12 04:00:00,343.31536865234375,174.99453735351562,211.77027893066406,751.7314453125,22.30565643310547
2025-09-15 04:00:00,340.9534606933594,174.3459014892578,211.062255859375,744.5662841796875,22.39910125732422
2025-09-16 04:00:00,333.005126953125,173.42210388183594,209.7528533935547,761.0062866210938,22.333688735961914
2025-09-17 04:00:00,334.79864501953125,174.14935302734375,214.1659698486328,756.448486328125,22.47385597229004
2025-09-18 04:00:00,328.14404296875,171.16168212890625,215.31045532226562,759.23486328125,22.567304611206055
2025-09-19 04:00:00,329.97674560546875,173.15675354003906,215.77601623535156,748.3478393554688,22.455169677734375
2025-09-22 04:00:00,334.49481201171875,171.21084594726562,215.89239501953125,751.2935180664062,22.464515686035156
2025-09-23 04:00:00,340.7574462890625,173.54002380371094,215.91180419921875,743.362060546875,22.548614501953125
2025-09-24 04:00:00,344.7952575683594,173.64813232421875,213.37063598632812,738.2569580078125,22.5112361907959
2025-09-25 04:00:00,338.6698913574219,174.67022705078125,211.96426391601562,711.1290283203125,22.053348541259766
2025-09-26 04:00:00,337.2193603515625,176.61614990234375,213.97198486328125,721.03076171875,22.202865600585938
2025-09-29 04:00:00,338.2974548339844,178.49327087402344,216.44525146484375,722.9913330078125,22.286964416503906
2025-09-30 04:00:00,338.4150695800781,182.22784423828125,224.57308959960938,759.3045654296875,23.81014060974121
2025-10-01 04:00:00,341.3552551269531,182.84698486328125,237.02674865722656,821.4221801757812,25.4267635345459
2025-10-02 04:00:00,346.6672058105469,182.7781982421875,229.44204711914062,815.879150390625,25.30528450012207
2025-10-03 04:00:00,353.01800537109375,185.3924102783203,226.87181091308594,835.80224609375,25.576276779174805
2025-10-06 04:00:00,351.61651611328125,184.92066955566406,223.2637176513672,840.9571533203125,24.6978816986084
2025-10-07 04:00:00,356.4090270996094,185.6381072998047,225.8242645263672,839.5440063476562,24.548368453979492
2025-10-08 04:00:00,362.544189453125,186.42433166503906,224.28213500976562,841.623779296875,23.997034072875977
2025-10-09 04:00:00,360.358642578125,187.79039001464844,223.74868774414062,851.2072143554688,23.58586883544922
2025-10-10 04:00:00,347.431640625,187.43658447265625,223.5643768310547,829.4530639648438,23.156017303466797
2025-10-13 04:00:00,351.5086975097656,187.61349487304688,223.3704071044922,815.431396484375,23.10929298400879
2025-10-14 04:00:00,352.75335693359375,187.56436157226562,222.23561096191406,808.41552734375,22.913057327270508
2025-10-15 04:00:00,353.94903564453125,187.87884521484375,220.9949493408203,822.5667114257812,22.791574478149414
2025-10-16 04:00:00,349.5583801269531,188.81248474121094,221.6299285888672,815.4114379882812,22.642059326171875
2025-10-17 04:00:00,349.4897766113281,189.8935546875,224.26759338378906,798.941650390625,22.90371322631836
2025-10-20 04:00:00,357.2126770019531,190.3849334716797,226.70004272460938,805.0419921875,23.071916580200195
2025-10-21 04:00:00,358.08489990234375,188.57662963867188,226.0455322265625,795.6973876953125,23.2214298248291
2025-10-22 04:00:00,354.2822265625,189.61837768554688,223.39810180664062,808.4950561523438,23.09994888305664
2025-10-23 04:00:00,353.26300048828125,189.15647888183594,222.97805786132812,817.0633544921875,23.053226470947266
2025-10-24 04:00:00,355.2721252441406,187.12210083007812,222.7240753173828,821.4520263671875,23.1373291015625
2025-10-27 04:00:00,358.6827392578125,187.02383422851562,222.7631378173828,822.4073486328125,23.14667320251465
2025-10-28 04:00:00,360.5056457519531,183.7118377685547,222.28445434570312,816.1279907226562,22.894365310668945
2025-10-29 04:00:00,348.1764831542969,183.3875274658203,219.9398956298828,809.5897827148438,22.698129653930664
2025-10-30 04:00:00,337.87603759765625,185.79534912109375,222.92921447753906,840.4098510742188,22.698129653930664
2025-10-31 04:00:00,334.7496337890625,185.61843872070312,213.00387573242188,858.680908203125,23.034536361694336
2025-11-03 05:00:00,327.1345520019531,183.05337524414062,207.06431579589844,892.1878662109375,23.043880462646484
2025-11-04 05:00:00,324.23358154296875,183.64305114746094,210.90354919433594,902.4677734375,22.70747184753418
2025-11-05 05:00:00,321.2052001953125,182.7978515625,211.76321411132812,921.3259887695312,22.99715805053711
2025-11-06 05:00:00,315.1484375,183.75115966796875,213.98077392578125,932.8997192382812,23.2214298248291
2025-11-07 05:00:00,317.7455749511719,183.3580322265625,214.0980224609375,919.8929443359375,23.230937957763672
2025-11-10 05:00:00,315.16802978515625,185.16636657714844,213.65843200683594,961.958251953125,23.192901611328125
2025-11-11 05:00:00,320.9209899902344,190.4930419921875,219.9691925048828,983.831787109375,24.257930755615234
2025-11-12 05:00:00,332.2994689941406,191.04339599609375,227.84303283691406,1012.8505249023438,24.600261688232422
2025-11-13 05:00:00,325.8899230957031,191.88861083984375,226.92474365234375,1017.9158935546875,24.524188995361328
2025-11-14 05:00:00,315.4424133300781,192.55690002441406,226.99314880371094,1021.8126831054688,23.83001708984375
2025-11-17 05:00:00,314.1291809082031,196.14407348632812,228.5952606201172,1018.2448120117188,23.849035263061523
2025-11-18 05:00:00,307.3275146484375,196.55682373046875,228.46826171875,1026.5665283203125,24.200876235961914
2025-11-19 05:00:00,302.92706298828125,199.0236053466797,227.5304412841797,1046.0504150390625,23.658851623535156
2025-11-20 05:00:00,305.3282470703125,199.57398986816406,224.1503448486328,1039.7618408203125,23.202409744262695
2025-11-21 05:00:00,313.5901184082031,200.38967895507812,230.8225860595703,1056.1162109375,23.810998916625977
2025-11-24 05:00:00,312.6884765625,202.50267028808594,224.2089385986328,1066.541015625,23.98216438293457
2025-11-25 05:00:00,319.7743225097656,204.401611328125,226.44606018066406,1106.186279296875,24.457622528076172
2025-11-26 05:00:00,323.13592529296875,205.28182983398438,222.4016876220703,1100.6053466796875,24.4481143951416
2025-11-28 05:00:00,323.1947326660156,204.64886474609375,222.44076538085938,1071.8328857421875,24.476640701293945
2025-12-01 05:00:00,316.7655334472656,203.08619689941406,219.91058349609375,1054.3123779296875,24.02971076965332
2025-12-02 05:00:00,318.06903076171875,203.1653289794922,219.18768310546875,1042.5821533203125,23.915599822998047
2025-12-03 05:00:00,332.9365234375,203.07630920410156,224.92210388183594,1030.064697265625,24.314985275268555
2025-12-04 05:00:00,326.8405456542969,200.25759887695312,223.4274444580078,1011.0591430664062,24.4386043548584
2025-12-05 05:00:00,324.31201171875,199.713623046875,220.85816955566406,1006.8932495117188,24.752408981323242
2025-12-08 05:00:00,319.2998046875,199.4070281982422,217.96653747558594,994.2163696289062,24.505168914794922
2025-12-09 05:00:00,319.28009033203125,197.7652587890625,217.8395538330078,978.8982543945312,24.08676528930664
2025-12-10 05:00:00,323.9864196777344,204.2730255126953,219.9789581298828,990.2796630859375,24.514678955078125
2025-12-11 05:00:00,332.23480224609375,207.70494079589844,218.8066864013672,1005.9664306640625,24.5336971282959
2025-12-12 05:00:00,337.276611328125,209.25772094726562,218.16192626953125,1024.03515625,24.58124351501465
2025-12-15 05:00:00,336.5464782714844,211.81927490234375,222.19654846191406,1058.5977783203125,25.132776260375977
2025-12-16 05:00:00,329.7386169433594,207.0027313232422,218.5038299560547,1050.724609375,24.276948928833008
2025-12-17 05:00:00,327.2029113769531,208.02142333984375,219.12904357910156,1038.266845703125,23.810998916625977
2025-12-18 05:00:00,323.759521484375,206.02359008789062,217.67349243164062,1053.3057861328125,23.810998916625977
2025-12-19 05:00:00,323.0491027832031,204.1049041748047,221.58108520507812,1067.8165283203125,23.953638076782227
2025-12-22 05:00:00,320.81927490234375,205.04446411132812,222.64590454101562,1072.8394775390625,23.972652435302734
2025-12-23 05:00:00,320.46405029296875,203.52137756347656,223.50558471679688,1068.015869140625,23.658851623535156
2025-12-24 05:00:00,323.2069396972656,205.49942016601562,224.58018493652344,1073.337890625,23.801490783691406
2025-12-26 05:00:00,327.40020751953125,205.35107421875,224.6680908203125,1074.105224609375,23.858543395996094
2025-12-29 05:00:00,324.5487976074219,205.28182983398438,225.50823974609375,1075.0819091796875,23.77296257019043
2025-12-30 05:00:00,327.725830078125,204.6389617919922,224.4336395263672,1076.0985107421875,23.763452529907227
2025-12-31 05:00:00,325.70318603515625,204.67852783203125,223.2125244140625,1071.045654296875,23.67786979675293
2026-01-02 05:00:00,331.9092102050781,205.0741424560547,224.01358032226562,1076.7064208984375,23.944128036499023
2026-01-05 05:00:00,337.4541931152344,202.0675048828125,215.09445190429688,1037.98779296875,23.934616088867188
2026-01-06 05:00:00,344.3114013671875,202.542236328125,218.75782775878906,1060.441650390625,24.18185806274414
2026-01-07 05:00:00,337.13848876953125,205.2126007080078,228.02865600585938,1104.3426513671875,24.03921890258789
2026-01-08 05:00:00,342.2197265625,203.49169921875,218.95321655273438,1081.52001953125,24.048730850219727
2026-01-09 05:00:00,339.3880615234375,202.14663696289062,214.99676513671875,1059.9632568359375,24.22940444946289
2026-01-12 05:00:00,335.96435546875,207.4181365966797,214.95767211914062,1077.34423828125,24.02971076965332
2026-01-13 05:00:00,329.47216796875,211.30499267578125,215.6512908935547,1073.547119140625,23.915599822998047
2026-01-14 05:00:00,330.4884338378906,216.1511993408203,216.76495361328125,1069.660400390625,24.324493408203125
2026-01-15 05:00:00,334.43505859375,217.16001892089844,211.74368286132812,1029.4765625,24.619277954101562
2026-01-16 05:00:00,326.6010437011719,216.25999450683594,211.08389282226562,1034.8883056640625,24.39105796813965
2026-01-20 05:00:00,333.912109375,215.81494140625,210.77859497070312,1037.7685546875,24.267440795898438
2026-01-21 05:00:00,343.1076965332031,215.6171417236328,212.85646057128906,1074.8726806640625,24.619277954101562
2026-01-22 05:00:00,349.7380065917969,216.0918731689453,214.78659057617188,1083.70263671875,24.818971633911133
2026-01-23 05:00:00,351.50408935546875,217.7237548828125,215.9190673828125,1060.6907958984375,24.799633026123047
2026-01-26 05:00:00,346.9457702636719,219.05894470214844,217.40606689453125,1059.1558837890625,25.022008895874023
2026-01-27 05:00:00,278.92608642578125,221.9765625,220.5178985595703,1035.9945068359375,25.621456146240234
2026-01-28 05:00:00,290.094970703125,225.22056579589844,215.3380584716797,1020.337646484375,25.00267219543457
2026-01-29 05:00:00,288.3880615234375,224.79527282714844,217.07122802734375,1020.676513671875,25.234716415405273
2026-01-30 05:00:00,283.099609375,224.75570678710938,219.61192321777344,1033.6424560546875,25.563444137573242
2026-02-02 05:00:00,281.77752685546875,228.21731567382812,222.2018585205078,1040.598876953125,25.77614974975586
2026-02-03 05:00:00,280.3863220214844,230.54151916503906,222.2215576171875,1000.0664672851562,24.91565704345703
2026-02-04 05:00:00,272.2366027832031,231.89646911621094,213.8018341064453,1103.3758544921875,25.892173767089844
2026-02-05 05:00:00,264.9649658203125,235.18002319335938,215.68272399902344,1017.3876953125,25.611787796020508
2026-02-06 05:00:00,272.95684814453125,237.3558807373047,220.02552795410156,1054.6014404296875,26.317584991455078
2026-02-09 05:00:00,272.0195617675781,236.02069091796875,219.85812377929688,1041.13720703125,26.153221130371094
2026-02-10 05:00:00,269.5726623535156,235.73390197753906,219.0506134033203,1021.5336303710938,26.694656372070312
2026-02-11 05:00:00,275.1866760253906,238.21633911132812,217.52423095703125,1011.7767333984375,26.810678482055664
2026-02-12 05:00:00,280.57379150390625,241.86582946777344,224.0335235595703,1034.7587890625,26.559295654296875
2026-02-13 05:00:00,289.2760314941406,240.7779083251953,227.97256469726562,1038.2127685546875,26.665651321411133
2026-02-17 05:00:00,285.23077392578125,240.6592254638672,229.3118438720703,1034.2696533203125,26.462614059448242
2026-02-18 05:00:00,284.3526916503906,242.30101013183594,225.2349395751953,1018.8062133789062,26.462614059448242
2026-02-19 05:00:00,286.0595703125,244.19993591308594,220.9315185546875,1021.4616088867188,25.969520568847656
2026-02-20 05:00:00,286.1286315917969,239.8284454345703,221.38450622558594,1007.7852172851562,25.766483306884766
2026-02-23 05:00:00,278.5708923339844,243.1416778564453,225.9833526611328,1056.740966796875,26.16288948059082
2026-02-24 05:00:00,270.29290771484375,244.87173461914062,224.95919799804688,1040.359130859375,26.240238189697266
2026-02-25 05:00:00,280.40606689453125,243.76808166503906,223.46234130859375,1027.06201171875,26.191896438598633
2026-02-26 05:00:00,282.8332214355469,242.0778045654297,221.26632690429688,1020.2637329101562,26.201562881469727
2026-02-27 05:00:00,289.3549499511719,247.00942993164062,228.54373168945312,1050.18212890625,26.73332977294922
2026-03-02 05:00:00,290.9928283691406,247.13868713378906,230.6905059814453,1016.2206420898438,26.356258392333984
2026-03-03 05:00:00,285.34918212890625,245.3390350341797,230.29661560058594,1005.9982299804688,25.698802947998047
2026-03-04 05:00:00,288.06243896484375,243.8973388671875,232.5911102294922,1001.8453979492188,25.737478256225586
2026-03-05 05:00:00,284.9150390625,238.259765625,228.8096160888672,981.5703125,25.727807998657227
2026-03-06 05:00:00,282.6556396484375,239.0253448486328,226.60374450683594,988.628173828125,26.153221130371094
2026-03-09 04:00:00,283.550537109375,241.20281982421875,223.98428344726562,1006.6571655273438,25.92117691040039
2026-03-10 04:00:00,280.736572265625,242.31643676757812,223.5509796142578,999.6292114257812,26.25957489013672
2026-03-11 04:00:00,283.63006591796875,241.6005401611328,224.21075439453125,998.121826171875,26.394933700561523
2026-03-12 04:00:00,275.47662353515625,240.6559600830078,221.9359588623047,975.5706176757812,25.969520568847656
2026-03-13 04:00:00,280.4880065917969,240.13894653320312,216.33267211914062,983.38720703125,25.698802947998047
2026-03-16 04:00:00,283.8686828613281,241.7993927001953,218.07569885253906,987.4202270507812,25.727807998657227
2026-03-17 04:00:00,285.9368896484375,236.74844360351562,216.4114532470703,928.751220703125,26.539960861206055
2026-03-18 04:00:00,282.71527099609375,235.92318725585938,205.1654510498047,916.4723510742188,26.414268493652344
2026-03-19 04:00:00,278.8473815917969,236.24136352539062,203.0876007080078,915.92333984375,26.501285552978516
2026-03-20 04:00:00,274.0249328613281,234.02410888671875,201.94529724121094,905.1419067382812,26.07587242126465
2026-03-23 04:00:00,268.00927734375,234.07382202148438,201.8074188232422,908.9852294921875,25.882505416870117
2026-03-24 04:00:00,270.73370361328125,233.9246826171875,202.0733184814453,901.4682006835938,26.066204071044922
2026-03-25 04:00:00,269.0135192871094,238.5580291748047,204.0231170654297,914.7353515625,26.37559700012207
2026-03-26 04:00:00,266.5277404785156,237.8719940185547,207.90310668945312,895.4585571289062,26.655981063842773
2026-03-27 04:00:00,257.54901123046875,239.07505798339844,206.2093048095703,876.7307739257812,26.143552780151367
2026-03-30 04:00:00,260.3033142089844,241.10340881347656,209.87261962890625,885.1063842773438,26.84935188293457
2026-03-31 04:00:00,269.0533142089844,243.04225158691406,214.17604064941406,918.189453125,27.14907455444336
2026-04-01 04:00:00,272.424072265625,242.7240753173828,211.70428466796875,952.8796997070312,27.603490829467773
2026-04-02 04:00:00,275.6854553222656,241.65025329589844,205.65785217285156,933.9722290039062,27.381118774414062
2026-04-06 04:00:00,279.76214599609375,239.5920867919922,203.5406036376953,925.4668579101562,26.90736198425293
2026-04-07 04:00:00,305.982421875,237.04673767089844,203.22547912597656,929.489990234375,26.201562881469727
2026-04-08 04:00:00,304.2423400878906,239.9202117919922,208.36593627929688,951.6618041992188,26.559295654296875
2026-04-09 04:00:00,305.16705322265625,239.93014526367188,209.16360473632812,953.5485229492188,26.317584991455078
2026-04-10 04:00:00,302.6016845703125,237.09645080566406,204.7715606689453,937.8555297851562,26.027530670166016
2026-04-13 04:00:00,311.22247314453125,236.59930419921875,203.32395935058594,927.9525756835938,26.43360710144043
2026-04-14 04:00:00,312.40570068359375,238.72706604003906,207.0561981201172,920.9147338867188,26.211233139038086
2026-04-15 04:00:00,312.2664794921875,237.30523681640625,206.9469757080078,903.4747924804688,26.2885799407959
2026-04-16 04:00:00,314.6031494140625,233.1988525390625,207.51295471191406,902.4365234375,26.317584991455078
2026-04-17 04:00:00,322.78643798828125,232.84091186523438,206.9072723388672,925.4369506835938,26.646312713623047
2026-04-20 04:00:00,321.6429748535156,229.37088012695312,202.27027893066406,918.3192138671875,26.607641220092773
2026-04-21 04:00:00,344.0450134277344,224.8667755126953,203.67030334472656,901.4682006835938,26.404600143432617
2026-04-22 04:00:00,351.5123596191406,224.80712890625,199.08294677734375,919.8964233398438,25.911510467529297
2026-04-23 04:00:00,352.54644775390625,229.3311004638672,199.52976989746094,916.0730590820312,25.785818099975586
2026-04-24 04:00:00,352.9044189453125,226.19911193847656,197.3056182861328,882.4409790039062,26.10487937927246
2026-04-27 04:00:00,352.67572021484375,224.0514678955078,195.98501586914062,866.7779541015625,25.90184211730957
2026-04-28 04:00:00,364.6871032714844,226.48745727539062,196.29281616210938,872.498046875,25.60211753845215
2026-04-29 04:00:00,368.6345520019531,226.0499725341797,202.44898986816406,849.7472534179688,25.38941192626953
2026-04-30 04:00:00,368.37603759765625,228.5356903076172,209.8264923095703,932.993896484375,25.8148250579834
2026-05-01 04:00:00,366.6856994628906,225.89088439941406,205.1398468017578,961.674560546875,25.457090377807617
2026-05-04 04:00:00,368.6445007324219,222.91798400878906,206.68882751464844,966.2666625976562,25.428083419799805
2026-05-05 04:00:00,361.8035583496094,224.26026916503906,204.65330505371094,987.170654296875,25.57311248779297
2026-05-06 04:00:00,365.1942138671875,223.33558654785156,203.5809326171875,985.353759765625,25.650461196899414
2026-05-07 04:00:00,367.6402282714844,221.23764038085938,201.27734375,973.2846069335938,25.60211753845215
2026-05-08 04:00:00,377.8221130371094,220.05445861816406,200.1255340576172,946.8201293945312,25.238479614257812
2026-05-11 04:00:00,382.25677490234375,220.163818359375,201.34683227539062,965.3282470703125,25.36624526977539
2026-05-12 04:00:00,394.138916015625,222.97763061523438,206.39093017578125,988.1689453125,25.425214767456055
2026-05-13 04:00:00,398.8818054199219,229.1024169921875,207.0264129638672,1014.0044555664062,25.5136661529541
2026-05-14 04:00:00,396.82354736328125,229.48025512695312,209.28038024902344,1004.9700317382812,25.307275772094727
2026-05-15 04:00:00,391.61334228515625,225.41363525390625,208.90306091308594,1004.9199829101562,24.89449691772461
2026-05-18 04:00:00,388.9087829589844,227.61099243164062,207.92999267578125,988.0900268554688,24.89449691772461
2026-05-19 04:00:00,387.02947998046875,228.684814453125,212.24923706054688,1021.4099731445312,25.21882438659668
2026-05-20 04:00:00,381.12322998046875,228.0087127685547,210.799560546875,1018.8699951171875,25.346590042114258
2026-05-21 04:00:00,380.3078918457031,230.40492248535156,212.9840087890625,1041.6500244140625,25.50383949279785
2026-05-22 04:00:00,386.2638854980469,233.0,214.17552185058594,1065.0,25.454696655273438
2026-05-26 04:00:00,374.71978759765625,230.17999267578125,211.61375427246094,1064.739990234375,25.40555763244629
2026-05-27 04:00:00,381.8292236328125,231.2899932861328,213.8776397705078,1082.9200439453125,25.759366989135742
2026-05-28 04:00:00,380.35760498046875,230.8000030517578,217.08482360839844,1126.800048828125,25.690570831298828
2026-05-29 04:00:00,378.15020751953125,225.3300018310547,216.18125915527344,1105.0,25.729883193969727
2026-06-01 04:00:00,377.7027587890625,223.50999450683594,211.4250946044922,1082.199951171875,25.18933868408203
2026-06-02 04:00:00,375.7738037109375,222.88999938964844,213.8776397705078,1064.1500244140625,25.110713958740234
2026-06-03 04:00:00,374.8590087890625,223.24000549316406,215.59542846679688,1078.780029296875,24.904325485229492
2026-06-04 04:00:00,394.21844482421875,228.1699981689453,223.3502197265625,1125.27001953125,25.248308181762695
2026-06-05 04:00:00,397.201416015625,232.77000427246094,225.62403869628906,1131.4200439453125,25.5922908782959
2026-06-08 04:00:00,404.2610778808594,232.16000366210938,221.4934539794922,1149.1500244140625,25.17951202392578
2026-06-09 04:00:00,410.6545715332031,237.0,223.8268280029297,1144.6800537109375,25.258136749267578
2026-06-10 04:00:00,405.1460266113281,238.49000549316406,223.3601531982422,1136.3699951171875,25.15985679626465
2026-06-11 04:00:00,403.2468566894531,238.3300018310547,223.18142700195312,1160.949951171875,25.720056533813477
2026-06-12 04:00:00,406.20001220703125,240.8699951171875,226.12049865722656,1133.0,25.759366989135742
2026-06-15 04:00:00,411.0400085449219,235.66000366210938,220.02389526367188,1129.3499755859375,25.552978515625
2026-06-16 04:00:00,407.6499938964844,235.17999267578125,220.89767456054688,1122.5,25.5922908782959
2026-06-17 04:00:00,399.5299987792969,234.1999969482422,219.66644287109375,1112.0,25.474353790283203
2026-06-18 04:00:00,400.9599914550781,228.38999938964844,214.95994567871094,1098.5699462890625,24.776559829711914
2026-06-22 04:00:00,406.67999267578125,231.2899932861328,228.38438415527344,1102.0799560546875,24.64879608154297
2026-06-23 04:00:00,409.25,239.0800018310547,233.10081481933594,1107.0799560546875,24.294984817504883
2026-06-24 04:00:00,405.79998779296875,241.0,233.2299041748047,1117.260009765625,23.626678466796875
2026-06-25 04:00:00,415.5299987792969,244.8800048828125,241.4215850830078,1127.68994140625,23.263038635253906
2026-06-26 04:00:00,427.8900146484375,254.66000366210938,251.55943298339844,1208.1199951171875,23.872379302978516
2026-06-29 04:00:00,419.82000732421875,258.510009765625,252.5126495361328,1229.9300537109375,23.951004028320312
2026-06-30 04:00:00,415.6300048828125,253.97000122070312,249.86151123046875,1199.4300537109375,23.66598892211914
2026-07-01 04:00:00,426.5400085449219,253.97999572753906,249.28561401367188,1191.739990234375,23.46942710876465
2026-07-02 04:00:00,425.3599853515625,263.0400085449219,259.2248840332031,1213.9100341796875,23.90186309814453
2026-07-06 04:00:00,417.989990234375,259.3299865722656,252.95945739746094,1200.06005859375,23.312177658081055
2026-07-07 04:00:00,428.19000244140625,267.239990234375,252.85023498535156,1235.56005859375,23.656160354614258
2026-07-08 04:00:00,425.6000061035156,263.3999938964844,250.95375061035156,1215.8299560546875,23.636505126953125
2026-07-09 04:00:00,431.67999267578125,259.1000061035156,248.1437530517578,1216.949951171875,23.833066940307617
2026-07-10 04:00:00,424.6199951171875,256.9800109863281,246.32667541503906,1188.5799560546875,23.75444221496582
2026-07-13 04:00:00,429.0899963378906,257.7699890136719,246.2472381591797,1181.8699951171875,24.059110641479492
2026-07-14 04:00:00,425.19000244140625,253.85000610351562,243.0500030517578,1152.5400390625,23.833066940307617
2026-07-15 04:00:00,418.5199890136719,247.02000427246094,244.11000061035156,1156.6300048828125,24.393266677856445
2026-07-16 04:00:00,423.3800048828125,249.97000122070312,254.38999938964844,1169.1700439453125,24.707763671875
2026-07-17 04:00:00,426.0899963378906,253.0399932861328,254.49000549316406,1179.1099853515625,24.61931037902832
2026-07-20 04:00:00,421.54998779296875,248.82000732421875,253.3800048828125,1146.9000244140625,24.32447052001953
2026-07-21 04:00:00,436.3500061035156,250.61000061035156,256.1000061035156,1175.4100341796875,24.51120376586914
2026-07-22 04:00:00,431.30999755859375,255.6300048828125,253.3000030517578,1163.010009765625,24.393266677856445
2026-07-23 04:00:00,423.55999755859375,259.2699890136719,256.9200134277344,1185.8699951171875,24.579999923706055
2026-07-24 04:00:00,420.739990234375,263.3999938964844,259.3599853515625,1196.030029296875,24.540000915527344
2026-07-27 04:00:00,417.6400146484375,265.95001220703125,256.9100036621094,1197.530029296875,24.670000076293945
2026-07-28 04:00:00,428.7900085449219,266.7300109863281,263.20001220703125,1220.6600341796875,25.25
2026-07-29 04:00:00,420.57000732421875,265.5299987792969,263.29998779296875,1210.02001953125,25.149999618530273
2026-07-30 04:00:00,421.4700012207031,255.82000732421875,257.4100036621094,1154.969970703125,24.90999984741211
2026-07-31 04:00:00,414.3999938964844,256.3500061035156,250.94000244140625,1148.8399658203125,25.010000228881836
2026-08-03 04:00:00,415.3599853515625,254.41000366210938,245.10000610351562,1121.3599853515625,25.030000686645508
2026-08-04 04:00:00,407.54998779296875,254.92999267578125,243.8000030517578,1115.6800537109375,25.40999984741211
2026-08-05 04:00:00,412.75,257.5899963378906,246.1999969482422,1169.8599853515625,25.809999465942383
2026-08-06 04:00:00,403.9700012207031,256.9800109863281,243.8699951171875,1191.93994140625,26.200000762939453
2026-08-07 04:00:00,407.0799865722656,259.239990234375,246.0399932861328,1185.7099609375,26.760000228881836
2026-08-10 04:00:00,408.739990234375,261.80999755859375,247.97000122070312,1231.93994140625,27.049999237060547
2026-08-11 04:00:00,402.19000244140625,259.79998779296875,250.08999633789062,1215.02001953125,26.6200008392334
2026-08-12 04:00:00,405.5899963378906,260.8599853515625,248.75999450683594,1220.280029296875,26.309999465942383
2026-08-13 04:00:00,399.05999755859375,262.0799865722656,250.82000732421875,1209.0,26.799999237060547
