Date,AAPL,MSFT,JNJ,PG,XOM,JPM,KO,MCD,DIS,V
2021-01-04 05:00:00,125.63248443603516,207.9561309814453,134.28733825683594,118.96556091308594,33.46664047241211,109.00053405761719,44.79277801513672,185.2393798828125,172.27198791503906,208.75157165527344
2021-01-05 05:00:00,127.18582153320312,208.15673828125,135.8661651611328,119.72515106201172,35.079490661621094,109.59364318847656,44.30036544799805,186.3496551513672,173.00885009765625,205.63600158691406
2021-01-06 05:00:00,122.9045181274414,202.75938415527344,137.14471435546875,120.98543548583984,35.9746208190918,114.73969268798828,42.89104080200195,185.92665100097656,173.66815185546875,203.82420349121094
2021-01-07 05:00:00,127.0984115600586,208.52928161621094,137.6080780029297,119.85468292236328,36.256858825683594,118.50764465332031,42.41560745239258,186.79025268554688,173.14459228515625,204.96498107910156
2021-01-08 05:00:00,128.19541931152344,209.79981994628906,137.32489013671875,119.80284881591797,36.66007995605469,118.63848114013672,43.36648178100586,190.21798706054688,173.25125122070312,206.537109375
2021-01-11 05:00:00,125.21504974365234,207.7650909423828,136.75001525878906,118.99143981933594,37.772945404052734,120.40907287597656,42.61936569213867,188.7728729248047,173.6390838623047,204.0830078125
2021-01-12 05:00:00,125.0403060913086,205.31954956054688,135.6859893798828,118.3008804321289,38.61162567138672,122.30176544189453,42.5429573059082,186.45541381835938,170.63343811035156,200.2197265625
2021-01-13 05:00:00,127.06930541992188,206.66648864746094,135.48008728027344,118.48217010498047,39.047088623046875,122.41519165039062,42.58540725708008,186.88711547851562,170.75946044921875,200.68948364257812
2021-01-14 05:00:00,125.1471176147461,203.49496459960938,137.84835815429688,117.22187805175781,40.57124328613281,123.13040161132812,41.79584503173828,183.72377014160156,168.15135192871094,193.50933837890625
2021-01-15 05:00:00,123.42874145507812,203.14149475097656,137.5480499267578,116.3414535522461,38.61969757080078,120.92369079589844,41.34587097167969,184.96621704101562,166.22189331054688,193.25047302246094
2021-01-19 05:00:00,124.09862518310547,206.76202392578125,139.67601013183594,115.32289123535156,39.38579559326172,120.40036010742188,41.1845703125,184.24362182617188,167.0169677734375,193.31756591796875
2021-01-20 05:00:00,128.1759796142578,214.3087615966797,139.3328094482422,113.88130950927734,39.94221878051758,118.59486389160156,41.32890319824219,188.24417114257812,168.35494995117188,197.4876708984375
2021-01-21 05:00:00,132.874755859375,214.91055297851562,138.77503967285156,113.76929473876953,38.797096252441406,117.60055541992188,41.5581169128418,188.156005859375,166.06678771972656,196.65365600585938
2021-01-22 05:00:00,135.01052856445312,215.84677124023438,140.33673095703125,112.8922348022461,38.24873352050781,116.69344329833984,41.16758346557617,188.0238494873047,167.5211181640625,193.66268920898438
2021-01-25 05:00:00,138.74819946289062,219.26670837402344,142.42185974121094,114.83746337890625,37.82133865356445,115.23683166503906,41.413787841796875,187.98861694335938,166.65821838378906,192.6657257080078
2021-01-26 05:00:00,138.98114013671875,221.9415283203125,146.2831268310547,115.57557678222656,36.99071502685547,114.76585388183594,41.846778869628906,189.7862091064453,164.3991241455078,193.6531524658203
2021-01-27 05:00:00,137.91322326660156,222.48602294921875,144.05215454101562,111.48541259765625,36.57136535644531,111.52120971679688,41.20154571533203,182.4020538330078,158.06787109375,186.9043731689453
2021-01-28 05:00:00,133.0883026123047,228.2464141845703,145.15048217773438,113.2048568725586,37.14393615722656,113.48370361328125,41.72793197631836,182.24342346191406,166.64852905273438,190.01992797851562
2021-01-29 05:00:00,128.10806274414062,221.58804321289062,139.97634887695312,111.33778381347656,36.160091400146484,112.22771453857422,40.878929138183594,183.14219665527344,163.0514373779297,185.2555389404297
2021-02-01 05:00:00,130.2244415283203,228.9342041015625,139.61598205566406,111.99775695800781,36.224613189697266,113.05631256103516,41.15909194946289,183.22152709960938,165.76622009277344,190.15414428710938
2021-02-02 05:00:00,131.0496063232422,228.80044555664062,138.3631591796875,111.84143829345703,36.79716873168945,116.53643798828125,41.566612243652344,184.83401489257812,171.57391357421875,194.2283172607422
2021-02-03 05:00:00,130.03028869628906,232.13442993164062,137.71961975097656,111.98040771484375,38.240665435791016,117.87090301513672,41.40530776977539,183.9088134765625,171.06004333496094,193.03004455566406
2021-02-04 05:00:00,133.3795928955078,231.18865966796875,138.99813842773438,112.04986572265625,38.974525451660156,120.58354187011719,41.60906219482422,185.95315551757812,174.74436950683594,200.5935821533203
2021-02-05 05:00:00,132.96632385253906,231.37017822265625,141.10899353027344,112.51880645751953,40.28092575073242,120.34803009033203,42.15242004394531,187.31893920898438,175.6460723876953,200.1334686279297
2021-02-08 05:00:00,133.1121826171875,231.62811279296875,141.5122833251953,112.17145538330078,42.014739990234375,122.23200988769531,42.38164138793945,186.4377899169922,184.21701049804688,198.3312530517578
2021-02-09 05:00:00,132.23716735839844,232.86997985839844,142.6707000732422,111.73726654052734,41.522666931152344,121.74358367919922,42.19486618041992,190.31492614746094,182.4814910888672,197.9765167236328
2021-02-10 05:00:00,131.6343536376953,231.9624481201172,143.13400268554688,111.34647369384766,41.924522399902344,121.81332397460938,42.109962463378906,188.92266845703125,183.85826110839844,197.8998565673828
2021-02-11 05:00:00,131.38156127929688,233.5577850341797,142.490478515625,111.44200134277344,40.874786376953125,121.47317504882812,42.704261779785156,188.80813598632812,185.0992889404297,202.2588348388672
2021-02-12 05:00:00,131.6149444580078,234.03546142578125,142.93666076660156,110.825439453125,41.43246078491211,123.20013427734375,43.03535842895508,188.4821014404297,181.9579315185547,201.5867462158203
2021-02-16 05:00:00,129.495361328125,232.80311584472656,141.6409912109375,111.0859375,42.67903518676758,126.1656723022461,42.67879104614258,189.477783203125,180.6781005859375,199.60885620117188
2021-02-17 05:00:00,127.2105484008789,233.8180694580078,142.14724731445312,111.55487823486328,43.34333419799805,126.55815887451172,42.559932708740234,188.08555603027344,180.76536560058594,199.23439025878906
2021-02-18 05:00:00,126.1119384765625,233.42543029785156,142.21591186523438,112.48408508300781,42.66263198852539,126.98554992675781,43.10328674316406,189.83026123046875,177.43006896972656,201.0010223388672
2021-02-19 05:00:00,126.2674789428711,230.7253875732422,139.84762573242188,110.39122772216797,42.949668884277344,129.10504150390625,42.5429573059082,187.0193634033203,178.06027221679688,196.56527709960938
2021-02-22 05:00:00,122.50481414794922,224.54000854492188,139.7612762451172,109.92229461669922,44.532501220703125,130.31744384765625,42.98442840576172,186.86073303222656,185.92343139648438,200.01211547851562
2021-02-23 05:00:00,122.36871337890625,223.3527069091797,138.52659606933594,110.73859405517578,45.1475944519043,131.36407470703125,42.90802001953125,186.2086639404297,191.09121704101562,203.6510009765625
2021-02-24 05:00:00,121.8728256225586,224.5782928466797,140.38296508789062,110.86017608642578,46.50080108642578,133.6754150390625,43.05234146118164,187.92697143554688,191.4984130859375,210.6790008544922
2021-02-25 05:00:00,117.63379669189453,219.2546844482422,140.5297393798828,109.92229461669922,45.729881286621094,131.8612060546875,42.5938835144043,185.8826446533203,185.1671905517578,205.22557067871094
2021-02-26 05:00:00,117.89632415771484,222.50057983398438,136.81703186035156,107.2736587524414,44.58991241455078,128.36363220214844,41.59208297729492,182.76182556152344,183.2862091064453,203.91978454589844
2021-03-01 05:00:00,124.24517059326172,226.86666870117188,137.55958557128906,107.93366241455078,46.2547607421875,131.26815795898438,42.364662170410156,184.63255310058594,189.04541015625,207.99069213867188
2021-03-02 05:00:00,121.64923858642578,223.9272003173828,137.3005828857422,107.59497833251953,45.9841194152832,130.8407745361328,42.53445816040039,185.00489807128906,188.03707885742188,207.16500854492188
2021-03-03 05:00:00,118.67411041259766,217.88551330566406,134.88299560546875,106.95234680175781,46.353179931640625,133.3701934814453,42.43257522583008,182.47811889648438,186.40821838378906,206.2816925048828
2021-03-04 05:00:00,116.79765319824219,217.09075927734375,132.16323852539062,106.07527160644531,48.14923095703125,131.3204803466797,42.39862823486328,181.60926818847656,182.30699157714844,203.06529235839844
2021-03-05 05:00:00,118.05187225341797,221.7537078857422,134.77940368652344,109.40126037597656,49.96990203857422,131.62576293945312,43.12027359008789,183.85235595703125,184.20730590820312,206.81935119628906
2021-03-08 05:00:00,113.13220977783203,217.72264099121094,135.90182495117188,110.55624389648438,49.92068099975586,133.3701934814453,43.84190368652344,185.39498901367188,195.76451110839844,211.4855499267578
2021-03-09 05:00:00,117.73101043701172,223.8410186767578,136.1608428955078,109.57492065429688,49.149784088134766,132.4281768798828,43.179691314697266,184.89852905273438,188.5897216796875,211.5719757080078
2021-03-10 05:00:00,116.65180969238281,222.5388641357422,137.41278076171875,110.5822525024414,50.658809661865234,135.30645751953125,43.67211151123047,189.1186981201172,189.12298583984375,214.26991271972656
2021-03-11 05:00:00,118.57688903808594,227.04861450195312,137.4041748046875,110.20887756347656,50.28154754638672,134.59999084472656,43.19667434692383,187.57603454589844,190.7615509033203,217.1310577392578
2021-03-12 05:00:00,117.67269134521484,225.7272491455078,137.8013458251953,111.27700805664062,50.82282638549805,136.19615173339844,43.11107635498047,188.25869750976562,191.15907287597656,215.4124298095703
2021-03-15 04:00:00,120.55056762695312,224.82723999023438,138.50933837890625,111.6417236328125,49.52703857421875,135.51576232910156,43.684627532958984,195.4578399658203,190.771240234375,214.3659210205078
2021-03-16 04:00:00,122.08675384521484,227.6039581298828,139.32957458496094,111.97172546386719,48.47728729248047,133.89353942871094,43.84728240966797,194.92587280273438,188.3279571533203,215.7388916015625
2021-03-17 04:00:00,121.29922485351562,226.96241760253906,138.81153869628906,111.5201644897461,48.690513610839844,135.2716064453125,43.864410400390625,198.69387817382812,189.2975311279297,214.1258544921875
2021-03-18 04:00:00,117.18655395507812,220.91114807128906,138.55250549316406,111.76329803466797,46.59101104736328,137.5044403076172,43.29084014892578,197.62109375,186.42762756347656,211.8599853515625
2021-03-19 04:00:00,116.66154479980469,220.55682373046875,138.1812286376953,111.16410827636719,46.328556060791016,135.3152313232422,43.49629211425781,197.21327209472656,185.3223114013672,198.64874267578125
2021-03-22 04:00:00,119.96723175048828,225.95704650878906,138.57839965820312,113.04851531982422,45.8528938293457,131.6781005859375,43.65894317626953,199.54502868652344,186.98995971679688,199.7049102783203
2021-03-23 04:00:00,119.14080810546875,227.4794921875,138.44891357421875,115.15007019042969,45.28702163696289,130.3610382080078,43.99280548095703,198.92440795898438,182.98565673828125,199.84886169433594
2021-03-24 04:00:00,116.75875854492188,225.44961547851562,139.7958221435547,115.11534118652344,46.20555114746094,131.37277221679688,44.104087829589844,198.64068603515625,179.0977020263672,199.77207946777344
2021-03-25 04:00:00,117.24488830566406,222.4622344970703,139.84762573242188,115.91425323486328,46.0743293762207,133.05618286132812,44.532127380371094,198.773681640625,181.22105407714844,199.6760711669922
2021-03-26 04:00:00,117.84770202636719,226.42623901367188,142.40335083007812,117.62503051757812,47.32912063598633,135.2716064453125,45.40530776977539,199.6691131591797,180.2611846923828,205.0143585205078
2021-03-29 04:00:00,118.02269744873047,225.2389373779297,143.36172485351562,119.46603393554688,47.07488250732422,133.1695098876953,46.09870147705078,201.5664520263672,179.2237548828125,205.95526123046875
2021-03-30 04:00:00,116.57401275634766,221.9930877685547,142.472412109375,117.62503051757812,46.49259567260742,134.73953247070312,45.49947738647461,199.46519470214844,179.883056640625,203.44932556152344
2021-03-31 04:00:00,118.7616195678711,225.74642944335938,141.90257263183594,117.60763549804688,45.787296295166016,132.77706909179688,45.122802734375,198.72047424316406,178.90380859375,203.2861328125
2021-04-01 04:00:00,119.58804321289062,232.0466766357422,140.5901641845703,116.60897064208984,47.06666946411133,134.0679473876953,44.95159149169922,199.6691131591797,183.21835327148438,208.2115478515625
2021-04-05 04:00:00,122.40760040283203,238.4810333251953,141.1082000732422,118.49340057373047,46.336769104003906,134.77857971191406,45.20841979980469,202.89633178710938,182.76266479492188,210.3046112060547
2021-04-06 04:00:00,122.70902252197266,237.32240295410156,141.0736846923828,118.53684997558594,46.20555114746094,133.83103942871094,45.53371810913086,205.60926818847656,183.95523071289062,209.93016052246094
2021-04-07 04:00:00,124.35214233398438,239.27569580078125,141.2636260986328,118.7452621459961,46.410579681396484,135.9279327392578,45.610748291015625,206.2299041748047,181.85125732421875,210.52545166015625
2021-04-08 04:00:00,126.74388885498047,242.48326110839844,140.71104431152344,119.19682312011719,45.92671585083008,136.09458923339844,45.47379684448242,204.13755798339844,181.6186065673828,211.8983612060547
2021-04-09 04:00:00,129.31063842773438,244.9727783203125,139.22598266601562,118.4239501953125,45.82010269165039,137.11236572265625,45.525146484375,205.22804260253906,182.17120361328125,213.6457977294922
2021-04-12 04:00:00,127.59951782226562,245.03021240234375,139.5626983642578,118.90156555175781,45.51665115356445,136.82284545898438,45.670684814453125,204.76705932617188,180.8138427734375,212.6376953125
2021-04-13 04:00:00,130.7010040283203,247.50045776367188,137.69772338867188,117.32975006103516,45.68887710571289,135.1909637451172,45.44810485839844,205.0862274169922,179.84425354003906,212.2056427001953
2021-04-14 04:00:00,128.36753845214844,244.72378540039062,138.07762145996094,117.7552719116211,47.0092658996582,132.6641845703125,45.43954849243164,204.19078063964844,181.75433349609375,213.12734985351562
2021-04-15 04:00:00,130.76904296875,248.46755981445312,138.4834442138672,119.17947387695312,46.730430603027344,133.50640869140625,45.653560638427734,205.05072021484375,180.27088928222656,217.25587463378906
2021-04-16 04:00:00,130.43850708007812,249.6548614501953,140.08074951171875,119.18811798095703,46.467987060546875,134.4978790283203,45.95317459106445,206.6466064453125,181.56040954589844,217.38067626953125
2021-04-19 04:00:00,131.099609375,247.73983764648438,140.4693145751953,118.63236999511719,46.320369720458984,133.92755126953125,46.227115631103516,205.52061462402344,181.72523498535156,216.785400390625
2021-04-20 04:00:00,129.41758728027344,247.28024291992188,143.74166870117188,119.62234497070312,45.34442901611328,130.96214294433594,46.37265396118164,206.5845184326172,177.22645568847656,214.37551879882812
2021-04-21 04:00:00,129.79676818847656,249.5016326904297,143.8366241455078,118.84076690673828,45.92671585083008,132.0763397216797,46.74931335449219,205.91957092285156,177.53671264648438,218.37924194335938
2021-04-22 04:00:00,128.2800750732422,246.23663330078125,142.6191864013672,117.66092681884766,45.32802200317383,129.29519653320312,46.603782653808594,206.5402374267578,177.1973419189453,218.49441528320312
2021-04-23 04:00:00,130.59402465820312,250.0474395751953,142.9127655029297,117.0578842163086,45.57405471801758,131.76927185058594,46.62947082519531,207.9765167236328,177.44944763183594,220.8275146484375
2021-04-26 04:00:00,130.9829559326172,250.43040466308594,141.70401000976562,114.71570587158203,45.66427230834961,132.09385681152344,45.936058044433594,205.9639434814453,178.66140747070312,221.15396118164062
2021-04-27 04:00:00,130.662109375,250.8325958251953,140.89239501953125,114.645751953125,46.26295852661133,132.69927978515625,45.86758041381836,208.3311309814453,179.0201416015625,220.74107360839844
2021-04-28 04:00:00,129.8745574951172,243.73757934570312,139.8562469482422,114.83805084228516,47.65717315673828,133.55908203125,45.87614822387695,206.0526123046875,177.8081817626953,224.13990783691406
2021-04-29 04:00:00,129.77734375,241.7747344970703,141.77305603027344,115.80814361572266,48.33785629272461,136.15602111816406,46.44969177246094,208.53504943847656,179.68914794921875,227.4139404296875
2021-04-30 04:00:00,127.81339263916016,241.458740234375,140.50384521484375,116.60343933105469,46.943668365478516,134.94529724121094,46.20999526977539,209.30638122558594,180.358154296875,224.2454833984375
2021-05-03 04:00:00,128.8634033203125,241.15237426757812,142.6451416015625,117.98430633544922,48.23945236206055,134.55050659179688,46.63801956176758,208.8453369140625,179.86366271972656,223.3334197998047
2021-05-04 04:00:00,124.30350494384766,237.25540161132812,144.8554229736328,117.582275390625,48.54290008544922,136.4104461669922,46.34697341918945,207.33819580078125,178.64199829101562,222.77651977539062
2021-05-05 04:00:00,124.54657745361328,235.9915313720703,144.25103759765625,116.63841247558594,50.002716064453125,138.20025634765625,46.227115631103516,208.38430786132812,175.9853973388672,220.06903076171875
2021-05-06 04:00:00,126.14109802246094,239.11293029785156,144.82952880859375,118.10665130615234,50.47837448120117,140.9814910888672,46.689388275146484,208.22474670410156,176.2568817138672,222.0948944091797
2021-05-07 04:00:00,126.81307983398438,241.7268829345703,145.4857635498047,118.11537170410156,51.20008087158203,141.4640350341797,46.6637077331543,208.20701599121094,179.21405029296875,222.86297607421875
2021-05-10 04:00:00,123.54072570800781,236.67129516601562,147.01400756835938,120.31779479980469,51.32309341430664,141.44642639160156,47.00613021850586,210.21954345703125,178.6905059814453,216.95822143554688
2021-05-11 04:00:00,122.62525939941406,235.76171875,145.8138427734375,119.72349548339844,49.691062927246094,139.0951690673828,46.50105285644531,207.33819580078125,176.1405487060547,216.48776245117188
2021-05-12 04:00:00,119.56716918945312,228.83912658691406,145.2267608642578,118.45623016357422,49.95732116699219,138.1388702392578,46.26136016845703,202.08950805664062,172.43682861328125,211.83123779296875
2021-05-13 04:00:00,121.70978546142578,232.69776916503906,146.746337890625,120.36145782470703,49.34159851074219,141.6920928955078,46.6637077331543,203.71197509765625,172.91189575195312,215.1291961669922
2021-05-14 04:00:00,124.12506866455078,237.60008239746094,146.97079467773438,120.61489868164062,50.56473922729492,143.89427185058594,46.852046966552734,205.4408416748047,168.41310119628906,218.20602416992188
2021-05-17 04:00:00,122.9758529663086,234.75637817382812,147.1176300048828,120.37018585205078,51.746273040771484,144.4733428955078,46.774993896484375,205.4053497314453,164.90330505371094,217.7252655029297
2021-05-18 04:00:00,121.5929183959961,232.7456512451172,147.16937255859375,119.137939453125,50.28183364868164,142.43788146972656,46.51817321777344,205.62698364257812,164.51547241210938,216.88876342773438
2021-05-19 04:00:00,121.43708801269531,233.3214569091797,146.8499298095703,119.38265228271484,49.075321197509766,141.34996032714844,46.37265396118164,204.04885864257812,164.1179656982422,215.9464874267578
2021-05-20 04:00:00,123.98871612548828,236.54603576660156,147.70474243164062,120.60618591308594,48.958831787109375,141.10433959960938,46.78356170654297,205.84864807128906,166.1443328857422,217.7252655029297
2021-05-21 04:00:00,122.15776824951172,235.2888641357422,147.6097869873047,120.60618591308594,49.02540969848633,142.7098388671875,46.757869720458984,205.01527404785156,167.15267944335938,218.04258728027344
2021-05-24 04:00:00,123.7842025756836,240.6727752685547,148.17449951171875,120.57122802734375,49.59953689575195,143.48193359375,46.91196060180664,205.60926818847656,169.0045623779297,220.4944305419922
2021-05-25 04:00:00,123.58943939208984,241.57485961914062,147.76612854003906,120.98196411132812,48.47624969482422,141.99920654296875,46.90340805053711,205.81321716308594,170.8079376220703,220.20602416992188
2021-05-26 04:00:00,123.54072570800781,241.35414123535156,146.88865661621094,120.7110595703125,49.04204559326172,141.9816131591797,47.108863830566406,205.99937438964844,171.09881591796875,218.3310546875
2021-05-27 04:00:00,122.01170349121094,239.26199340820312,146.6627655029297,117.96680450439453,48.725868225097656,144.1925811767578,47.50264358520508,208.22474670410156,173.59059143066406,218.12911987304688
2021-05-28 04:00:00,121.35916900634766,239.6170654296875,147.04501342773438,117.85317993164062,48.56776809692383,144.09603881835938,47.33143615722656,208.50999450683594,173.21246337890625,218.55215454101562
2021-06-01 04:00:00,121.03778839111328,237.42897033691406,143.8130645751953,116.13150024414062,50.306793212890625,145.68406677246094,47.3228759765625,207.9304962158203,173.39666748046875,217.90797424316406
2021-06-02 04:00:00,121.79741668701172,237.33299255371094,144.39515686035156,116.63841247558594,50.7061882019043,145.6928253173828,47.511207580566406,208.41195678710938,171.6126708984375,220.8213348388672
2021-06-03 04:00:00,120.31709289550781,235.8070831298828,144.2561798095703,118.7271499633789,50.9058837890625,145.78933715820312,47.63105392456055,207.22625732421875,170.87582397460938,219.3310089111328
2021-06-04 04:00:00,122.60578918457031,240.68235778808594,144.1953582763672,118.81454467773438,51.13053894042969,146.02622985839844,48.144691467285156,208.0553741455078,171.7871856689453,221.28289794921875
2021-06-07 04:00:00,122.61551666259766,243.58059692382812,143.21359252929688,119.22531127929688,50.79770278930664,145.34190368652344,47.97347640991211,206.54869079589844,171.60299682617188,222.41748046875
2021-06-08 04:00:00,123.43358612060547,242.39060974121094,141.95384216308594,117.844482421875,51.69633865356445,144.7628631591797,47.639610290527344,207.39564514160156,170.9630584716797,223.11935424804688
2021-06-09 04:00:00,123.81341552734375,243.36949157714844,143.865234375,117.80075073242188,52.1290168762207,142.95550537109375,47.49409103393555,206.35263061523438,170.681884765625,223.369384765625
2021-06-10 04:00:00,122.82005310058594,246.8723602294922,145.1597137451172,118.6747055053711,52.21221923828125,140.72703552246094,47.8621826171875,209.13406372070312,171.19577026367188,224.9462432861328
2021-06-11 04:00:00,124.02767944335938,247.49615478515625,143.31787109375,117.86195373535156,51.7296257019043,140.63050842285156,48.07620620727539,211.2200927734375,171.9811248779297,225.9173583984375
2021-06-14 04:00:00,127.07601928710938,249.41561889648438,143.67405700683594,117.9056396484375,51.646419525146484,138.24412536621094,47.91232681274414,211.26467895507812,172.7567596435547,225.0712432861328
2021-06-15 04:00:00,126.25792694091797,247.94720458984375,142.90956115722656,117.67842102050781,53.52690124511719,136.14724731445312,47.79157638549805,210.70306396484375,170.50738525390625,224.0135498046875
2021-06-16 04:00:00,126.75466918945312,247.0067596435547,142.85739135742188,116.04411315917969,53.33551025390625,137.10362243652344,47.1533203125,210.01663208007812,169.34393310546875,220.76365661621094
2021-06-17 04:00:00,128.3518829345703,250.38485717773438,143.5437469482422,117.10159301757812,51.57986068725586,133.14669799804688,47.39482879638672,208.50106811523438,169.33421325683594,223.21551513671875
2021-06-18 04:00:00,127.05654907226562,248.97410583496094,140.7288360595703,115.3886489868164,50.25687026977539,129.77769470214844,46.377071380615234,204.703369140625,167.17208862304688,221.54244995117188
2021-06-21 04:00:00,128.84852600097656,252.0452117919922,142.34478759765625,116.29756164550781,52.079097747802734,131.9798126220703,46.885948181152344,207.62742614746094,168.67489624023438,225.302001953125
2021-06-22 04:00:00,130.48472595214844,254.80905151367188,142.1536407470703,116.34126281738281,53.07757568359375,131.78683471679688,47.058441162109375,208.50106811523438,168.21922302246094,226.8500213623047
2021-06-23 04:00:00,130.21205139160156,254.57879638671875,141.29356384277344,116.17520904541016,53.468650817871094,132.58522033691406,46.67893600463867,207.9304962158203,169.9935302734375,225.6481475830078
2021-06-24 04:00:00,129.92962646484375,255.9414520263672,141.93643188476562,116.25386810302734,53.68498229980469,133.8047332763672,46.91181182861328,208.01075744628906,172.51437377929688,227.14813232421875
2021-06-25 04:00:00,129.63742065429688,254.3388214111328,142.666259765625,117.91436004638672,53.80146408081055,135.15586853027344,46.8514404296875,207.19952392578125,172.92160034179688,228.1865997314453
2021-06-28 04:00:00,131.2638397216797,257.88970947265625,142.50119018554688,118.26396179199219,52.42856216430664,135.4015350341797,46.79969024658203,206.01385498046875,171.19577026367188,225.08087158203125
2021-06-29 04:00:00,132.77340698242188,260.461669921875,142.5098876953125,117.45994567871094,52.10405349731445,135.23483276367188,46.4547004699707,205.3719482421875,168.6361083984375,226.86927795410156
2021-06-30 04:00:00,133.3870086669922,259.9818420410156,143.12673950195312,117.9231185913086,52.4868049621582,136.4630889892578,46.67032241821289,205.92471313476562,170.4201202392578,224.82127380371094
2021-07-01 04:00:00,133.68887329101562,260.6535949707031,144.1866455078125,118.19405364990234,52.63656997680664,137.81422424316406,46.54093933105469,207.06582641601562,171.86476135253906,226.1000518798828
2021-07-02 04:00:00,136.30873107910156,266.4598693847656,146.8104248046875,118.77086639404297,52.56169128417969,137.6818389892578,46.730690002441406,208.27821350097656,171.7193603515625,229.4461212158203
2021-07-06 04:00:00,138.31497192382812,266.4693603515625,145.9329376220703,118.84076690673828,51.063968658447266,135.36996459960938,46.47194290161133,207.49371337890625,168.40342712402344,230.3788299560547
2021-07-07 04:00:00,140.79844665527344,268.6478576660156,147.18406677246094,119.73220825195312,50.26517868041992,135.52879333496094,46.8514404296875,209.16966247558594,167.55992126464844,230.76341247558594
2021-07-08 04:00:00,139.5031280517578,266.23907470703125,146.89730834960938,119.71473693847656,50.04052734375,133.1904296875,46.687564849853516,207.5739288330078,167.54052734375,227.50387573242188
2021-07-09 04:00:00,141.3243865966797,266.7381286621094,147.4794464111328,119.75843811035156,50.947486877441406,137.4524383544922,46.97220230102539,210.1057586669922,171.65145874023438,229.29229736328125
2021-07-12 04:00:00,140.73028564453125,266.1431579589844,147.24485778808594,119.85456848144531,50.89756393432617,139.42022705078125,46.989437103271484,210.04335021972656,178.76806640625,228.71539306640625
2021-07-13 04:00:00,141.84054565429688,269.65557861328125,147.0624237060547,119.70597839355469,50.6562614440918,137.3465576171875,47.4552001953125,210.5426025390625,178.06027221679688,233.02296447753906
2021-07-14 04:00:00,145.25897216796875,271.1239318847656,148.06150817871094,120.58866882324219,49.53296661376953,136.8788604736328,48.52470779418945,211.3984375,177.8372802734375,236.5229034423828
2021-07-15 04:00:00,144.60646057128906,269.7036437988281,146.28048706054688,121.61993408203125,49.050384521484375,137.17889404296875,48.679954528808594,211.17555236816406,178.54505920410156,238.98435974121094
2021-07-16 04:00:00,142.57098388671875,269.4347839355469,146.0458984375,122.79983520507812,47.694095611572266,134.04635620117188,48.64546585083008,209.27670288085938,173.85235595703125,238.57095336914062
2021-07-19 04:00:00,138.73373413085938,265.8454895019531,144.98594665527344,122.73863220214844,46.054927825927734,129.687255859375,48.06757736206055,204.3824005126953,167.68594360351562,231.1576385498047
2021-07-20 04:00:00,142.3372344970703,268.0625305175781,146.34999084472656,122.0831527709961,46.5624885559082,132.1050567626953,48.1538200378418,208.84878540039062,171.3702850341797,233.3594970703125
2021-07-21 04:00:00,141.60678100585938,270.0586242675781,147.25352478027344,121.65491485595703,48.06020736694336,134.88462829589844,48.77483367919922,210.32864379882812,171.50601196289062,234.2825164794922
2021-07-22 04:00:00,142.97027587890625,274.6076354980469,147.6792449951172,121.18882751464844,47.51936721801758,133.1815643310547,48.70583724975586,212.7712860107422,169.7996063232422,234.7440948486328
2021-07-23 04:00:00,144.68438720703125,277.995361328125,149.2517547607422,122.93891906738281,47.461124420166016,132.92568969726562,49.17158126831055,216.5958251953125,170.77886962890625,239.43624877929688
2021-07-26 04:00:00,145.10321044921875,277.4003601074219,149.32130432128906,123.36983489990234,48.6593017578125,133.81689453125,49.21471405029297,217.505126953125,173.29974365234375,240.61895751953125
2021-07-27 04:00:00,142.9410858154297,274.9914855957031,150.00770568847656,123.87116241455078,48.11845397949219,133.6404266357422,49.38721466064453,219.6179656982422,174.03660583496094,241.27276611328125
2021-07-28 04:00:00,141.19776916503906,274.6843566894531,149.5906219482422,122.0330810546875,48.44296646118164,133.8610382080078,48.93871307373047,215.54383850097656,173.64877319335938,237.43629455566406
2021-07-29 04:00:00,141.84054565429688,274.9530944824219,149.5906219482422,122.6662826538086,49.03372573852539,135.0081787109375,49.206085205078125,217.54075622558594,172.92160034179688,238.3785858154297
2021-07-30 04:00:00,142.05479431152344,273.42724609375,149.60800170898438,125.08480072021484,47.90211486816406,133.93165588378906,49.188838958740234,216.37289428710938,170.6625213623047,236.90745544433594
2021-08-02 04:00:00,141.72369384765625,273.3408508300781,149.66879272460938,124.7769775390625,47.910438537597656,133.3933563232422,49.05946350097656,214.04617309570312,170.2068328857422,230.5518798828125
2021-08-03 04:00:00,143.51565551757812,275.5480651855469,151.5106658935547,126.59748077392578,48.42631912231445,134.91110229492188,49.09396743774414,211.23793029785156,167.72474670410156,227.96542358398438
2021-08-04 04:00:00,143.11636352539062,274.96270751953125,150.6158447265625,125.26066589355469,47.294700622558594,133.45518493652344,48.38669967651367,209.34803771972656,167.3272247314453,227.5615997314453
2021-08-05 04:00:00,143.2235107421875,277.85137939453125,150.90249633789062,125.32223510742188,47.59425354003906,135.14053344726562,48.73171615600586,210.7654571533203,171.33151245117188,230.96536254882812
2021-08-06 04:00:00,142.54074096679688,277.7937316894531,150.39862060546875,124.36361694335938,48.14341354370117,138.97901916503906,48.85245895385742,210.62283325195312,171.73873901367188,232.10951232910156
2021-08-09 04:00:00,142.49195861816406,276.7093505859375,150.91989135742188,125.04080963134766,47.59425354003906,138.8289794921875,48.86109161376953,209.2142791748047,171.34120178222656,230.76341247558594
2021-08-10 04:00:00,142.0140380859375,274.8955383300781,150.97201538085938,125.11998748779297,48.409671783447266,140.53204345703125,48.99045944213867,208.11773681640625,171.68055725097656,228.9076690673828
2021-08-11 04:00:00,142.2676544189453,275.38507080078125,150.99810791015625,125.42777252197266,48.5511360168457,142.2086181640625,48.93009567260742,209.98985290527344,172.66949462890625,226.01351928710938
2021-08-12 04:00:00,145.2230224609375,278.1296691894531,152.21438598632812,125.71800231933594,48.44133377075195,142.76451110839844,49.024967193603516,210.98834228515625,173.83297729492188,223.17318725585938
2021-08-13 04:00:00,145.42782592773438,281.0472106933594,153.1266326904297,126.32483673095703,47.951416015625,141.1673583984375,49.36134338378906,212.9050750732422,175.56851196289062,224.00125122070312
2021-08-16 04:00:00,147.39805603027344,282.7265930175781,154.508056640625,127.20427703857422,47.25035095214844,140.2408447265625,49.576969146728516,214.82171630859375,173.6390838623047,226.61045837402344
2021-08-17 04:00:00,146.4910125732422,281.2679138183594,155.9241943359375,127.41534423828125,46.929386138916016,138.54660034179688,49.40447235107422,214.20657348632812,170.47830200195312,225.81134033203125
2021-08-18 04:00:00,142.75531005859375,279.54681396484375,153.9433135986328,126.02584075927734,45.941123962402344,137.28475952148438,48.73171615600586,212.2453155517578,169.42149353027344,223.01914978027344
2021-08-19 04:00:00,143.0869140625,285.3544921875,155.1422882080078,127.51211547851562,44.53898620605469,136.1376495361328,49.042213439941406,211.48757934570312,167.97679138183594,222.9613800048828
2021-08-20 04:00:00,144.54026794433594,292.6524658203125,155.89816284179688,127.60004425048828,44.54743957519531,136.52593994140625,48.85245895385742,212.61085510253906,169.78988647460938,222.7592010498047
2021-08-23 04:00:00,146.0228271484375,292.93133544921875,155.22518920898438,126.94922637939453,46.38035202026367,138.2730712890625,48.679954528808594,213.65386962890625,172.2526092529297,225.4358367919922
2021-08-24 04:00:00,145.9350128173828,290.9793701171875,153.28497314453125,125.92024993896484,46.76044845581055,139.12896728515625,48.309085845947266,212.5573272705078,173.03794860839844,225.5321502685547
2021-08-25 04:00:00,144.70608520507812,290.3928527832031,152.2711639404297,125.47174072265625,46.84490966796875,141.996826171875,48.360836029052734,212.91390991210938,172.88279724121094,223.94345092773438
2021-08-26 04:00:00,143.90621948242188,287.58514404296875,151.45838928222656,125.25190734863281,46.21142578125,142.729248046875,47.9036979675293,211.23793029785156,171.18606567382812,221.950439453125
2021-08-27 04:00:00,144.94015502929688,288.19091796875,151.13499450683594,125.15515899658203,47.10675811767578,143.87635803222656,47.998573303222656,211.71044921875,174.65713500976562,224.03970336914062
2021-08-30 04:00:00,149.34884643554688,291.9120788574219,151.77305603027344,125.70040893554688,46.591522216796875,141.5732879638672,48.4556999206543,210.91702270507812,174.50198364257812,222.63401794433594
2021-08-31 04:00:00,148.0906219482422,290.267822265625,151.30984497070312,125.22551727294922,46.050933837890625,141.14093017578125,48.567832946777344,212.8531951904297,175.78179931640625,220.5832061767578
2021-09-01 04:00:00,148.7538299560547,290.2197570800781,151.84295654296875,126.50070190429688,45.41743850708008,140.9379425048828,48.895591735839844,213.47166442871094,177.8954315185547,221.56524658203125
2021-09-02 04:00:00,149.8657684326172,289.56591796875,152.8829345703125,126.59748077392578,46.52394485473633,141.5909423828125,48.96459197998047,215.0134735107422,176.32473754882812,215.84608459472656
2021-09-03 04:00:00,150.49978637695312,289.5563659667969,152.9790496826172,126.68540954589844,46.34656524658203,140.7349853515625,48.93009567260742,214.072265625,175.4909210205078,216.74154663085938
2021-09-07 04:00:00,152.8309326171875,288.6332702636719,150.60189819335938,126.21050262451172,46.076271057128906,140.4879150390625,48.015830993652344,211.71481323242188,178.72926330566406,217.85838317871094
2021-09-08 04:00:00,151.28981018066406,288.6620788574219,150.23484802246094,127.16910552978516,45.6539421081543,139.86138916015625,48.66271209716797,213.89295959472656,179.5146026611328,220.5735321044922
2021-09-09 04:00:00,150.2754364013672,285.81591796875,146.88754272460938,126.63265228271484,45.6877326965332,140.4702606201172,48.17970657348633,213.8839874267578,180.25148010253906,219.03305053710938
2021-09-10 04:00:00,145.30105590820312,284.3351745605469,145.92616271972656,126.75577545166016,45.594818115234375,138.85545349121094,47.96408462524414,214.39492797851562,178.51597595214844,216.54896545410156
2021-09-13 04:00:00,145.8667449951172,285.56597900390625,144.90365600585938,128.118896484375,46.76889419555664,141.0614776611328,48.360836029052734,216.214599609375,179.3498077392578,216.27935791015625
2021-09-14 04:00:00,144.47198486328125,288.25823974609375,144.02967834472656,127.89906311035156,46.10160827636719,138.59959411621094,48.395599365234375,216.14285278320312,176.84829711914062,214.73886108398438
2021-09-15 04:00:00,145.3595428466797,293.0947265625,144.57154846191406,127.62639617919922,47.65578079223633,139.56141662597656,48.56070327758789,216.0084228515625,178.7971649169922,215.48985290527344
2021-09-16 04:00:00,145.12545776367188,293.4793395996094,144.39675903320312,126.73821258544922,47.14899826049805,139.49960327148438,48.100128173828125,218.00733947753906,177.75970458984375,215.99053955078125
2021-09-17 04:00:00,142.4627227783203,288.3351745605469,143.98597717285156,126.94046020507812,46.591522216796875,139.1378173828125,47.30931854248047,217.36196899414062,177.88575744628906,213.50643920898438
2021-09-20 04:00:00,139.41954040527344,282.9794006347656,143.16444396972656,125.66522216796875,45.34987258911133,134.97288513183594,46.97909927368164,214.31422424316406,173.17367553710938,211.86965942382812
2021-09-21 04:00:00,139.89744567871094,283.460205078125,143.79371643066406,125.85872650146484,45.30763244628906,134.99050903320312,46.970401763916016,215.5781707763672,165.96014404296875,211.98516845703125
2021-09-22 04:00:00,142.25790405273438,287.0948486328125,143.269287109375,126.28962707519531,46.63375473022461,137.5759735107422,47.03992462158203,217.9356231689453,168.36463928222656,214.46925354003906
2021-09-23 04:00:00,143.21377563476562,288.0372009277344,144.08212280273438,126.80850219726562,48.21326446533203,142.22625732421875,46.96171569824219,219.4146270751953,170.88551330566406,219.8225860595703
2021-09-24 04:00:00,143.30152893066406,287.83526611328125,143.64511108398438,126.24568176269531,48.644046783447266,143.86752319335938,46.83135986328125,220.88467407226562,170.6431121826172,222.9806671142578
2021-09-27 04:00:00,141.78970336914062,282.8544616699219,142.6051025390625,124.58354949951172,50.08841323852539,147.34425354003906,46.58803939819336,222.3995819091797,172.83433532714844,221.0646209716797
2021-09-28 04:00:00,138.4149169921875,272.6141052246094,142.29046630859375,123.64250183105469,50.612098693847656,146.550048828125,45.74509048461914,218.50933837890625,169.20816040039062,217.1748046875
2021-09-29 04:00:00,139.31227111816406,273.0755920410156,143.34796142578125,124.90011596679688,50.57831573486328,146.43536376953125,46.02317810058594,218.9664764404297,167.42416381835938,218.25315856933594
2021-09-30 04:00:00,138.0150604248047,271.0757141113281,141.14559936523438,122.9477310180664,49.682979583740234,144.44113159179688,45.597354888916016,216.12493896484375,164.02098083496094,214.46925354003906
2021-10-01 04:00:00,139.13668823242188,277.97943115234375,140.24537658691406,122.75424194335938,51.465213775634766,147.4765625,46.075321197509766,217.75634765625,170.65280151367188,221.8926544189453
2021-10-04 04:00:00,135.713134765625,272.2199401855469,139.15289306640625,122.05946350097656,52.13248825073242,147.31776428222656,46.04924011230469,217.8908233642578,168.18043518066406,216.37564086914062
2021-10-05 04:00:00,137.63465881347656,277.6524963378906,139.46755981445312,122.53437805175781,52.048038482666016,149.72349548339844,46.12746047973633,219.80902099609375,169.29544067382812,215.94236755371094
2021-10-06 04:00:00,138.502685546875,281.8352355957031,139.75596618652344,124.170166015625,51.093570709228516,150.04306030273438,46.6749382019043,221.49423217773438,170.13894653320312,218.0895233154297
2021-10-07 04:00:00,139.7609405517578,283.50823974609375,141.0057373046875,125.16394805908203,51.23715591430664,150.992919921875,46.82267379760742,222.58782958984375,172.3010711669922,221.97927856445312
2021-10-08 04:00:00,139.3805389404297,283.50823974609375,140.6474151611328,124.64507293701172,52.52103805541992,151.10833740234375,47.03123092651367,222.0320587158203,171.36058044433594,221.709716796875
2021-10-11 04:00:00,139.2927703857422,282.91217041015625,140.05313110351562,125.16394805908203,51.99734878540039,147.9302520751953,47.126827239990234,221.0281219482422,168.2386016845703,216.74154663085938
2021-10-12 04:00:00,138.02479553222656,281.614013671875,137.8157501220703,124.97924041748047,51.727054595947266,146.7939910888672,47.126827239990234,219.18161010742188,167.86045837402344,215.720947265625
2021-10-13 04:00:00,137.4395294189453,284.9120788574219,139.13546752929688,125.26944732666016,51.583457946777344,142.92352294921875,47.135520935058594,217.50538635253906,167.69564819335938,214.1900634765625
2021-10-14 04:00:00,140.2193603515625,291.1044616699219,139.93077087402344,126.68540954589844,52.36899948120117,145.1162109375,47.457054138183594,219.20849609375,169.10150146484375,216.80892944335938
2021-10-15 04:00:00,141.27273559570312,292.50830078125,140.9707794189453,127.01079559326172,52.86735534667969,147.90359497070312,47.34407424926758,217.14682006835938,171.08912658691406,222.4029541015625
2021-10-18 04:00:00,142.9406280517578,295.46978759765625,139.9394989013672,125.18150329589844,52.84200668334961,147.85040283203125,46.874820709228516,217.15577697753906,165.93104553222656,222.0755615234375
2021-10-19 04:00:00,145.09619140625,296.3736267089844,143.21688842773438,123.70407104492188,53.635990142822266,149.6436004638672,47.05731201171875,217.61293029785156,165.96981811523438,224.83888244628906
2021-10-20 04:00:00,145.5839080810547,295.585205078125,143.13821411132812,124.18775939941406,53.93162155151367,151.65870666503906,47.47443389892578,214.87899780273438,165.3590087890625,222.81695556640625
2021-10-21 04:00:00,145.79847717285156,298.8063049316406,142.8061065673828,123.29400634765625,52.951812744140625,150.4691925048828,47.231109619140625,216.3848876953125,166.1249542236328,221.68084716796875
2021-10-22 04:00:00,145.02793884277344,297.267822265625,143.0857696533203,124.62134552001953,53.31501770019531,152.49317932128906,47.31801986694336,213.7316436767578,164.26339721679688,222.63401794433594
2021-10-25 04:00:00,144.9791717529297,296.2774353027344,143.4004364013672,124.63905334472656,54.35396194458008,151.74746704101562,47.126827239990234,212.74560546875,166.7745361328125,225.18553161621094
2021-10-26 04:00:00,145.64242553710938,298.1813049316406,144.85992431640625,126.40887451171875,55.61249542236328,152.15582275390625,47.33539581298828,211.92092895507812,166.8036346435547,223.20213317871094
2021-10-27 04:00:00,145.18402099609375,310.73895263671875,143.10328674316406,125.50627899169922,54.168128967285156,148.98667907714844,48.247859954833984,217.57708740234375,164.38943481445312,207.7583770751953
2021-10-28 04:00:00,148.8123779296875,311.8735656738281,142.3254852294922,126.25841522216797,54.32016372680664,151.2325897216797,48.69974899291992,220.06004333496094,164.51547241210938,202.03919982910156
2021-10-29 04:00:00,146.11061096191406,318.8639221191406,142.35166931152344,126.53278350830078,54.455318450927734,150.8153533935547,48.98652648925781,220.1048583984375,163.924072265625,203.8974609375
2021-11-01 04:00:00,145.29127502441406,316.700439453125,142.47398376464844,126.22303771972656,55.435115814208984,150.73550415039062,48.81271743774414,224.6136016845703,165.00994873046875,204.56182861328125
2021-11-02 04:00:00,146.3251953125,320.3157653808594,144.72006225585938,127.4795913696289,54.750953674316406,151.33023071289062,48.75188064575195,223.41249084472656,164.6609344482422,201.36524963378906
2021-11-03 04:00:00,147.7589874267578,321.15234375,144.25689697265625,128.3556671142578,53.99919128417969,151.38348388671875,48.91700744628906,224.45228576660156,164.90330505371094,200.36387634277344
2021-11-04 04:00:00,147.2420196533203,323.49847412109375,143.85484313964844,128.59458923339844,54.40463638305664,149.39500427246094,49.18639373779297,227.19517517089844,165.09722900390625,201.01861572265625
2021-11-05 04:00:00,147.76950073242188,323.13311767578125,142.83230590820312,129.23171997070312,54.91987991333008,149.1819610595703,49.39496612548828,228.3156280517578,170.28439331054688,208.615234375
2021-11-08 05:00:00,146.94895935058594,324.0273132324219,142.34288024902344,128.26718139648438,55.511146545410156,150.07858276367188,48.95176315307617,226.87249755859375,171.4866485595703,212.2932891845703
2021-11-09 05:00:00,147.31040954589844,323.02734375,142.02830505371094,128.65652465820312,56.05171585083008,148.94227600097656,49.0908088684082,226.4691162109375,169.7801971435547,205.4571990966797
2021-11-10 05:00:00,144.4874725341797,318.075439453125,143.5664825439453,129.92193603515625,54.94746398925781,148.80023193359375,49.290679931640625,226.89939880371094,169.1403045654297,207.91192626953125
2021-11-11 05:00:00,144.43862915039062,319.6427001953125,142.5089569091797,129.55026245117188,55.05018615722656,148.7913818359375,49.30806350708008,224.23716735839844,157.17588806152344,202.95428466796875
2021-11-12 05:00:00,146.50942993164062,323.7677917480469,144.2131805419922,129.69187927246094,54.6307373046875,148.12554931640625,49.19508743286133,224.69430541992188,154.77137756347656,204.56504821777344
2021-11-15 05:00:00,146.51919555664062,323.1427001953125,142.91099548339844,130.43515014648438,55.10155487060547,147.85922241210938,49.20378875732422,226.7290802001953,153.60789489746094,204.76759338378906
2021-11-16 05:00:00,147.49598693847656,326.45050048828125,142.1680908203125,130.24935913085938,55.657958984375,146.7939910888672,48.856170654296875,226.29885864257812,153.99571228027344,207.54539489746094
2021-11-17 05:00:00,149.92820739746094,326.6720275878906,142.70126342773438,130.16973876953125,55.05018615722656,146.00390625,48.58677291870117,226.50498962402344,152.54136657714844,197.7844696044922
2021-11-18 05:00:00,154.20654296875,328.7430114746094,141.9321746826172,130.1874237060547,54.45097732543945,144.7433624267578,48.15226745605469,227.213134765625,150.84463500976562,196.11578369140625
2021-11-19 05:00:00,156.82437133789062,330.5155029296875,142.36041259765625,129.92193603515625,51.93429946899414,142.8524627685547,47.90894317626953,225.84164428710938,149.31271362304688,193.73348999023438
2021-11-22 05:00:00,157.2834930419922,327.3558044433594,140.48666381835938,130.78915405273438,52.65336608886719,145.89735412597656,48.20440673828125,227.213134765625,149.46786499023438,188.64080810546875
2021-11-23 05:00:00,157.66439819335938,325.28485107421875,141.3575439453125,132.2404022216797,54.04008865356445,149.38613891601562,48.56070327758789,229.15823364257812,146.43313598632812,191.4475555419922
2021-11-24 05:00:00,158.18214416503906,325.5063781738281,140.96170043945312,131.55020141601562,54.33970642089844,148.21432495117188,48.16964340209961,230.4669189453125,146.7336883544922,196.03868103027344
2021-11-26 05:00:00,153.1711883544922,317.5784912109375,140.04681396484375,130.49710083007812,52.4307861328125,143.7490997314453,46.69231033325195,224.10269165039062,143.60198974609375,190.6373748779297
2021-11-29 05:00:00,156.5216064453125,324.2733459472656,140.53060913085938,131.86874389648438,52.721839904785156,143.127685546875,47.430992126464844,224.36265563964844,143.3111114501953,189.3256072998047
2021-11-30 05:00:00,161.4641571044922,318.4550476074219,137.1702117919922,127.93977355957031,51.223812103271484,140.99713134765625,45.93344497680664,220.46884155273438,140.48968505859375,186.89501953125
2021-12-01 05:00:00,160.9464569091797,317.96380615234375,139.06155395507812,129.55026245117188,51.18101119995117,140.1627197265625,45.80207824707031,220.0902557373047,137.82339477539062,183.41310119628906
2021-12-02 05:00:00,159.95985412597656,317.39544677734375,138.19065856933594,130.31129455566406,52.45647048950195,143.10992431640625,46.47640609741211,224.25448608398438,142.71969604492188,191.254638671875
2021-12-03 05:00:00,158.08447265625,311.1532897949219,140.20516967773438,132.6297607421875,52.122623443603516,140.51779174804688,46.888023376464844,224.732177734375,141.76953125,189.35455322265625
2021-12-06 05:00:00,161.4837188720703,314.2166442871094,143.33685302734375,134.6385040283203,52.71327590942383,142.1778106689453,48.087799072265625,230.5548553466797,145.79319763183594,195.4888916015625
2021-12-07 05:00:00,167.2076873779297,322.62615966796875,143.706298828125,134.2845458984375,53.30392074584961,144.31724548339844,48.35053253173828,234.2684783935547,146.21983337402344,200.01248168945312
2021-12-08 05:00:00,171.01724243164062,322.6742858886719,144.56842041015625,134.88629150390625,53.45800018310547,142.6660919189453,48.166622161865234,233.97096252441406,148.6728057861328,201.57504272460938
2021-12-09 05:00:00,170.5092315673828,320.8729248046875,145.94070434570312,135.6738739013672,53.594974517822266,142.44412231445312,48.04401397705078,236.45867919921875,148.28500366210938,203.88990783691406
2021-12-10 05:00:00,175.2858123779297,329.9664611816406,145.58006286621094,137.56753540039062,53.93737030029297,141.8759765625,49.287593841552734,238.82920837402344,148.06199645996094,205.8285675048828
2021-12-13 05:00:00,171.6619110107422,326.9416809082031,148.18394470214844,139.52316284179688,52.75606918334961,140.1893310546875,50.58370590209961,237.1346893310547,145.8513946533203,203.5330047607422
2021-12-14 05:00:00,170.28463745117188,316.2876892089844,149.80259704589844,140.03640747070312,52.67903137207031,141.26348876953125,50.61873245239258,236.6209259033203,144.56187438964844,202.52989196777344
2021-12-15 05:00:00,175.13926696777344,322.365966796875,150.55032348632812,140.57620239257812,52.44791793823242,140.20706176757812,50.846435546875,238.42364501953125,145.8223114013672,204.7772216796875
2021-12-16 05:00:00,168.26263427734375,312.9739074707031,152.19534301757812,142.56724548339844,52.53350830078125,142.39976501464844,51.36313247680664,239.3519744873047,144.22251892089844,206.76416015625
2021-12-17 05:00:00,167.16864013671875,311.9143371582031,147.9904327392578,139.33737182617188,51.38644790649414,139.1595458984375,50.55743408203125,235.88182067871094,144.2322235107422,204.36248779296875
2021-12-20 05:00:00,165.81089782714844,308.16705322265625,147.5681610107422,139.69131469726562,50.641727447509766,136.65618896484375,50.39104461669922,235.9088897705078,142.0119171142578,201.3339080810547
2021-12-21 05:00:00,168.9757080078125,315.27618408203125,147.0931396484375,139.60281372070312,51.788780212402344,138.56480407714844,50.592464447021484,238.3064727783203,146.45252990722656,207.7383270263672
2021-12-22 05:00:00,171.564208984375,320.96929931640625,147.72650146484375,140.98326110839844,52.20823287963867,139.10626220703125,50.95152282714844,238.8022003173828,147.25726318359375,210.22679138183594
2021-12-23 05:00:00,172.18931579589844,322.4046325683594,148.0080108642578,141.67347717285156,52.2338981628418,139.60342407226562,50.98655700683594,239.71250915527344,148.95401000976562,208.934326171875
2021-12-27 05:00:00,176.1453857421875,329.8797607421875,149.25718688964844,143.32826232910156,52.978633880615234,140.40237426757812,51.36313247680664,241.77662658691406,148.1492462158203,209.90850830078125
2021-12-28 05:00:00,175.1295166015625,328.7237548828125,149.8553466796875,144.09814453125,52.80744552612305,140.8284454345703,51.56455612182617,241.45213317871094,150.47621154785156,210.31356811523438
2021-12-29 05:00:00,175.21742248535156,329.3980712890625,150.9109649658203,145.29275512695312,52.34518814086914,140.75746154785156,51.6258659362793,242.001953125,150.15625,210.42930603027344
2021-12-30 05:00:00,174.06478881835938,326.8645935058594,151.57955932617188,144.03619384765625,52.03702163696289,140.6864471435547,51.47698211669922,240.84820556640625,151.18399047851562,210.13998413085938
2021-12-31 05:00:00,173.44944763183594,323.9747314453125,150.48875427246094,144.7529754638672,52.379432678222656,140.571044921875,51.85354995727539,241.62338256835938,150.17564392089844,209.0211639404297
2022-01-03 05:00:00,177.78634643554688,322.4624328613281,150.90216064453125,144.15121459960938,54.39105987548828,143.544921875,51.932369232177734,242.0830535888672,151.98870849609375,213.57362365722656
2022-01-04 05:00:00,175.52999877929688,316.9330749511719,150.49755859375,144.65562438964844,56.43694305419922,148.98667907714844,52.799373626708984,242.02000427246094,150.9900665283203,214.567138671875
2022-01-05 05:00:00,170.86093139648438,304.7666931152344,151.50039672851562,145.3104705810547,57.138858795166016,146.26287841796875,53.23725509643555,240.83021545410156,150.46652221679688,212.1943817138672
2022-01-06 05:00:00,168.00865173339844,302.35833740234375,150.98135375976562,144.08929443359375,58.4827995300293,147.81678771972656,52.95701217651367,243.08352661132812,152.12445068359375,211.95321655273438
2022-01-07 05:00:00,168.17474365234375,302.5126647949219,153.02224731445312,144.00967407226562,58.96216583251953,149.28134155273438,52.83440399169922,240.71298217773438,153.0261688232422,209.26223754882812
2022-01-10 05:00:00,168.19424438476562,302.7341003417969,152.2657012939453,142.045166015625,58.611209869384766,149.4242706298828,52.921974182128906,238.32447814941406,151.83358764648438,204.4492645263672
2022-01-11 05:00:00,171.01724243164062,303.4180908203125,150.64706420898438,140.3992462158203,61.076515197753906,149.5760498046875,52.93949890136719,236.2603759765625,153.08433532714844,206.77378845214844
2022-01-12 05:00:00,171.456787109375,306.5872802734375,149.36273193359375,140.7089385986328,60.89675521850586,150.42449951171875,53.018306732177734,235.17874145507812,152.99708557128906,208.0565948486328
2022-01-13 05:00:00,168.19424438476562,293.6116943359375,148.45663452148438,140.07183837890625,60.460182189941406,150.23695373535156,53.333587646484375,235.62045288085938,150.70889282226562,207.3717803955078
2022-01-14 05:00:00,169.05381774902344,298.81353759765625,147.64732360839844,141.41685485839844,61.521644592285156,141.0028839111328,53.76270294189453,232.28543090820312,147.3154296875,207.05349731445312
2022-01-18 05:00:00,165.85975646972656,291.5406494140625,146.99636840820312,138.69137573242188,62.55742645263672,135.0908966064453,53.333587646484375,231.17681884765625,147.63540649414062,208.0565948486328
2022-01-19 05:00:00,162.37258911132812,292.19561767578125,146.53892517089844,143.35482788085938,62.583106994628906,133.0011444091797,53.421165466308594,230.04112243652344,145.5411376953125,207.06312561035156
2022-01-20 05:00:00,160.69244384765625,290.5292053222656,145.36895751953125,144.12884521484375,62.720062255859375,131.8669891357422,53.20222473144531,228.1573028564453,143.1269073486328,206.74485778808594
2022-01-21 05:00:00,158.64122009277344,285.16363525390625,145.03468322753906,144.68045043945312,61.7784423828125,129.56298828125,52.93949890136719,229.47325134277344,133.19857788085938,198.62359619140625
2022-01-24 05:00:00,157.86952209472656,285.49114990234375,143.36326599121094,143.5060577392578,62.30917739868164,129.44683837890625,52.510379791259766,228.58995056152344,133.27615356445312,194.68838500976562
2022-01-25 05:00:00,156.07228088378906,277.90045166015625,147.4626007080078,141.94020080566406,64.14105224609375,130.85787963867188,52.38776779174805,225.94895935058594,132.35508728027344,194.8330078125
2022-01-26 05:00:00,155.98435974121094,285.8187255859375,148.12237548828125,140.70358276367188,63.490482330322266,132.0991973876953,52.195098876953125,225.2008819580078,129.53367614746094,198.56570434570312
2022-01-27 05:00:00,155.5252685546875,288.83380126953125,150.06651306152344,141.57545471191406,64.30369567871094,129.76834106445312,52.238895416259766,224.200439453125,131.29824829101562,198.83580017089844
2022-01-28 05:00:00,166.37744140625,296.9447326660156,151.1220703125,142.79434204101562,64.44064331054688,130.9292755126953,53.28104019165039,230.82525634765625,134.41055297851562,219.91053771972656
2022-01-31 05:00:00,170.7241668701172,299.5649108886719,151.5619354248047,142.7498321533203,65.02274322509766,132.7064666748047,53.42991638183594,233.8538055419922,138.61843872070312,218.14549255371094
2022-02-01 05:00:00,170.55813598632812,297.4263916015625,150.32159423828125,142.1182098388672,69.19153594970703,134.9837188720703,53.03582763671875,233.43919372558594,140.09219360351562,224.1158905029297
2022-02-02 05:00:00,171.75958251953125,301.9538269042969,151.98423767089844,144.6626739501953,69.01175689697266,133.9031524658203,53.57879638671875,236.40457153320312,138.2790985107422,227.06732177734375
2022-02-03 05:00:00,168.88778686523438,290.1920471191406,151.9754180908203,146.03277587890625,68.20711517333984,132.79576110839844,53.95537185668945,234.92637634277344,135.76792907714844,223.324951171875
2022-02-04 05:00:00,168.60415649414062,294.7099304199219,150.98135375976562,143.71070861816406,69.68801879882812,136.24290466308594,53.38612747192383,234.40359497070312,137.69737243652344,220.2866973876953
2022-02-07 05:00:00,167.8902130126953,289.90301513671875,150.47994995117188,142.6342010498047,70.52689361572266,136.6983642578125,53.946617126464844,234.21432495117188,138.1724395751953,219.10037231445312
2022-02-08 05:00:00,170.99058532714844,293.3805847167969,150.8757781982422,142.31390380859375,68.7035903930664,139.2703399658203,54.29691696166992,234.421630859375,138.14334106445312,219.8527069091797
2022-02-09 05:00:00,172.40870666503906,299.7864685058594,150.85821533203125,141.99362182617188,68.37470245361328,139.85081481933594,53.45619201660156,234.2233428955078,142.748779296875,222.6787109375
2022-02-10 05:00:00,168.34010314941406,291.280517578125,149.03726196289062,139.8316650390625,67.7169189453125,139.2703399658203,53.75394821166992,231.5283203125,147.5287322998047,217.94000244140625
2022-02-11 05:00:00,164.9365234375,284.2099914550781,147.53297424316406,139.04876708984375,69.4219741821289,137.4574432373047,52.799373626708984,229.98699951171875,144.9206085205078,217.07057189941406
2022-02-14 05:00:00,165.17124938964844,284.17144775390625,145.6768341064453,139.44911193847656,68.35740661621094,136.18040466308594,53.14091873168945,228.3916473388672,146.25860595703125,217.69854736328125
2022-02-15 05:00:00,168.99539184570312,289.440673828125,147.1810760498047,139.5203094482422,67.50055694580078,138.17190551757812,53.342350006103516,228.77017211914062,150.0108184814453,220.09446716308594
2022-02-16 05:00:00,168.76065063476562,289.1028137207031,147.0931396484375,140.5790252685547,67.81212615966797,138.4219512939453,53.333587646484375,228.12127685546875,151.59120178222656,221.06053161621094
2022-02-17 05:00:00,165.17124938964844,280.63726806640625,146.19583129882812,142.1893310546875,67.70828247070312,135.23377990722656,54.40200424194336,226.17433166503906,148.294677734375,216.9932861328125
2022-02-18 05:00:00,163.62594604492188,277.9344787597656,144.62879943847656,142.26051330566406,66.95529174804688,135.86781311035156,54.76982116699219,225.87689208984375,146.75306701660156,215.13841247558594
2022-02-22 05:00:00,160.71139526367188,277.7318115234375,142.663330078125,140.50782775878906,66.17630767822266,135.62673950195312,54.542144775390625,227.7696990966797,143.58261108398438,213.81484985351562
2022-02-23 05:00:00,156.55474853515625,270.5404357910156,142.7341766357422,138.75515747070312,66.44464874267578,132.78683471679688,53.9378547668457,223.34408569335938,141.43017578125,208.62692260742188
2022-02-24 05:00:00,159.1660919189453,284.3632507324219,140.00735473632812,135.0184326171875,65.60509490966797,129.08963012695312,52.99203872680664,220.85638427734375,144.8527374267578,209.9311981201172
2022-02-25 05:00:00,161.229736328125,286.98883056640625,146.96604919433594,140.7836151123047,67.37071990966797,132.14382934570312,55.04131317138672,224.84033203125,144.97879028320312,211.83436584472656
2022-02-28 05:00:00,161.49383544921875,288.4174499511719,145.70010375976562,138.69290161132812,67.87271118164062,126.63377380371094,54.50710678100586,221.84933471679688,143.9413299560547,208.7911834716797
2022-03-01 05:00:00,159.61598205566406,284.7108459472656,145.19540405273438,136.3975067138672,68.52184295654297,121.85595703125,54.27064895629883,217.19068908691406,141.26536560058594,201.88369750976562
2022-03-02 05:00:00,162.90219116210938,289.7688903808594,147.0015106201172,136.8245391845703,69.69892883300781,124.38330078125,54.673492431640625,218.37799072265625,142.8554229736328,201.4102783203125
2022-03-03 05:00:00,162.5794677734375,285.6471252441406,149.16171264648438,137.33164978027344,70.14033508300781,123.49917602539062,54.708526611328125,214.48971557617188,141.13934326171875,200.20263671875
2022-03-04 05:00:00,159.58663940429688,279.7974853515625,150.04702758789062,138.025634765625,72.78010559082031,120.02521514892578,54.796104431152344,213.72837829589844,136.4369354248047,193.49798583984375
2022-03-07 05:00:00,155.80166625976562,269.22760009765625,152.4640350341797,135.97933959960938,75.40259552001953,115.39032745361328,53.4912223815918,203.32337951660156,129.4366912841797,184.23321533203125
2022-03-08 05:00:00,153.9824676513672,266.2738952636719,149.37416076660156,130.59674072265625,75.97380828857422,114.57765197753906,51.371891021728516,201.92758178710938,127.73994445800781,185.20896911621094
2022-03-09 05:00:00,159.3714599609375,278.4847412109375,149.9407958984375,132.3583526611328,71.65497589111328,119.16790008544922,51.63461685180664,201.63755798339844,129.5821075439453,192.98597717285156
2022-03-10 05:00:00,155.0387725830078,275.6756896972656,150.20645141601562,128.9508056640625,73.8792953491211,117.75688171386719,50.68880081176758,201.21157836914062,129.5724334716797,191.25668334960938
2022-03-11 05:00:00,151.33200073242188,270.3473815917969,149.93199157714844,127.42057800292969,73.49848175048828,115.10454559326172,50.72383499145508,205.62554931640625,127.73994445800781,190.03939819335938
2022-03-14 04:00:00,147.31227111816406,266.8432922363281,152.00364685058594,129.04869079589844,70.86734008789062,116.24765014648438,51.659236907958984,205.00013732910156,125.10273742675781,193.53663635253906
2022-03-15 04:00:00,151.68409729003906,277.18157958984375,155.94342041015625,133.69285583496094,66.83411407470703,118.31057739257812,52.6122932434082,210.79180908203125,130.1154022216797,199.1496124267578
2022-03-16 04:00:00,156.08523559570312,284.1702575683594,154.50914001464844,133.23912048339844,66.58312225341797,123.59739685058594,52.471099853515625,215.8402099609375,133.93544006347656,204.68533325195312
2022-03-17 04:00:00,157.09266662597656,284.971435546875,156.52774047851562,133.65731811523438,68.35740661621094,125.16021728515625,53.027042388916016,215.23294067382812,135.22496032714844,206.2117156982422
2022-03-18 04:00:00,160.37887573242188,290.0006103515625,154.79246520996094,133.58607482910156,68.08907318115234,125.1155776977539,53.0358772277832,216.54714965820312,136.02969360351562,211.67979431152344
2022-03-21 04:00:00,161.7481231689453,288.7746276855469,155.66897583007812,134.0931854248047,71.1443099975586,124.71369934082031,53.45945358276367,213.28428649902344,134.40084838867188,209.67999267578125
2022-03-22 04:00:00,165.1125946044922,293.5045166015625,154.93411254882812,135.125244140625,70.83272552490234,127.36605834960938,53.653602600097656,215.82208251953125,135.8455047607422,211.06149291992188
2022-03-23 04:00:00,166.47203063964844,289.0931701660156,154.34979248046875,134.18218994140625,71.94921875,124.82979583740234,53.30061721801758,214.00936889648438,133.45066833496094,207.39999389648438
2022-03-24 04:00:00,170.24725341796875,293.543212890625,155.14662170410156,134.4135284423828,72.16561889648438,125.6424789428711,53.81243896484375,217.7616729736328,134.7305145263672,209.94081115722656
2022-03-25 04:00:00,170.88299560546875,293.1376037597656,156.63397216796875,135.97044372558594,73.74081420898438,126.74091339111328,54.29779052734375,218.9580535888672,134.90504455566406,211.0228729248047
2022-03-28 04:00:00,171.7436981201172,299.9140319824219,157.4396514892578,136.90463256835938,71.6722640991211,125.8032455444336,54.64195251464844,220.1907501220703,134.497802734375,213.28353881835938
2022-03-29 04:00:00,175.02989196777344,304.4605407714844,157.3599853515625,138.31033325195312,71.29144287109375,126.0800552368164,54.85374069213867,224.9309844970703,138.04641723632812,220.38426208496094
2022-03-30 04:00:00,173.8660125732422,302.9643249511719,158.99786376953125,137.35833740234375,72.51179504394531,125.50850677490234,54.89786148071289,225.71041870117188,136.66964721679688,216.3556671142578
2022-03-31 04:00:00,170.77542114257812,297.60699462890625,156.90841674804688,135.94374084472656,71.48186492919922,121.73987579345703,54.712547302246094,224.12429809570312,132.9853057861328,214.2495880126953
2022-04-01 04:00:00,170.48199462890625,298.67840576171875,157.7583770751953,137.98110961914062,71.9405746459961,120.8378677368164,55.480289459228516,225.9098358154297,132.8301544189453,218.68394470214844
2022-04-04 04:00:00,174.52130126953125,304.03582763671875,156.235595703125,137.08255004882812,71.97520446777344,121.37371826171875,55.1890754699707,223.7164764404297,134.36207580566406,220.01715087890625
2022-04-05 04:00:00,171.21554565429688,300.0877685546875,157.24485778808594,137.56297302246094,71.60301208496094,119.96121978759766,55.12731170654297,225.23915100097656,131.49215698242188,218.423095703125
2022-04-06 04:00:00,168.05648803710938,289.1028137207031,161.3351287841797,139.5292205810547,72.39928436279297,118.29686737060547,55.683258056640625,227.9128875732422,128.53500366210938,211.58316040039062
2022-04-07 04:00:00,168.3596649169922,290.90789794921875,160.9190216064453,141.33522033691406,73.61100006103516,117.9369888305664,55.98329162597656,230.54132080078125,127.85628509521484,208.82022094726562
2022-04-08 04:00:00,166.35467529296875,286.6606750488281,161.23773193359375,142.43844604492188,75.16023254394531,120.09622955322266,56.327457427978516,227.9128875732422,127.85628509521484,209.6220245361328
2022-04-11 04:00:00,162.11000061035156,275.35723876953125,159.2191925048828,141.895751953125,72.5723876953125,119.65536499023438,56.309810638427734,226.9974822998047,126.67343139648438,207.4676513671875
2022-04-12 04:00:00,163.97802734375,272.268310546875,159.27227783203125,141.46868896484375,74.08700561523438,118.34185791015625,56.971649169921875,225.83734130859375,126.85763549804688,204.23123168945312
2022-04-13 04:00:00,166.65786743164062,277.63525390625,159.94515991210938,141.8690643310547,75.13426971435547,114.52726745605469,57.12166976928711,227.79507446289062,128.3217010498047,206.037841796875
2022-04-14 04:00:00,161.6600799560547,270.1156921386719,159.27227783203125,141.07720947265625,76.01709747314453,113.46566772460938,57.377586364746094,227.05184936523438,126.49890899658203,205.57411193847656
2022-04-18 04:00:00,161.4449462890625,270.7817077636719,157.2891387939453,139.73382568359375,76.64026641845703,115.57089233398438,56.865760803222656,227.55035400390625,123.8810806274414,205.9412078857422
2022-04-19 04:00:00,163.7237548828125,275.3957214355469,162.087646484375,141.82455444335938,75.9565200805664,117.9639892578125,57.42170715332031,231.4839630126953,127.8853759765625,208.3853759765625
2022-04-20 04:00:00,163.55747985839844,276.4189758300781,162.80477905273438,145.5968017578125,76.12960815429688,118.37784576416016,58.20709991455078,231.89181518554688,120.77848815917969,210.404541015625
2022-04-21 04:00:00,162.7652587890625,271.0616760253906,162.3355255126953,145.4832000732422,75.32467651367188,117.46017456054688,58.427711486816406,231.3479766845703,117.95706176757812,209.10997009277344
2022-04-22 04:00:00,158.2369384765625,264.51702880859375,160.72422790527344,144.26646423339844,73.68023681640625,114.08644104003906,57.58054733276367,226.74371337890625,114.67023468017578,201.11077880859375
2022-04-25 04:00:00,159.30300903320312,270.97479248046875,164.68170166015625,145.4295196533203,71.19625854492188,114.05046844482422,58.189449310302734,229.19996643066406,116.2990951538086,202.83042907714844
2022-04-26 04:00:00,153.35653686523438,260.8393249511719,163.5042266845703,142.96022033691406,71.22220611572266,110.67671203613281,57.404052734375,225.3026123046875,112.24633026123047,194.2805633544922
2022-04-27 04:00:00,153.13162231445312,273.38800048828125,161.22003173828125,142.57550048828125,73.25613403320312,109.23725891113281,57.85411071777344,223.9974365234375,111.70337677001953,206.849365234375
2022-04-28 04:00:00,160.04632568359375,279.5754699707031,162.42408752441406,146.198974609375,75.47183227539062,110.96460723876953,58.410064697265625,230.3872833251953,111.78093719482422,213.17721557617188
2022-04-29 04:00:00,154.18785095214844,267.88592529296875,159.76808166503906,143.64019775390625,73.78409576416016,107.38395690917969,57.015769958496094,225.8282928466797,108.23233795166016,205.90260314941406
2022-05-02 04:00:00,154.4910888671875,274.5946044921875,158.15675354003906,141.69871520996094,74.78807830810547,108.36458587646484,55.98329162597656,223.54425048828125,110.04541778564453,204.3568572998047
2022-05-03 04:00:00,155.9776611328125,271.9979553222656,157.8468780517578,139.7572784423828,76.32869720458984,110.68570709228516,55.66560745239258,222.8463592529297,110.09390258789062,201.48757934570312
2022-05-04 04:00:00,162.37408447265625,279.9133605957031,159.53787231445312,140.78611755371094,79.3665771484375,114.34733581542969,57.38640594482422,230.50506591796875,112.65354919433594,207.2454376220703
2022-05-05 04:00:00,153.32720947265625,267.7218322753906,156.49229431152344,138.19161987304688,78.16353607177734,111.48641204833984,56.92752456665039,225.61073303222656,109.1824951171875,198.2801513671875
2022-05-06 04:00:00,154.05198669433594,265.1927490234375,156.14703369140625,139.5694122314453,79.35794830322266,111.30647277832031,57.1304931640625,227.2965850830078,106.9331283569336,195.94219970703125
2022-05-09 04:00:00,148.93917846679688,255.3950653076172,156.99696350097656,139.220458984375,73.10034942626953,109.63309478759766,57.015769958496094,224.3146514892578,103.72386932373047,186.45521545410156
2022-05-10 04:00:00,151.33885192871094,260.1442565917969,156.78445434570312,138.48683166503906,73.58502960205078,106.96109008789062,56.486297607421875,222.6741485595703,104.4025650024414,187.01553344726562
2022-05-11 04:00:00,143.4932861328125,251.5050048828125,155.93458557128906,136.5364532470703,75.11698150634766,106.28634643554688,56.751041412353516,221.5411834716797,102.00774383544922,190.04904174804688
2022-05-12 04:00:00,139.63409423828125,246.48548889160156,157.4750213623047,135.9817657470703,75.45796966552734,106.1963882446289,56.92752456665039,221.32366943359375,101.13513946533203,187.750244140625
2022-05-13 04:00:00,144.09072875976562,252.05520629882812,156.57199096679688,137.44007873535156,77.69635009765625,107.14103698730469,57.99530029296875,222.09405517578125,104.06321716308594,192.841552734375
2022-05-16 04:00:00,142.552978515625,252.42193603515625,157.66099548339844,138.78208923339844,79.52377319335938,106.39431762695312,58.20709991455078,221.1876983642578,101.97866821289062,191.46705627441406
2022-05-17 04:00:00,146.1770477294922,257.557373046875,158.3161163330078,138.388427734375,80.5380630493164,109.92100524902344,58.04825210571289,219.00340270996094,105.33334350585938,197.45860290527344
2022-05-18 04:00:00,137.92984008789062,245.8308563232422,155.3767852783203,129.76373291015625,79.26148223876953,108.04068756103516,54.006587982177734,209.4141387939453,101.12545013427734,193.57720947265625
2022-05-19 04:00:00,134.53103637695312,244.92135620117188,153.9956817626953,126.7755355834961,79.6899185180664,106.43929290771484,52.9476318359375,207.55612182617188,100.0007553100586,191.04119873046875
2022-05-20 04:00:00,134.76614379882812,244.3601837158203,156.6870880126953,126.8560562133789,80.3194580078125,105.56661987304688,53.81243896484375,212.0063018798828,99.30265045166016,192.64797973632812
2022-05-23 04:00:00,140.17282104492188,252.1875,159.88589477539062,129.77268981933594,82.09443664550781,112.09817504882812,55.47146987915039,215.7133026123047,102.60887908935547,200.90443420410156
2022-05-24 04:00:00,137.47926330566406,251.1909637451172,161.63230895996094,132.08096313476562,82.54035949707031,113.68160247802734,56.4951286315918,221.6227569580078,98.49791717529297,196.1325225830078
2022-05-25 04:00:00,137.63597106933594,253.9967803955078,160.0462646484375,129.91586303710938,84.20166015625,114.47329711914062,56.539241790771484,221.1605224609375,100.1170883178711,197.30369567871094
2022-05-26 04:00:00,140.82908630371094,257.2670593261719,159.90370178222656,131.0520477294922,84.49894714355469,116.45256805419922,56.742210388183594,224.85848999023438,102.39556121826172,201.86268615722656
2022-05-27 04:00:00,146.56883239746094,264.3687438964844,161.35609436035156,133.05618286132812,85.32959747314453,118.09893798828125,57.077537536621094,228.28451538085938,105.9926528930664,206.05384826660156
2022-05-31 04:00:00,145.7852325439453,263.0432434082031,159.966064453125,132.30462646484375,83.93933868408203,118.9626235961914,55.93035125732422,228.59268188476562,107.07855987548828,205.3666229248047
2022-06-01 04:00:00,145.6578826904297,263.5754089355469,158.34442138671875,130.3005828857422,85.54817962646484,116.87540435791016,55.65678787231445,225.93704223632812,105.86660766601562,203.1984405517578
2022-06-02 04:00:00,148.10662841796875,265.6652526855469,157.84542846679688,131.70518493652344,85.3995361328125,118.75570678710938,56.23920822143555,226.93405151367188,107.49547576904297,208.1542510986328
2022-06-03 04:00:00,142.39627075195312,261.2532958984375,157.19496154785156,130.52423095703125,86.64112854003906,117.10031127929688,55.568538665771484,226.35073852539062,105.36241912841797,205.83126831054688
2022-06-06 04:00:00,143.14060974121094,260.0245666503906,157.17715454101562,130.01425170898438,86.42254638671875,116.71346282958984,55.480289459228516,226.08645629882812,104.5479965209961,206.1119384765625
2022-06-07 04:00:00,145.6578826904297,263.6527404785156,158.90574645996094,131.463623046875,90.38345336914062,117.01936340332031,55.81562423706055,226.8793487548828,104.50920867919922,207.62188720703125
2022-06-08 04:00:00,144.92330932617188,261.630615234375,157.9612579345703,129.8263702392578,91.45014953613281,115.15704345703125,55.497947692871094,223.8444366455078,104.07291412353516,206.65399169921875
2022-06-09 04:00:00,139.71250915527344,256.193115234375,154.78028869628906,127.48233795166016,89.47411346435547,112.73694610595703,54.53605651855469,220.7001953125,100.15587615966797,199.50096130371094
2022-06-10 04:00:00,134.31558227539062,244.77622985839844,153.7467041015625,126.99923706054688,87.83901977539062,107.55487823486328,54.19190216064453,216.34376525878906,96.37457275390625,193.11256408691406
2022-06-13 04:00:00,129.17332458496094,234.3945770263672,152.19631958007812,123.59944152832031,83.80819702148438,104.35206604003906,54.130130767822266,217.33717346191406,92.79689025878906,186.0950469970703
2022-06-14 04:00:00,130.03521728515625,236.55218505859375,149.86183166503906,119.74340057373047,84.02678680419922,102.61571502685547,52.645774841308594,217.6014862060547,91.35224151611328,187.3146514892578
2022-06-15 04:00:00,132.6504669189453,243.58616638183594,151.46571350097656,118.55345916748047,82.96879577636719,103.83026123046875,53.0368537902832,217.7290496826172,92.96171569824219,189.87002563476562
2022-06-16 04:00:00,127.39064025878906,237.01657104492188,151.54586791992188,119.2781753540039,79.90851593017578,102.0489273071289,52.50355529785156,214.34786987304688,91.4104232788086,182.9879913330078
2022-06-17 04:00:00,128.8599090576172,239.6095733642578,150.99343872070312,118.41925048828125,75.30059051513672,101.68907928466797,52.82353210449219,213.60963439941406,91.46859741210938,183.9171600341797
2022-06-21 04:00:00,133.08143615722656,245.5018768310547,154.15660095214844,122.00690460205078,79.9872055053711,104.2081298828125,53.95236587524414,218.35792541503906,90.45055389404297,188.15673828125
2022-06-22 04:00:00,132.57211303710938,244.91168212890625,156.58909606933594,123.91259002685547,76.82199096679688,103.62335205078125,54.35233688354492,221.5204315185547,90.6541519165039,187.60504150390625
2022-06-23 04:00:00,135.4321746826172,250.4556121826172,160.08192443847656,127.31233978271484,74.50492095947266,102.48974609375,55.00118637084961,221.99435424804688,91.4298095703125,190.33460998535156
2022-06-24 04:00:00,138.7525634765625,259.0086364746094,162.42532348632812,129.14639282226562,75.98259735107422,105.54862976074219,56.03223419189453,225.93153381347656,94.80388641357422,198.92015075683594
2022-06-27 04:00:00,138.7525634765625,256.28985595703125,162.2738494873047,128.16229248046875,77.84500122070312,104.70292663574219,55.916683197021484,225.13864135742188,93.66949462890625,197.03269958496094
2022-06-28 04:00:00,134.6191864013672,248.1529083251953,157.6583251953125,126.07767486572266,80.00469207763672,104.19912719726562,55.356727600097656,221.31080627441406,93.00050354003906,191.76712036132812
2022-06-29 04:00:00,136.37246704101562,251.8102264404297,157.7028350830078,127.22286224365234,77.04933166503906,103.7313232421875,55.75669479370117,225.7856903076172,92.73871612548828,193.1029052734375
2022-06-30 04:00:00,133.9139862060547,248.49156188964844,158.1661834716797,128.64540100097656,74.88089752197266,101.31122589111328,55.916683197021484,225.00192260742188,91.52677154541016,190.5765838623047
2022-07-01 04:00:00,136.07859802246094,251.1522216796875,159.95718383789062,130.7210693359375,76.55094146728516,102.60672760009766,57.22327423095703,230.5431365966797,93.21381378173828,192.7931671142578
2022-07-05 04:00:00,138.65464782714844,254.31613159179688,158.72755432128906,129.45957946777344,74.1551513671875,102.21646118164062,56.24555969238281,229.9324951171875,94.2221450805664,194.10955810546875
2022-07-06 04:00:00,139.9867401123047,257.5669860839844,158.87013244628906,130.66738891601562,72.81737518310547,101.55387878417969,56.361106872558594,229.17604064941406,93.1556396484375,194.67095947265625
2022-07-07 04:00:00,143.34634399414062,259.6858825683594,159.04832458496094,130.6226043701172,75.14320373535156,104.1224594116211,55.916683197021484,230.52488708496094,94.46454620361328,196.2970733642578
2022-07-08 04:00:00,144.02215576171875,258.9699401855469,158.852294921875,129.74583435058594,75.26561737060547,103.79570770263672,56.12110900878906,230.79830932617188,92.94232940673828,197.04238891601562
2022-07-11 04:00:00,141.89669799804688,255.9222412109375,158.9146728515625,130.658447265625,74.88089752197266,102.43428039550781,55.9433479309082,230.83473205566406,90.78988647460938,198.48460388183594
2022-07-12 04:00:00,142.86639404296875,245.4341278076172,156.68710327148438,129.50428771972656,73.88412475585938,102.53411865234375,55.703372955322266,229.1942596435547,90.75111389160156,198.2523193359375
2022-07-13 04:00:00,142.5039825439453,244.51498413085938,156.32177734375,130.354248046875,74.1813735961914,101.57203674316406,55.44560241699219,230.27880859375,90.11119842529297,197.60379028320312
2022-07-14 04:00:00,145.42282104492188,245.8308563232422,156.53562927246094,129.96954345703125,72.6949691772461,98.02323150634766,55.2678337097168,230.21502685546875,89.04468536376953,199.30735778808594
2022-07-15 04:00:00,147.08792114257812,248.3851318359375,158.8077392578125,129.79063415527344,73.91908264160156,102.5159683227539,55.5522575378418,232.4114532470703,92.30240631103516,203.30490112304688
2022-07-18 04:00:00,144.0515594482422,245.9952850341797,155.24362182617188,128.21595764160156,75.28308868408203,101.46312713623047,54.79676055908203,230.05093383789062,92.78720092773438,200.56568908691406
2022-07-19 04:00:00,147.90087890625,251.1038818359375,152.98043823242188,128.86903381347656,77.18047332763672,103.97724151611328,55.57892990112305,233.7694091796875,96.57818603515625,206.80886840820312
2022-07-20 04:00:00,149.89907836914062,253.7549285888672,152.10723876953125,126.64131927490234,78.02861785888672,103.9590835571289,54.66341781616211,232.01954650878906,100.20435333251953,206.52813720703125
2022-07-21 04:00:00,152.16162109375,256.2415466308594,152.641845703125,126.76110076904297,76.72579956054688,104.6670150756836,54.538997650146484,231.00791931152344,101.00908660888672,209.25772094726562
2022-07-22 04:00:00,150.9274444580078,251.90692138671875,153.36355590820312,128.78720092773438,76.1399917602539,104.15876770019531,54.74342727661133,231.48182678222656,99.5935287475586,206.8475799560547
2022-07-25 04:00:00,149.81088256835938,250.42660522460938,153.66650390625,129.6606903076172,78.67566680908203,104.5762710571289,55.27672576904297,228.19174194335938,99.56443786621094,207.39926147460938
2022-07-26 04:00:00,148.4885711669922,243.72158813476562,154.75355529785156,129.9127960205078,78.36961364746094,102.94255828857422,56.18333435058594,234.30712890625,96.74302673339844,205.67637634277344
2022-07-27 04:00:00,153.5720672607422,260.0149230957031,154.3258514404297,131.14646911621094,80.06588745117188,104.59441375732422,56.00556945800781,235.94761657714844,100.34979248046875,203.72117614746094
2022-07-28 04:00:00,154.12057495117188,267.4358215332031,155.21688842773438,133.3256378173828,81.00147247314453,104.20413970947266,56.93885040283203,240.11260986328125,101.7071762084961,204.57293701171875
2022-07-29 04:00:00,159.17466735839844,271.625244140625,155.5020294189453,125.08617401123047,84.75251770019531,104.70333862304688,57.0366096496582,240.0305938720703,102.87064361572266,205.3085174560547
2022-08-01 04:00:00,158.1951904296875,268.98394775390625,154.95852661132812,128.67913818359375,82.61030578613281,103.6595687866211,57.34770584106445,240.8144073486328,102.98699951171875,204.5825958251953
2022-08-02 04:00:00,156.72596740722656,265.8974914550781,154.07638549804688,127.82366943359375,82.2518310546875,102.04400634765625,56.56553649902344,237.9161834716797,101.52296447753906,199.64613342285156
2022-08-03 04:00:00,162.72035217285156,273.299072265625,155.56439208984375,130.46209716796875,79.58499145507812,103.11500549316406,56.81441116333008,238.86402893066406,105.70176696777344,201.79495239257812
2022-08-04 04:00:00,162.4069366455078,274.4407653808594,153.0695037841797,130.25497436523438,76.23616027832031,101.98047637939453,56.59219741821289,237.5425262451172,104.82917785644531,206.62493896484375
2022-08-05 04:00:00,162.1813201904297,273.7248229980469,152.46365356445312,130.31800842285156,77.33785247802734,105.0663833618164,56.334442138671875,236.2574920654297,103.384521484375,208.9479522705078
2022-08-08 04:00:00,161.71054077148438,271.21893310546875,151.65280151367188,130.81326293945312,77.7750473022461,103.78663635253906,55.97002410888672,234.04278564453125,105.78903198242188,206.4797821044922
2022-08-09 04:00:00,161.75962829589844,273.13458251953125,151.6349639892578,130.507080078125,79.2090072631836,104.72148132324219,56.04112243652344,237.013916015625,104.8388671875,203.5178680419922
2022-08-10 04:00:00,165.99684143066406,279.77191162109375,152.07159423828125,131.7407989501953,79.96096801757812,107.45343017578125,56.574424743652344,238.19866943359375,109.00798797607422,205.29888916015625
2022-08-11 04:00:00,165.2611541748047,277.7013854980469,148.92623901367188,130.8042755126953,82.27407836914062,109.04175567626953,56.192222595214844,236.30307006835938,114.10790252685547,204.6734619140625
2022-08-12 04:00:00,168.802001953125,282.4326477050781,147.28677368164062,132.073974609375,82.98918151855469,110.84793090820312,56.618865966796875,238.946044921875,117.86978912353516,204.9158477783203
2022-08-15 04:00:00,169.87107849121094,283.9419860839844,147.99069213867188,133.77587890625,81.50598907470703,111.14745330810547,57.3299446105957,241.91717529296875,120.47792053222656,209.85137939453125
2022-08-16 04:00:00,169.71417236328125,283.2066345214844,149.30941772460938,135.009521484375,80.74671173095703,112.2093734741211,57.80101013183594,242.69180297851562,121.1566162109375,210.54953002929688
2022-08-17 04:00:00,171.20504760742188,282.46014404296875,149.3183135986328,134.38819885253906,81.40003204345703,111.26544189453125,57.667694091796875,243.1748504638672,119.0720443725586,208.00904846191406
2022-08-18 04:00:00,170.81272888183594,281.34503173828125,148.59657287597656,134.86544799804688,83.3246841430664,110.40321350097656,57.96990203857422,242.95611572265625,118.93630981445312,208.71688842773438
2022-08-19 04:00:00,168.2331085205078,277.4472961425781,150.8597412109375,134.82943725585938,83.059814453125,107.6712646484375,57.92545700073242,242.919677734375,116.48332977294922,206.36062622070312
2022-08-22 04:00:00,164.35879516601562,269.30279541015625,150.33055114746094,134.46923828125,82.99801635742188,105.8923110961914,57.06328201293945,239.64781188964844,112.4111557006836,202.27838134765625
2022-08-23 04:00:00,164.02532958984375,268.0325622558594,149.02090454101562,131.87586975097656,86.5206527709961,104.84854888916016,57.12550354003906,237.451416015625,111.3640365600586,200.52337646484375
2022-08-24 04:00:00,164.31956481933594,267.4023742675781,148.52755737304688,131.30853271484375,87.03272247314453,105.1026840209961,57.20550537109375,237.74298095703125,112.86685943603516,200.39730834960938
2022-08-25 04:00:00,166.77163696289062,270.36932373046875,149.9178924560547,131.20045471191406,87.48295593261719,107.59864807128906,57.481040954589844,239.29234313964844,113.8848876953125,203.4517059326172
2022-08-26 04:00:00,160.48451232910156,259.9364929199219,147.35247802734375,128.1298065185547,86.4058837890625,104.07706451416016,56.09444808959961,234.1795654296875,110.59806823730469,196.73204040527344
2022-08-29 04:00:00,158.28741455078125,257.16351318359375,146.2132568359375,127.58953857421875,88.39232635498047,103.82293701171875,55.75669479370117,233.0038299560547,110.07450866699219,196.1890106201172
2022-08-30 04:00:00,155.86476135253906,254.97225952148438,145.7019500732422,126.22979736328125,85.02859497070312,103.84109497070312,55.241180419921875,231.02610778808594,109.00798797607422,195.26785278320312
2022-08-31 04:00:00,154.20712280273438,253.5178680419922,144.72422790527344,124.21272277832031,84.3929443359375,103.22391510009766,54.8500862121582,231.18190002441406,108.66863250732422,192.6788787841797
2022-09-01 04:00:00,154.9329833984375,252.48036193847656,148.31227111816406,125.74356079101562,82.87442779541016,103.93186950683594,55.10784149169922,235.02149963378906,109.10494232177734,194.05581665039062
2022-09-02 04:00:00,152.82418823242188,248.2723846435547,145.9800262451172,123.51036071777344,84.3929443359375,103.20574951171875,54.35233688354492,233.22543334960938,107.81541442871094,191.75770568847656
2022-09-06 04:00:00,151.56869506835938,245.5478515625,146.3747100830078,122.13259887695312,83.82791137695312,103.23299407958984,54.37900161743164,233.11544799804688,106.73921203613281,192.61102294921875
2022-09-07 04:00:00,152.97129821777344,250.2406463623047,147.17306518554688,123.97858428955078,83.11279296875,105.1934585571289,55.383384704589844,236.80845642089844,109.26007843017578,194.33697509765625
2022-09-08 04:00:00,151.50001525878906,250.65756225585938,148.35711669921875,124.14071655273438,83.79261016845703,107.64405059814453,55.214500427246094,238.32958984375,108.9110336303711,194.61819458007812
2022-09-09 04:00:00,154.35427856445312,256.4169921875,148.64418029785156,126.0317153930664,85.19635772705078,108.16136932373047,55.39227294921875,237.81642150878906,111.6742935180664,198.971923828125
2022-09-12 04:00:00,160.29812622070312,258.5404052734375,148.58139038085938,127.05829620361328,86.17632293701172,109.44112396240234,55.5522575378418,238.59536743164062,112.84745788574219,200.35850524902344
2022-09-13 04:00:00,150.8919219970703,244.32620239257812,144.71522521972656,124.42884063720703,84.16339111328125,105.63818359375,53.7479248046875,233.06048583984375,108.35838317871094,193.60977172851562
2022-09-14 04:00:00,152.333740234375,244.5491943359375,147.7023162841797,124.7259750366211,86.22930145263672,105.39311218261719,54.03235626220703,234.33424377441406,109.07586669921875,193.3576202392578
2022-09-15 04:00:00,149.4500732421875,237.91722106933594,148.07904052734375,123.76246643066406,83.72196960449219,106.98146057128906,53.29819107055664,232.27239990234375,107.39850616455078,189.44029235839844
2022-09-16 04:00:00,147.81210327148438,237.29669189453125,150.3395233154297,124.51890563964844,82.29170989990234,106.26444244384766,53.307151794433594,233.5919647216797,104.9552230834961,187.43309020996094
2022-09-19 04:00:00,151.5196533203125,237.08338928222656,149.1554412841797,124.25775146484375,82.28289794921875,107.24468231201172,53.71003723144531,235.51634216308594,105.84721374511719,187.2682342529297
2022-09-20 04:00:00,153.8932647705078,235.0763397216797,147.98036193847656,123.8165054321289,81.6119384765625,105.12992095947266,53.62946701049805,234.04100036621094,104.29590606689453,186.24046325683594
2022-09-21 04:00:00,150.7742156982422,231.6827850341797,146.46444702148438,122.22264862060547,80.29645538330078,102.09844970703125,53.18180465698242,230.082275390625,101.30965423583984,181.34371948242188
2022-09-22 04:00:00,149.8130340576172,233.6510467529297,149.06576538085938,122.65492248535156,79.96096801757812,100.93668365478516,53.056461334228516,227.20486450195312,99.05057525634766,180.15101623535156
2022-09-23 04:00:00,147.54727172851562,230.68411254882812,149.55015563964844,122.08756256103516,75.70556640625,99.05790710449219,52.46554946899414,225.38128662109375,96.47154235839844,178.3765869140625
2022-09-26 04:00:00,147.8807830810547,230.22842407226562,148.6352081298828,122.20466613769531,74.14289855957031,96.92501831054688,51.81196975708008,223.3744354248047,95.133544921875,175.10887145996094
2022-09-27 04:00:00,148.85177612304688,229.2200469970703,147.95346069335938,118.84583282470703,75.69673919677734,96.07185363769531,50.477943420410156,216.90484619140625,92.93262481689453,172.47137451171875
2022-09-28 04:00:00,146.9685516357422,233.7383270263672,149.22718811035156,118.84583282470703,78.4512710571289,98.01414489746094,51.01513671875,217.12481689453125,96.37457275390625,173.7416534423828
2022-09-29 04:00:00,139.74961853027344,230.27688598632812,147.58567810058594,115.89225769042969,78.2923583984375,96.35321044921875,50.64805603027344,214.79721069335938,94.48393249511719,174.59495544433594
2022-09-30 04:00:00,135.55160522460938,225.8167724609375,146.53619384765625,113.68608093261719,77.08283233642578,94.8465576171875,50.155635833740234,211.44332885742188,91.45890045166016,172.25808715820312
2022-10-03 04:00:00,139.72015380859375,233.41836547851562,146.3926544189453,115.72116088867188,81.15282440185547,97.7781753540039,50.71968460083008,215.65859985351562,94.17367553710938,176.1366729736328
2022-10-04 04:00:00,143.3002471923828,241.310791015625,148.5634002685547,117.15294647216797,84.11042022705078,102.35258483886719,50.83607482910156,218.55435180664062,98.35247802734375,180.0152587890625
2022-10-05 04:00:00,143.594482421875,241.6210174560547,148.10592651367188,116.34251403808594,87.50945281982422,101.08885192871094,50.35260772705078,219.09495544433594,97.73197937011719,181.97396850585938
2022-10-06 04:00:00,142.64306640625,239.28433227539062,145.23550415039062,113.89318084716797,90.10507202148438,99.02843475341797,49.26927185058594,215.11795043945312,96.99510192871094,179.95712280273438
2022-10-07 04:00:00,137.4053955078125,227.1160125732422,143.7016143798828,111.90311431884766,89.19571685791016,97.05046081542969,48.8036994934082,213.6884002685547,94.20276641845703,178.25051879882812
2022-10-10 04:00:00,137.7290802001953,222.27777099609375,143.88999938964844,111.4438705444336,87.26224517822266,96.14385986328125,48.69626235961914,215.30123901367188,92.26362609863281,176.65060424804688
2022-10-11 04:00:00,136.316650390625,218.55458068847656,145.97105407714844,111.86710357666016,86.5206527709961,93.36915588378906,48.7768440246582,217.22561645507812,90.26631927490234,173.70285034179688
2022-10-12 04:00:00,135.68894958496094,218.88421630859375,145.93519592285156,112.04718017578125,86.9002685546875,94.88013458251953,49.36775207519531,217.23475646972656,90.56689453125,172.8302001953125
2022-10-13 04:00:00,140.24986267089844,227.1160125732422,148.14183044433594,113.7400894165039,89.93733215332031,100.15479278564453,50.021339416503906,226.11439514160156,93.6985855102539,179.05535888671875
2022-10-14 04:00:00,135.72817993164062,221.6087646484375,147.5229034423828,112.63249969482422,87.57125091552734,101.82146453857422,49.224510192871094,222.82460021972656,91.57524108886719,177.07720947265625
2022-10-17 04:00:00,139.68093872070312,230.30596923828125,149.43348693847656,114.66758728027344,88.833740234375,106.09797668457031,49.86017990112305,225.86697387695312,94.36759185791016,179.6273956298828
2022-10-18 04:00:00,140.99526977539062,231.2464599609375,148.9132537841797,115.5950927734375,88.99268341064453,108.82689666748047,50.531654357910156,228.35032653808594,95.48258209228516,181.48910522460938
2022-10-19 04:00:00,141.1031494140625,229.28793334960938,147.72921752929688,116.66668701171875,91.63243103027344,106.69322204589844,50.10190963745117,229.7798309326172,95.97705841064453,180.75222778320312
2022-10-20 04:00:00,140.6421661376953,228.96792602539062,148.10592651367188,115.16397857666016,91.75602722167969,106.3452377319336,49.31403732299805,228.88182067871094,95.5892333984375,181.53761291503906
2022-10-21 04:00:00,144.44781494140625,234.7563934326172,151.33518981933594,116.60592651367188,93.45995330810547,111.93125915527344,50.10190963745117,233.2620849609375,98.93423461914062,184.59202575683594
2022-10-24 04:00:00,146.58599853515625,239.7303466796875,153.3714141845703,117.32233428955078,94.11327362060547,112.06863403320312,51.543373107910156,233.96768188476562,98.62397003173828,184.9217071533203
2022-10-25 04:00:00,149.420654296875,243.03662109375,153.12925720214844,118.67359924316406,93.47761535644531,112.36165618896484,52.77891540527344,234.3433837890625,101.1836166381836,188.48031616210938
2022-10-26 04:00:00,146.48797607421875,224.2848358154297,154.47476196289062,119.50791931152344,94.59003448486328,113.6528549194336,53.172855377197266,235.14981079101562,101.44539642333984,197.15866088867188
2022-10-27 04:00:00,142.025146484375,219.8538055419922,154.56443786621094,119.59861755371094,94.9520034790039,114.10157775878906,53.29819107055664,242.93894958496094,101.26117706298828,198.0895233154297
2022-10-28 04:00:00,152.75550842285156,228.6964569091797,156.86080932617188,122.62754821777344,97.7330093383789,115.4568862915039,54.39943313598633,251.56199645996094,102.72521209716797,202.9862823486328
2022-10-31 04:00:00,150.4014892578125,225.07020568847656,156.05349731445312,122.1287841796875,97.83013916015625,115.27373504638672,53.584693908691406,249.85755920410156,103.29725646972656,200.87246704101562
2022-11-01 04:00:00,147.7630157470703,221.23060607910156,155.26409912109375,122.3192367553711,98.80130004882812,117.35245513916016,53.39667510986328,250.123291015625,102.77369689941406,200.64938354492188
2022-11-02 04:00:00,142.25074768066406,213.40606689453125,152.87806701660156,120.55992126464844,96.77069854736328,116.27189636230469,52.653568267822266,247.75906372070312,98.7209243774414,194.85089111328125
2022-11-03 04:00:00,136.21861267089844,207.73399353027344,153.13821411132812,119.73463439941406,98.08616638183594,116.48251342773438,52.626712799072266,250.123291015625,96.2291488647461,188.83909606933594
2022-11-04 04:00:00,135.95333862304688,214.65682983398438,153.81988525390625,121.92020416259766,99.15443420410156,119.66929626464844,53.056461334228516,251.65362548828125,96.54910278320312,191.0014190673828
2022-11-07 05:00:00,136.48385620117188,220.9397735595703,155.1654510498047,123.78834533691406,100.3286361694336,120.30113983154297,53.262386322021484,253.2938995361328,97.37323760986328,194.02671813964844
2022-11-08 05:00:00,137.05369567871094,221.90931701660156,155.93685913085938,124.0694808959961,100.6464614868164,120.37442016601562,53.36086654663086,255.11752319335938,96.85936737060547,195.65573120117188
2022-11-09 05:00:00,132.5048828125,217.68197631835938,154.6900177001953,123.77023315429688,96.14385986328125,118.80852508544922,52.61775588989258,254.55845642089844,84.10961151123047,188.46426391601562
2022-11-10 05:00:00,144.29443359375,235.5902099609375,156.50201416015625,128.03253173828125,97.55644989013672,123.69855499267578,54.50687026977539,252.8082733154297,87.7066879272461,199.7762451171875
2022-11-11 05:00:00,147.07479858398438,239.59458923339844,151.81956481933594,127.84207916259766,100.6023178100586,123.90000915527344,54.90081024169922,248.6938018798828,92.11819458007812,199.22232055664062
2022-11-14 05:00:00,145.67974853515625,234.20372009277344,154.20565795898438,127.85114288330078,100.89601135253906,122.62712860107422,54.372581481933594,249.5001678466797,91.4104232788086,201.0298309326172
2022-11-15 05:00:00,147.40887451171875,234.61093139648438,154.63621520996094,127.40680694580078,101.57239532470703,121.73884582519531,54.283050537109375,245.44064331054688,92.60298156738281,204.0716552734375
2022-11-16 05:00:00,146.18077087402344,235.03872680664062,155.5960235595703,128.54037475585938,100.48663330078125,121.90371704101562,54.18456268310547,249.7200927734375,91.0904541015625,204.21739196777344
2022-11-17 05:00:00,148.0769500732422,234.99012756347656,156.85179138183594,127.75138854980469,100.62013244628906,121.37257385253906,54.35466766357422,250.49896240234375,88.66654968261719,205.04347229003906
2022-11-18 05:00:00,148.63694763183594,234.54286193847656,158.05384826660156,129.2930908203125,99.7479476928711,122.5630111694336,54.739654541015625,250.50819396972656,89.00589752197266,204.8588104248047
2022-11-21 05:00:00,145.41444396972656,235.3498992919922,158.8663330078125,130.9345245361328,98.76009368896484,121.83961486816406,55.58125305175781,251.56199645996094,94.6099624633789,200.50506591796875
2022-11-22 05:00:00,147.54638671875,238.24737548828125,159.63372802734375,132.05906677246094,101.61688995361328,123.66194152832031,55.82297897338867,251.7819366455078,93.28166961669922,204.40206909179688
2022-11-23 05:00:00,148.4208221435547,240.72679138183594,159.80526733398438,132.81178283691406,101.109619140625,124.9805908203125,56.073673248291016,250.41650390625,95.87040710449219,205.76260375976562
2022-11-25 05:00:00,145.51271057128906,240.63931274414062,160.01290893554688,133.05661010742188,100.75363159179688,125.21868896484375,56.12739562988281,252.00181579589844,95.86071014404297,207.76451110839844
2022-11-28 05:00:00,141.69093322753906,235.06790161132812,160.09417724609375,132.9477996826172,97.72770690917969,123.03008270263672,56.1363525390625,250.0591583251953,92.77749633789062,205.30584716796875
2022-11-29 05:00:00,138.6944122314453,233.67752075195312,158.97471618652344,131.93211364746094,98.37739562988281,125.0538558959961,55.93937683105469,248.71209716796875,91.80794525146484,203.1678466796875
2022-11-30 05:00:00,145.43414306640625,248.0775604248047,160.69903564453125,135.26939392089844,99.0893783569336,126.53736877441406,57.35499572753906,251.38458251953125,94.89114379882812,210.8840789794922
2022-12-01 05:00:00,145.70919799804688,247.64002990722656,161.36708068847656,135.3509979248047,98.60879516601562,124.76081085205078,57.517295837402344,251.94662475585938,95.5892333984375,210.8840789794922
2022-12-02 05:00:00,145.2179412841797,247.96087646484375,161.4934844970703,136.58438110351562,97.772216796875,123.7718276977539,58.0222282409668,251.94662475585938,96.40367126464844,211.52548217773438
2022-12-05 05:00:00,144.05870056152344,243.27427673339844,161.4032440185547,135.20590209960938,95.09339141845703,120.30113983154297,57.228759765625,250.27870178222656,93.01020050048828,207.6576385498047
2022-12-06 05:00:00,140.40386962890625,238.3349151611328,158.98373413085938,135.3782196044922,92.4501724243164,120.50262451171875,57.20171356201172,250.44456481933594,89.48098754882812,203.1873016357422
2022-12-07 05:00:00,138.4684295654297,237.60565185546875,159.94973754882812,136.24884033203125,92.2455062866211,120.42019653320312,57.29187774658203,249.1267852783203,89.34525299072266,201.9530792236328
2022-12-08 05:00:00,140.14846801757812,240.55178833007812,159.97683715820312,137.228271484375,92.9307861328125,121.68392944335938,57.53533172607422,251.93746948242188,89.73308563232422,203.20672607421875
2022-12-09 05:00:00,139.66705322265625,238.6265869140625,158.65870666503906,136.86550903320312,92.14759826660156,121.02460479736328,56.93120574951172,250.69338989257812,90.53781127929688,202.81800842285156
2022-12-12 05:00:00,141.9561767578125,245.5203399658203,160.5546112060547,138.27114868164062,94.41703033447266,122.9018783569336,57.67959213256836,254.9140167236328,91.77885437011719,208.54197692871094
2022-12-13 05:00:00,142.91900634765625,249.8082733154297,161.7914581298828,138.0625762939453,95.44940185546875,122.78280639648438,57.6976318359375,252.75759887695312,91.817626953125,207.03565979003906
2022-12-14 05:00:00,140.69863891601562,250.10003662109375,162.28797912597656,138.606689453125,94.74632263183594,122.16926574707031,57.6976318359375,252.9879913330078,91.28436279296875,207.3078155517578
2022-12-15 05:00:00,134.1062774658203,242.1172332763672,160.23861694335938,137.03782653808594,93.83853912353516,119.13816833496094,56.90415573120117,250.40769958496094,87.73576354980469,202.05029296875
2022-12-16 05:00:00,132.15121459960938,237.91680908203125,158.59552001953125,136.43019104003906,93.17996978759766,118.39640808105469,56.57956314086914,245.2379150390625,87.33826446533203,201.0590362548828
2022-12-19 05:00:00,130.04873657226562,233.79415893554688,158.4239959716797,136.3939208984375,93.59823608398438,119.10152435302734,56.66070556640625,244.97068786621094,83.16912078857422,199.04733276367188
2022-12-20 05:00:00,129.97994995117188,235.1068115234375,158.59552001953125,136.44833374023438,94.95101928710938,119.6784439086914,56.615631103515625,246.27928161621094,84.37139892578125,199.5721435546875
2022-12-21 05:00:00,133.07470703125,237.66397094726562,160.41014099121094,137.6998291015625,96.1702651977539,121.02460479736328,57.52631378173828,247.1178436279297,84.27442932128906,200.98129272460938
2022-12-22 05:00:00,129.91116333007812,231.59671020507812,159.8233184814453,138.01722717285156,94.23014068603516,119.65099334716797,57.11153793334961,244.91534423828125,84.03202819824219,199.28060913085938
2022-12-23 05:00:00,129.5476531982422,232.1217803955078,160.2296142578125,138.4071807861328,96.72206115722656,120.21873474121094,57.544342041015625,246.5741729736328,85.33126068115234,200.0288848876953
2022-12-27 05:00:00,127.74976348876953,230.40078735351562,160.18443298339844,139.61334228515625,98.06591033935547,120.63998413085938,57.89598846435547,245.90139770507812,83.74118041992188,200.4759063720703
2022-12-28 05:00:00,123.8297348022461,228.03805541992188,159.48928833007812,137.8086395263672,96.4550552368164,121.2993392944336,57.31892395019531,244.30712890625,81.6081314086914,199.2125701904297
2022-12-29 05:00:00,127.33712005615234,234.3386688232422,160.3018035888672,138.3799591064453,97.1848373413086,121.99527740478516,57.66156005859375,245.06283569335938,84.52651977539062,202.1959991455078
2022-12-30 05:00:00,127.6515121459961,233.18161010742188,159.4802703857422,137.4458770751953,98.16380310058594,122.8011474609375,57.35499572753906,242.85116577148438,84.23564910888672,201.9044952392578
2023-01-03 05:00:00,122.87674713134766,232.94825744628906,160.8705596923828,137.45497131347656,94.79080963134766,123.73519134521484,56.75989532470703,243.58837890625,86.26203918457031,201.54493713378906
2023-01-04 05:00:00,124.14411926269531,222.7583770751953,162.62200927734375,138.05348205566406,95.06670379638672,124.8890151977539,56.732845306396484,243.64366149902344,89.18042755126953,206.61781311035156
2023-01-05 05:00:00,122.82762908935547,216.15626525878906,161.42129516601562,136.33949279785156,97.19371795654297,124.86136627197266,56.08363723754883,241.58865356445312,89.12224578857422,205.16009521484375
2023-01-06 05:00:00,127.34695434570312,218.7037811279297,162.7303466796875,139.58612060546875,98.36849212646484,127.2506332397461,57.165645599365234,248.32501220703125,91.06137084960938,211.61294555664062
2023-01-09 05:00:00,127.86767578125,220.83319091796875,158.51426696777344,137.88119506835938,96.53514862060547,126.72480773925781,56.45332717895508,246.27928161621094,91.88550567626953,212.4390106201172
2023-01-10 05:00:00,128.43748474121094,222.5153045654297,158.13510131835938,137.7451934814453,97.97691345214844,127.85950469970703,56.020530700683594,247.80897521972656,92.65145874023438,214.8587646484375
2023-01-11 05:00:00,131.1490936279297,229.2437286376953,157.88229370117188,136.62973022460938,99.1160659790039,128.80966186523438,55.91231918334961,247.71681213378906,93.39801788330078,215.84034729003906
2023-01-12 05:00:00,131.0705108642578,231.9078826904297,157.08786010742188,135.8588409423828,100.76251983642578,128.68052673339844,55.19099044799805,245.76318359375,96.77210235595703,217.3175048828125
2023-01-13 05:00:00,132.39683532714844,232.6079864501953,156.5732421875,136.82919311523438,100.70023345947266,131.92771911621094,55.38935470581055,247.79055786132812,96.37457275390625,216.7732696533203
2023-01-17 05:00:00,133.55609130859375,233.6969757080078,155.6072540283203,136.43019104003906,100.50443267822266,129.8889923095703,55.61477279663086,252.60086059570312,96.86905670166016,216.71498107910156
2023-01-18 05:00:00,132.83892822265625,229.2825927734375,153.2599639892578,132.77549743652344,98.43968963623047,125.98682403564453,53.92866516113281,245.16419982910156,96.0255355834961,213.27476501464844
2023-01-19 05:00:00,132.8978729248047,225.50999450683594,153.05230712890625,129.967529296875,99.07157135009766,124.30784606933594,53.84750747680664,242.897216796875,96.06432342529297,214.19796752929688
2023-01-20 05:00:00,135.45223999023438,233.57054138183594,152.33909606933594,130.4694366455078,100.87821197509766,124.61226654052734,54.17211151123047,247.50489807128906,100.33039855957031,217.988037109375
2023-01-23 05:00:00,138.635498046875,235.865234375,151.9508819580078,128.7173309326172,100.35311889648438,126.63258361816406,54.30736541748047,248.15914916992188,102.47313690185547,217.8617401123047
2023-01-24 05:00:00,140.03053283691406,235.34017944335938,151.9508819580078,129.4199981689453,101.28759765625,127.7210922241211,54.59588623046875,248.40798950195312,102.77369689941406,217.5798797607422
2023-01-25 05:00:00,139.37229919433594,233.94973754882812,153.0342559814453,129.3287353515625,100.75363159179688,128.33920288085938,54.93852996826172,251.5780487060547,104.82917785644531,218.56141662597656
2023-01-26 05:00:00,141.43545532226562,241.1351776123047,152.47451782226562,128.80856323242188,104.8030014038086,129.13255310058594,54.83032989501953,253.16307067871094,106.361083984375,218.3767547607422
2023-01-27 05:00:00,143.37095642089844,241.290771484375,151.87864685058594,128.2792510986328,102.8895492553711,129.44619750976562,54.54179000854492,251.0803985595703,106.20594787597656,224.91709899902344
2023-01-30 05:00:00,140.49232482910156,235.9916229248047,146.2541961669922,128.6807861328125,101.06510925292969,128.34844970703125,54.67704391479492,249.63363647460938,104.3153076171875,222.64305114746094
2023-01-31 05:00:00,141.75970458984375,240.950439453125,147.5361785888672,129.9310302734375,103.24553680419922,129.11410522460938,55.2901725769043,246.41749572753906,105.18791198730469,223.7217559814453
2023-02-01 05:00:00,142.8796844482422,245.75372314453125,148.890380859375,130.67019653320312,102.11527252197266,128.7727813720703,55.299198150634766,245.37615966796875,106.06051635742188,224.39227294921875
2023-02-02 05:00:00,148.17515563964844,257.27569580078125,149.45010375976562,129.7393798828125,98.92025756835938,128.17315673828125,54.352439880371094,242.55624389648438,109.76425170898438,223.09007263183594
2023-02-03 05:00:00,151.7906494140625,251.19866943359375,148.6105194091797,130.1409149169922,99.60554504394531,130.1565399169922,53.94668960571289,243.4962158203125,107.34033203125,223.64401245117188
2023-02-06 05:00:00,149.06922912597656,249.66241455078125,147.4820098876953,129.0366973876953,99.43646240234375,130.92221069335938,54.25325393676758,246.89663696289062,106.52590942382812,222.97348022460938
2023-02-07 05:00:00,151.93800354003906,260.1537170410156,147.51808166503906,127.77737426757812,102.27547454833984,132.5181884765625,54.1630973815918,246.36215209960938,108.23233795166016,224.8004913330078
2023-02-08 05:00:00,149.25588989257812,259.3467102050781,147.7077178955078,126.45416259765625,101.38548278808594,131.58644104003906,53.84750747680664,242.19686889648438,108.37776184082031,223.71205139160156
2023-02-09 05:00:00,148.2243194580078,256.3228454589844,145.7125244140625,125.06704711914062,101.76818084716797,129.53846740722656,53.757347106933594,240.2063446044922,107.00099182128906,223.32257080078125
2023-02-10 05:00:00,148.58837890625,255.81723022460938,146.3896026611328,126.1712646484375,106.05784606933594,130.1103973388672,53.757347106933594,241.8282470703125,104.77098846435547,221.2290496826172
2023-02-13 05:00:00,151.38282775878906,263.8096923828125,146.93128967285156,127.82300567626953,105.64530181884766,131.52186584472656,54.64097213745117,245.3116455078125,104.3831787109375,222.86492919921875
2023-02-14 05:00:00,150.74325561523438,264.63623046875,146.29029846191406,127.1020736694336,104.40770721435547,132.10301208496094,53.73029708862305,245.689453125,104.3831787109375,223.3615264892578
2023-02-15 05:00:00,152.83908081054688,262.5209045410156,143.87982177734375,126.81002044677734,104.09380340576172,132.6565399169922,53.73029708862305,245.6433563232422,105.91507720947266,222.90383911132812
2023-02-16 05:00:00,151.24508666992188,255.53192138671875,142.8596649169922,125.14920043945312,103.78888702392578,130.8299560546875,53.39667510986328,244.97068786621094,102.60887908935547,219.8950653076172
2023-02-17 05:00:00,150.1036834716797,251.545166015625,145.84213256835938,127.76826477050781,99.79803466796875,131.2174530029297,54.20817565917969,248.80421447753906,102.01744079589844,217.6847381591797
2023-02-21 05:00:00,146.09893798828125,246.291259765625,143.66893005371094,127.67699432373047,99.69939422607422,128.80966186523438,53.91964340209961,247.47723388671875,98.98270416259766,214.8219757080078
2023-02-22 05:00:00,146.5220489501953,245.16055297851562,143.46885681152344,128.2153778076172,98.40797424316406,127.82261657714844,54.08194351196289,247.56016540527344,98.58518981933594,214.23776245117188
2023-02-23 05:00:00,147.0041961669922,248.33824157714844,143.4234161376953,127.80473327636719,99.31375885009766,128.8466033935547,54.181121826171875,245.84609985351562,98.63365936279297,215.31858825683594
2023-02-24 05:00:00,144.35731506347656,242.92837524414062,141.82305908203125,127.08380126953125,99.32274627685547,130.00894165039062,53.955711364746094,242.9893798828125,97.24718475341797,213.78012084960938
2023-02-27 05:00:00,145.54791259765625,243.8446502685547,141.51388549804688,126.97430419921875,99.14336395263672,131.14361572265625,53.93767547607422,244.0030517578125,97.39262390136719,214.55909729003906
2023-02-28 05:00:00,145.04611206054688,243.1233367919922,139.35885620117188,125.5324478149414,98.56941223144531,132.24139404296875,53.65816116333008,244.60549926757812,96.57818603515625,214.15988159179688
2023-03-01 05:00:00,142.9797821044922,240.0528564453125,138.7314453125,125.62369537353516,99.44828033447266,131.50341796875,53.07208251953125,243.50253295898438,95.54076385498047,212.6213836669922
2023-03-02 05:00:00,143.57017517089844,244.77064514160156,138.62229919433594,127.69520568847656,99.90567016601562,130.1381072998047,53.84750747680664,247.99783325195312,95.90918731689453,213.30299377441406
2023-03-03 05:00:00,148.60809326171875,248.84510803222656,140.04991149902344,128.6260528564453,101.17017364501953,132.52740478515625,53.59504699707031,249.38804626464844,98.06161499023438,217.88922119140625
2023-03-06 05:00:00,151.36317443847656,250.38525390625,141.4502410888672,128.07852172851562,102.0669937133789,131.75247192382812,54.42457580566406,250.84326171875,97.59623718261719,220.7908935546875
2023-03-07 05:00:00,149.16891479492188,247.73387145996094,140.1135711669922,125.5324478149414,100.093994140625,127.8779525756836,54.10899353027344,247.5900115966797,96.044921875,217.3049774169922
2023-03-08 05:00:00,150.41854858398438,247.29527282714844,139.08609008789062,125.55071258544922,98.6321792602539,127.12149810791016,54.136043548583984,245.9216766357422,96.27762603759766,216.35072326660156
2023-03-09 05:00:00,148.17507934570312,245.9501190185547,137.52206420898438,124.62903594970703,97.86988067626953,120.2396011352539,53.61307144165039,242.49229431152344,93.21381378173828,214.2279815673828
2023-03-10 05:00:00,146.11865234375,242.31427001953125,137.85850524902344,125.1948013305664,96.65917205810547,123.29310607910156,53.38765335083008,242.86302185058594,90.72203063964844,210.45973205566406
2023-03-13 04:00:00,148.05703735351562,247.5097198486328,139.17698669433594,126.0617446899414,95.547119140625,121.07904052734375,53.92866516113281,243.83624267578125,89.78154754638672,208.83363342285156
2023-03-14 04:00:00,150.14305114746094,254.206298828125,139.95899963378906,127.62224578857422,95.90585327148438,124.18791961669922,54.127017974853516,246.44992065429688,90.51842498779297,212.91348266601562
2023-03-15 04:00:00,150.53660583496094,258.7388916015625,140.35000610351562,129.4291534423828,91.13477325439453,118.3207778930664,54.487693786621094,246.85777282714844,90.26631927490234,210.68368530273438
2023-03-16 04:00:00,153.35076904296875,269.2272033691406,140.0590057373047,130.39645385742188,90.60564422607422,120.61781311035156,54.787532806396484,250.77833557128906,91.42011260986328,211.73529052734375
2023-03-17 04:00:00,152.514404296875,272.37567138671875,138.55868530273438,130.43292236328125,89.53844451904297,116.06062316894531,54.53313064575195,247.6548614501953,90.36328125,211.67686462402344
2023-03-20 04:00:00,154.8759307861328,265.3575134277344,139.9317169189453,132.44058227539062,91.8791275024414,117.28756713867188,55.06009292602539,250.93589782714844,91.35224151611328,212.41685485839844
2023-03-21 04:00:00,156.72572326660156,266.8682861328125,139.9317169189453,131.4823760986328,95.99552917480469,120.43331146240234,54.80569839477539,250.44473266601562,93.60163116455078,216.1170196533203
2023-03-22 04:00:00,155.29901123046875,265.41595458984375,137.3492889404297,131.40028381347656,93.79832458496094,117.324462890625,54.56038284301758,248.27584838867188,92.01155090332031,214.25723266601562
2023-03-23 04:00:00,156.38134765625,270.650390625,137.42205810546875,131.2177276611328,92.74006652832031,117.01082611083984,54.4422607421875,249.8978729248047,92.91323852539062,216.74024963378906
2023-03-24 04:00:00,157.6802215576172,273.4869079589844,138.8041534423828,133.8915557861328,92.84770202636719,115.23037719726562,55.332679748535156,251.48281860351562,91.21649932861328,215.23094177246094
2023-03-27 04:00:00,155.7417755126953,269.4027099609375,139.3952178955078,133.18887329101562,94.88349151611328,118.532958984375,55.74153518676758,253.80917358398438,92.70964050292969,215.9806671142578
2023-03-28 04:00:00,155.12188720703125,268.2817687988281,138.04946899414062,133.56304931640625,96.06729888916016,118.8927230834961,55.805137634277344,255.67214965820312,91.93397521972656,214.53958129882812
2023-03-29 04:00:00,158.1918487548828,273.4284362792969,139.40432739257812,133.9736785888672,97.71742248535156,119.13258361816406,56.20492172241211,257.14581298828125,93.92159271240234,217.43153381347656
2023-03-30 04:00:00,159.75636291503906,276.87908935546875,139.513427734375,134.55770874023438,98.19274139404297,118.77279663085938,56.195831298828125,257.4702453613281,95.11415100097656,216.51626586914062
2023-03-31 04:00:00,162.255615234375,281.021728515625,140.94100952148438,135.6892852783203,98.34520721435547,120.21192932128906,56.359371185302734,259.1571044921875,97.08235931396484,219.53480529785156
2023-04-03 04:00:00,163.5052490234375,279.9788513183594,142.62322998046875,136.4375762939453,104.1476058959961,120.07352447509766,56.69554901123047,261.5020446777344,96.72362518310547,222.9817352294922
2023-04-04 04:00:00,162.97393798828125,279.92999267578125,144.11448669433594,137.09466552734375,103.15216064453125,118.46836853027344,56.522918701171875,261.63177490234375,96.5394058227539,221.67697143554688
2023-04-05 04:00:00,161.13389587402344,277.1617431640625,150.5886688232422,138.0345916748047,104.91888427734375,118.64503479003906,57.05897903442383,261.3907775878906,96.86905670166016,222.1735382080078
2023-04-06 04:00:00,162.01950073242188,284.2384338378906,150.17039489746094,138.91065979003906,103.17906188964844,118.5148696899414,57.09532165527344,262.1971740722656,96.92723083496094,220.05087280273438
2023-04-10 04:00:00,159.43165588378906,282.0842590332031,149.4156951904297,137.76083374023438,102.7216796875,118.90535736083984,56.95903778076172,263.0221252441406,97.74166870117188,220.47927856445312
2023-04-11 04:00:00,158.22137451171875,275.6898193359375,149.37020874023438,137.48707580566406,103.44808197021484,119.4910888671875,56.85910415649414,263.6708679199219,97.36351776123047,222.44619750976562
2023-04-12 04:00:00,157.53260803222656,276.33319091796875,149.05197143554688,137.86123657226562,103.34048461914062,119.47249603271484,56.95903778076172,264.4308776855469,94.95901489257812,221.82302856445312
2023-04-13 04:00:00,162.90504455566406,282.5228576660156,151.04330444335938,138.5,103.82476043701172,119.92808532714844,57.37698745727539,267.9251403808594,97.77074432373047,226.57476806640625
2023-04-14 04:00:00,162.5606689453125,278.91632080078125,150.79782104492188,137.79730224609375,104.07587432861328,128.98377990722656,57.28612518310547,267.8417663574219,96.85936737060547,227.86984252929688
2023-04-17 04:00:00,162.580322265625,281.5091552734375,150.64321899414062,137.84295654296875,102.86516571044922,130.0065460205078,57.65864944458008,268.1475830078125,97.24718475341797,227.34400939941406
2023-04-18 04:00:00,163.8004608154297,281.0899963378906,146.40591430664062,137.98895263671875,104.87403869628906,131.46621704101562,57.74950408935547,269.6305236816406,97.85801696777344,227.46087646484375
2023-04-19 04:00:00,164.94186401367188,281.1679992675781,147.78807067871094,138.01634216308594,104.54220581054688,131.29888916015625,57.8585319519043,269.96417236328125,95.74435424804688,226.45791625976562
2023-04-20 04:00:00,163.9775390625,278.8870849609375,148.7428436279297,138.5223388671875,103.70816802978516,130.9176788330078,58.11294174194336,269.7139587402344,95.08505249023438,228.4346160888672
2023-04-21 04:00:00,162.37371826171875,278.5459289550781,147.93353271484375,143.3157501220703,104.0400161743164,130.66664123535156,58.1947135925293,270.6964111328125,96.5394058227539,227.89901733398438
2023-04-24 04:00:00,162.67872619628906,274.6566467285156,148.83370971679688,143.5728759765625,106.00402069091797,130.8433074951172,58.10385513305664,271.7530212402344,96.64604949951172,226.64292907714844
2023-04-25 04:00:00,161.14376831054688,268.4669494628906,150.19766235351562,143.60955810546875,104.49738311767578,127.99827575683594,58.01299285888672,270.1866760253906,95.02688598632812,223.55625915527344
2023-04-26 04:00:00,161.13389587402344,287.9132080078125,147.869873046875,141.947509765625,103.53778076171875,125.72969818115234,57.74041748046875,268.56463623046875,93.66949462890625,222.1540985107422
2023-04-27 04:00:00,165.70938110351562,297.134521484375,148.2154083251953,143.6830596923828,104.775390625,127.421875,57.8585319519043,273.16180419921875,96.8884506225586,222.99147033691406
2023-04-28 04:00:00,166.95896911621094,299.503173828125,148.85189819335938,143.6004180908203,106.12958526611328,128.5282440185547,58.28557205200195,274.1164855957031,99.3802261352539,226.6136932373047
2023-05-01 04:00:00,166.87037658691406,297.8460388183594,148.76097106933594,143.77490234375,102.8382568359375,131.28028869628906,58.42185592651367,275.8126220703125,99.09905242919922,226.39952087402344
2023-05-02 04:00:00,165.83726501464844,297.6997985839844,150.06126403808594,143.6463165283203,98.73981475830078,129.16046142578125,58.15837097167969,276.266845703125,97.53804779052734,221.01483154296875
2023-05-03 04:00:00,164.76473999023438,296.7153015136719,148.09719848632812,143.462646484375,96.79371643066406,126.4269790649414,57.83127975463867,273.6252746582031,97.7901382446289,220.04110717773438
2023-05-04 04:00:00,163.13133239746094,297.6997985839844,147.42431640625,142.80148315429688,95.09871673583984,124.69766998291016,57.89488220214844,273.5696716308594,94.48393249511719,219.67112731933594
2023-05-05 04:00:00,170.78660583496094,302.8075256347656,147.92440795898438,143.27899169921875,97.46631622314453,127.13361358642578,58.167457580566406,274.9043273925781,97.46048736572266,225.68869018554688
2023-05-08 04:00:00,170.7177276611328,300.8580322265625,147.58799743652344,142.60865783691406,97.85194396972656,127.44044494628906,58.07659149169922,274.98773193359375,99.83592224121094,226.1268768310547
2023-05-09 04:00:00,169.01547241210938,299.2496643066406,146.44227600097656,141.1486358642578,97.87883758544922,126.82682037353516,57.59505081176758,274.9599304199219,99.0699691772461,227.1298065185547
2023-05-10 04:00:00,170.77674865722656,304.4256286621094,146.98785400390625,141.44244384765625,96.623291015625,126.89189147949219,57.69499206542969,274.87646484375,98.06161499023438,225.19207763671875
2023-05-11 04:00:00,170.9636993408203,302.2811584472656,146.38772583007812,141.7730255126953,94.87451934814453,126.4920883178711,58.02207946777344,273.2267150878906,89.5003662109375,225.37747192382812
2023-05-12 04:00:00,170.0375518798828,301.1699523925781,146.19679260253906,143.21473693847656,94.86553955078125,124.67908477783203,58.249229431152344,274.47796630859375,89.19010925292969,225.7384490966797
2023-05-15 04:00:00,169.54483032226562,301.6475830078125,145.07833862304688,143.26063537597656,95.04647064208984,125.72969818115234,58.094764709472656,274.2554931640625,90.03364562988281,227.13357543945312
2023-05-16 04:00:00,169.54483032226562,303.8699951171875,144.8873748779297,143.01271057128906,92.73973846435547,124.88361358642578,57.44058609008789,272.6335144042969,88.21086883544922,224.8506317138672
2023-05-17 04:00:00,170.15577697753906,306.7420654296875,144.56912231445312,142.40664672851562,94.82030487060547,128.72349548339844,57.37698745727539,271.9939880371094,89.94638061523438,226.97747802734375
2023-05-18 04:00:00,172.4811248779297,311.1576232910156,144.10537719726562,140.06500244140625,95.67967224121094,129.69972229003906,57.05897903442383,272.5408020019531,90.90625,227.90432739257812
2023-05-19 04:00:00,172.5895233154297,310.9817199707031,144.49639892578125,140.65272521972656,96.1229248046875,129.40220642089844,57.08624267578125,273.93115234375,88.56959533691406,227.62136840820312
2023-05-22 04:00:00,171.6436004638672,313.7561340332031,143.71763610839844,136.97039794921875,94.95600891113281,128.3330078125,55.88690948486328,268.1846923828125,89.0252914428711,225.640869140625
2023-05-23 04:00:00,169.04229736328125,307.9729309082031,143.66268920898438,135.4920196533203,96.24958801269531,126.99414825439453,55.78696060180664,265.4225769042969,87.0861587524414,219.10421752929688
2023-05-24 04:00:00,169.31822204589844,306.5955810546875,143.52523803710938,134.3717041015625,97.32605743408203,125.83200073242188,55.31450653076172,265.00555419921875,86.3589859008789,216.83103942871094
2023-05-25 04:00:00,170.45135498046875,318.3865966796875,141.4639129638672,133.50851440429688,95.5801773071289,126.13877868652344,54.88747787475586,264.6347351074219,85.45729064941406,217.93353271484375
2023-05-26 04:00:00,172.85548400878906,325.1954040527344,141.408935546875,133.51768493652344,94.95600891113281,127.31957244873047,54.75117111206055,265.1167907714844,85.60273742675781,219.52374267578125
2023-05-30 04:00:00,174.69808959960938,323.5543212890625,141.42724609375,131.47915649414062,94.11471557617188,127.80304718017578,54.315067291259766,264.0786437988281,85.14703369140625,216.2359619140625
2023-05-31 04:00:00,174.64883422851562,320.7994689941406,142.0594024658203,130.85472106933594,92.43215942382812,126.17598724365234,54.20603561401367,264.2547912597656,85.28277587890625,215.64080810546875
2023-06-01 04:00:00,177.44712829589844,324.892578125,141.58299255371094,132.1953887939453,93.49959564208984,127.91462707519531,54.514957427978516,266.8128967285156,85.89359283447266,220.97744750976562
2023-06-02 04:00:00,178.29452514648438,327.6474304199219,143.8092803955078,134.5461883544922,95.67064666748047,130.60157775878906,55.568904876708984,270.1300048828125,88.00724792480469,223.21160888671875
2023-06-05 04:00:00,176.9446258544922,328.1749572753906,145.04608154296875,134.01356506347656,95.24546813964844,129.3185272216797,55.19639205932617,268.7509460449219,88.2302474975586,221.2408447265625
2023-06-06 04:00:00,176.580078125,325.9671630859375,144.91778564453125,132.68206787109375,96.0234146118164,129.5509796142578,54.79661560058594,265.1264343261719,89.35494995117188,222.65550231933594
2023-06-07 04:00:00,175.21046447753906,315.9051818847656,145.2292938232422,132.96673583984375,98.17637634277344,130.80612182617188,54.714839935302734,262.6665344238281,89.70399475097656,219.7773895263672
2023-06-08 04:00:00,177.92010498046875,317.74188232421875,146.82345581054688,134.4727020263672,97.86882019042969,130.8433074951172,54.85112762451172,266.2817687988281,89.71367645263672,217.61155700683594
2023-06-09 04:00:00,178.30438232421875,319.2364196777344,146.59437561035156,134.5828857421875,97.14513397216797,131.10366821289062,54.94198989868164,267.2229309082031,89.13195037841797,218.109130859375
2023-06-12 04:00:00,181.0928497314453,324.1794738769531,146.4936065673828,133.5269012451172,96.26766967773438,131.0943603515625,54.70575714111328,268.8814392089844,90.30512237548828,220.65545654296875
2023-06-13 04:00:00,180.6199188232422,326.56304931640625,147.26318359375,133.2054901123047,96.2857666015625,132.04269409179688,54.9238166809082,268.86279296875,90.99349975585938,217.9530029296875
2023-06-14 04:00:00,181.25050354003906,329.5425720214844,148.01438903808594,134.45436096191406,95.12787628173828,131.54989624023438,55.29633712768555,268.7602844238281,89.6361083984375,217.99205017089844
2023-06-15 04:00:00,183.2802734375,340.0538635253906,150.00247192382812,136.31842041015625,95.7882308959961,133.03750610351562,56.05620193481445,272.6457824707031,90.11119842529297,220.65545654296875
2023-06-16 04:00:00,182.2062530517578,334.417236328125,150.4605712890625,137.3193359375,95.1007308959961,133.19557189941406,56.459014892578125,273.66143798828125,88.54051208496094,223.32867431640625
2023-06-20 04:00:00,182.29495239257812,330.2361755371094,150.3689727783203,136.0521240234375,92.92063903808594,132.516845703125,56.08366012573242,273.04638671875,87.01830291748047,220.94815063476562
2023-06-21 04:00:00,181.2603759765625,325.8499755859375,150.13992309570312,137.22752380371094,93.96094512939453,132.32162475585938,56.23929977416992,274.4254455566406,85.94208526611328,221.7091522216797
2023-06-22 04:00:00,184.2557373046875,331.8577575683594,151.73403930664062,137.6958465576172,93.44532012939453,129.77410888671875,56.62381362915039,273.2887268066406,85.796630859375,222.82135009765625
2023-06-23 04:00:00,183.94044494628906,327.2762145996094,151.60574340820312,136.32763671875,92.63117218017578,129.09536743164062,56.02873611450195,270.1300048828125,85.41851806640625,223.95303344726562
2023-06-26 04:00:00,182.55113220214844,321.004638671875,149.91087341308594,136.4653778076172,94.34088134765625,129.4114990234375,56.04704666137695,269.3659362792969,86.00025939941406,220.78231811523438
2023-06-27 04:00:00,185.30020141601562,326.8366394042969,149.59938049316406,137.76014709472656,94.5760726928711,129.4207763671875,55.92802429199219,271.42510986328125,86.34930419921875,221.79693603515625
2023-06-28 04:00:00,186.47271728515625,328.0870361328125,149.29702758789062,137.7326202392578,95.34497833251953,128.85366821289062,55.40619659423828,271.8351135253906,86.12630462646484,222.40184020996094
2023-06-29 04:00:00,186.80772399902344,327.3055419921875,150.34149169921875,137.17247009277344,96.52095794677734,133.3535919189453,54.948448181152344,274.3788757324219,86.24263763427734,228.60675048828125
2023-06-30 04:00:00,191.1234588623047,332.6686096191406,151.6424102783203,139.339599609375,97.01850128173828,135.22242736816406,55.13154220581055,278.0500793457031,86.5625991821289,231.68972778320312
2023-07-03 04:00:00,189.63565063476562,330.17755126953125,149.65432739257812,140.0374755859375,97.20846557617188,136.31021118164062,55.46112823486328,274.72357177734375,87.7454605102539,232.16778564453125
2023-07-05 04:00:00,188.522216796875,330.3338623046875,149.15960693359375,139.79876708984375,96.71092224121094,135.40216064453125,55.87309646606445,276.6430969238281,87.05708312988281,233.61167907714844
2023-07-06 04:00:00,188.9951629638672,333.3816833496094,148.0510711669922,139.5691680908203,93.10155487060547,134.0635223388672,55.442813873291016,274.7982177734375,86.03903198242188,233.0555877685547
2023-07-07 04:00:00,187.88172912597656,329.4253234863281,145.89810180664062,136.63987731933594,93.31867218017578,135.12130737304688,54.710411071777344,272.17059326171875,85.94208526611328,230.68479919433594
2023-07-10 04:00:00,185.8421173095703,324.1599426269531,146.1363067626953,136.69493103027344,94.70272064208984,135.87957763671875,54.29843521118164,274.39752197265625,85.41851806640625,232.35311889648438
2023-07-11 04:00:00,185.31988525390625,324.7851257324219,145.33010864257812,135.97869873046875,95.860595703125,138.00460815429688,54.490692138671875,274.63043212890625,86.76622009277344,234.68482971191406
2023-07-12 04:00:00,186.98509216308594,329.40582275390625,144.82620239257812,136.685791015625,96.33099365234375,138.68797302246094,54.783653259277344,275.4410705566406,87.40612030029297,236.3043975830078
2023-07-13 04:00:00,187.74375915527344,334.7395935058594,145.4949493408203,136.77757263183594,94.56703186035156,139.3620147705078,55.25055694580078,275.0777282714844,87.71637725830078,237.37753295898438
2023-07-14 04:00:00,187.89158630371094,337.25994873046875,146.46609497070312,137.7877197265625,91.31046295166016,140.20452880859375,55.75408935546875,274.81683349609375,85.92269897460938,237.23121643066406
2023-07-17 04:00:00,191.1431884765625,337.7386779785156,145.73321533203125,136.81434631347656,91.70848083496094,143.58395385742188,55.67169189453125,274.5746154785156,82.95582580566406,238.0409698486328
2023-07-18 04:00:00,190.88697814941406,351.18060302734375,145.72406005859375,137.07142639160156,91.29237365722656,143.84609985351562,55.451969146728516,273.77325439453125,83.33395385742188,234.89952087402344
2023-07-19 04:00:00,192.23687744140625,346.8725280761719,145.4308624267578,138.00807189941406,91.92558288574219,144.39840698242188,56.431549072265625,274.06207275390625,84.39078521728516,235.53359985351562
2023-07-20 04:00:00,190.29579162597656,338.85223388671875,154.2626495361328,139.1271209716797,93.5448226928711,146.17706298828125,57.1181755065918,276.857421875,83.58604431152344,233.7775421142578
2023-07-21 04:00:00,189.1232452392578,335.8239440917969,155.92086791992188,141.317138671875,93.9790267944336,145.05369567871094,57.16395950317383,275.4410705566406,84.52651977539062,233.41656494140625
2023-07-24 04:00:00,189.92137145996094,337.1329650878906,156.7362518310547,141.76992797851562,95.45352935791016,147.9088897705078,57.1822624206543,275.1614990234375,83.96417236328125,234.87020874023438
2023-07-25 04:00:00,190.77859497070312,342.8673095703125,157.93641662597656,142.1025848388672,95.5982666015625,146.8042755126953,56.990013122558594,272.4128112792969,83.02369689941406,232.8701934814453
2023-07-26 04:00:00,191.64564514160156,329.96258544921875,158.23875427246094,142.25048828125,95.06454467773438,147.68421936035156,57.722412109375,271.8444519042969,83.24669647216797,231.31898498535156
2023-07-27 04:00:00,190.3844451904297,323.07562255859375,159.12741088867188,140.5594024658203,95.3630599975586,146.05535888671875,57.16395950317383,275.04974365234375,82.76191711425781,228.72384643554688
2023-07-28 04:00:00,192.95616149902344,330.5487365722656,159.85118103027344,144.53286743164062,94.22327423095703,146.88851928710938,57.20057678222656,273.96893310546875,83.50848388671875,230.0019073486328
2023-07-31 04:00:00,193.56703186035156,328.1554260253906,153.48388671875,144.43124389648438,97.00945281982422,147.87142944335938,56.69704818725586,273.1955261230469,86.18446350097656,231.93362426757812
2023-08-01 04:00:00,192.7393798828125,328.5657043457031,154.72984313964844,144.38504028320312,96.44859313964844,147.1412811279297,56.550575256347656,271.2108459472656,86.32020568847656,233.93362426757812
2023-08-02 04:00:00,189.7538299560547,319.9300231933594,155.66432189941406,144.69923400878906,95.24546813964844,145.47494506835938,56.724517822265625,269.85980224609375,83.67330169677734,231.7677459716797
2023-08-03 04:00:00,188.36456298828125,319.1094970703125,156.33316040039062,145.07810974121094,96.9009017944336,146.36428833007812,56.431549072265625,271.1642150878906,82.8879623413086,232.93849182128906
2023-08-04 04:00:00,179.31927490234375,320.20355224609375,154.86727905273438,143.48867797851562,97.17227935791016,146.05535888671875,55.58013916015625,267.4371643066406,83.67330169677734,233.1629180908203
2023-08-07 04:00:00,176.225341796875,322.4796447753906,158.58685302734375,145.0041961669922,96.9732666015625,146.7480926513672,56.01957702636719,271.5183410644531,84.18716430664062,235.62142944335938
2023-08-08 04:00:00,177.16140747070312,318.51348876953125,158.66017150878906,145.1612548828125,97.45269775390625,145.92430114746094,55.772396087646484,269.82244873046875,85.4476089477539,233.45559692382812
2023-08-09 04:00:00,175.57501220703125,314.7818603515625,158.55943298339844,144.97647094726562,99.10812377929688,143.96780395507812,55.900569915771484,268.5646057128906,84.82707977294922,233.9141082763672
2023-08-10 04:00:00,175.35826110839844,315.4656066894531,157.73484802246094,144.2556915283203,99.61471557617188,143.75247192382812,55.772396087646484,267.97760009765625,88.96712493896484,234.7449951171875
2023-08-11 04:00:00,175.41746520996094,313.5900573730469,159.27398681640625,145.09657287597656,101.16156768798828,144.5856170654297,56.00126647949219,268.9280090332031,86.31050872802734,234.6276397705078
2023-08-14 04:00:00,177.065185546875,316.5500183105469,158.89837646484375,143.9599609375,101.24298095703125,144.8851776123047,55.735774993896484,269.10504150390625,86.10689544677734,237.4231719970703
2023-08-15 04:00:00,175.08201599121094,314.42034912109375,158.44029235839844,143.03590393066406,98.64372253417969,141.1968231201172,55.36042404174805,268.6297912597656,84.41017150878906,234.42242431640625
2023-08-16 04:00:00,174.21376037597656,313.6567687988281,157.93641662597656,141.57591247558594,96.9838638305664,140.5977020263672,55.36957550048828,265.927734375,83.72178649902344,233.89459228515625
2023-08-17 04:00:00,171.6780242919922,310.2109375,159.4206085205078,140.5594024658203,98.86260223388672,139.13734436035156,55.48859405517578,262.6291809082031,83.30486297607422,232.01783752441406
2023-08-18 04:00:00,172.1614990234375,309.8193359375,158.0280303955078,140.9567413330078,100.35832214355469,139.4556121826172,55.799861907958984,262.5174255371094,83.34364318847656,232.79983520507812
2023-08-21 04:00:00,173.49346923828125,315.10565185546875,153.31900024414062,140.24525451660156,99.14534759521484,139.93307495117188,55.323795318603516,260.93341064453125,83.26608276367188,234.06072998046875
2023-08-22 04:00:00,174.86492919921875,315.6734619140625,152.1005096435547,140.3007049560547,98.5890121459961,137.03102111816406,54.98506546020508,261.1849670410156,83.1788330078125,235.14572143554688
2023-08-23 04:00:00,178.70303344726562,320.117919921875,150.7353973388672,141.6128387451172,97.72258758544922,137.95782470703125,55.17732620239258,262.6385498046875,83.21760559082031,236.8367156982422
2023-08-24 04:00:00,174.02626037597656,313.2358703613281,151.2484588623047,140.9567413330078,96.99298858642578,137.82675170898438,55.03084182739258,263.0858459472656,79.95987701416016,234.07054138183594
2023-08-25 04:00:00,176.22650146484375,316.1825256347656,153.4170684814453,141.88082885742188,98.7258071899414,137.6582489013672,55.28717803955078,265.1636047363281,80.82278442382812,237.10061645507812
2023-08-28 04:00:00,177.78543090820312,316.8874206542969,151.6083526611328,142.1025848388672,99.55575561523438,138.1356964111328,55.442813873291016,264.3250732421875,81.59844207763672,238.33221435546875
2023-08-29 04:00:00,181.6630096435547,321.49822998046875,151.62681579589844,142.18577575683594,100.14854431152344,139.25901794433594,55.38788986206055,264.24114990234375,81.83113861083984,239.8081512451172
2023-08-30 04:00:00,185.14588928222656,321.8702392578125,151.09158325195312,142.34286499023438,101.12442016601562,138.6973419189453,55.36042404174805,264.84686279296875,81.71478271484375,240.67808532714844
2023-08-31 04:00:00,185.3629608154297,320.8619079589844,149.1998291015625,142.62010192871094,101.40715026855469,136.9842529296875,54.77449417114258,263.3760681152344,81.13304138183594,240.14047241210938
2023-09-01 04:00:00,186.93173217773438,321.7429504394531,148.09246826171875,142.77716064453125,103.53214263916016,137.44293212890625,54.29843521118164,263.17938232421875,79.15513610839844,242.51573181152344
2023-09-05 04:00:00,187.16851806640625,326.530029296875,148.2769775390625,140.86436462402344,103.54125213623047,135.92640686035156,53.84983444213867,261.5119323730469,78.71883392333984,239.8081512451172
2023-09-06 04:00:00,180.4691162109375,325.8741760253906,145.81312561035156,140.58714294433594,104.43504333496094,135.7017364501953,53.8132209777832,258.0270690917969,78.5152359008789,240.60968017578125
2023-09-07 04:00:00,175.1905517578125,322.9666748046875,147.67718505859375,141.9270477294922,103.92430114746094,134.54092407226562,53.401248931884766,260.7344055175781,78.11770629882812,241.5675811767578
2023-09-08 04:00:00,175.80223083496094,327.2348937988281,148.16627502441406,141.317138671875,105.43824768066406,134.64390563964844,53.401248931884766,261.5681457519531,79.09696197509766,241.71417236328125
2023-09-11 04:00:00,176.9665069580078,330.82763671875,150.10418701171875,142.9989471435547,104.11583709716797,135.23367309570312,53.90476608276367,262.0740051269531,80.00835418701172,241.6457977294922
2023-09-12 04:00:00,173.94732666015625,324.7874450683594,150.9531707763672,140.48548889160156,107.15284729003906,136.99359130859375,53.373775482177734,262.9639587402344,81.13304138183594,241.72396850585938
2023-09-13 04:00:00,171.88525390625,328.9872741699219,151.33154296875,141.4650115966797,106.19522857666016,137.05914306640625,53.501953125,263.9569091796875,80.93914031982422,242.2420196533203
2023-09-14 04:00:00,173.39480590820312,331.5716552734375,151.1007843017578,143.0174560546875,108.09221649169922,139.7177276611328,53.94487762451172,266.7579040527344,81.90869903564453,236.0547332763672
2023-09-15 04:00:00,172.67454528808594,323.2701110839844,148.98756408691406,141.81614685058594,106.43235778808594,139.3058319091797,53.46504211425781,260.6407775878906,82.9752197265625,235.6344451904297
2023-09-18 04:00:00,175.5950469970703,322.1345520019531,149.9288330078125,142.3521270751953,107.28964233398438,139.59603881835938,53.7972297668457,260.1629943847656,82.43225860595703,239.1435089111328
2023-09-19 04:00:00,176.6803741455078,321.733154296875,149.67970275878906,141.93629455566406,107.00691986083984,139.41818237304688,53.686500549316406,260.54705810546875,79.44600677490234,238.0683135986328
2023-09-20 04:00:00,173.1481475830078,314.0190124511719,150.3348846435547,141.81614685058594,106.15873718261719,138.82843017578125,53.926422119140625,259.6758728027344,80.04713439941406,236.4066619873047
2023-09-21 04:00:00,171.60897827148438,312.80511474609375,149.18136596679688,140.58714294433594,104.66304016113281,137.74249267578125,53.0959358215332,254.07391357421875,80.21196746826172,231.27500915527344
2023-09-22 04:00:00,172.45748901367188,310.33819580078125,148.1108856201172,140.06968688964844,104.82720184326172,136.42254638671875,53.15129089355469,255.01068115234375,78.77701568603516,229.77951049804688
2023-09-25 04:00:00,173.73028564453125,310.8570556640625,147.88943481445312,139.2195281982422,106.00370025634766,137.0965576171875,52.59764099121094,252.72491455078125,78.5443115234375,228.09828186035156
2023-09-26 04:00:00,169.66525268554688,305.5706787109375,146.7451629638672,137.98129272460938,106.1678695678711,135.6736602783203,52.1639404296875,250.79510498046875,77.61354064941406,224.47190856933594
2023-09-27 04:00:00,168.15567016601562,306.20697021484375,144.9826202392578,136.15164184570312,109.62440490722656,136.46934509277344,51.62873458862305,246.97308349609375,77.46810150146484,224.32533264160156
2023-09-28 04:00:00,168.41220092773438,307.0390930175781,144.77035522460938,135.22756958007812,108.95863342285156,138.16375732421875,51.499549865722656,248.7998046875,77.69109344482422,226.43661499023438
2023-09-29 04:00:00,168.92523193359375,309.1047058105469,143.7275848388672,134.7840118408203,107.23490905761719,135.75790405273438,51.65642547607422,246.7857208251953,78.58309173583984,224.8238067626953
2023-10-02 04:00:00,171.43138122558594,315.0273742675781,143.1738739013672,134.16490173339844,105.45648956298828,134.58775329589844,51.195037841796875,241.45542907714844,79.18421936035156,226.0553741455078
2023-10-03 04:00:00,170.09939575195312,306.7943420410156,143.34922790527344,134.44212341308594,105.6388931274414,133.59542846679688,50.64137649536133,238.40151977539062,77.11904907226562,223.65087890625
2023-10-04 04:00:00,171.34254455566406,312.2471008300781,143.51531982421875,134.8856964111328,101.68984985351562,134.19456481933594,50.78902053833008,239.63807678222656,76.90574645996094,226.0065460205078
2023-10-05 04:00:00,172.57589721679688,312.6386413574219,145.01025390625,132.8804473876953,99.40068817138672,134.76036071777344,48.3344612121582,236.28439331054688,78.35040283203125,228.215576171875
2023-10-06 04:00:00,175.1214599609375,320.3724670410156,145.47166442871094,133.14842224121094,97.74082946777344,136.83509826660156,49.0357666015625,232.5278778076172,80.41557312011719,229.74038696289062
2023-10-09 04:00:00,176.6014404296875,322.8785400390625,146.30218505859375,132.47384643554688,101.16089630126953,136.52389526367188,48.79584884643555,234.12042236328125,82.12199401855469,229.15394592285156
2023-10-10 04:00:00,176.00946044921875,321.4786682128906,146.13609313964844,133.7860107421875,100.73224639892578,137.35372924804688,49.857025146484375,235.6192626953125,82.40316772460938,231.26522827148438
2023-10-11 04:00:00,177.400634765625,325.42388916015625,144.1243896484375,132.14117431640625,97.12064361572266,137.8252716064453,49.561737060546875,235.05722045898438,82.2674331665039,230.365966796875
2023-10-12 04:00:00,178.2985076904297,324.1903381347656,144.26278686523438,132.43690490722656,97.1024169921875,137.50460815429688,48.731258392333984,230.626220703125,81.78265380859375,231.441162109375
2023-10-13 04:00:00,176.46331787109375,320.8325500488281,144.74264526367188,133.70285034179688,100.20328521728516,139.5698699951172,48.805076599121094,232.61219787597656,81.78265380859375,232.3110809326172
2023-10-16 04:00:00,176.33505249023438,325.6392517089844,145.3701629638672,134.97808837890625,100.27623748779297,139.4284210205078,49.30336380004883,234.13917541503906,83.10125732421875,234.6570281982422
2023-10-17 04:00:00,174.78599548339844,325.0714111328125,144.04132080078125,135.15365600585938,101.58953857421875,139.1266326904297,49.89393615722656,235.26329040527344,83.57633972167969,235.76148986816406
2023-10-18 04:00:00,173.49346923828125,323.16241455078125,140.940673828125,138.63735961914062,103.01228332519531,137.5989227294922,49.87548065185547,239.8441619873047,82.10261535644531,232.11561584472656
2023-10-19 04:00:00,173.11856079101562,324.34698486328125,140.56231689453125,137.857177734375,103.07613372802734,137.01425170898438,50.152305603027344,242.0456085205078,80.71614074707031,228.53814697265625
2023-10-20 04:00:00,170.57296752929688,319.7948303222656,141.18984985351562,137.6712188720703,101.30681610107422,134.80751037597656,50.355323791503906,241.7926788330078,80.1343994140625,228.1178436279297
2023-10-23 04:00:00,170.69139099121094,322.38909912109375,139.70413208007812,137.7642059326172,99.82022094726562,132.9686279296875,49.903160095214844,238.6450958251953,80.57070922851562,226.30953979492188
2023-10-24 04:00:00,171.12551879882812,323.5736389160156,139.55645751953125,139.39151000976562,98.85348510742188,133.12892150878906,51.34267044067383,241.00575256347656,80.04713439941406,229.35919189453125
2023-10-25 04:00:00,168.81674194335938,333.5002746582031,139.8702392578125,140.0424346923828,99.03588104248047,132.40277099609375,51.785606384277344,241.7176971435547,78.13709259033203,231.50961303710938
2023-10-26 04:00:00,164.66293334960938,320.9892578125,137.49864196777344,139.2985382080078,98.13299560546875,132.74227905273438,51.471866607666016,239.65679931640625,77.35175323486328,226.06517028808594
2023-10-27 04:00:00,165.97515869140625,322.8687744140625,134.36102294921875,136.8436279296875,96.26336669921875,127.9610595703125,50.973575592041016,239.59124755859375,76.91544342041016,224.1005096435547
2023-10-30 04:00:00,168.01751708984375,330.2109069824219,135.6806640625,138.79638671875,96.56432342529297,129.5924835205078,51.813289642333984,243.7036895751953,78.224365234375,227.82460021972656
2023-10-31 04:00:00,168.4911651611328,330.9940185546875,136.88954162597656,139.5124053955078,96.53697967529297,131.1391143798828,52.12702560424805,245.59600830078125,79.10665893554688,229.79905700683594
2023-11-01 04:00:00,171.64845275878906,338.7865905761719,137.21250915527344,139.12185668945312,96.3454360961914,131.0259552001953,52.08088302612305,245.4086456298828,78.60248565673828,233.2006072998047
2023-11-02 04:00:00,175.2003936767578,340.9892578125,138.64288330078125,140.8235626220703,99.51014709472656,133.3647003173828,52.680686950683594,249.98013305664062,80.75492095947266,237.76527404785156
2023-11-03 04:00:00,174.29266357421875,345.37493896484375,139.657958984375,139.54959106445312,98.29714965820312,134.85472106933594,52.35771942138672,250.9356689453125,82.4807357788086,238.10740661621094
2023-11-06 05:00:00,176.83824157714844,349.02642822265625,139.99020385742188,140.35861206054688,96.55522155761719,135.87318420410156,52.5699577331543,251.90994262695312,81.46269226074219,237.99989318847656
2023-11-07 05:00:00,179.3936767578125,352.9422607421875,139.25193786621094,140.03317260742188,95.041259765625,135.80714416503906,52.76374053955078,251.6851043701172,82.01535034179688,239.25103759765625
2023-11-08 05:00:00,180.44943237304688,355.5559997558594,138.74441528320312,139.49378967285156,93.87388610839844,136.4767303466797,52.680686950683594,250.57962036132812,81.92808532714844,238.91798400878906
2023-11-09 05:00:00,179.9757843017578,353.0988464355469,136.0405731201172,139.80996704101562,93.9012451171875,136.0712127685547,52.28390121459961,250.03634643554688,87.59033966064453,236.6944122314453
2023-11-10 05:00:00,184.15489196777344,361.8898620605469,135.88368225097656,140.79568481445312,94.6217269897461,138.08932495117188,52.339271545410156,250.86073303222656,85.58334350585938,240.23052978515625
2023-11-13 05:00:00,182.57412719726562,358.9627990722656,136.234375,141.7720489501953,95.6158218383789,137.476318359375,52.533042907714844,252.18157958984375,86.71773529052734,239.66241455078125
2023-11-14 05:00:00,185.18235778808594,362.4772644042969,136.2620391845703,141.4558868408203,95.98399353027344,139.9848175048828,52.689910888671875,254.3267822265625,88.2981185913086,241.8859405517578
2023-11-15 05:00:00,185.74545288085938,362.6244201660156,137.31405639648438,140.80494689941406,95.4041519165039,141.2107696533203,52.791412353515625,253.2963409423828,91.07106018066406,243.03201293945312
2023-11-16 05:00:00,187.42498779296875,369.00048828125,138.513671875,142.11610412597656,94.29972076416016,142.82337951660156,52.736053466796875,258.6640930175781,91.63341522216797,243.4826202392578
2023-11-17 05:00:00,187.40521240234375,362.8009338378906,138.2276153564453,140.47950744628906,96.60061645507812,144.11532592773438,52.83755111694336,258.3174743652344,91.28436279296875,244.4523162841797
2023-11-20 05:00:00,189.14402770996094,370.2463073730469,139.44618225097656,139.735595703125,96.17725372314453,144.55856323242188,52.96674346923828,261.3901062011719,92.1375961303711,244.8539581298828
2023-11-21 05:00:00,188.34378051757812,365.9595947265625,140.5717010498047,139.12185668945312,96.14043426513672,144.25682067871094,53.548091888427734,262.7391357421875,91.57524108886719,247.06768798828125
2023-11-22 05:00:00,189.00572204589844,370.6484680175781,140.29266357421875,140.43299865722656,95.72627258300781,144.59629821777344,53.907962799072266,264.1068115234375,92.1763687133789,248.5271759033203
2023-11-24 05:00:00,187.68185424804688,370.2364807128906,141.85540771484375,140.7677764892578,96.2416763305664,144.79432678222656,54.04637908935547,264.6782531738281,93.13623809814453,249.09530639648438
2023-11-27 05:00:00,187.5040283203125,371.39398193359375,140.72055053710938,140.63755798339844,95.68025970458984,144.46424865722656,53.94487762451172,264.0224914550781,92.27332305908203,248.93861389160156
2023-11-28 05:00:00,188.10662841796875,375.4060974121094,141.04611206054688,141.61398315429688,95.62503814697266,144.79432678222656,54.05561828613281,264.2566833496094,89.68460083007812,247.76318359375
2023-11-29 05:00:00,187.08909606933594,371.62939453125,141.4926300048828,140.53529357910156,94.18926239013672,145.52989196777344,53.732643127441406,262.65484619140625,89.68460083007812,249.02676391601562
2023-11-30 05:00:00,187.66209411621094,371.68829345703125,143.86463928222656,142.75775146484375,94.55741882324219,147.1896209716797,54.35581588745117,265.60443115234375,89.86880493164062,251.42660522460938
2023-12-01 05:00:00,188.93655395507812,367.37213134765625,147.324951171875,141.95802307128906,94.78750610351562,147.90634155273438,54.54183578491211,269.48712158203125,89.76216888427734,251.20132446289062
2023-12-04 05:00:00,187.14837646484375,362.1045227050781,147.7900848388672,141.4000701904297,94.27210998535156,148.9908905029297,54.47673416137695,269.6473083496094,89.20950317382812,249.2324676513672
2023-12-05 05:00:00,191.09033203125,365.4200134277344,147.48309326171875,136.4716339111328,92.44060516357422,148.9720001220703,54.56044006347656,270.0337219238281,88.02664184570312,249.3989715576172
2023-12-06 05:00:00,190.00357055664062,361.7709655761719,145.6878204345703,136.3693389892578,91.21653747558594,147.40655517578125,54.50463104248047,270.3352966308594,88.71503448486328,249.0855255126953
2023-12-07 05:00:00,191.93008422851562,363.8799743652344,144.55296325683594,136.22988891601562,90.58148193359375,147.85919189453125,54.634857177734375,270.2693786621094,89.53915405273438,250.58419799804688
2023-12-08 05:00:00,193.35272216796875,367.09747314453125,143.641357421875,134.9744873046875,91.62149047851562,149.4906768798828,54.51393508911133,269.0818786621094,90.28816223144531,250.50584411621094
2023-12-11 05:00:00,190.85317993164062,364.22332763671875,144.23672485351562,135.59754943847656,91.6859130859375,150.03765869140625,54.91388702392578,272.4933776855469,89.68507385253906,251.26988220214844
2023-12-12 05:00:00,192.36477661132812,367.2445983886719,144.24603271484375,135.70912170410156,90.24095153808594,151.3767547607422,55.2673225402832,274.6326599121094,88.58589172363281,254.24766540527344
2023-12-13 05:00:00,195.57565307617188,367.2347717285156,144.9157257080078,138.16404724121094,91.04165649414062,151.885986328125,55.74168014526367,278.8828125,90.29788208007812,257.0100402832031
2023-12-14 05:00:00,195.72381591796875,358.95562744140625,145.9203643798828,134.5188751220703,93.48981475830078,154.6491241455078,54.91388702392578,273.313232421875,91.37760162353516,253.4346466064453
2023-12-15 05:00:00,195.19029235839844,363.6642150878906,144.32974243164062,133.867919921875,92.86396026611328,155.81845092773438,54.50463104248047,270.7216796875,90.91069793701172,252.7489776611328
2023-12-18 05:00:00,193.53054809570312,365.5475769042969,144.59017944335938,135.9230194091797,93.55423736572266,156.7615203857422,54.89527893066406,273.51116943359375,90.32706451416016,253.08201599121094
2023-12-19 05:00:00,194.5679168701172,366.1459655761719,145.53900146484375,135.9230194091797,94.78750610351562,158.85507202148438,54.718563079833984,273.9823913574219,91.36788177490234,254.66883850097656
2023-12-20 05:00:00,192.48330688476562,363.5562438964844,142.57164001464844,133.82144165039062,93.20450592041016,157.0633087158203,53.58382034301758,272.34259033203125,88.78043365478516,251.84779357910156
2023-12-21 05:00:00,192.3351593017578,366.4206237792969,144.0320587158203,134.14688110351562,93.62785339355469,157.95916748046875,53.9372673034668,274.6043395996094,89.50997161865234,254.2281036376953
2023-12-22 05:00:00,191.26815795898438,367.4408264160156,144.6088104248047,135.09536743164062,93.79353332519531,157.8648223876953,54.244205474853516,274.8965148925781,88.5372543334961,253.1407928466797
2023-12-26 05:00:00,190.72476196289062,367.5192565917969,145.24131774902344,135.70912170410156,94.00521087646484,158.7984619140625,54.46742630004883,275.9896545410156,88.46916961669922,253.8558807373047
2023-12-27 05:00:00,190.82354736328125,366.9405212402344,145.43666076660156,135.82070922851562,93.56344604492188,159.7509307861328,54.60695266723633,277.582275390625,87.91471862792969,253.6305694580078
2023-12-28 05:00:00,191.24838256835938,368.12744140625,145.65061950683594,135.51380920410156,92.21051788330078,160.5996856689453,54.6441535949707,278.79803466796875,87.93416595458984,255.07044982910156
2023-12-29 05:00:00,190.2110137939453,368.8729553222656,145.7994384765625,136.2670440673828,92.01724243164062,160.41107177734375,54.81156539916992,279.4294128417969,87.82716369628906,255.02149963378906
2024-01-02 05:00:00,183.40402221679688,363.801513671875,148.8040008544922,138.31283569335938,94.20769500732422,162.27828979492188,55.639373779296875,279.9288330078125,88.23571014404297,253.57180786132812
2024-01-03 05:00:00,182.03074645996094,363.53662109375,149.7341766357422,137.4759063720703,94.99919891357422,161.57101440429688,55.76958465576172,277.4315185546875,89.15007019042969,252.6999969482422
2024-01-04 05:00:00,179.71896362304688,360.9273376464844,149.41793823242188,138.2291259765625,94.17086791992188,162.6432342529297,55.58356475830078,274.93414306640625,88.08979034423828,254.2965850830078
2024-01-05 05:00:00,178.99771118164062,360.740966796875,149.88304138183594,137.08535766601562,94.45618438720703,163.45924377441406,55.49985122680664,272.34259033203125,88.42051696777344,254.37498474121094
2024-01-08 05:00:00,183.32498168945312,367.5487060546875,150.25511169433594,138.26632690429688,92.88236999511719,163.2220001220703,55.90911102294922,275.0849609375,89.05280303955078,257.1666259765625
2024-01-09 05:00:00,182.9100341796875,368.6277770996094,150.34812927246094,138.8335723876953,91.73192596435547,161.93157958984375,55.806793212890625,274.1142578125,87.22408294677734,257.9404296875
2024-01-10 05:00:00,183.9473876953125,375.4747009277344,150.5713653564453,139.42872619628906,90.83000183105469,162.27317810058594,55.992820739746094,277.1488037109375,86.85444641113281,259.1453552246094
2024-01-11 05:00:00,183.3546142578125,377.2992248535156,149.90158081054688,139.958740234375,90.81156921386719,161.58999633789062,55.63007354736328,277.2053527832031,87.01007080078125,258.62615966796875
2024-01-12 05:00:00,183.68063354492188,381.0661315917969,151.0550537109375,140.0424346923828,91.98963165283203,160.4039306640625,56.169532775878906,276.56451416015625,87.88553619384766,258.7633361816406
2024-01-16 05:00:00,181.418212890625,382.8317565917969,149.31558227539062,139.28921508789062,89.90962982177734,159.3981475830078,55.797489166259766,274.32159423828125,90.51188659667969,259.8114013671875
2024-01-17 05:00:00,180.47964477539062,382.0469970703125,149.2318572998047,139.42872619628906,89.25617218017578,158.54415893554688,55.797489166259766,274.3876037597656,87.87580871582031,261.1729431152344
2024-01-18 05:00:00,186.35800170898438,386.3631286621094,149.9574737548828,138.6248779296875,89.09051513671875,158.85728454589844,55.95560836791992,277.4031982421875,89.6948013305664,262.65203857421875
2024-01-19 05:00:00,189.25271606445312,391.0716857910156,150.39462280273438,138.0915069580078,89.22855377197266,161.59947204589844,55.64867401123047,283.21783447265625,90.52161407470703,265.3555603027344
2024-01-22 05:00:00,191.5546112060547,388.9528503417969,151.12945556640625,138.3628692626953,89.10892486572266,161.4097137451172,55.40684509277344,281.219970703125,92.48651885986328,265.6494445800781
2024-01-23 05:00:00,192.82907104492188,391.29730224609375,148.6551513671875,144.08978271484375,90.11210632324219,160.3470001220703,55.667274475097656,282.76544189453125,91.21224212646484,265.7081604003906
2024-01-24 05:00:00,192.1573028564453,394.8875427246094,147.86448669433594,142.3492431640625,91.6675033569336,161.77975463867188,54.79296875,283.1330261230469,90.9496078491211,266.0902099609375
2024-01-25 05:00:00,191.83128356933594,397.15350341796875,148.42262268066406,145.6244354248047,93.99600219726562,164.09495544433594,55.02549362182617,280.0890808105469,92.27250671386719,267.0305480957031
2024-01-26 05:00:00,190.10232543945312,396.23138427734375,148.36679077148438,146.11105346679688,94.79672241210938,163.4687042236328,55.220821380615234,275.4242248535156,92.75887298583984,262.4561767578125
2024-01-29 05:00:00,189.420654296875,401.91107177734375,148.23658752441406,146.1297607421875,94.9163589477539,163.8957061767578,55.555660247802734,275.47137451171875,94.83077239990234,268.0590515136719
2024-01-30 05:00:00,185.77508544921875,400.80255126953125,147.68775939941406,147.37432861328125,96.49937438964844,167.25465393066406,55.713783264160156,277.6765441894531,94.29576873779297,271.4776611328125
2024-01-31 05:00:00,182.17892456054688,390.0024108886719,147.8086700439453,147.0467987060547,94.6218490600586,165.44232177734375,55.33244323730469,275.85772705078125,93.4300537109375,267.6673278808594
2024-02-01 05:00:00,184.60934448242188,396.0842590332031,147.3063507080078,148.95578002929688,94.23530578613281,164.8445587158203,56.71830368041992,280.908935546875,94.4124984741211,271.37969970703125
2024-02-02 05:00:00,183.61148071289062,403.3824768066406,145.67852783203125,147.93577575683594,93.84873962402344,165.79342651367188,56.30905532836914,279.9382629394531,94.4805908203125,271.5069885253906
2024-02-05 05:00:00,185.41943359375,397.91864013671875,144.92506408691406,148.04806518554688,93.46219635009766,165.5751953125,55.843994140625,269.4965515136719,94.01368713378906,269.9397277832031
2024-02-06 05:00:00,187.0199432373047,397.76165771484375,147.02731323242188,148.7499237060547,94.1064453125,166.14450073242188,55.7509880065918,268.2525939941406,96.58167266845703,271.09564208984375
2024-02-07 05:00:00,187.1285858154297,406.1584777832031,146.952880859375,148.89964294433594,94.07882690429688,166.4575958251953,55.797489166259766,270.7782287597656,96.4357681274414,273.67181396484375
2024-02-08 05:00:00,186.05172729492188,406.21734619140625,145.48316955566406,148.4504852294922,95.6894760131836,165.85983276367188,55.64867401123047,275.11322021484375,107.52481842041016,270.6394348144531
2024-02-09 05:00:00,186.81341552734375,412.5346374511719,145.8180389404297,147.308837890625,93.66468048095703,166.05908203125,55.39754867553711,272.7948913574219,105.43345642089844,271.27734375
2024-02-12 05:00:00,185.1317596435547,407.345458984375,146.8319854736328,147.0187225341797,94.95317840576172,166.79917907714844,55.52776336669922,272.7666931152344,106.30890655517578,269.9426574707031
2024-02-13 05:00:00,183.04449462890625,398.5758972167969,145.54827880859375,146.232666015625,94.13572692871094,165.34744262695312,55.20221710205078,270.5708312988281,107.44699096679688,270.6688232421875
2024-02-14 05:00:00,182.1641082763672,402.4282531738281,144.8692626953125,145.63381958007812,93.67127227783203,167.02694702148438,55.14641571044922,271.56988525390625,108.5169906616211,272.3861999511719
2024-02-15 05:00:00,181.87722778320312,399.5487976074219,146.89707946777344,146.92515563964844,96.3558349609375,170.67050170898438,55.24872970581055,275.0472412109375,109.3827133178711,275.7425231933594
2024-02-16 05:00:00,180.3439483642578,397.0918884277344,146.72837829589844,147.39305114746094,96.3558349609375,169.8734893798828,55.23942565917969,275.1980285644531,108.55589294433594,273.3676452636719
2024-02-20 05:00:00,179.60205078125,395.8438415527344,147.95619201660156,148.3288116455078,95.44549560546875,170.53765869140625,56.4578742980957,275.791748046875,106.45481872558594,270.0211486816406
2024-02-21 05:00:00,180.35385131835938,395.2442932128906,148.72471618652344,150.09742736816406,97.39620971679688,171.64784240722656,56.96013641357422,276.9791564941406,104.73310089111328,271.6011962890625
2024-02-22 05:00:00,182.38174438476562,404.551025390625,150.38368225097656,150.24713134765625,97.31260681152344,173.70687866210938,56.876426696777344,278.8733825683594,104.70391845703125,278.4608459472656
2024-02-23 05:00:00,180.55169677734375,403.26361083984375,151.68646240234375,150.6869659423828,96.45801544189453,174.57981872558594,56.92292785644531,280.59796142578125,104.80118560791016,278.3136901855469
2024-02-26 05:00:00,179.20635986328125,400.51190185546875,150.70237731933594,149.92897033691406,96.83885955810547,173.98204040527344,56.46717071533203,280.0042724609375,104.7428207397461,278.8534240722656
2024-02-27 05:00:00,180.66049194335938,400.4529113769531,150.88043212890625,149.06805419921875,96.6344985961914,174.0674285888672,56.12302780151367,276.8377380371094,106.43535614013672,277.89166259765625
2024-02-28 05:00:00,179.4635467529297,400.6888122558594,151.41465759277344,149.76992797851562,96.90389251708984,174.94989013671875,56.1788444519043,278.1854248046875,107.77771759033203,280.3058166503906
2024-02-29 05:00:00,178.80078125,406.5066833496094,151.25537109375,148.731201171875,97.08966827392578,176.54393005371094,55.825401306152344,277.0102233886719,108.53643798828125,277.3715515136719
2024-03-01 05:00:00,177.72251892089844,408.3346252441406,151.94891357421875,148.64697265625,98.31582641601562,175.81329345703125,55.36964416503906,275.5412292480469,108.89634704589844,277.8818664550781
2024-03-04 05:00:00,173.21173095703125,407.7646484375,149.81195068359375,149.31137084960938,96.9410400390625,177.13221740722656,55.63007354736328,275.74029541015625,110.58889770507812,275.30084228515625
2024-03-05 05:00:00,168.285400390625,395.70623779296875,149.93380737304688,149.08677673339844,98.13004302978516,178.9065704345703,55.3603401184082,277.25665283203125,109.79125213623047,274.1723937988281
2024-03-06 05:00:00,167.2961883544922,395.1559143066406,149.34332275390625,149.3207550048828,99.17972564697266,179.83644104003906,55.388240814208984,277.6262512207031,107.05789947509766,275.2027282714844
2024-03-07 05:00:00,167.177490234375,402.0843200683594,148.90281677246094,150.30325317382812,99.73706817626953,178.26136779785156,55.285926818847656,275.9013671875,107.17462921142578,273.07318115234375
2024-03-08 05:00:00,168.8888397216797,399.21466064453125,149.5120391845703,150.05064392089844,100.67526245117188,178.59347534179688,55.3603401184082,277.26611328125,107.3108139038086,274.820068359375
2024-03-11 04:00:00,170.88705444335938,397.5439758300781,151.1147918701172,151.1735382080078,101.26976013183594,178.6598663330078,56.03002166748047,279.41754150390625,109.24652862548828,275.330322265625
2024-03-12 04:00:00,171.36187744140625,408.1183776855469,152.530029296875,151.5291290283203,100.61952209472656,180.13059997558594,56.271854400634766,278.93414306640625,109.39244079589844,278.627685546875
2024-03-13 04:00:00,169.2845458984375,407.9414978027344,150.99290466308594,151.87538146972656,101.74351501464844,181.59185791015625,56.84851837158203,268.0823669433594,109.43134307861328,279.824951171875
2024-03-14 04:00:00,171.13436889648438,417.8869934082031,149.2214813232422,151.12673950195312,103.54559326171875,178.3562774658203,56.72195816040039,267.01141357421875,109.00334167480469,281.0712585449219
2024-03-15 04:00:00,170.75845336914062,409.23876953125,148.256103515625,151.01446533203125,103.35980987548828,180.56707763671875,56.14067077636719,264.55670166015625,108.89634704589844,277.7641296386719
2024-03-18 04:00:00,171.84658813476562,410.1231994628906,146.9251708984375,150.85540771484375,104.31659698486328,182.806396484375,56.375057220458984,264.02593994140625,110.74451446533203,279.736572265625
2024-03-19 04:00:00,174.18115234375,414.1427001953125,146.40969848632812,151.43556213378906,105.05043029785156,183.8785858154297,56.46881103515625,268.09185791015625,111.38652801513672,281.9937744140625
2024-03-20 04:00:00,176.7432098388672,417.8968200683594,145.98793029785156,151.5852813720703,104.95753479003906,186.28868103027344,56.956336975097656,269.58929443359375,113.28333282470703,283.88775634765625
2024-03-21 04:00:00,169.5218963623047,421.9654846191406,145.97854614257812,151.46363830566406,105.42198181152344,188.87904357910156,56.693824768066406,268.7173767089844,113.51679229736328,284.9574279785156
2024-03-22 04:00:00,170.422119140625,421.3462829589844,145.49119567871094,151.2764892578125,105.42198181152344,186.5638427734375,56.71257400512695,267.8643493652344,112.70943450927734,277.97998046875
2024-03-25 04:00:00,169.00753784179688,415.5676574707031,145.4818115234375,149.9009246826172,106.49952697753906,184.85592651367188,56.628204345703125,264.06390380859375,116.1042251586914,275.9681701660156
2024-03-26 04:00:00,167.8798370361328,414.3785095214844,145.99729919433594,150.23777770996094,105.70067596435547,185.71937561035156,56.75944900512695,264.06390380859375,116.65867614746094,275.36956787109375
2024-03-27 04:00:00,171.4409942626953,414.16229248046875,148.04989624023438,152.1654815673828,106.79678344726562,189.31552124023438,57.21885299682617,267.2862243652344,117.68003845214844,273.8189697265625
2024-03-28 04:00:00,169.6307373046875,413.4645690917969,148.26548767089844,151.82859802246094,107.97649383544922,190.05564880371094,57.35948944091797,267.2199401855469,119.02239227294922,273.8778991699219
2024-04-01 04:00:00,168.19638061523438,417.2481689453125,147.88119506835938,150.26585388183594,108.67317962646484,188.7651824951172,56.89070510864258,265.5802917480469,118.21503448486328,273.0928039550781
2024-04-02 04:00:00,167.01918029785156,414.1722106933594,147.83433532714844,150.25648498535156,110.80037689208984,188.68927001953125,56.39380645751953,263.2298583984375,119.4698486328125,273.2498474121094
2024-04-03 04:00:00,167.82046508789062,413.1992492675781,144.58204650878906,146.12039184570312,110.81896209716797,188.1579132080078,56.09379196166992,261.144775390625,115.7345962524414,271.7973937988281
2024-04-04 04:00:00,166.9994659423828,410.67352294921875,142.9324493408203,145.46534729003906,111.20911407470703,186.72633361816406,55.596893310546875,255.97947692871094,113.8961410522461,268.892578125
2024-04-05 04:00:00,167.75123596191406,418.1817932128906,142.82936096191406,146.0736083984375,112.74180603027344,188.44424438476562,55.79377365112305,252.75717163085938,115.15094757080078,271.9740905761719
2024-04-08 04:00:00,166.63340759277344,417.2678527832031,142.0795440673828,146.0174560546875,111.98009490966797,189.42726135253906,55.56875991821289,253.58164978027344,114.14905548095703,272.5824890136719
2024-04-09 04:00:00,167.8402557373047,418.9287414550781,142.73562622070312,146.59764099121094,112.56529998779297,188.15792846679688,55.99066162109375,255.36349487304688,114.75215148925781,271.5618896484375
2024-04-10 04:00:00,165.97064208984375,415.9607849121094,140.77674865722656,147.14036560058594,113.5127944946289,186.55455017089844,55.2406120300293,254.63372802734375,113.99341583251953,269.3636474609375
2024-04-11 04:00:00,173.15232849121094,420.5502624511719,139.4552001953125,145.83030700683594,113.1319351196289,186.51637268066406,55.36249923706055,254.5863037109375,113.95451354980469,270.5412292480469
2024-04-12 04:00:00,174.6460723876953,414.6242980957031,138.26490783691406,145.35304260253906,111.81289672851562,174.452880859375,54.64058303833008,253.4206085205078,110.90016174316406,270.8160705566406
2024-04-15 04:00:00,170.82769775390625,406.5066833496094,138.33047485351562,145.46534729003906,111.17195129394531,174.54830932617188,54.50932312011719,252.3211669921875,109.86906433105469,266.2232971191406
2024-04-16 04:00:00,167.5533905029297,407.43048095703125,135.3874969482422,145.93324279785156,110.25232696533203,172.55364990234375,54.434329986572266,251.56297302246094,110.77369689941406,266.2919616699219
2024-04-17 04:00:00,166.18826293945312,404.7377014160156,135.6874237060547,146.8783721923828,110.19658660888672,171.8665008544922,54.85622024536133,255.8468017578125,109.85934448242188,267.6070251464844
2024-04-18 04:00:00,165.23861694335938,397.29827880859375,136.5965576171875,148.13758850097656,110.09439849853516,172.98312377929688,55.23124313354492,256.82305908203125,109.3632583618164,266.31158447265625
2024-04-19 04:00:00,163.22064208984375,392.2370910644531,138.6304473876953,148.93812561035156,111.35772705078125,177.3256072998047,56.412559509277344,257.7802734375,109.53834533691406,264.7512512207031
2024-04-22 04:00:00,164.05157470703125,394.04534912109375,139.7645263671875,151.19847106933594,111.9893798828125,180.77096557617188,56.768829345703125,261.1826477050781,108.93525695800781,267.2537536621094
2024-04-23 04:00:00,165.10011291503906,400.5413818359375,140.17691040039062,152.10260009765625,112.42597961425781,183.37644958496094,56.853206634521484,262.414794921875,110.60834503173828,269.00048828125
2024-04-24 04:00:00,167.19728088378906,402.0056457519531,139.21153259277344,153.13858032226562,112.44454956054688,184.2735595703125,57.706382751464844,262.29156494140625,110.81260681152344,269.8935546875
2024-04-25 04:00:00,168.0579071044922,392.1584777832031,137.6088409423828,153.0915069580078,112.70465087890625,184.55035400390625,57.884517669677734,261.20166015625,109.69397735595703,270.0309753417969
2024-04-26 04:00:00,167.47425842285156,399.3129577636719,136.9714813232422,151.9048309326172,109.57421875,184.66488647460938,57.884517669677734,258.8227844238281,109.65508270263672,269.40289306640625
2024-04-29 04:00:00,171.6289520263672,395.3131103515625,137.6088409423828,152.25331115722656,111.13478088378906,184.46444702148438,58.16578674316406,259.2587890625,109.0228042602539,266.7728271484375
2024-04-30 04:00:00,168.49313354492188,382.6159362792969,135.51870727539062,153.7036590576172,109.86217498779297,182.9946746826172,57.91264343261719,258.775390625,108.06952667236328,263.6030578613281
2024-05-01 04:00:00,167.47425842285156,388.1291809082031,141.6952667236328,153.89202880859375,107.78143310546875,183.10922241210938,58.06264877319336,260.0927734375,107.4664535522461,262.337158203125
2024-05-02 04:00:00,171.16403198242188,390.9792175292969,140.51431274414062,154.3064422607422,107.97649383544922,182.91835021972656,58.1189079284668,259.0028381347656,109.5480728149414,262.6217346191406
2024-05-03 04:00:00,181.4024200439453,399.6470947265625,139.9051055908203,154.89036560058594,107.7535629272461,181.82077026367188,58.28766632080078,256.1975402832031,110.5597152709961,263.48529052734375
2024-05-06 04:00:00,179.7504425048828,406.408447265625,139.2584228515625,154.8715362548828,108.45024108886719,183.24281311035156,58.456424713134766,255.23072814941406,113.29306030273438,267.5873718261719
2024-05-07 04:00:00,180.4329833984375,402.2808532714844,139.3896026611328,156.11471557617188,107.91146850585938,183.00421142578125,58.709564208984375,253.52474975585938,102.5152816772461,271.3067626953125
2024-05-08 04:00:00,180.76930236816406,403.46014404296875,139.6051788330078,155.4648895263672,107.89289855957031,186.72633361816406,58.92519760131836,254.46311950683594,102.56391906738281,272.02313232421875
2024-05-09 04:00:00,182.57958984375,405.2094421386719,140.44871520996094,156.37840270996094,110.02010345458984,188.49195861816406,58.95332717895508,253.9512939453125,102.91410827636719,273.34796142578125
2024-05-10 04:00:00,181.32159423828125,407.58770751953125,140.5049591064453,157.1413116455078,109.57421875,189.7040557861328,59.30959701538086,260.63299560546875,102.90438079833984,275.5069274902344
2024-05-13 04:00:00,184.52105712890625,406.58526611328125,141.73277282714844,156.21832275390625,109.52777862548828,189.66586303710938,59.609622955322266,257.1452331542969,102.94328308105469,274.1820983886719
2024-05-14 04:00:00,185.6602325439453,409.3763427734375,141.8827362060547,156.11471557617188,110.1926498413086,192.31903076171875,59.15958786010742,256.51971435546875,102.47637176513672,272.5628662109375
2024-05-15 04:00:00,187.9285888671875,416.5338439941406,143.09178161621094,156.8210906982422,111.04483032226562,192.89169311523438,59.187713623046875,259.5619812011719,99.96675109863281,276.2528381347656
2024-05-16 04:00:00,188.0474853515625,414.4761962890625,144.6007843017578,158.092529296875,110.37994384765625,193.2352752685547,59.365848541259766,259.2208251953125,100.5503921508789,275.1319885253906
2024-05-17 04:00:00,188.07717895507812,413.7082214355469,144.93820190429688,157.8853302001953,112.0374755859375,195.449462890625,59.093955993652344,258.14990234375,100.43365478515625,275.38763427734375
2024-05-20 04:00:00,189.23611450195312,418.7588806152344,142.92568969726562,157.5745391845703,111.12911224365234,186.65951538085938,58.662689208984375,253.87550354003906,100.09320831298828,273.8538513183594
2024-05-21 04:00:00,190.53375244140625,422.4016418457031,142.89735412597656,158.5540008544922,110.36122131347656,190.41981506347656,58.98145294189453,251.97998046875,100.20020294189453,271.30743408203125
2024-05-22 04:00:00,189.09742736816406,423.8587341308594,145.03269958496094,158.04544067382812,108.1418228149414,189.26499938964844,59.065834045410156,251.8851776123047,100.20992279052734,270.94366455078125
2024-05-23 04:00:00,185.11541748046875,420.39324951171875,141.44229125976562,155.86044311523438,106.29700469970703,187.9384307861328,58.21266174316406,244.4547882080078,97.91431427001953,269.6163635253906
2024-05-24 04:00:00,188.1861114501953,423.50433349609375,138.86289978027344,155.70974731445312,106.21272277832031,191.55555725097656,58.12827682495117,244.62539672851562,98.98429870605469,269.8719787597656
2024-05-28 04:00:00,188.19606018066406,423.6618347167969,136.415771484375,153.61892700195312,107.56121826171875,190.40074157714844,57.95952224731445,240.2941436767578,99.645751953125,266.4210510253906
2024-05-29 04:00:00,188.49319458007812,422.52960205078125,136.47244262695312,152.243896484375,106.40938568115234,189.07412719726562,57.84701156616211,236.3419952392578,98.1282958984375,264.3367004394531
2024-05-30 04:00:00,189.4837646484375,408.2539978027344,137.26611328125,153.11976623535156,106.74651336669922,190.23849487304688,58.100162506103516,238.9009552001953,98.92593383789062,266.73565673828125
2024-05-31 04:00:00,190.43472290039062,408.7068786621094,138.5794219970703,154.96571350097656,109.8087158203125,193.38800048828125,59.00020217895508,245.36465454101562,101.07566833496094,267.8761291503906
2024-06-03 04:00:00,192.1978759765625,407.12176513671875,139.5904083251953,155.06930541992188,107.1772689819336,192.6149444580078,59.00020217895508,247.7780303955078,99.96675109863281,265.8311462402344
2024-06-04 04:00:00,192.514892578125,409.6323547363281,139.6470947265625,157.29197692871094,105.5103759765625,190.07626342773438,59.94712829589844,250.61114501953125,100.511474609375,267.8368225097656
2024-06-05 04:00:00,194.0205078125,417.449462890625,137.91802978515625,156.38787841796875,105.9317855834961,188.26292419433594,59.92837905883789,248.00694274902344,98.73138427734375,269.8818054199219
2024-06-06 04:00:00,192.64364624023438,417.9515686035156,138.3432159423828,158.6670379638672,106.72777557373047,187.9288787841797,60.144020080566406,248.7033233642578,98.44930267333984,272.3791198730469
2024-06-07 04:00:00,195.0308837890625,417.29193115234375,138.96682739257812,157.33905029296875,105.58528900146484,190.83021545410156,59.919010162353516,244.4011688232422,98.77031707763672,273.9816589355469
2024-06-10 04:00:00,191.2964630126953,421.2497253417969,139.01406860351562,157.61221313476562,105.89433288574219,190.50572204589844,59.618988037109375,242.11180114746094,99.93757629394531,270.4126892089844
2024-06-11 04:00:00,205.19400024414062,425.9853210449219,138.6644744873047,157.734619140625,105.04214477539062,185.49517822265625,59.58148956298828,242.5601348876953,98.11858367919922,270.04901123046875
2024-06-12 04:00:00,211.05810546875,434.2356872558594,137.38893127441406,155.5684814453125,103.8809585571289,182.7942657470703,58.95332717895508,242.7509002685547,98.05049133300781,265.77215576171875
2024-06-13 04:00:00,212.21705627441406,434.74761962890625,137.42674255371094,156.7268829345703,103.04750061035156,184.8271026611328,59.056461334228516,242.00686645507812,97.35985565185547,266.62750244140625
2024-06-14 04:00:00,210.48361206054688,435.7223205566406,137.51174926757812,157.08477783203125,102.17659759521484,184.94161987304688,59.09897232055664,241.8924102783203,97.24312591552734,266.1064453125
2024-06-17 04:00:00,214.62411499023438,441.43255615234375,137.899169921875,157.75347900390625,101.47425842285156,186.08689880371094,59.16510772705078,241.8256378173828,98.75083923339844,266.6078796386719
2024-06-18 04:00:00,212.2665557861328,439.4339599609375,137.61570739746094,158.7517852783203,102.42943572998047,188.0147705078125,59.174560546875,239.2310028076172,98.73138427734375,269.0166320800781
2024-06-20 04:00:00,207.7001190185547,438.80389404296875,139.62818908691406,157.91357421875,104.63947296142578,189.6085968017578,58.749385833740234,242.10226440429688,99.0621109008789,272.16278076171875
2024-06-21 04:00:00,205.53082275390625,442.8207092285156,140.54470825195312,158.46925354003906,103.72176361083984,187.34671020507812,59.30683517456055,247.43463134765625,99.48037719726562,270.5896911621094
2024-06-24 04:00:00,206.17465209960938,440.743408203125,140.894287109375,158.64820861816406,106.80269622802734,189.80902099609375,60.440635681152344,248.37899780273438,99.19831085205078,271.6515197753906
2024-06-25 04:00:00,207.0959014892578,443.9726257324219,139.0707550048828,157.1413116455078,107.10236358642578,189.03598022460938,60.31779861450195,245.51727294921875,99.41230010986328,268.9281005859375
2024-06-26 04:00:00,211.23641967773438,445.1639099121094,138.72117614746094,157.7063751220703,107.13981628417969,188.4251251220703,60.51621627807617,245.94647216796875,99.39283752441406,268.9969787597656
2024-06-27 04:00:00,212.07839965820312,445.84326171875,137.75743103027344,156.9246826171875,107.59867858886719,190.08578491210938,60.383941650390625,246.27085876464844,99.38311767578125,262.10491943359375
2024-06-28 04:00:00,208.6312255859375,440.0345153808594,138.09759521484375,155.32362365722656,107.80469512939453,193.0348663330078,60.138282775878906,243.0943145751953,96.58167266845703,258.0542297363281
2024-07-01 04:00:00,214.703369140625,449.6632080078125,138.3621368408203,153.25160217285156,107.65485382080078,196.07933044433594,59.7886962890625,238.46786499023438,95.36576843261719,258.8112487792969
2024-07-02 04:00:00,218.1901397705078,452.1737365722656,137.9747314453125,154.36293029785156,106.92443084716797,199.30520629882812,59.665870666503906,236.36923217773438,95.31713104248047,263.71728515625
2024-07-03 04:00:00,219.45803833007812,453.6407165527344,137.65350341796875,154.2969970703125,107.46756744384766,199.17160034179688,59.835941314697266,238.4774169921875,95.92022705078125,264.4645080566406
2024-07-05 04:00:00,224.20281982421875,460.3256530761719,138.39991760253906,155.59674072265625,106.16590118408203,196.532470703125,60.24221420288086,239.5171661376953,95.31713104248047,265.8114929199219
2024-07-08 04:00:00,225.66883850097656,459.02606201171875,137.455078125,156.8304901123047,105.051513671875,196.89712524414062,59.486358642578125,236.42652893066406,95.15100860595703,261.9180603027344
2024-07-09 04:00:00,226.5207061767578,452.42974853515625,138.93849182128906,156.0205535888672,103.89031219482422,199.25794982910156,59.23125076293945,234.49009704589844,94.83831024169922,260.9742736816406
2024-07-10 04:00:00,230.78012084960938,459.035888671875,141.1871795654297,157.0941925048828,104.80802917480469,199.4210968017578,59.363529205322266,238.94482421875,94.76012420654297,258.5752868652344
2024-07-11 04:00:00,225.42120361328125,447.6646423339844,141.44229125976562,155.90753173828125,106.05352783203125,199.08522033691406,59.61862564086914,243.05616760253906,94.39855194091797,258.1328430175781
2024-07-12 04:00:00,228.36314392089844,446.5323791503906,141.61236572265625,156.91525268554688,106.0722427368164,196.67642211914062,60.185523986816406,242.19764709472656,94.91647338867188,261.2691650390625
2024-07-15 04:00:00,232.18670654296875,446.93603515625,141.00767517089844,155.0033721923828,107.88897705078125,201.5803680419922,59.91152572631836,239.93687438964844,94.66240692138672,263.93359375
2024-07-16 04:00:00,232.60272216796875,442.56475830078125,142.68002319335938,157.23545837402344,108.6662368774414,205.0064239501953,60.72407150268555,245.41232299804688,96.22593688964844,264.72015380859375
2024-07-17 04:00:00,226.7188262939453,436.6576232910156,147.9427947998047,159.5806121826172,110.16455841064453,208.12535095214844,61.612213134765625,248.9704132080078,95.09237670898438,268.11212158203125
2024-07-18 04:00:00,222.06321716308594,433.55633544921875,146.84677124023438,158.63877868652344,111.25086212158203,201.51319885253906,61.59333038330078,247.55859375,94.584228515625,264.6218566894531
2024-07-19 04:00:00,222.1919708251953,430.3468017578125,146.15704345703125,159.13809204101562,108.69432830810547,201.32127380371094,61.687801361083984,245.42185974121094,93.55814361572266,260.9938659667969
2024-07-22 04:00:00,221.8452911376953,436.0865783691406,145.73187255859375,159.41285705566406,107.94515991210938,201.80108642578125,61.19649124145508,247.57772827148438,91.9848403930664,263.2060546875
2024-07-23 04:00:00,222.8853759765625,437.9670104980469,143.94610595703125,157.8684844970703,106.20336151123047,201.84909057617188,61.37601089477539,242.3407440185547,88.86754608154297,260.335205078125
2024-07-24 04:00:00,216.47645568847656,422.2638244628906,147.65931701660156,159.17601013183594,107.7016830444336,200.1792449951172,62.17910385131836,241.6920928955078,87.75353240966797,249.89385986328125
2024-07-25 04:00:00,215.4364013671875,411.92626953125,150.833984375,158.13375854492188,109.96790313720703,200.25601196289062,62.424766540527344,239.8701171875,87.17697143554688,249.47108459472656
2024-07-26 04:00:00,215.90194702148438,418.68994140625,151.77882385253906,160.22769165039062,109.87425994873047,203.68206787109375,63.3506965637207,240.38523864746094,87.88056182861328,255.09483337402344
2024-07-29 04:00:00,216.17930603027344,420.12738037109375,149.81358337402344,161.004638671875,108.72242736816406,202.34811401367188,63.14284133911133,249.37109375,90.04019927978516,257.1988220214844
2024-07-30 04:00:00,216.73403930664062,416.3763732910156,152.43075561523438,153.20692443847656,110.66088104248047,206.51312255859375,63.94594955444336,254.15968322753906,91.65259552001953,258.6736145019531
2024-07-31 04:00:00,219.98304748535156,411.87701416015625,149.1427459716797,152.31626892089844,111.05418395996094,204.219482421875,63.057796478271484,253.1676025390625,91.55487823486328,261.2004089355469
2024-08-01 04:00:00,216.29815673828125,410.65618896484375,151.89219665527344,156.98733520507812,109.51840209960938,199.5746612548828,64.21048736572266,256.36322021484375,90.92945861816406,261.4560241699219
2024-08-02 04:00:00,217.7840118408203,402.1695556640625,155.08575439453125,161.14675903320312,109.4528579711914,191.1102752685547,65.5049057006836,263.937255859375,87.52876281738281,262.0950622558594
2024-08-05 04:00:00,207.29400634765625,389.0360107421875,152.3551788330078,159.2328338623047,107.47693634033203,187.04124450683594,64.34276580810547,256.07708740234375,85.77955627441406,252.12564086914062
2024-08-06 04:00:00,205.27325439453125,393.427001953125,150.20094299316406,159.2612762451172,106.90570068359375,192.26190185546875,64.29552459716797,257.6128234863281,87.91964721679688,253.91506958007812
2024-08-07 04:00:00,207.8388214111328,392.2652587890625,150.13478088378906,161.0899200439453,108.32911682128906,192.31947326660156,64.68289947509766,256.95465087890625,84.00102996826172,252.20428466796875
2024-08-08 04:00:00,211.29586791992188,396.4593200683594,151.38197326660156,161.89524841308594,110.39867401123047,195.83189392089844,64.9380111694336,258.6907653808594,84.00102996826172,255.45863342285156
2024-08-09 04:00:00,214.1981964111328,399.73779296875,151.75994873046875,161.5825958251953,111.29766082763672,197.50173950195312,64.8907699584961,255.56192016601562,84.2453384399414,255.9019317626953
2024-08-12 04:00:00,215.72543334960938,400.51556396484375,151.06076049804688,158.04847717285156,111.43814849853516,197.8760223388672,64.40889739990234,257.04046630859375,83.99126434326172,256.0299987792969
2024-08-13 04:00:00,219.4344024658203,407.60418701171875,149.65293884277344,158.50328063964844,110.3705825805664,199.5554656982422,64.68289947509766,257.8513488769531,83.64923858642578,256.2664794921875
2024-08-14 04:00:00,219.8806610107422,410.4100646972656,149.7379608154297,159.9339599609375,111.39131164550781,201.76271057128906,64.79627990722656,258.652587890625,84.33328247070312,257.2614440917969
2024-08-15 04:00:00,222.8557586669922,415.2626953125,150.31431579589844,159.10018920898438,112.08043670654297,203.01992797851562,64.8624267578125,262.2011413574219,86.76654052734375,262.83734130859375
2024-08-16 04:00:00,224.17471313476562,412.73779296875,150.59776306152344,159.07177734375,111.55179595947266,205.34230041503906,65.3631820678711,265.654296875,87.26492309570312,263.40875244140625
2024-08-19 04:00:00,224.01605224609375,415.7558288574219,150.8245391845703,159.5739288330078,111.89163208007812,206.76260375976562,65.17422485351562,274.2967224121094,88.75028228759766,262.51226806640625
2024-08-20 04:00:00,224.6309051513672,418.9810485839844,151.32528686523438,161.45944213867188,108.1628646850586,205.87013244628906,65.55213165283203,272.4651794433594,87.69489288330078,264.0589294433594
2024-08-21 04:00:00,224.52182006835938,418.3301086425781,152.52523803710938,161.22256469726562,107.4737319946289,205.94691467285156,65.7316665649414,276.3571472167969,88.6525650024414,264.21661376953125
2024-08-22 04:00:00,222.6673583984375,409.8577575683594,153.39451599121094,161.2130889892578,108.30445861816406,207.8950653076172,65.5049057006836,275.88018798828125,87.87078857421875,263.96044921875
2024-08-23 04:00:00,224.95819091796875,411.0807800292969,155.0763397216797,160.2845458984375,109.80540466308594,209.50730895996094,65.93952178955078,276.1759033203125,88.4961929321289,263.4678955078125
2024-08-26 04:00:00,225.29534912109375,407.8259582519531,155.5298309326172,161.402587890625,112.15595245361328,210.3326416015625,66.93159484863281,275.37457275390625,89.68839263916016,264.2264404296875
2024-08-27 04:00:00,226.1383056640625,408.17120361328125,155.12998962402344,160.36033630371094,111.08924102783203,211.3018798828125,67.55517578125,276.2904052734375,88.82844543457031,266.6991271972656
2024-08-28 04:00:00,224.61109924316406,404.9755859375,156.05345153808594,160.1803436279297,109.99420166015625,212.3671417236328,67.7913818359375,273.8197326660156,87.45059204101562,265.19189453125
2024-08-29 04:00:00,227.8837127685547,407.4610595703125,156.34852600097656,161.09938049316406,111.51403045654297,213.25006103515625,68.0748291015625,274.5924377441406,87.76329803466797,270.2456970214844
2024-08-30 04:00:00,227.1002655029297,411.426025390625,157.90032958984375,162.53005981445312,111.33468627929688,215.73562622070312,68.47167205810547,275.3555603027344,88.3203125,272.2652282714844
2024-09-03 04:00:00,220.92196655273438,403.8314514160156,159.13796997070312,165.35354614257812,109.00302124023438,211.41705322265625,68.98187255859375,273.94512939453125,87.09879302978516,274.4030456542969
2024-09-04 04:00:00,219.01788330078125,403.2988586425781,159.32838439941406,166.66104125976562,107.67198944091797,210.48617553710938,68.55669403076172,276.3533630371094,87.21605682373047,276.32403564453125
2024-09-05 04:00:00,220.53518676757812,402.79583740234375,157.0720977783203,166.25363159179688,106.83182525634766,208.854736328125,67.24337768554688,276.2958068847656,86.62973022460938,274.4818420410156
2024-09-06 04:00:00,218.98814392089844,396.1974792480469,156.4913787841797,166.36734008789062,106.33151245117188,203.8932342529297,67.21504211425781,277.7734069824219,85.9359130859375,275.2206726074219
2024-09-09 04:00:00,219.07737731933594,400.1624450683594,158.6143341064453,166.8126678466797,108.56877136230469,208.0677947998047,67.8858642578125,279.481201171875,86.32678985595703,281.3680114746094
2024-09-10 04:00:00,218.2840118408203,408.5262756347656,159.34738159179688,168.4517822265625,104.61344146728516,197.2714080810547,67.60242462158203,279.4620361328125,86.38542175292969,281.1019592285156
2024-09-11 04:00:00,220.8128662109375,417.2452087402344,156.91026306152344,164.7850799560547,103.57503509521484,198.87408447265625,67.15835571289062,278.4642028808594,86.30725860595703,279.74249267578125
2024-09-12 04:00:00,220.92196655273438,421.15093994140625,156.73887634277344,164.35870361328125,105.00047302246094,198.2694854736328,67.30008697509766,280.4982604980469,87.26492309570312,281.13153076171875
2024-09-13 04:00:00,220.65420532226562,424.69171142578125,157.57664489746094,164.93666076660156,104.92496490478516,196.08143615722656,67.93270874023438,284.5087890625,88.48643493652344,283.0821838378906
2024-09-16 04:00:00,214.52548217773438,425.4314880371094,158.97610473632812,167.93069458007812,106.39759063720703,199.4786834716797,68.5890884399414,284.6623229980469,89.75680541992188,286.1656799316406
2024-09-17 04:00:00,214.99154663085938,429.18927001953125,159.05227661132812,166.64210510253906,107.78526306152344,200.81260681152344,68.3037109375,281.8414611816406,90.74378967285156,287.2296447753906
2024-09-18 04:00:00,218.8592071533203,424.9087219238281,158.17640686035156,164.7850799560547,108.1628646850586,199.16195678710938,68.25613403320312,280.1912536621094,91.44737243652344,284.1954040527344
2024-09-19 04:00:00,226.97134399414062,432.6807861328125,156.91026306152344,162.53005981445312,109.50333404541016,201.9930419921875,67.18115997314453,281.93743896484375,91.32034301757812,281.00347900390625
2024-09-20 04:00:00,226.30691528320312,429.3076171875,156.2819366455078,165.06932067871094,108.814208984375,202.5784454345703,68.15149688720703,284.7966613769531,91.6135025024414,280.5404357910156
2024-09-23 04:00:00,224.59124755859375,427.5717468261719,155.3870391845703,164.6429443359375,110.78717041015625,202.91433715820312,68.23711395263672,286.9362487792969,90.85128021240234,284.34320068359375
2024-09-24 04:00:00,225.48377990722656,423.2911682128906,154.96815490722656,164.14077758789062,110.49452209472656,203.0582733154297,67.85659790039062,288.09722900390625,91.55487823486328,268.72857666015625
2024-09-25 04:00:00,224.4920654296875,426.1909484863281,152.89279174804688,163.21221923828125,108.34221649169922,201.7147216796875,67.97074127197266,288.2890930175781,91.77961730957031,265.6253356933594
2024-09-26 04:00:00,225.63253784179688,425.4018249511719,153.64483642578125,164.1123504638672,106.4825439453125,201.32127380371094,67.92317962646484,291.34014892578125,93.03045654296875,267.6547546386719
2024-09-27 04:00:00,225.90028381347656,422.1568908691406,153.65435791015625,164.4344940185547,109.33341217041016,202.01222229003906,68.29419708251953,291.3785095214844,93.8219985961914,271.0830383300781
2024-09-30 04:00:00,231.0670623779297,424.40570068359375,154.28271484375,164.10287475585938,110.65499877929688,202.3577117919922,68.36078643798828,292.1653137207031,93.9979019165039,270.8663330078125
2024-10-01 04:00:00,224.3334197998047,414.9273681640625,154.216064453125,163.95127868652344,113.2132339477539,198.6917266845703,68.21810150146484,290.6972961425781,91.90667724609375,273.47698974609375
2024-10-02 04:00:00,224.898681640625,411.4161376953125,153.4354248046875,162.8900909423828,114.71417999267578,198.93162536621094,67.55217742919922,291.44573974609375,92.00438690185547,272.8858947753906
2024-10-03 04:00:00,223.79788208007812,410.8341979980469,152.79757690429688,161.1846466064453,115.7148208618164,196.95472717285156,67.08602905273438,291.1483154296875,91.4962387084961,272.7479248046875
2024-10-04 04:00:00,224.91851806640625,410.36077880859375,152.5976104736328,160.00979614257812,117.83879852294922,203.94537353515625,66.7530746459961,291.44573974609375,92.98159790039062,273.8020935058594
2024-10-07 04:00:00,219.85092163085938,403.9300842285156,151.87411499023438,158.34219360351562,118.34856414794922,203.6653594970703,65.64956665039062,288.6537170410156,90.28449249267578,269.7236022949219
2024-10-08 04:00:00,223.8970489501953,409.02923583984375,152.02642822265625,159.3275909423828,115.2050552368164,203.49156188964844,65.81128692626953,289.6611022949219,90.40177154541016,270.8761291503906
2024-10-09 04:00:00,227.63577270507812,411.7415771484375,152.9403839111328,160.37930297851562,115.25225067138672,206.06959533691406,66.18229675292969,291.5128479003906,91.4669189453125,272.81689453125
2024-10-10 04:00:00,227.1399383544922,410.143798828125,152.80706787109375,160.07611083984375,116.24344635009766,205.50958251953125,65.87788391113281,291.71435546875,90.87081909179688,273.348876953125
2024-10-11 04:00:00,225.66232299804688,410.61724853515625,153.71151733398438,162.10366821289062,116.68712615966797,214.6340789794922,66.18229675292969,292.673828125,91.9848403930664,273.71337890625
2024-10-14 04:00:00,229.38119506835938,413.3985900878906,153.84478759765625,163.4490966796875,117.13081359863281,213.8520050048828,66.914794921875,297.2792053222656,92.80569458007812,276.51123046875
2024-10-15 04:00:00,231.91001892089844,413.00408935546875,156.2248077392578,164.45346069335938,113.60970306396484,214.73065185546875,66.914794921875,300.6373291015625,92.07279205322266,275.14190673828125
2024-10-16 04:00:00,229.85719299316406,410.4199523925781,156.3961639404297,163.32595825195312,113.90234375,215.93760681152344,67.13360595703125,300.2344055175781,94.54513549804688,283.2496032714844
2024-10-17 04:00:00,230.22412109375,411.01177978515625,156.57705688476562,163.231201171875,113.60970306396484,216.6907501220703,66.49623107910156,301.9421691894531,94.33992004394531,286.0770263671875
2024-10-18 04:00:00,233.05047607421875,412.43206787109375,157.19583129882812,163.2378692626953,113.28874206542969,217.60801696777344,67.00993347167969,303.7267761230469,95.06305694580078,286.3035888671875
2024-10-21 04:00:00,234.51820373535156,413.0435485839844,155.01576232910156,161.57955932617188,113.35482025146484,215.3196563720703,66.0681381225586,302.12451171875,94.41809844970703,282.58953857421875
2024-10-22 04:00:00,233.90335083007812,421.6539611816406,155.60598754882812,161.73204040527344,113.94010162353516,216.4010467529297,66.0681381225586,301.9325866699219,94.53536987304688,280.5601806640625
2024-10-23 04:00:00,228.84564208984375,418.7838439941406,157.90032958984375,161.61769104003906,113.5341796875,215.7155303955078,64.6982650756836,286.46612548828125,94.04676055908203,279.54547119140625
2024-10-24 04:00:00,228.65725708007812,418.9120178222656,155.81544494628906,161.65582275390625,112.89227294921875,217.2314453125,64.02283477783203,289.35406494140625,93.22589874267578,279.0135192871094
2024-10-25 04:00:00,229.49026489257812,422.28515625,153.1593475341797,160.321533203125,112.7978744506836,214.65341186523438,63.66133117675781,280.7477111816406,92.86432647705078,277.545654296875
2024-10-28 04:00:00,231.4637451171875,420.74658203125,153.84478759765625,161.35084533691406,112.24091339111328,217.73355102539062,63.42351150512695,284.7582702636719,94.0076675415039,279.96905517578125
2024-10-29 04:00:00,231.73150634765625,426.0331115722656,152.40721130371094,159.32083129882812,110.71163940429688,215.2230987548828,62.36756134033203,283.04083251953125,93.93927001953125,277.69342041015625
2024-10-30 04:00:00,228.19114685058594,426.60516357421875,152.9022674560547,158.3582763671875,110.15467834472656,216.6811065673828,62.710025787353516,279.701904296875,92.91320037841797,285.8504638671875
2024-10-31 04:00:00,224.035888671875,400.7837829589844,152.1882781982422,157.42428588867188,110.23965454101562,214.27684020996094,62.129730224609375,280.2679443359375,94.0076675415039,285.5450439453125
2024-11-01 04:00:00,221.060791015625,404.74871826171875,152.4453125,157.34803771972656,108.51213836669922,215.26170349121094,61.84434509277344,283.2423095703125,93.62655639648438,286.42181396484375
2024-11-04 05:00:00,220.1682586669922,402.8648681640625,150.64602661132812,157.32896423339844,111.9671630859375,212.21055603027344,61.93946838378906,280.9779968261719,93.60702514648438,287.5153503417969
2024-11-05 05:00:00,221.59629821777344,405.8237609863281,150.75074768066406,157.97705078125,112.29755401611328,213.86166381835938,62.18681716918945,285.26678466796875,94.42786407470703,288.9339599609375
2024-11-06 05:00:00,220.87237548828125,414.4243469238281,150.3032989501953,153.48818969726562,114.22330474853516,238.55101013183594,60.5981330871582,282.0813293457031,96.63636779785156,302.8343505859375
2024-11-07 05:00:00,225.59288024902344,419.6024169921875,149.20849609375,155.73739624023438,114.36491394042969,228.2388458251953,60.56008529663086,282.714599609375,96.67545318603516,301.2581481933594
2024-11-08 05:00:00,225.3248291015625,416.75201416015625,148.0089569091797,159.8354949951172,114.32713317871094,228.8181610107422,60.80741882324219,286.84991455078125,96.76339721679688,303.2973327636719
2024-11-11 05:00:00,222.61448669433594,412.2840881347656,147.59959411621094,158.23439025878906,113.72297668457031,231.04861450195312,60.27469253540039,289.3061218261719,98.56147003173828,306.3020935058594
2024-11-12 05:00:00,222.61448669433594,417.23529052734375,145.3147735595703,158.05328369140625,113.60970306396484,231.30931091308594,60.12248229980469,286.5428771972656,98.68850708007812,305.8283386230469
2024-11-13 05:00:00,223.49807739257812,419.3756103515625,145.88597106933594,158.75852966308594,114.66698455810547,232.8542022705078,59.932220458984375,285.29559326171875,100.37908172607422,305.463134765625
2024-11-14 05:00:00,226.5757293701172,421.0424499511719,144.5817108154297,159.2350616455078,114.74311828613281,233.5397491455078,59.50413131713867,286.4565124511719,106.63324737548828,304.24908447265625
2024-11-15 05:00:00,223.37892150878906,409.3153076171875,146.6094970703125,161.57955932617188,113.55342102050781,236.8612823486328,58.733577728271484,280.76690673828125,112.45741271972656,305.62103271484375
2024-11-18 05:00:00,226.37716674804688,410.06488037109375,147.34255981445312,162.73275756835938,114.50518798828125,236.59091186523438,58.84773254394531,279.2989196777344,110.95250701904297,308.1083068847656
2024-11-19 05:00:00,226.6352996826172,412.06707763671875,145.65750122070312,162.74227905273438,112.90623474121094,234.71771240234375,59.54218292236328,278.9439392089844,109.8580322265625,307.8023681640625
2024-11-20 05:00:00,227.35011291503906,409.79864501953125,145.76222229003906,162.8661651611328,114.51470184326172,232.48728942871094,59.92271041870117,279.1166687011719,111.65609741210938,303.4002380371094
2024-11-21 05:00:00,226.87356567382812,408.0295715332031,148.03750610351562,164.6388397216797,116.0470199584961,236.33021545410156,60.65521240234375,276.77557373046875,112.1056137084961,305.877685546875
2024-11-22 05:00:00,228.21385192871094,412.1111755371094,147.72335815429688,168.0030975341797,115.91377258300781,239.9897003173828,60.80741882324219,278.51220703125,113.01441955566406,305.8974304199219
2024-11-25 05:00:00,231.19223022460938,413.8801574707031,148.30409240722656,169.06097412109375,114.18159484863281,241.66973876953125,61.24502182006836,284.1825866699219,113.3564453125,309.12493896484375
2024-11-26 05:00:00,233.36647033691406,422.9722595214844,148.28488159179688,170.8908233642578,112.27808380126953,241.36077880859375,61.40675354003906,284.31689453125,112.81898498535156,307.7727355957031
2024-11-27 05:00:00,233.2373809814453,418.03094482421875,149.12937927246094,170.93849182128906,111.98304748535156,241.1869659423828,61.29258728027344,283.1175842285156,114.91998291015625,310.6153564453125
2024-11-29 05:00:00,235.62010192871094,418.4953918457031,148.75511169433594,170.8431854248047,112.26856994628906,241.11940002441406,61.42198944091797,284.0098876953125,114.7929458618164,310.9904479980469
2024-12-02 05:00:00,237.8638153076172,425.9272766113281,148.55360412597656,171.26251220703125,112.16387939453125,237.76890563964844,61.00982666015625,282.2724609375,114.49000549316406,312.5400390625
2024-12-03 05:00:00,240.9017791748047,426.1446838378906,146.2120361328125,167.1834716796875,111.9925537109375,236.38816833496094,60.88521194458008,284.2608642578125,113.79618072509766,308.94732666015625
2024-12-04 05:00:00,241.25918579101562,432.291748046875,144.3983154296875,166.88804626464844,108.76612854003906,235.0170440673828,59.62955093383789,284.8302917480469,114.32388305664062,305.877685546875
2024-12-05 05:00:00,241.28895568847656,437.4307861328125,143.4866485595703,167.76483154296875,109.24198913574219,237.02540588378906,60.310096740722656,289.05804443359375,113.84505462646484,305.06829833984375
2024-12-06 05:00:00,241.09039306640625,438.3696594238281,143.2851104736328,165.65859985351562,108.09038543701172,238.84068298339844,59.936279296875,288.5851135253906,114.06981658935547,306.9732971191406
2024-12-09 05:00:00,244.97222900390625,440.79095458984375,143.56341552734375,162.77084350585938,107.45270538330078,235.41293334960938,60.00337219238281,290.8919982910156,111.99813079833984,304.2984313964844
2024-12-10 05:00:00,245.98489379882812,438.1324462890625,143.20835876464844,164.19091796875,107.23380279541016,234.49566650390625,60.30051803588867,290.2549133300781,112.11538696289062,308.3254699707031
2024-12-11 05:00:00,244.714111328125,443.7261047363281,140.7228546142578,162.61842346191406,106.5199966430664,235.142578125,60.04172134399414,285.80523681640625,111.99813079833984,309.7171936035156
2024-12-12 05:00:00,246.1735076904297,444.2894592285156,140.33900451660156,162.82803344726562,106.42481231689453,233.2114715576172,61.19193649291992,286.3167724609375,112.28150939941406,310.1514587402344
2024-12-13 05:00:00,246.34230041503906,442.0262756347656,140.7036590576172,163.02818298339844,105.49209594726562,231.6762237548828,60.50180435180664,286.287841796875,110.75706481933594,310.65484619140625
2024-12-16 05:00:00,249.23129272460938,446.2956237792969,138.04544067382812,163.1044464111328,103.2364501953125,231.32861328125,59.95545196533203,287.3592224121094,110.04053497314453,311.78997802734375
2024-12-17 05:00:00,251.6537322998047,449.1319580078125,140.5021209716797,162.33248901367188,102.79865264892578,230.15065002441406,60.77019500732422,285.785888671875,110.9337387084961,314.16864013671875
2024-12-18 05:00:00,246.2628936767578,432.26214599609375,138.9091033935547,161.14117431640625,101.28535461425781,222.43580627441406,60.243011474609375,280.7666931152344,109.29456329345703,305.75921630859375
2024-12-19 05:00:00,247.9903106689453,431.90631103515625,137.7863311767578,161.2460174560547,100.41926574707031,224.93663024902344,59.85960006713867,280.1393127441406,109.31420135498047,310.7930908203125
2024-12-20 05:00:00,252.65646362304688,431.48138427734375,138.64041137695312,160.16903686523438,100.76189422607422,229.4168243408203,59.95545196533203,282.50408935546875,109.96202087402344,313.5862731933594
2024-12-23 05:00:00,253.43084716796875,430.147216796875,139.4081573486328,160.2167205810547,101.17115020751953,230.17962646484375,59.79249954223633,281.1624450683594,109.3436508178711,313.1026306152344
2024-12-24 05:00:00,256.3397216796875,434.1793518066406,139.96473693847656,161.0077362060547,101.26632690429688,233.964599609375,60.233421325683594,283.7685546875,110.48223114013672,316.4881286621094
2024-12-26 05:00:00,257.1538391113281,432.9736328125,139.7056427001953,162.17047119140625,101.35197448730469,234.76600646972656,59.9746208190918,284.5503845214844,110.47241973876953,316.7447204589844
2024-12-27 05:00:00,253.74853515625,425.4825439453125,139.197021484375,161.57003784179688,101.34246063232422,232.86386108398438,59.85960006713867,283.41143798828125,109.49088287353516,314.5239562988281
2024-12-30 05:00:00,250.3829803466797,419.8493347167969,137.55599975585938,159.24459838867188,100.65721130371094,231.0775909423828,59.4570198059082,279.5312194824219,108.75472259521484,311.2174377441406
2024-12-31 05:00:00,248.61578369140625,416.55841064453125,138.78436279296875,159.77828979492188,102.3798599243164,231.4541473388672,59.6774787902832,279.8111572265625,109.29456329345703,311.9380187988281
2025-01-02 05:00:00,242.09312438964844,413.6726379394531,138.20858764648438,158.1867218017578,102.13241577148438,231.7341766357422,59.27490234375,282.34002685546875,108.77435302734375,310.31927490234375
2025-01-03 05:00:00,241.60667419433594,418.3866882324219,138.37171936035156,157.37661743164062,102.6558837890625,234.9011993408203,59.18863296508789,284.5311279296875,109.10807800292969,310.8226623535156
2025-01-06 05:00:00,243.23483276367188,422.8339538574219,137.86312866210938,153.05934143066406,102.54167175292969,233.75595092773438,58.28762435913086,282.0215148925781,109.00011444091797,308.9769287109375
2025-01-07 05:00:00,240.46493530273438,417.4181823730469,140.3293914794922,153.72647094726562,103.50293731689453,236.0076141357422,58.31637954711914,279.2802429199219,109.33383178710938,307.62469482421875
2025-01-08 05:00:00,240.95138549804688,419.58251953125,136.52920532226562,154.4888916015625,101.770751953125,235.96878051757812,59.15029525756836,276.925048828125,107.73391723632812,308.5426330566406
2025-01-10 05:00:00,235.1435546875,414.0382995605469,136.32765197753906,151.11508178710938,101.39956665039062,232.80479431152344,58.53683853149414,272.4946594238281,106.6444091796875,303.716064453125
2025-01-13 05:00:00,232.71119689941406,412.2989501953125,138.64041137695312,151.3819580078125,104.01688385009766,237.01698303222656,59.09278106689453,273.7687683105469,106.08493041992188,302.93634033203125
2025-01-14 05:00:00,231.59927368164062,410.7967834472656,138.9091033935547,152.23968505859375,104.4261474609375,240.18096923828125,59.46660614013672,271.7900390625,106.12419128417969,305.07818603515625
2025-01-15 05:00:00,236.15621948242188,421.31195068359375,139.1202392578125,152.15391540527344,106.12976837158203,244.917236328125,59.20780563354492,272.4850158691406,106.18309020996094,312.1748352050781
2025-01-16 05:00:00,226.61544799804688,419.6022644042969,141.80726623535156,152.96401977539062,105.94894409179688,246.78067016601562,59.66789627075195,270.0140075683594,104.49483489990234,313.13226318359375
2025-01-17 05:00:00,228.3230438232422,424.0001220703125,141.09713745117188,153.56443786621094,106.90068817138672,251.52662658691406,60.10881042480469,271.18194580078125,105.04450225830078,315.47149658203125
2025-01-21 05:00:00,221.0359344482422,423.476318359375,142.17190551757812,154.12673950195312,106.0916976928711,255.28265380859375,59.830841064453125,272.78424072265625,106.6934814453125,319.4294738769531
2025-01-22 05:00:00,222.2173614501953,440.9688415527344,139.4081573486328,157.00494384765625,104.24531555175781,255.09825134277344,59.21738815307617,271.5680236816406,106.80145263671875,319.3603515625
2025-01-23 05:00:00,222.04859924316406,441.4728698730469,140.7228546142578,158.34872436523438,104.83539581298828,258.1166076660156,58.977760314941406,274.5409240722656,108.99028778076172,323.95001220703125
2025-01-24 05:00:00,221.17494201660156,438.8538818359375,140.89559936523438,157.36781311035156,103.41728210449219,257.039306640625,59.35158157348633,275.5351257324219,110.0896224975586,325.9141540527344
2025-01-27 05:00:00,228.20391845703125,429.4653015136719,146.72064208984375,162.67990112304688,104.85442352294922,258.01959228515625,61.22069549560547,282.89984130859375,111.24783325195312,330.1978454589844
2025-01-28 05:00:00,236.54339599609375,441.95709228515625,144.31195068359375,159.3526611328125,102.82718658447266,259.27154541015625,59.77333068847656,281.0273132324219,110.06999206542969,330.1386413574219
2025-01-29 05:00:00,237.63548278808594,437.1441345214844,145.05087280273438,159.39102172851562,103.42679595947266,258.7280578613281,60.223838806152344,280.0234680175781,111.1006088256836,331.5204772949219
2025-01-30 05:00:00,235.87823486328125,410.1246643066406,146.7014617919922,160.5224609375,104.28337097167969,260.3294677734375,61.39323043823242,280.2261962890625,111.33617401123047,338.5973815917969
2025-01-31 05:00:00,234.29966735839844,410.1938781738281,146.01051330566406,159.160888671875,101.67557525634766,259.4268798828125,60.84687423706055,278.6624755859375,110.97300720214844,337.3636169433594
2025-02-03 05:00:00,226.36724853515625,406.1024475097656,145.74180603027344,161.81690979003906,101.92302703857422,258.9513244628906,60.722267150878906,279.9655456542969,111.8956527709961,341.3314514160156
2025-02-04 05:00:00,231.12274169921875,407.5354309082031,147.2964630126953,161.2128448486328,104.65455627441406,260.0480651855469,60.07046890258789,279.6952819824219,111.20857238769531,340.6701354980469
2025-02-05 05:00:00,230.79513549804688,408.44464111328125,148.44802856445312,162.056640625,104.57842254638672,262.46466064453125,60.50180435180664,278.7879638671875,108.49952697753906,344.90447998046875
2025-02-06 05:00:00,231.53970336914062,410.94500732421875,147.31564331054688,161.93199157714844,103.19837188720703,268.74407958984375,60.73185348510742,284.12567138671875,110.0208969116211,342.9698486328125
2025-02-07 05:00:00,225.99000549316406,404.9461669921875,146.9413604736328,161.05943298339844,103.63617706298828,267.676513671875,61.19193649291992,284.06781005859375,108.81361389160156,343.50286865234375
2025-02-10 05:00:00,226.25833129882812,407.38720703125,148.01620483398438,160.6375274658203,105.61582946777344,263.0567321777344,61.87248992919922,297.6968688964844,107.26277160644531,346.6712341308594
2025-02-11 05:00:00,231.19793701171875,406.6163635253906,149.82994079589844,162.4593505859375,106.28205108642578,266.890380859375,64.79597473144531,299.4246520996094,107.00757598876953,346.75030517578125
2025-02-12 05:00:00,235.4219512939453,404.2444763183594,148.99502563476562,162.6031951904297,103.0843734741211,267.3368225097656,65.85993194580078,296.9053955078125,107.21370697021484,347.5116271972656
2025-02-13 05:00:00,240.05349731445312,405.7268981933594,150.90472412109375,163.9839324951172,103.83338165283203,268.1811828613281,66.61717224121094,299.2411804199219,107.56704711914062,351.6047668457031
2025-02-14 05:00:00,243.10472106933594,403.6416320800781,149.84913635253906,156.1884307861328,103.93901062011719,268.4432678222656,66.0133056640625,297.82232666015625,108.34247589111328,349.8053283691406
2025-02-18 05:00:00,242.9755096435547,404.83746337890625,149.926513671875,158.62393188476562,105.76351165771484,271.7043151855469,66.18582916259766,294.2316589355469,107.53761291503906,352.69232177734375
2025-02-19 05:00:00,243.37306213378906,409.9073181152344,152.73175048828125,159.6403045654297,105.91715240478516,271.02490234375,67.16352081298828,291.4421691894531,109.29456329345703,351.20928955078125
2025-02-20 05:00:00,244.3271942138672,412.0759582519531,154.46328735351562,160.3306884765625,107.54959869384766,258.94158935546875,67.13477325439453,292.51361083984375,108.50933837890625,346.5229187011719
2025-02-21 05:00:00,244.0489044189453,404.23309326171875,156.9976806640625,163.22647094726562,106.29166412353516,256.45703125,68.39042663574219,294.21240234375,106.65422821044922,344.5850830078125
2025-02-24 05:00:00,245.58944702148438,400.06414794921875,158.39065551757812,163.52369689941406,106.8486099243164,253.64244079589844,67.66194915771484,296.87640380859375,109.14733123779297,345.9000244140625
2025-02-25 05:00:00,245.52980041503906,394.0235290527344,160.6638641357422,165.546875,105.36979675292969,249.8184814453125,68.52462768554688,299.9169006347656,108.48970031738281,348.10479736328125
2025-02-26 05:00:00,238.89064025878906,395.83575439453125,157.752197265625,164.25242614746094,105.11052703857422,251.1675262451172,67.86323547363281,293.691162109375,109.76571655273438,346.6613464355469
2025-02-27 05:00:00,235.849365234375,388.7059020996094,158.38096618652344,164.8948516845703,105.77310943603516,251.41986083984375,67.93035125732422,299.1737060546875,109.25530242919922,351.7135009765625
2025-02-28 05:00:00,240.36158752441406,393.1224365234375,159.62881469726562,166.6879119873047,106.9062271118164,256.85491943359375,68.25623321533203,297.6099853515625,111.69934844970703,358.6046142578125
2025-03-03 05:00:00,236.57489013671875,384.7052307128906,161.81497192382812,168.36590576171875,103.47808074951172,252.94361877441406,69.3201904296875,295.4062805175781,110.70799255371094,357.72467041015625
2025-03-04 05:00:00,234.48770141601562,384.82403564453125,160.01576232910156,166.05508422851562,103.2668228149414,242.87905883789062,67.27854919433594,296.8430480957031,106.99776458740234,348.2431945800781
2025-03-05 05:00:00,234.2988739013672,397.1131591796875,159.72555541992188,167.42625427246094,101.25027465820312,244.12136840820312,67.17311096191406,298.4740295410156,107.29222106933594,348.6881408691406
2025-03-06 05:00:00,233.89137268066406,393.0234069824219,160.41236877441406,167.4741973876953,103.3436508178711,239.2783203125,67.53734588623047,301.3088073730469,103.48384857177734,340.2646179199219
2025-03-07 05:00:00,237.6085205078125,389.478271484375,161.2442626953125,168.7111053466797,104.6880111694336,235.14381408691406,68.46710968017578,311.9099426269531,103.5623779296875,341.4114074707031
2025-03-10 04:00:00,226.08938598632812,376.4563903808594,162.2212677001953,169.0083465576172,107.35755157470703,225.380126953125,68.48628997802734,307.9878845214844,101.17723083496094,337.61492919921875
2025-03-11 04:00:00,219.48997497558594,376.7435607910156,160.44140625,165.99754333496094,104.82245635986328,222.39085388183594,68.09329223632812,297.80419921875,96.09284973144531,328.380615234375
2025-03-12 04:00:00,215.65354919433594,379.53607177734375,157.5297088623047,161.44297790527344,104.79364013671875,221.18736267089844,67.03890991210938,290.6590270996094,96.93696594238281,329.07269287109375
2025-03-13 04:00:00,208.398193359375,375.0799255371094,157.66514587402344,161.65391540527344,104.3519287109375,218.55718994140625,66.73220825195312,288.81451416015625,95.08186340332031,324.8312683105469
2025-03-14 04:00:00,212.1848907470703,384.7745666503906,157.49102783203125,161.05943298339844,107.45358276367188,225.59364318847656,66.78046417236328,291.0764465332031,96.81918334960938,328.04443359375
2025-03-17 04:00:00,212.69178771972656,384.9132080078125,157.52003479003906,162.77577209472656,109.23966979980469,227.03977966308594,67.70744323730469,295.09564208984375,97.52589416503906,330.7633361816406
2025-03-18 04:00:00,211.38978576660156,379.7836608886719,158.8839874267578,160.8101348876953,109.12443542480469,228.04913330078125,66.9928970336914,294.73638916015625,97.51607513427734,330.9808349609375
2025-03-19 04:00:00,213.9241943359375,384.041748046875,157.66514587402344,161.63475036621094,110.82411193847656,232.0671844482422,66.8963394165039,297.95953369140625,98.43872833251953,336.02313232421875
2025-03-20 04:00:00,212.7911834716797,383.07135009765625,157.69415283203125,160.65670776367188,111.29463195800781,231.9701385498047,67.31153869628906,298.037109375,97.03512573242188,335.6573181152344
2025-03-21 04:00:00,216.93568420410156,387.4482727050781,158.28424072265625,159.83209228515625,110.9105224609375,234.51296997070312,66.30733489990234,296.5226745605469,97.6240463256836,331.8608093261719
2025-03-24 04:00:00,219.38064575195312,389.2505187988281,157.95533752441406,158.83486938476562,111.19861602783203,240.7535858154297,66.57769012451172,296.7460021972656,98.33075714111328,339.9778747558594
2025-03-25 04:00:00,222.38218688964844,391.31024169921875,155.75950622558594,156.15008544921875,111.95720672607422,243.73316955566406,66.44251251220703,297.95953369140625,99.73436737060547,340.7193908691406
2025-03-26 04:00:00,220.17576599121094,386.17083740234375,156.4366455078125,159.7266082763672,113.57044982910156,243.63609313964844,67.61087799072266,304.4250183105469,98.919677734375,340.2843322753906
2025-03-27 04:00:00,222.48158264160156,386.7748718261719,157.80056762695312,161.76901245117188,113.20555877685547,240.81179809570312,68.30610656738281,303.56103515625,98.59577178955078,345.9000244140625
2025-03-28 04:00:00,216.56793212890625,375.1096496582031,158.36163330078125,161.11697387695312,113.05191802978516,235.697021484375,67.94883728027344,298.12451171875,96.25970458984375,338.96942138671875
2025-03-31 04:00:00,220.77207946777344,371.7328796386719,160.42202758789062,163.40863037109375,114.20423126220703,238.07489013671875,69.15581512451172,303.2503967285156,96.8780746459961,346.4932556152344
2025-04-01 04:00:00,221.8256072998047,378.46661376953125,148.24334716796875,163.54286193847656,114.30987548828125,236.48318481445312,69.39723205566406,304.4736022949219,95.87691497802734,342.4297790527344
2025-04-02 04:00:00,222.52133178710938,378.4171142578125,150.28440856933594,162.5264892578125,113.9545669555664,238.57955932617188,68.87580871582031,302.4833984375,96.07320404052734,342.40997314453125
2025-04-03 04:00:00,201.9478759765625,369.47503662109375,154.5987091064453,165.29759216308594,107.96251678466797,221.95411682128906,70.66216278076172,308.9781188964844,87.20008087158203,335.548583984375
2025-04-04 04:00:00,187.22842407226562,356.3343505859375,148.23367309570312,157.01304626464844,100.1939697265625,205.34344482421875,67.52397918701172,291.3482971191406,81.98809814453125,309.5858154296875
2025-04-07 04:00:00,180.35069274902344,354.3736267089844,145.6992645263672,153.6378631591797,98.849609375,209.40577697753906,66.01765441894531,291.13470458984375,81.7623519897461,308.7850036621094
2025-04-08 04:00:00,171.365966796875,351.1058044433594,145.09951782226562,151.87355041503906,96.76583099365234,211.77871704101562,66.06592559814453,291.0764465332031,80.21151733398438,304.7807922363281
2025-04-09 04:00:00,197.6343994140625,386.6857604980469,146.037841796875,155.64187622070312,101.5959701538086,228.83859252929688,67.54328155517578,295.0859069824219,89.75209045410156,328.6673583984375
2025-04-10 04:00:00,189.25595092773438,377.634765625,143.83233642578125,156.8308563232422,95.95921325683594,221.77833557128906,68.3254165649414,297.82354736328125,83.65673065185547,320.9358215332031
2025-04-11 04:00:00,196.9386749267578,384.6656494140625,146.77301025390625,160.0430450439453,99.04166412353516,230.65492248535156,68.97235870361328,300.8525085449219,83.32300567626953,329.6263427734375
2025-04-14 04:00:00,201.28195190429688,384.0318908691406,149.3170928955078,162.1717071533203,99.2817153930664,229.20965576171875,69.95726776123047,306.8423767089844,83.09725189208984,331.3861999511719
2025-04-15 04:00:00,200.904296875,381.9721374511719,148.6012725830078,161.53884887695312,99.00324249267578,227.65701293945312,69.3875732421875,303.357177734375,83.44078826904297,332.0090637207031
2025-04-16 04:00:00,193.08241271972656,367.98968505859375,148.8817901611328,159.54444885253906,100.04994201660156,224.21961975097656,69.21376037597656,300.0758361816406,81.24213409423828,327.57977294921875
2025-04-17 04:00:00,195.77581787109375,364.1969909667969,152.32546997070312,163.61001586914062,102.67146301269531,226.5144805908203,70.48834991455078,302.21160888671875,83.24446868896484,325.8792724609375
2025-04-21 04:00:00,191.97918701171875,355.62139892578125,151.79344177246094,159.9214324951172,101.1638412475586,223.61419677734375,70.2662582397461,299.7069396972656,82.44943237304688,316.4769592285156
2025-04-22 04:00:00,198.51893615722656,363.246337890625,152.59634399414062,161.97653198242188,103.99662780761719,230.0592498779297,71.35738372802734,309.7644348144531,84.50084686279297,327.64898681640625
2025-04-23 04:00:00,203.34925842285156,370.74261474609375,150.3037567138672,159.90213012695312,103.10357666015625,235.22508239746094,70.77803039550781,309.1820068359375,85.6786880493164,330.5853576660156
2025-04-24 04:00:00,207.09620666503906,383.52679443359375,149.8684539794922,153.92013549804688,104.31350708007812,238.8968048095703,70.02485656738281,306.9879455566406,88.3484878540039,331.91021728515625
2025-04-25 04:00:00,208.00062561035156,388.0325012207031,149.52989196777344,155.35777282714844,104.25588989257812,237.83236694335938,69.43585968017578,307.4927978515625,88.6135025024414,331.3763732910156
2025-04-28 04:00:00,208.8553924560547,387.3492736816406,150.27474975585938,156.1585693359375,104.31350708007812,237.5101318359375,69.31997680664062,307.56072998046875,88.49571990966797,333.6898498535156
2025-04-29 04:00:00,209.91883850097656,390.201171875,150.81643676757812,156.5541534423828,104.05425262451172,238.87725830078125,69.8607177734375,305.31817626953125,89.48706817626953,337.6544189453125
2025-04-30 04:00:00,211.20095825195312,391.4093017578125,151.20338439941406,156.853271484375,101.4327163696289,238.87725830078125,70.05384063720703,310.3178405761719,89.2711410522461,341.5893859863281
2025-05-01 04:00:00,212.01596069335938,421.2556457519531,149.41383361816406,154.35433959960938,101.5767593383789,241.09397888183594,68.83718872070312,304.4833068847656,89.13372039794922,338.5739440917969
2025-05-02 04:00:00,204.09466552734375,431.0393981933594,151.01959228515625,154.87535095214844,101.98966979980469,246.58201599121094,69.18480682373047,302.85235595703125,90.78270721435547,343.6656188964844
2025-05-05 04:00:00,197.67413330078125,431.9207458496094,149.93617248535156,153.24478149414062,99.16648864746094,246.63087463378906,69.23307800292969,306.5025939941406,90.40972137451172,344.69384765625
2025-05-06 04:00:00,197.2964630126953,429.0885925292969,149.42349243164062,153.64999389648438,100.54927062988281,243.39854431152344,69.25239562988281,307.5413513183594,90.46862030029297,343.7644958496094
2025-05-07 04:00:00,195.05029296875,429.1282043457031,152.16104125976562,153.68858337402344,100.4532470703125,243.5352783203125,69.90899658203125,308.84222412109375,100.20549774169922,345.89019775390625
2025-05-08 04:00:00,196.28269958496094,433.9012451171875,150.57461547851562,153.07110595703125,101.85523986816406,247.51950073242188,68.72130584716797,304.3376770019531,103.1795654296875,347.2940979003906
2025-05-09 04:00:00,197.31634521484375,434.4557800292969,149.18165588378906,152.1158905029297,103.04595184326172,247.13865661621094,68.09367370605469,304.5221252441406,103.98443603515625,348.54974365234375
2025-05-12 04:00:00,209.776123046875,444.8832092285156,149.10427856445312,155.24197387695312,104.82245635986328,253.94500732421875,67.13772583007812,302.81353759765625,108.450439453125,351.8222961425781
2025-05-13 04:00:00,211.90582275390625,444.7643737792969,143.59048461914062,153.1482696533203,105.11052703857422,256.8355407714844,66.58734130859375,299.6778259277344,109.32401275634766,352.69378662109375
2025-05-14 04:00:00,211.3087158203125,448.5273742675781,141.57843017578125,152.46324157714844,104.16947937011719,259.40380859375,66.78046417236328,298.5225830078125,110.85521697998047,353.0106506347656
2025-05-15 04:00:00,210.43295288085938,449.5392761230469,144.72227478027344,156.69888305664062,105.22579956054688,261.21038818359375,69.14617156982422,305.29876708984375,110.14851379394531,358.79412841796875
2025-05-16 04:00:00,210.24388122558594,450.67022705078125,146.38607788085938,157.53829956054688,104.84786224365234,261.27874755859375,69.52275848388672,309.3081970214844,111.32636260986328,361.58685302734375
2025-05-19 04:00:00,207.7758026123047,455.2337951660156,147.5081787109375,158.9758758544922,103.18097686767578,258.6616516113281,69.45516204833984,311.8517150878906,110.58039093017578,364.3399353027344
2025-05-20 04:00:00,205.8650360107422,454.5393371582031,148.63995361328125,159.81529235839844,101.70793151855469,259.4428405761719,69.22342681884766,310.4634704589844,110.28591918945312,363.2901916503906
2025-05-21 04:00:00,201.11798095703125,448.9837341308594,148.1756134033203,159.61268615722656,100.4577865600586,254.91180419921875,69.37791442871094,307.2015380859375,108.4209976196289,354.8327941894531
2025-05-22 04:00:00,200.39149475097656,451.25555419921875,147.62425231933594,159.22674560546875,99.78910064697266,254.5504913330078,68.69234466552734,305.1337585449219,109.07862854003906,354.50604248046875
2025-05-23 04:00:00,194.33078002929688,446.6126403808594,147.94345092773438,160.0275421142578,99.84724426269531,254.58950805664062,69.30066680908203,305.38616943359375,107.69465637207031,350.118896484375
2025-05-27 04:00:00,199.24703979492188,457.03936767578125,149.51422119140625,161.86074829101562,100.32210540771484,259.06201171875,69.31031799316406,305.755126953125,110.28591918945312,355.82318115234375
2025-05-28 04:00:00,199.4560089111328,453.7357482910156,148.7141876220703,161.47482299804688,98.9556655883789,257.30426025390625,68.70199584960938,303.7066955566406,109.46143341064453,356.2490234375
2025-05-29 04:00:00,198.98825073242188,455.0453186035156,149.83616638183594,162.6326141357422,99.51775360107422,258.16357421875,69.0302963256836,302.7552795410156,109.95219421386719,358.8931884765625
2025-05-30 04:00:00,199.88394165039062,456.71197509765625,151.42645263671875,163.91583251953125,99.13980865478516,257.80230712890625,69.61930847167969,304.6871643066406,110.95337677001953,361.6561279296875
2025-06-02 04:00:00,200.72984313964844,458.3092346191406,151.61180114746094,161.8800506591797,99.86663055419922,258.44677734375,69.52275848388672,305.27294921875,110.86502838134766,361.7849426269531
2025-06-03 04:00:00,202.2923126220703,459.3013000488281,150.6557159423828,160.98275756835938,100.59346771240234,260.01898193359375,68.71165466308594,304.9898376464844,111.5030288696289,362.31964111328125
2025-06-04 04:00:00,201.84446716308594,460.19415283203125,149.48495483398438,160.11439514160156,99.13980865478516,258.01715087890625,68.9144287109375,304.1892395019531,111.39506530761719,364.4389953613281
2025-06-05 04:00:00,199.66500854492188,463.9739990234375,149.9142303466797,157.0751495361328,98.684326171875,255.80039978027344,68.47026824951172,301.6606140136719,110.4527816772461,363.22088623046875
2025-06-06 04:00:00,202.93919372558594,466.6525573730469,151.25082397460938,158.2522735595703,101.04894256591797,259.49169921875,68.8951187133789,300.0789794921875,111.79750061035156,366.6374816894531
2025-06-09 04:00:00,200.48106384277344,469.0038146972656,151.44593811035156,156.84359741210938,101.7273178100586,260.4779357910156,69.30066680908203,297.56005859375,113.52501678466797,363.1119384765625
2025-06-10 04:00:00,201.69520568847656,467.18829345703125,152.63621520996094,157.11375427246094,103.9078140258789,262.2943115234375,69.8607177734375,293.3131408691406,116.53834533691406,367.11285400390625
2025-06-11 04:00:00,197.8238983154297,468.87481689453125,151.4752197265625,156.40943908691406,105.9332504272461,261.8548583984375,69.59034729003906,294.5726013183594,117.31375885009766,369.6976318359375
2025-06-12 04:00:00,198.24188232421875,475.07525634765625,152.84109497070312,157.44178771972656,106.34027862548828,261.9427490234375,69.75448608398438,295.9784851074219,116.4205551147461,367.8060607910156
2025-06-13 04:00:00,195.50509643554688,471.1962890625,153.27037048339844,154.64376831054688,108.65644836425781,258.7300109863281,69.06404876708984,294.758056640625,115.76292419433594,349.43560791015625
2025-06-16 04:00:00,197.46563720703125,475.3431701660156,151.4362030029297,155.22268676757812,109.00533294677734,264.012939453125,68.57781982421875,289.2712097167969,117.27450561523438,352.0401611328125
2025-06-17 04:00:00,194.69900512695312,474.25189208984375,148.66543579101562,152.9456787109375,110.47836303710938,263.1927185058594,67.7026138305664,285.385498046875,115.94940948486328,354.3772888183594
2025-06-18 04:00:00,195.63449096679688,476.4344482421875,147.05564880371094,152.46324157714844,109.69339752197266,267.5284423828125,67.30390167236328,282.76898193359375,115.68439483642578,337.08624267578125
2025-06-20 04:00:00,200.03321838378906,473.616943359375,146.13856506347656,153.4859619140625,111.15673828125,268.5440368652344,66.944091796875,280.650390625,115.4586410522461,335.2937927246094
2025-06-23 04:00:00,200.53082275390625,482.1487731933594,147.63125610351562,155.36740112304688,108.2881851196289,271.7373046875,67.81929779052734,282.6615905761719,115.57643127441406,340.4236755371094
2025-06-24 04:00:00,199.3365936279297,486.2261962890625,148.4800567626953,154.72097778320312,104.99321746826172,274.6571044921875,68.27635192871094,284.5654296875,116.95645141601562,348.2274169921875
2025-06-25 04:00:00,200.59051513671875,488.3691101074219,148.56787109375,153.37985229492188,105.02228546142578,277.3913879394531,67.71233367919922,278.78564453125,117.71546173095703,341.9190673828125
2025-06-26 04:00:00,200.03321838378906,493.508056640625,148.30445861816406,153.05181884765625,106.59224700927734,281.97125244140625,67.55674743652344,278.86370849609375,119.72633361816406,342.6816101074219
2025-06-27 04:00:00,200.11282348632812,492.0100402832031,148.6947021484375,154.23854064941406,106.00109100341797,280.3697509765625,68.39305877685547,284.6434631347656,120.5937728881836,345.236572265625
2025-06-30 04:00:00,204.1831512451172,493.4683837890625,149.02642822265625,153.717529296875,104.46990203857422,283.1040344238281,68.80148315429688,285.2488098144531,122.23994445800781,351.6142883300781
2025-07-01 04:00:00,206.82041931152344,488.1508483886719,152.119140625,155.55072021484375,105.86540985107422,283.59228515625,69.69615173339844,290.4427795410156,121.72736358642578,352.0302429199219
2025-07-02 04:00:00,211.41819763183594,487.198486328125,151.7678985595703,155.53143310546875,107.6195068359375,285.1449279785156,68.95708465576172,287.6505432128906,121.22464752197266,350.7923583984375
2025-07-03 04:00:00,212.52285766601562,494.8870849609375,152.20692443847656,155.17442321777344,108.73396301269531,290.443603515625,69.38496398925781,287.1135559082031,122.23008728027344,355.38739013671875
2025-07-07 04:00:00,208.94017028808594,493.77593994140625,151.48500061035156,154.8560333251953,107.67765045166016,286.4892578125,69.05432891845703,286.5765686035156,121.4020767211914,353.1889343261719
2025-07-08 04:00:00,208.9998779296875,492.68463134765625,151.9923095703125,152.3378143310547,110.6624984741211,277.47174072265625,68.30553436279297,284.76068115234375,120.08120727539062,351.1191101074219
2025-07-09 04:00:00,210.12445068359375,499.5200500488281,152.47036743164062,151.98085021972656,110.28456115722656,277.8446350097656,67.56647491455078,286.07867431640625,118.88847351074219,354.298095703125
2025-07-10 04:00:00,211.38833618164062,497.5061340332031,153.8459930419922,152.91673278808594,111.379638671875,282.78021240234375,67.84847259521484,291.32147216796875,119.82491302490234,352.436279296875
2025-07-11 04:00:00,210.14434814453125,499.3315734863281,153.0752410888672,151.52735900878906,111.86418914794922,281.4751281738281,67.94573211669922,292.80548095703125,118.1590347290039,344.56317138671875
2025-07-14 04:00:00,207.6165771484375,499.033935546875,152.9971923828125,148.35302734375,110.40083312988281,283.2806701660156,67.55674743652344,294.7287902832031,118.25760650634766,347.1083068847656
2025-07-15 04:00:00,208.10421752929688,501.811767578125,151.38743591308594,147.31103515625,109.42204284667969,281.1709899902344,67.44976806640625,292.5223083496094,117.28173828125,343.6619873046875
2025-07-16 04:00:00,209.14918518066406,501.61334228515625,160.7631378173828,148.32412719726562,108.76304626464844,280.4547119140625,67.36225128173828,291.8193664550781,118.10974884033203,346.5141296386719
2025-07-17 04:00:00,209.00985717773438,507.6451721191406,159.0070343017578,150.14764404296875,108.21066284179688,284.4580993652344,68.64588928222656,293.2545471191406,120.46563720703125,346.42498779296875
2025-07-18 04:00:00,210.16424560546875,506.0082092285156,159.70947265625,150.66929626464844,104.44082641601562,285.8023681640625,67.92626953125,290.03271484375,119.68690490722656,345.6723327636719
2025-07-21 04:00:00,211.4580078125,506.01812744140625,160.35340881347656,150.60130310058594,104.71217346191406,285.50799560546875,68.14021301269531,288.7342224121094,119.11518096923828,347.5440673828125
2025-07-22 04:00:00,213.3687744140625,501.26611328125,163.83636474609375,153.79734802246094,105.1870346069336,285.9593811035156,67.74151611328125,292.0830078125,119.33204650878906,348.45513916015625
2025-07-23 04:00:00,213.11996459960938,501.861328125,164.97784423828125,153.7584686279297,106.53408813476562,291.1893615722656,67.25527954101562,291.0578308105469,121.18521881103516,351.8520202636719
2025-07-24 04:00:00,212.73184204101562,506.8316345214844,165.4266357421875,154.27333068847656,107.3675308227539,290.9832763671875,67.19692993164062,287.5041198730469,120.20934295654297,350.5447692871094
2025-07-25 04:00:00,212.8512725830078,509.63922119140625,164.1973419189453,153.77789306640625,106.98957824707031,293.014404296875,67.26499938964844,291.3995666503906,119.73619842529297,353.5850524902344
2025-07-28 04:00:00,213.0204620361328,508.4388122558594,162.16806030273438,152.62188720703125,107.99745178222656,292.6808166503906,66.2147445678711,292.1318054199219,118.65190124511719,352.0302429199219
2025-07-29 04:00:00,210.25384521484375,508.5082702636719,164.01197814941406,152.13616943359375,109.3929672241211,291.4640808105469,67.4692153930664,295.5000915527344,118.1984634399414,347.89068603515625
2025-07-30 04:00:00,208.0444793701172,509.1729431152344,163.1826934814453,148.5127410888672,108.44324493408203,294.0054626464844,66.8565673828125,296.4178161621094,117.83374786376953,347.5143737792969
2025-07-31 04:00:00,206.57162475585938,529.2723388671875,160.72412109375,146.1715850830078,108.19127655029297,290.6790771484375,66.02025604248047,292.9617004394531,117.4098892211914,342.12701416015625
2025-08-01 04:00:00,201.40658569335938,519.9568481445312,163.25100708007812,146.34642028808594,106.25305938720703,283.9380798339844,66.96354675292969,295.7148742675781,114.92584991455078,336.06622314453125
2025-08-04 04:00:00,202.37193298339844,531.3954467773438,166.87054443359375,146.4532928466797,104.05318450927734,288.7362365722656,67.06078338623047,297.02313232421875,117.64645385742188,338.839111328125
2025-08-05 04:00:00,201.94400024414062,523.5679931640625,166.577880859375,146.21043395996094,103.92719268798828,285.9005126953125,67.1483154296875,291.6924743652344,116.63115692138672,334.1648254394531
2025-08-06 04:00:00,212.22430419921875,520.7802124023438,166.4315185546875,148.49330139160156,103.2197494506836,285.8808898925781,67.59564208984375,300.3718566894531,113.526123046875,336.4524230957031
2025-08-07 04:00:00,218.97169494628906,516.7127075195312,167.34861755371094,149.1053009033203,102.67704772949219,281.5537109375,68.49030303955078,300.615966796875,111.26880645751953,328.87646484375
2025-08-08 04:00:00,228.2468719482422,517.9031982421875,169.104736328125,149.12472534179688,103.50079345703125,283.3395080566406,68.40277862548828,298.2142028808594,110.82523345947266,333.5211181640625
2025-08-11 04:00:00,226.34388732910156,517.6353759765625,169.58279418945312,150.55271911621094,102.56075286865234,284.1244812011719,68.80148315429688,297.1500244140625,110.94351959228516,332.64959716796875
2025-08-12 04:00:00,228.80479431152344,525.046142578125,168.56813049316406,150.6595916748047,102.85148620605469,287.35272216796875,68.76258850097656,294.4944763183594,112.09681701660156,334.0682373046875
2025-08-13 04:00:00,232.47125244140625,516.454833984375,170.1681671142578,150.970458984375,104.27606964111328,285.0762939453125,68.51947784423828,297.84320068359375,114.97513580322266,339.8321533203125
2025-08-14 04:00:00,231.92327880859375,518.3396606445312,170.46083068847656,149.34817504882812,104.06287384033203,288.6381530761719,67.63453674316406,301.6313171386719,114.64984130859375,342.7488098144531
2025-08-15 04:00:00,230.73764038085938,516.0479736328125,172.33404541015625,149.950439453125,104.16068267822266,285.03704833984375,67.99434661865234,301.61175537109375,113.74298095703125,341.7369079589844
2025-08-18 04:00:00,230.04022216796875,513.0023193359375,171.9535369873047,151.27159118652344,104.38565826416016,286.0574951171875,67.2260971069336,301.3872375488281,114.88642883300781,340.0206604003906
2025-08-19 04:00:00,229.71144104003906,505.7304382324219,173.46575927734375,153.87503051757812,105.07034301757812,285.2038269042969,68.19856262207031,303.56439208984375,114.61041259765625,339.73297119140625
2025-08-20 04:00:00,225.17820739746094,501.7125244140625,174.48040771484375,154.9533233642578,106.15606689453125,286.754150390625,68.75286102294922,305.6634826660156,115.36943054199219,341.2012023925781
2025-08-21 04:00:00,224.07228088378906,501.066650390625,174.5682373046875,154.19558715820312,106.84075927734375,285.9986572265625,68.71397399902344,305.8001403808594,114.55127716064453,340.963134765625
2025-08-22 04:00:00,226.92176818847656,504.0378112792969,174.91944885253906,154.1373291015625,108.84590911865234,290.6790771484375,68.19856262207031,306.63006591796875,117.1634521484375,347.26275634765625
2025-08-25 04:00:00,226.323974609375,501.0865173339844,174.0609130859375,151.68930053710938,109.29583740234375,289.3642272949219,67.0316162109375,306.01495361328125,116.02986145019531,346.05242919921875
2025-08-26 04:00:00,228.46604919433594,498.8804626464844,173.4515838623047,151.5144500732422,109.05130767822266,292.96539306640625,66.83712005615234,305.52679443359375,115.9707260131836,348.3936767578125
2025-08-27 04:00:00,229.6417236328125,503.5509033203125,173.74639892578125,152.47618103027344,110.28375244140625,293.6620178222656,66.93437957763672,304.05255126953125,116.40443420410156,347.5702819824219
2025-08-28 04:00:00,231.70408630371094,506.4326477050781,172.42947387695312,151.20359802246094,110.8706283569336,295.4184265136719,66.47730255126953,304.8238525390625,115.96086883544922,347.0841369628906
2025-08-29 04:00:00,231.28562927246094,503.5011901855469,174.11985778808594,152.5538787841797,111.7900619506836,295.7618713378906,67.08995056152344,306.1125793457031,116.69029998779297,348.98895263671875
2025-09-02 04:00:00,228.8745574951172,501.9410705566406,174.99453735351562,153.4767608642578,112.18132019042969,294.0741882324219,67.15803527832031,310.0301818847656,116.58187103271484,347.2925109863281
2025-09-03 04:00:00,237.59234619140625,502.1696472167969,174.93557739257812,153.65159606933594,109.46212768554688,293.8876953125,67.08995056152344,310.6487731933594,115.70457458496094,348.0861511230469
2025-09-04 04:00:00,238.89752197265625,504.77313232421875,175.6824951171875,154.64248657226562,109.94140625,298.1167907714844,66.3703384399414,311.23785400390625,117.11416625976562,348.2052001953125
2025-09-05 04:00:00,238.80784606933594,491.884765625,175.35816955566406,155.4487762451172,106.84075927734375,288.85400390625,66.08832550048828,308.67523193359375,116.22702026367188,340.4968566894531
2025-09-08 04:00:00,237.0045166015625,495.06463623046875,175.06333923339844,154.4676055908203,107.44718170166016,287.4115905761719,65.57292938232422,307.1238708496094,117.14373779296875,339.5841369628906
2025-09-09 04:00:00,233.48751831054688,495.2733154296875,173.9134979248047,154.90476989746094,108.22969055175781,292.2588806152344,65.99108123779297,306.8489685058594,115.6947250366211,341.2607421875
2025-09-10 04:00:00,225.955322265625,497.2209777832031,172.7636260986328,152.8550567626953,110.03922271728516,294.8984069824219,65.95218658447266,300.3883972167969,114.13727569580078,335.4372863769531
2025-09-11 04:00:00,229.18341064453125,497.8569641113281,175.42697143554688,154.09848022460938,109.68709564208984,299.8241271972656,65.7576904296875,302.8331604003906,115.40885925292969,340.7646789550781
2025-09-12 04:00:00,233.2085418701172,506.6910095214844,174.99453735351562,153.38931274414062,109.7066650390625,301.1488037109375,65.16449737548828,299.858154296875,114.30484008789062,336.7369384765625
2025-09-15 04:00:00,235.828857421875,512.1166381835938,174.3459014892578,152.3498992919922,109.89250183105469,303.1014404296875,64.88031768798828,296.5885925292969,113.96969604492188,336.35992431640625
2025-09-16 04:00:00,237.27349853515625,505.8364562988281,173.42208862304688,153.53504943847656,112.17153930664062,303.3860168457031,64.90971374511719,297.7864685058594,113.58526611328125,337.3321533203125
2025-09-17 04:00:00,238.11044311523438,506.81024169921875,174.14935302734375,155.7499237060547,112.76819610595703,305.8979187011719,65.69364929199219,299.4359436035156,114.4428482055664,343.45318603515625
2025-09-18 04:00:00,237.0045166015625,505.2501525878906,171.1616973876953,152.8258819580078,111.43794250488281,307.3501892089844,65.12528991699219,295.6755065917969,113.22055053710938,335.496826171875
2025-09-19 04:00:00,244.59646606445312,514.6705322265625,173.15673828125,151.58245849609375,110.35222625732422,308.8710632324219,65.09589385986328,296.89300537109375,112.13624572753906,338.89959716796875
2025-09-22 04:00:00,255.13751220703125,511.21240234375,171.21083068847656,148.6973114013672,109.56971740722656,306.5749816894531,64.88031768798828,297.49188232421875,110.953369140625,341.6277770996094
2025-09-23 04:00:00,253.4936065673828,506.0252380371094,173.54002380371094,148.1436004638672,111.45750427246094,306.8693542480469,65.37026977539062,297.6882629394531,110.64779663085938,336.0127258300781
2025-09-24 04:00:00,251.3813934326172,506.9394226074219,173.6481475830078,148.0658721923828,112.05415344238281,307.5365905761719,65.11549377441406,298.80755615234375,111.81095886230469,335.99285888671875
2025-09-25 04:00:00,255.9246063232422,503.83905029296875,174.6702117919922,147.8035888671875,113.06163024902344,307.5660400390625,64.65493774414062,296.81439208984375,111.37723541259766,332.2726135253906
2025-09-26 04:00:00,254.51980590820312,508.2411804199219,176.6161346435547,148.1436004638672,114.6559829711914,310.1270446777344,64.35115814208984,299.7010803222656,111.85038757324219,334.69329833984375
2025-09-29 04:00:00,253.4936065673828,511.3613586425781,178.49325561523438,149.14414978027344,111.72160339355469,309.7640075683594,64.71372985839844,297.49188232421875,113.14168548583984,337.46112060546875
2025-09-30 04:00:00,253.69285583496094,514.6903686523438,182.22784423828125,149.26071166992188,110.28375244140625,309.50885009765625,64.98809814453125,298.37554931640625,112.86568450927734,338.67144775390625
2025-10-01 04:00:00,254.5098419189453,516.439208984375,182.8470001220703,148.8041534423828,109.54037475585938,304.8774719238281,65.4388656616211,295.06671142578125,111.33780670166016,345.07025146484375
2025-10-02 04:00:00,256.1836853027344,512.4942626953125,182.7781982421875,147.70643615722656,108.8556900024414,301.77679443359375,64.77252197265625,294.4383239746094,110.53937530517578,343.2051696777344
2025-10-03 04:00:00,257.07037353515625,514.0940551757812,185.3924102783203,147.92015075683594,110.78260803222656,304.2102355957031,65.31148529052734,295.51837158203125,110.86466217041016,347.0643310546875
2025-10-06 04:00:00,255.74526977539062,525.2435302734375,184.92066955566406,146.11329650878906,111.70204162597656,304.8511047363281,64.77252197265625,290.66802978515625,111.14066314697266,346.5087585449219
2025-10-07 04:00:00,255.53607177734375,520.682373046875,185.63809204101562,148.18243408203125,111.76072692871094,303.3819885253906,65.44866943359375,290.94293212890625,110.9238052368164,349.62384033203125
2025-10-08 04:00:00,257.1102294921875,521.5468139648438,186.42431640625,146.38528442382812,111.52597045898438,299.7732238769531,64.79212188720703,289.0577697753906,110.29293823242188,348.572265625
2025-10-09 04:00:00,253.10504150390625,519.1123046875,187.7904052734375,146.27842712402344,110.44026184082031,301.25225830078125,65.03710174560547,288.4784851074219,109.4057846069336,344.28656005859375
2025-10-10 04:00:00,244.3673095703125,507.74432373046875,187.4365997314453,145.41384887695312,108.30793762207031,296.6772155761719,65.69364929199219,291.62042236328125,107.63147735595703,340.9234313964844
2025-10-13 04:00:00,246.74851989746094,510.81488037109375,187.61349487304688,143.27671813964844,109.78490447998047,303.6580505371094,65.45846557617188,294.6641540527344,108.69605255126953,340.57623291015625
2025-10-14 04:00:00,246.85812377929688,510.3379211425781,187.56436157226562,144.8990020751953,109.83381652832031,297.85052490234375,66.15420532226562,299.03338623046875,109.58321380615234,345.6159362792969
2025-10-15 04:00:00,248.4223175048828,510.19879150390625,187.8788604736328,143.2086944580078,109.16868591308594,301.40997314453125,65.73284149169922,299.7109069824219,110.1155014038086,342.947265625
2025-10-16 04:00:00,246.53929138183594,508.3902587890625,188.81248474121094,145.32643127441406,108.21991729736328,294.360107421875,66.23260498046875,299.7894287109375,108.3116226196289,332.7388916015625
2025-10-17 04:00:00,251.36148071289062,510.3478698730469,189.89356994628906,147.07501220703125,109.78490447998047,293.3938293457031,67.06553649902344,302.49932861328125,109.0903549194336,339.17742919921875
2025-10-20 04:00:00,261.27484130859375,513.5376586914062,190.3849334716797,147.6190185546875,110.2348403930664,298.1266174316406,67.06553649902344,302.1851501464844,110.3619384765625,341.6773986816406
2025-10-21 04:00:00,261.8028564453125,514.4021606445312,188.57662963867188,147.28871154785156,110.24462890625,292.9303894042969,69.7896957397461,301.90045166015625,112.66854095458984,344.4551696777344
2025-10-22 04:00:00,257.498779296875,517.2640380859375,189.61837768554688,147.85214233398438,112.20088195800781,289.9920959472656,69.38793182373047,304.4826965332031,111.46595764160156,342.6198425292969
2025-10-23 04:00:00,258.6246032714844,517.2838745117188,189.15646362304688,147.8618927001953,113.44310760498047,290.4161071777344,68.53540802001953,301.3996887207031,111.41667175292969,343.2151184082031
2025-10-24 04:00:00,261.8527526855469,520.3146362304688,187.12208557128906,149.1697540283203,112.86600494384766,296.2334899902344,68.31002044677734,300.2410888671875,110.0859375,344.6238708496094
2025-10-27 04:00:00,267.8207092285156,528.1749877929688,187.02381896972656,148.4360809326172,113.40398406982422,299.8915710449219,68.65299224853516,304.37469482421875,110.73651123046875,345.06036376953125
2025-10-28 04:00:00,268.0099792480469,538.6585083007812,183.7118377685547,148.07412719726562,112.51387786865234,301.0845947265625,68.75098419189453,300.84002685546875,110.05636596679688,344.14764404296875
2025-10-29 04:00:00,268.7074279785156,538.1417846679688,183.38751220703125,145.53076171875,113.90281677246094,301.2325134277344,66.97733306884766,296.8634948730469,108.6664810180664,338.572265625
2025-10-30 04:00:00,270.4011535644531,522.4512329101562,185.7953338623047,146.3231201171875,112.18132019042969,305.10748291015625,67.59468841552734,296.94207763671875,110.24365234375,342.2924499511719
2025-10-31 04:00:00,269.37493896484375,514.5512084960938,185.61843872070312,147.09591674804688,111.85853576660156,306.7639465332031,67.51629638671875,293.0146484375,111.01251983642578,338.0365295410156
2025-11-03 05:00:00,268.05975341796875,513.776123046875,183.05337524414062,144.7970733642578,111.27166748046875,305.01873779296875,66.60496520996094,290.99200439453125,110.51966094970703,334.2269592285156
2025-11-04 05:00:00,269.0461730957031,511.0931701660156,183.64305114746094,143.96559143066406,111.64334869384766,304.920166015625,67.28111267089844,293.78045654296875,109.8789291381836,337.60003662109375
2025-11-05 05:00:00,269.14581298828125,503.96826171875,182.7978515625,142.61563110351562,111.19341278076172,307.3161315917969,67.13412475585938,300.1232604980469,109.77050018310547,337.34210205078125
2025-11-06 05:00:00,268.7771301269531,493.9715576171875,183.75115966796875,142.9482421875,111.9954833984375,309.0317687988281,67.67308044433594,292.9950256347656,108.91291809082031,334.2864990234375
2025-11-07 05:00:00,267.48193359375,493.6933288574219,183.35806274414062,143.7797088623047,114.6559829711914,309.8106689453125,69.1331558227539,294.22235107421875,109.15934753417969,333.3539733886719
2025-11-10 05:00:00,268.6986083984375,502.8155517578125,185.16636657714844,142.3319549560547,115.63410949707031,312.4531555175781,69.10375213623047,293.6724853515625,110.637939453125,332.1932678222656
2025-11-11 05:00:00,274.5028381347656,505.47869873046875,190.49305725097656,145.30575561523438,117.15998077392578,311.2009582519531,70.17186737060547,301.26220703125,113.210693359375,336.2309875488281
2025-11-12 05:00:00,272.7276306152344,507.9232177734375,191.0434112548828,144.78729248046875,115.53630065917969,315.92388916015625,70.0738754272461,301.3702087402344,114.98499298095703,336.8572082519531
2025-11-13 05:00:00,272.2090759277344,500.12261962890625,191.88861083984375,144.73838806152344,116.19164276123047,305.1469421386719,69.64271545410156,301.99859619140625,106.07403564453125,334.07391357421875
2025-11-14 05:00:00,271.6705322265625,506.96923828125,192.55690002441406,144.45469665527344,117.70126342773438,299.3591003417969,69.73090362548828,301.4585876464844,104.28987121582031,328.050048828125
2025-11-17 05:00:00,266.73394775390625,504.296142578125,196.14405822753906,142.64498901367188,116.11270141601562,296.1644592285156,69.26054382324219,299.36724853515625,104.18143463134766,323.8055725097656
2025-11-18 05:00:00,266.7140197753906,490.6824035644531,196.5568389892578,143.7895050048828,117.4447250366211,295.2179260253906,69.7896957397461,299.0628967285156,104.76300811767578,319.2628479003906
2025-11-19 05:00:00,267.8309631347656,484.0543518066406,199.02362060546875,143.7895050048828,115.78709411621094,299.02386474609375,69.6819076538086,297.2464294433594,103.17599487304688,322.185302734375
2025-11-20 05:00:00,265.5272521972656,476.308837890625,199.573974609375,144.96337890625,115.46148681640625,294.2023620605469,69.77989959716797,298.64068603515625,101.2341079711914,321.8373718261719
2025-11-21 05:00:00,270.7530212402344,470.0268249511719,200.38967895507812,147.63394165039062,115.52069091796875,293.84735107421875,71.48495483398438,303.7364807128906,102.79155731201172,326.02227783203125
2025-11-24 05:00:00,275.1710205078125,471.89849853515625,202.502685546875,143.7797088623047,114.42547607421875,293.8276672363281,71.1321792602539,299.36724853515625,100.4849624633789,327.3343811035156
2025-11-25 05:00:00,276.2181396484375,474.8752136230469,204.40159606933594,145.25685119628906,112.98491668701172,298.7576599121094,71.15178680419922,304.8165283203125,101.83539581298828,332.5331726074219
2025-11-26 05:00:00,276.79656982421875,483.3475341796875,205.28182983398438,145.02207946777344,113.241455078125,303.33270263671875,71.4163589477539,306.73114013671875,101.95369720458984,331.7975769042969
2025-11-28 05:00:00,278.093017578125,489.82867431640625,204.64886474609375,144.9340362548828,114.37614440917969,308.6965026855469,71.65155029296875,306.1616516113281,102.97884368896484,332.4437255859375
2025-12-01 05:00:00,282.33148193359375,484.5820007324219,203.08619689941406,144.22970581054688,115.0766830444336,304.59478759765625,71.00025177001953,299.8499755859375,105.24601745605469,328.41790771484375
2025-12-02 05:00:00,285.4131164550781,487.82757568359375,203.1653289794922,142.68411254882812,113.84333038330078,303.5693054199219,69.73715209960938,297.034912109375,103.33370971679688,327.6524658203125
2025-12-03 05:00:00,283.378662109375,475.6119689941406,203.07630920410156,143.51560974121094,116.2311019897461,307.75982666015625,69.87529754638672,303.9392395019531,104.230712890625,327.64251708984375
2025-12-04 05:00:00,279.93804931640625,478.70819091796875,200.25758361816406,142.1949920654297,115.57989501953125,311.6742248535156,69.52005004882812,304.75909423828125,103.9645767211914,325.14752197265625
2025-12-05 05:00:00,278.02325439453125,481.01788330078125,199.713623046875,140.32656860351562,114.98788452148438,310.6290588378906,69.07598876953125,307.4161071777344,103.79700469970703,329.2627868652344
2025-12-08 05:00:00,277.1356506347656,488.8430480957031,199.4070281982422,135.32785034179688,114.43534851074219,310.79669189453125,69.32269287109375,305.9937744140625,106.09374237060547,324.88909912109375
2025-12-09 05:00:00,276.4275817871094,489.8385925292969,197.7652587890625,136.58975219726562,116.67510986328125,296.30255126953125,69.16480255126953,306.98150634765625,105.49244689941406,324.55108642578125
2025-12-10 05:00:00,278.02325439453125,476.43829345703125,204.2730255126953,136.775634765625,117.94792938232422,305.7680969238281,69.28321838378906,306.7247009277344,107.27661895751953,323.78570556640625
2025-12-11 05:00:00,277.2752380371094,481.3265075683594,207.70494079589844,137.69515991210938,117.94792938232422,312.9363098144531,68.19773864746094,305.91473388671875,109.86907196044922,343.5669250488281
2025-12-12 05:00:00,277.52459716796875,476.4084167480469,209.25770568847656,139.72987365722656,117.23751831054688,314.06036376953125,69.58912658691406,312.8388366699219,110.007080078125,345.7537536621094
2025-12-15 05:00:00,273.3658752441406,472.7148742675781,211.8192901611328,141.9700164794922,116.19164276123047,315.5393371582031,70.03318786621094,314.8241882324219,109.64981079101562,344.81939697265625
2025-12-16 05:00:00,273.8645324707031,474.2779235839844,207.00274658203125,142.04827880859375,113.15265655517578,311.1319274902344,69.44110870361328,310.6460266113281,110.77122497558594,343.0500183105469
2025-12-17 05:00:00,271.10205078125,474.00909423828125,208.0214385986328,144.59165954589844,115.84630584716797,310.5699157714844,69.73715209960938,314.7846984863281,109.78874969482422,342.35418701171875
2025-12-18 05:00:00,271.45111083984375,481.8342590332031,206.0236053466797,142.3515167236328,114.98788452148438,308.6176452636719,69.43123626708984,315.73291015625,111.01932525634766,343.94464111328125
2025-12-19 05:00:00,272.9271240234375,483.7656555175781,204.10488891601562,141.31460571289062,115.1358871459961,312.7686767578125,69.13520050048828,311.9696044921875,110.39411163330078,347.1653137207031
2025-12-22 05:00:00,270.2344665527344,482.7701110839844,205.0444793701172,139.58314514160156,116.5764389038086,318.56634521484375,69.28321838378906,312.344970703125,111.52543640136719,349.98834228515625
2025-12-23 05:00:00,271.62066650390625,484.6915283203125,203.52137756347656,140.06246948242188,117.82952117919922,321.3666076660156,68.94771575927734,307.0308837890625,112.35905456542969,351.2706604003906
2025-12-24 05:00:00,273.0667419433594,485.8563232421875,205.49942016601562,141.34393310546875,117.63219451904297,324.561279296875,69.18453979492188,309.4903564453125,113.6094741821289,353.0201721191406
2025-12-26 05:00:00,272.6578063964844,485.5476989746094,205.35105895996094,141.58851623535156,117.5236587524414,323.3188781738281,68.94771575927734,306.8728332519531,112.69646453857422,352.8809814453125
2025-12-29 05:00:00,273.0168762207031,484.9404296875,205.28182983398438,141.42222595214844,118.92474365234375,319.2171325683594,69.23387908935547,304.74920654296875,113.3216781616211,352.4932861328125
2025-12-30 05:00:00,272.33868408203125,485.3187255859375,204.6389617919922,140.9135284423828,119.37861633300781,318.89178466796875,69.14507293701172,304.25531005859375,113.9171142578125,351.5091857910156
2025-12-31 05:00:00,271.12200927734375,481.4758605957031,204.67852783203125,140.1896209716797,118.73727416992188,317.70855712890625,68.9871826171875,301.8847351074219,112.90486907958984,348.6165771484375
2026-01-02 05:00:00,270.2743225097656,470.84320068359375,205.0741424560547,138.70274353027344,121.01651000976562,320.92291259765625,68.20761108398438,299.54376220703125,110.99947357177734,344.411865234375
2026-01-05 05:00:00,266.5345153808594,470.7536315917969,202.0675048828125,137.3136444091797,123.69041442871094,329.3630676269531,67.04318237304688,296.1854248046875,113.20259094238281,351.6881408691406
2026-01-06 05:00:00,261.6477966308594,476.3885192871094,202.542236328125,136.86366271972656,119.43782806396484,331.41326904296875,66.94450378417969,299.05975341796875,113.69879150390625,355.4256896972656
2026-01-07 05:00:00,259.623291015625,481.3265075683594,205.21261596679688,135.0343780517578,116.91191101074219,323.8660583496094,66.6484603881836,300.4327697753906,112.0514144897461,353.7557373046875
2026-01-08 05:00:00,258.33685302734375,475.9902648925781,203.49169921875,138.44839477539062,121.2730484008789,326.63934326171875,68.45430755615234,305.09490966796875,113.30182647705078,350.1275329589844
2026-01-09 05:00:00,258.6659240722656,477.15509033203125,202.14663696289062,138.78099060058594,122.95040893554688,326.0450744628906,69.57926177978516,303.55401611328125,114.99882507324219,347.6821594238281
2026-01-12 05:00:00,259.54351806640625,475.06439208984375,207.41812133789062,140.33639526367188,122.37812805175781,321.3899841308594,69.56939697265625,302.9909973144531,111.96209716796875,341.15142822265625
2026-01-13 05:00:00,260.3413391113281,468.5832824707031,211.3049774169922,141.09939575195312,124.85469818115234,307.9298095703125,70.29962921142578,305.6480407714844,112.12088012695312,325.9228820800781
2026-01-14 05:00:00,259.25433349609375,457.34332275390625,216.15121459960938,143.16343688964844,128.4659423828125,304.9287414550781,70.49699401855469,304.3540954589844,112.66669464111328,327.2051696777344
2026-01-15 05:00:00,257.5090637207031,454.6353759765625,217.16001892089844,141.48089599609375,127.41021728515625,306.30548095703125,69.5496597290039,304.83807373046875,112.54761505126953,325.7936096191406
2026-01-16 05:00:00,254.8363494873047,457.8211669921875,216.260009765625,141.38307189941406,128.1600799560547,309.48480224609375,69.51019287109375,303.6626892089844,110.35440826416016,326.34033203125
2026-01-20 05:00:00,246.0303192138672,452.5048828125,215.81495666503906,143.79930114746094,128.72250366210938,299.8477478027344,70.80289459228516,299.12890625,109.5009536743164,323.87518310546875
2026-01-21 05:00:00,246.97775268554688,442.1410217285156,215.6171417236328,142.87974548339844,131.83055114746094,299.15447998046875,71.05946350097656,301.9440002441406,112.32928466796875,323.33837890625
2026-01-22 05:00:00,247.67584228515625,449.1398620605469,216.0918731689453,146.66549682617188,131.8601531982422,300.729248046875,70.92131042480469,302.27984619140625,112.34912872314453,324.41192626953125
2026-01-23 05:00:00,247.36668395996094,463.8841857910156,217.7237548828125,147.92355346679688,133.1724395751953,294.875732421875,71.91797637939453,305.4603576660156,110.13609313964844,324.2330017089844
2026-01-26 05:00:00,254.7166748046875,468.19500732421875,219.05894470214844,147.27334594726562,133.04415893554688,298.1640319824219,71.6021957397461,309.1150207519531,110.46357727050781,326.5291748046875
2026-01-27 05:00:00,257.5688781738281,478.4493103027344,221.9765625,146.14039611816406,135.0076446533203,297.44097900390625,72.57913970947266,310.28057861328125,109.76890563964844,323.3185119628906
2026-01-28 05:00:00,255.74388122558594,479.49468994140625,225.22056579589844,145.15521240234375,135.74766540527344,297.89654541015625,72.09559631347656,308.96685791015625,108.72688293457031,325.0282287597656
2026-01-29 05:00:00,257.5788879394531,431.57806396484375,224.79527282714844,147.67726135253906,138.63864135742188,303.49261474609375,72.4607162475586,311.6436767578125,110.73152923583984,329.8194580078125
2026-01-30 05:00:00,258.775634765625,428.38232421875,224.75572204589844,149.51954650878906,139.51678466796875,302.9676818847656,73.82249450683594,311.1399230957031,111.94225311279297,319.9089660644531
2026-02-02 05:00:00,269.2770690917969,421.49298095703125,228.21730041503906,150.91848754882812,136.55673217773438,305.1961669921875,74.33563995361328,314.6266784667969,103.6557388305664,331.8472595214844
2026-02-03 05:00:00,268.7485046386719,409.3868713378906,230.54151916503906,153.01690673828125,141.8157501220703,311.8420715332031,75.87503814697266,315.5650329589844,103.427490234375,326.96661376953125
2026-02-04 05:00:00,275.73944091796875,412.3536682128906,231.89646911621094,154.54391479492188,145.6243438720703,314.23895263671875,76.32896423339844,319.72344970703125,106.23597717285156,327.98052978515625
2026-02-05 05:00:00,275.1610107421875,391.9246520996094,235.18002319335938,156.25811767578125,144.1344757080078,307.1968688964844,77.47366333007812,319.5160217285156,104.17179107666016,327.1653747558594
2026-02-06 05:00:00,277.3650207519531,399.3615417480469,237.35589599609375,156.809814453125,147.06491088867188,319.3199462890625,77.9867935180664,323.1509094238281,107.87342071533203,329.60076904296875
2026-02-09 05:00:00,274.13079833984375,411.76629638671875,236.0207061767578,154.99710083007812,149.19613647460938,319.0228271484375,76.9407958984375,321.6100158691406,106.31536102294922,323.6365661621094
2026-02-10 05:00:00,273.19244384765625,411.437744140625,235.73388671875,156.72116088867188,149.57107543945312,315.2392883300781,75.79609680175781,321.9754638671875,109.12384033203125,326.8838195800781
2026-02-11 05:00:00,275.00921630859375,402.57720947265625,238.21633911132812,157.6275177001953,153.4882049560547,307.8505554199219,77.56246948242188,319.2492980957031,107.29783630371094,327.9496154785156
2026-02-12 05:00:00,261.2637634277344,400.05841064453125,241.8658447265625,158.81956481933594,148.91920471191406,299.7487487792969,77.95719146728516,328.0106201171875,101.60147857666016,322.909423828125
2026-02-13 05:00:00,255.32435607910156,399.5407409667969,240.7779083251953,157.6964874267578,147.44918823242188,299.6595764160156,77.64141845703125,323.56573486328125,104.64813232421875,312.8490295410156
2026-02-17 05:00:00,263.4099426269531,395.1004943847656,240.6592254638672,157.18417358398438,145.20443725585938,304.1958312988281,78.50979614257812,323.6052551269531,104.63821411132812,318.247802734375
2026-02-18 05:00:00,263.8791198730469,397.828369140625,242.30101013183594,154.53407287597656,149.66415405273438,305.8300476074219,78.44071960449219,323.8719482421875,106.28559112548828,319.0446472167969
2026-02-19 05:00:00,260.11578369140625,397.5988464355469,244.19992065429688,156.2088623046875,149.95220947265625,305.10699462890625,77.8683853149414,323.10150146484375,105.19395446777344,317.6800231933594
2026-02-20 05:00:00,264.1086730957031,396.37152099609375,239.8284454345703,158.39593505859375,146.28707885742188,307.82086181640625,78.78610229492188,325.195556640625,104.77715301513672,319.692138671875
2026-02-23 05:00:00,265.705810546875,383.6390686035156,243.14166259765625,162.72084045410156,149.74362182617188,294.8262023925781,79.49659729003906,330.460205078125,103.61605072021484,305.3186340332031
2026-02-24 05:00:00,271.6552429199219,388.1593017578125,244.87173461914062,162.8292236328125,148.25372314453125,294.459716796875,79.65448760986328,328.96868896484375,105.24357604980469,306.01593017578125
2026-02-25 05:00:00,273.74151611328125,399.7342224121094,243.76808166503906,160.9672393798828,148.05508422851562,300.40240478515625,79.40779113769531,328.92919921875,104.25118255615234,311.7632751464844
2026-02-26 05:00:00,272.4637756347656,400.851806640625,242.0778045654297,161.3218994140625,147.53857421875,303.20538330078125,79.43739318847656,330.43060302734375,104.74738311767578,315.4587707519531
2026-02-27 05:00:00,263.70941162109375,391.8912048339844,247.00942993164062,164.72073364257812,151.47189331054688,297.4310607910156,80.4833984375,336.88055419921875,105.23365020751953,318.88531494140625
2026-03-02 05:00:00,264.2484130859375,397.6886291503906,247.13868713378906,161.08544921875,153.1802978515625,294.7172546386719,79.16109466552734,330.717041015625,103.53665924072266,319.25384521484375
2026-03-03 05:00:00,263.2801818847656,403.0570068359375,245.3390350341797,157.35166931152344,150.80641174316406,297.3914489746094,78.2927017211914,329.932373046875,102.51448822021484,319.57257080078125
2026-03-04 05:00:00,262.0523376464844,404.32427978515625,243.8973388671875,155.9527130126953,148.80996704101562,296.52978515625,77.0690689086914,329.5052490234375,102.2564697265625,319.2139892578125
2026-03-05 05:00:00,259.8263244628906,409.79241943359375,238.259765625,151.7066192626953,149.74362182617188,290.74554443359375,76.01319885253906,325.2441711425781,101.63125610351562,318.5466003417969
2026-03-06 05:00:00,257.0013427734375,408.0761413574219,239.0253448486328,151.35195922851562,150.1905975341797,286.7144470214844,76.02306365966797,325.85003662109375,100.76787567138672,316.1161804199219
2026-03-09 04:00:00,259.41705322265625,408.5251770019531,241.20281982421875,152.9183807373047,149.42578125,287.1502685546875,76.77304077148438,328.5715637207031,100.886962890625,314.73162841796875
2026-03-10 04:00:00,260.3653564453125,404.8830871582031,242.31643676757812,153.6966552734375,147.13136291503906,285.97161865234375,76.85197448730469,325.7308349609375,100.54954528808594,313.1976623535156
2026-03-11 04:00:00,260.34539794921875,404.0049743652344,241.6005401611328,151.04656982421875,150.55809020996094,284.77313232421875,76.60527038574219,323.01922607421875,100.12281036376953,307.74908447265625
2026-03-12 04:00:00,255.3043975830078,400.9914855957031,240.6559600830078,148.26837158203125,152.4949493408203,280.1874084472656,76.58554077148438,321.7279968261719,98.67391967773438,305.29876708984375
2026-03-13 04:00:00,249.6744384765625,394.69512939453125,240.13894653320312,148.4161376953125,155.06747436523438,280.7321472167969,76.8438720703125,324.26080322265625,98.53498077392578,305.9362487792969
2026-03-16 04:00:00,252.36964416503906,399.08563232421875,241.7993927001953,149.86434936523438,156.1699981689453,283.4261474609375,77.32079315185547,324.44952392578125,97.90977478027344,308.8945617675781
2026-03-17 04:00:00,253.77711486816406,398.5467834472656,236.74844360351562,149.2338409423828,157.73934936523438,284.1492004394531,77.08233642578125,324.10186767578125,99.53730010986328,307.25103759765625
2026-03-18 04:00:00,249.49476623535156,390.9432678222656,235.92318725585938,144.53457641601562,156.52757263183594,284.9910583496094,75.48265838623047,313.6031188964844,98.66399383544922,297.8480529785156
2026-03-19 04:00:00,248.5165252685547,388.1792297363281,236.24136352539062,142.69229125976562,157.09373474121094,285.2188415527344,75.06536102294922,307.4945068359375,98.44566345214844,298.53533935546875
2026-03-20 04:00:00,247.54823303222656,381.0447082519531,234.02410888671875,142.14059448242188,158.5935516357422,283.8223571777344,74.2704849243164,306.7694396972656,98.75331115722656,300.4378662109375
2026-03-23 04:00:00,251.04200744628906,382.1722717285156,234.07382202148438,141.8549041748047,160.04371643066406,287.14031982421875,74.62818145751953,306.3919982910156,97.20516967773438,303.246826171875
2026-03-24 04:00:00,251.1917266845703,371.9344177246094,233.9246826171875,141.03721618652344,164.2650604248047,289.6065368652344,74.19100189208984,305.7662353515625,95.65703582763672,302.5694885253906
2026-03-25 04:00:00,252.16998291015625,370.2381286621094,238.5580291748047,141.7859344482422,162.1593475341797,292.59771728515625,74.76728057861328,309.6002502441406,95.22037506103516,303.7149658203125
2026-03-26 04:00:00,252.43951416015625,365.1790771484375,237.8719940185547,140.3081817626953,164.31471252441406,288.8736267089844,74.21087646484375,306.8489074707031,94.02950286865234,304.33251953125
2026-03-27 04:00:00,248.35679626464844,355.9989318847656,239.07505798339844,140.59388732910156,169.8372344970703,280.13787841796875,75.22432708740234,303.8393249511719,91.71721649169922,294.3617858886719
2026-03-30 04:00:00,246.19065856933594,358.1842041015625,241.10340881347656,142.57408142089844,170.31399536132812,281.0589904785156,75.78073120117188,306.45159912109375,93.60277557373047,298.36602783203125
2026-03-31 04:00:00,253.33790588378906,369.3699951171875,243.04225158691406,142.29823303222656,168.51620483398438,291.3497314453125,75.56214904785156,308.6963806152344,95.64710998535156,301.055419921875
2026-04-01 04:00:00,255.1746368408203,368.57171630859375,242.7240753173828,141.95343017578125,159.69607543945312,292.5580749511719,75.59195709228516,305.219970703125,95.82573699951172,297.3400573730469
2026-04-02 04:00:00,255.464111328125,372.6528625488281,241.65025329589844,140.997802734375,159.60667419433594,291.7855224609375,76.22785186767578,305.07098388671875,95.87535858154297,299.6210632324219
2026-04-06 04:00:00,258.39886474609375,372.0741271972656,239.5920867919922,140.6529998779297,162.2686004638672,294.125,76.72463989257812,307.67333984375,95.54786682128906,302.1411437988281
2026-04-07 04:00:00,253.0484161376953,371.48541259765625,237.04673767089844,139.2047882080078,162.8049774169922,296.0662536621094,75.42304992675781,302.79638671875,95.05167388916016,301.3642272949219
2026-04-08 04:00:00,258.4388122558594,373.52099609375,239.9202117919922,142.75140380859375,155.16680908203125,306.5888366699219,76.79419708251953,304.9418640136719,98.42581939697266,307.74908447265625
2026-04-09 04:00:00,260.0259704589844,372.26373291015625,239.93014526367188,144.48532104492188,153.99476623535156,308.938232421875,77.67848205566406,307.4647216796875,99.03118133544922,307.08172607421875
2026-04-10 04:00:00,260.0159912109375,370.0684814453125,237.09645080566406,143.00755310058594,151.4818115234375,308.4803161621094,76.97303771972656,303.62078857421875,98.4158935546875,303.1671142578125
2026-04-13 04:00:00,258.73828125,383.539306640625,236.59930419921875,141.4509735107422,151.61094665527344,312.2732238769531,75.91984558105469,302.45867919921875,100.41060638427734,308.17742919921875
2026-04-14 04:00:00,258.3689270019531,392.2604064941406,238.72706604003906,142.2391357421875,148.23387145996094,309.7247009277344,75.4131088256836,301.1773681640625,101.80988311767578,310.149658203125
2026-04-15 04:00:00,265.95538330078125,410.3312683105469,237.30523681640625,141.2539520263672,148.0054168701172,304.5579833984375,74.82688903808594,304.1968994140625,102.2564697265625,314.671875
2026-04-16 04:00:00,262.9307861328125,419.35174560546875,233.1988525390625,140.9879608154297,150.9553985595703,308.5599670410156,74.6977310180664,304.8921813964844,103.10992431640625,313.86505126953125
2026-04-17 04:00:00,269.7486267089844,421.87628173828125,232.84091186523438,144.75131225585938,145.45274353027344,308.8984375,75.25413513183594,309.26251220703125,105.48175048828125,315.7774963378906
2026-04-20 04:00:00,272.5635681152344,417.1664733886719,229.37088012695312,142.3474884033203,146.6843719482422,315.5683898925781,74.99580383300781,304.872314453125,105.4916763305664,312.7095642089844
2026-04-21 04:00:00,265.69586181640625,423.2433166503906,224.8667755126953,140.2096710205078,147.35980224609375,311.5962829589844,74.2208023071289,299.8066711425781,103.49696350097656,308.72528076171875
2026-04-22 04:00:00,272.68341064453125,431.984375,224.80712890625,140.7318115234375,148.4921112060547,311.6161804199219,74.15125274658203,298.048583984375,104.0229263305664,310.0699462890625
2026-04-23 04:00:00,272.9429016113281,414.8514709472656,229.3311004638672,143.54940795898438,149.51516723632812,310.29217529296875,75.7906723022461,300.49200439453125,102.86183166503906,307.66943359375
2026-04-24 04:00:00,270.5771179199219,423.7023010253906,226.19911193847656,147.08203125,147.90609741210938,306.8974609375,76.138427734375,297.3433532714844,101.81980895996094,308.2073059082031
2026-04-27 04:00:00,267.1332702636719,423.9018859863281,224.0514678955078,147.30039978027344,147.19094848632812,310.232421875,74.95606231689453,288.2550048828125,101.57170867919922,308.4363708496094
2026-04-28 04:00:00,270.2277526855469,428.3222961425781,226.48745727539062,148.064697265625,149.5449676513672,310.0532531738281,77.8473892211914,290.42034912109375,100.69840240478516,308.0877380371094
2026-04-29 04:00:00,269.688720703125,423.5426330566406,226.0499725341797,145.37478637695312,153.62725830078125,307.86309814453125,78.36405944824219,288.1258850097656,100.52970123291016,333.5475769042969
2026-04-30 04:00:00,270.86663818359375,406.8987121582031,228.5356903076172,146.00010681152344,153.28955078125,311.82525634765625,78.25476837158203,291.61224365234375,102.96106719970703,328.5472412109375
2026-05-01 04:00:00,279.6409912109375,413.5443115234375,225.89088439941406,146.16883850097656,151.72019958496094,311.06866455078125,78.07592010498047,284.7090759277344,102.2961654663086,326.7443542480469
2026-05-04 04:00:00,276.3368225097656,412.72607421875,222.91798400878906,142.3572998046875,152.65386962890625,306.270263671875,77.68842315673828,282.1861877441406,100.53961944580078,325.5690002441406
2026-05-05 04:00:00,283.67376708984375,410.4909362792969,224.26026916503906,143.82632446289062,153.83584594726562,308.0124206542969,77.9765625,283.2489929199219,99.71593475341797,320.76788330078125
2026-05-06 04:00:00,286.99786376953125,413.0653381347656,223.33558654785156,146.80410766601562,147.6875762939453,313.4877624511719,78.72174835205078,282.1861877441406,107.23828887939453,317.5505065917969
2026-05-07 04:00:00,286.927978515625,419.8606262207031,221.23764038085938,144.9777374267578,145.591796875,304.8964538574219,77.9268798828125,281.78887939453125,107.83373260498047,320.0207824707031
2026-05-08 04:00:00,292.7974853515625,414.22283935546875,220.05445861816406,145.33506774902344,143.59535217285156,300.74517822265625,77.91693878173828,273.8924255371094,107.19859313964844,317.54058837890625
2026-05-11 04:00:00,292.42779541015625,411.7681579589844,220.163818359375,142.29774475097656,148.6708984375,298.6545715332031,78.15541076660156,272.75018310546875,103.92369079589844,322.5906982421875
2026-05-12 04:00:00,294.54595947265625,406.8887023925781,222.97763061523438,142.8436737060547,149.614501953125,303.5126953125,79.51661682128906,272.9885559082031,105.35274505615234,325.8147277832031
2026-05-13 04:00:00,298.6124572753906,404.3342590332031,229.1024169921875,141.18605041503906,150.5481719970703,298.9034729003906,79.7451400756836,273.8427734375,104.10232543945312,319.7160339355469
2026-05-14 04:00:00,297.9530334472656,408.5451354980469,229.48025512695312,141.65257263183594,151.75,298.56500244140625,79.93392181396484,273.11767578125,104.61836242675781,321.92193603515625
2026-05-15 04:00:00,299.9713134765625,421.0081481933594,225.41363525390625,140.52101135253906,157.9199981689453,296.4743957519531,80.30155181884766,274.52813720703125,101.93889617919922,325.1459655761719
2026-05-18 04:00:00,297.5833435058594,422.6246643066406,227.61099243164062,141.33493041992188,160.49000549316406,299.3813171386719,80.67910766601562,280.5671691894531,103.1198501586914,332.023193359375
2026-05-19 04:00:00,298.7123718261719,416.51788330078125,228.684814453125,140.2530059814453,162.5500030517578,294.3738708496094,81.39449310302734,278.90838623046875,101.51216888427734,329.2982482910156
2026-05-20 04:00:00,301.98956298828125,420.1499938964844,228.0087127685547,141.3845672607422,156.27999877929688,300.625732421875,81.02687072753906,278.3819580078125,103.28855895996094,330.1366882324219
2026-05-21 04:00:00,304.7271728515625,419.0899963378906,230.40492248535156,142.3374481201172,155.2899932861328,301.6411437988281,80.64929962158203,282.265625,102.7923583984375,330.5060119628906
2026-05-22 04:00:00,308.55389404296875,418.57000732421875,233.0,143.3697509765625,154.9199981689453,305.0059814453125,80.95732116699219,280.3684997558594,102.21676635742188,328.2701721191406
2026-05-26 04:00:00,308.0643005371094,416.0299987792969,230.17999267578125,141.9007110595703,149.80999755859375,305.3643493652344,79.94385528564453,277.3787841796875,102.49463653564453,325.8746337890625
2026-05-27 04:00:00,310.5821533203125,412.6700134277344,231.2899932861328,146.39715576171875,147.89999389648438,297.93780517578125,81.09642028808594,279.0276184082031,103.3877944946289,327.00250244140625
2026-05-28 04:00:00,312.24072265625,426.989990234375,230.8000030517578,144.828857421875,146.9600067138672,295.3992614746094,79.89418029785156,276.09747314453125,102.94122314453125,324.3474426269531
2026-05-29 04:00:00,311.7911071777344,450.239990234375,225.3300018310547,142.4962615966797,145.25999450683594,297.9676818847656,78.50315856933594,277.3191833496094,101.05567169189453,325.75482177734375
2026-06-01 04:00:00,306.0460510253906,460.5199890136719,223.50999450683594,139.24057006835938,149.3800048828125,295.2499084472656,78.13553619384766,274.2499694824219,102.06790924072266,322.1714782714844
2026-06-02 04:00:00,314.92840576171875,441.30999755859375,222.88999938964844,139.77658081054688,149.55999755859375,299.6102600097656,77.90701293945312,276.3599853515625,100.63886260986328,316.7315979003906
2026-06-03 04:00:00,309.9926452636719,427.3399963378906,223.24000549316406,139.1512451171875,152.52999877929688,299.50079345703125,78.25476837158203,273.2900085449219,98.63421630859375,311.8207092285156
2026-06-04 04:00:00,310.9618225097656,428.04998779296875,228.1699981689453,139.7368621826172,152.0399932861328,309.4957580566406,76.32720947265625,272.7200012207031,98.5845947265625,319.5862731933594
2026-06-05 04:00:00,307.0751647949219,416.6700134277344,232.77000427246094,145.4541778564453,149.9199981689453,310.9691162109375,78.97014617919922,279.8399963378906,98.95178985595703,322.9700012207031
2026-06-08 04:00:00,301.2801818847656,411.739990234375,232.16000366210938,144.0248565673828,151.75,309.7147521972656,79.0297622680664,277.7799987792969,98.11817932128906,319.0772399902344
2026-06-09 04:00:00,290.29962158203125,403.4100036621094,237.0,147.5684051513672,148.91000366210938,311.2976379394531,80.81820678710938,282.25,98.57467651367188,324.4472351074219
2026-06-10 04:00:00,291.3287353515625,397.3599853515625,238.49000549316406,147.94558715820312,150.6199951171875,307.75360107421875,83.05377197265625,282.5199890136719,97.86015319824219,322.3611145019531
2026-06-11 04:00:00,295.375244140625,390.3399963378906,238.3300018310547,147.2408447265625,146.60000610351562,312.0840759277344,82.00057983398438,284.7699890136719,99.57699584960938,318.4583740234375
2026-06-12 04:00:00,290.879150390625,390.739990234375,240.8699951171875,148.50143432617188,147.00999450683594,319.28167724609375,82.09000396728516,284.80999755859375,99.27928161621094,321.7922058105469
2026-06-15 04:00:00,296.1645812988281,399.760009765625,235.66000366210938,149.3451385498047,140.9199981689453,317.96759033203125,80.91000366210938,286.1199951171875,100.91673278808594,323.21954345703125
2026-06-16 04:00:00,298.9821472167969,393.8299865722656,235.17999267578125,151.360107421875,141.86000061035156,329.6549377441406,80.27999877929688,287.92999267578125,100.50984954833984,332.5022888183594
2026-06-17 04:00:00,295.6949768066406,378.9100036621094,234.1999969482422,149.44439697265625,140.74000549316406,331.9645080566406,79.93000030517578,283.82000732421875,100.0930404663086,329.76739501953125
2026-06-18 04:00:00,297.7532043457031,379.3999938964844,228.38999938964844,149.26573181152344,137.80999755859375,323.761474609375,79.38999938964844,278.6099853515625,103.0999984741211,326.6331787109375
2026-06-22 04:00:00,296.75408935546875,367.3399963378906,231.2899932861328,146.58572387695312,138.47000122070312,329.993408203125,79.52999877929688,270.1000061035156,101.67095184326172,325.994384765625
2026-06-23 04:00:00,294.04638671875,373.94000244140625,239.0800018310547,149.74217224121094,139.72999572753906,332.6414794921875,80.30999755859375,271.6600036621094,102.74273681640625,327.87091064453125
2026-06-24 04:00:00,292.8274230957031,365.4599914550781,241.0,150.91342163085938,136.89999389648438,331.95458984375,80.5999984741211,273.8800048828125,100.35106658935547,331.61395263671875
2026-06-25 04:00:00,274.91290283203125,352.8299865722656,244.8800048828125,147.399658203125,137.5500030517578,333.6170654296875,80.41999816894531,264.5400085449219,97.30441284179688,329.9071044921875
2026-06-26 04:00:00,283.53546142578125,372.9700012207031,254.66000366210938,147.9158172607422,136.5399932861328,327.57427978515625,82.62999725341797,269.760009765625,98.03878021240234,335.6065368652344
2026-06-29 04:00:00,281.4972229003906,368.57000732421875,258.510009765625,147.3500213623047,136.05999755859375,327.91278076171875,82.6500015258789,267.17999267578125,97.87999725341797,341.0164794921875
2026-06-30 04:00:00,289.11065673828125,373.0199890136719,253.97000122070312,145.55343627929688,136.72000122070312,325.86199951171875,81.2699966430664,270.30999755859375,96.25,342.45379638671875
2026-07-01 04:00:00,294.1263427734375,384.2799987792969,253.97999572753906,146.33758544921875,136.27999877929688,332.5718078613281,81.29000091552734,269.42999267578125,95.70999908447266,350.4289855957031
2026-07-02 04:00:00,308.3640441894531,390.489990234375,263.0400085449219,150.28810119628906,137.08999633789062,332.9700012207031,84.13999938964844,280.6300048828125,99.5,361.45849609375
2026-07-06 04:00:00,312.3905944824219,386.739990234375,259.3299865722656,148.2036590576172,136.44000244140625,337.7200012207031,82.95999908447266,279.5,97.41000366210938,356.5875549316406
2026-07-07 04:00:00,310.3923034667969,388.8399963378906,267.239990234375,151.6181640625,141.69000244140625,339.2200012207031,84.05000305175781,282.2099914550781,97.4800033569336,351.54693603515625
2026-07-08 04:00:00,313.1199645996094,383.3399963378906,263.3999938964844,147.30039978027344,141.1300048828125,330.6199951171875,83.4000015258789,278.25,96.69999694824219,346.88555908203125
2026-07-09 04:00:00,315.947509765625,384.3599853515625,259.1000061035156,145.7618865966797,137.4600067138672,335.4700012207031,82.62999725341797,276.489990234375,96.16999816894531,347.5543518066406
2026-07-10 04:00:00,315.0483093261719,385.1000061035156,256.9800109863281,145.95046997070312,138.8800048828125,336.4700012207031,83.48999786376953,274.6000061035156,95.62000274658203,348.3229064941406
2026-07-13 04:00:00,317.03656005859375,390.989990234375,257.7699890136719,147.27061462402344,144.50999450683594,334.5299987792969,84.25,272.6099853515625,96.0,357.08660888671875
2026-07-14 04:00:00,314.58868408203125,384.92999267578125,253.85000610351562,144.99758911132812,145.08999633789062,342.8900146484375,83.08000183105469,268.94000244140625,95.87000274658203,355.3598327636719
2026-07-15 04:00:00,327.2178039550781,395.6300048828125,247.02000427246094,146.9530029296875,144.50999450683594,346.9100036621094,82.44999694824219,264.95001220703125,97.1500015258789,354.4814758300781
2026-07-16 04:00:00,332.97283935546875,401.1000061035156,249.97000122070312,150.37742614746094,145.9499969482422,343.1499938964844,84.91999816894531,273.4599914550781,99.70999908447266,364.4629211425781
2026-07-17 04:00:00,333.452392578125,393.82000732421875,253.0399932861328,148.86868286132812,147.36000061035156,341.1000061035156,81.55999755859375,267.7099914550781,97.66999816894531,357.8951110839844
2026-07-20 04:00:00,326.3085632324219,402.2900085449219,248.82000732421875,148.02499389648438,148.36000061035156,338.8699951171875,82.12000274658203,267.6400146484375,96.41000366210938,359.9013977050781
2026-07-21 04:00:00,327.45758056640625,397.75,250.61000061035156,147.00262451171875,151.7100067138672,345.2300109863281,81.97000122070312,263.9100036621094,96.13999938964844,355.16021728515625
2026-07-22 04:00:00,325.60919189453125,390.3399963378906,255.6300048828125,148.02499389648438,154.4499969482422,348.2099914550781,82.19999694824219,263.57000732421875,95.87000274658203,352.7646789550781
2026-07-23 04:00:00,321.3828430175781,381.5799865722656,259.2699890136719,145.88099670410156,156.88999938964844,349.8999938964844,81.16999816894531,262.79998779296875,92.83000183105469,350.9480285644531
2026-07-24 04:00:00,332.7330322265625,381.70001220703125,263.3999938964844,147.41000366210938,156.94000244140625,353.2099914550781,82.25,264.760009765625,94.8499984741211,355.0803527832031
2026-07-27 04:00:00,336.61968994140625,389.1000061035156,265.95001220703125,148.6300048828125,154.77000427246094,356.20001220703125,84.06999969482422,270.6700134277344,96.6500015258789,361.8577575683594
2026-07-28 04:00:00,339.78692626953125,393.3500061035156,266.7300109863281,148.8800048828125,153.0399932861328,357.30999755859375,88.2699966430664,273.0199890136719,98.88999938964844,365.91021728515625
2026-07-29 04:00:00,337.8985900878906,390.5400085449219,265.5299987792969,146.10000610351562,156.75,344.7099914550781,89.08000183105469,271.5199890136719,98.4800033569336,368.0462646484375
2026-07-30 04:00:00,333.1426696777344,451.1000061035156,255.82000732421875,143.9600067138672,156.97000122070312,350.8500061035156,88.48999786376953,268.44000244140625,96.16000366210938,365.5908203125
2026-07-31 04:00:00,308.6438293457031,464.7200012207031,256.3500061035156,144.49000549316406,155.44000244140625,351.7900085449219,87.58999633789062,270.6400146484375,96.19000244140625,365.4510803222656
2026-08-03 04:00:00,303.1585693359375,487.6499938964844,254.41000366210938,144.97000122070312,155.05999755859375,352.6400146484375,86.86000061035156,265.2300109863281,98.13999938964844,364.991943359375
2026-08-04 04:00:00,309.1134033203125,492.80999755859375,254.92999267578125,148.00999450683594,153.9600067138672,357.5199890136719,86.55999755859375,268.3399963378906,98.18000030517578,368.9046630859375
2026-08-05 04:00:00,310.7320251464844,487.4599914550781,257.5899963378906,146.8000030517578,151.6300048828125,359.239990234375,86.83000183105469,274.0,101.76000213623047,367.85662841796875
2026-08-06 04:00:00,312.14080810546875,499.8599853515625,256.9800109863281,146.97000122070312,154.83999633789062,356.29998779296875,86.8499984741211,276.260009765625,104.68000030517578,369.7830505371094
2026-08-07 04:00:00,313.05999755859375,499.989990234375,259.239990234375,145.7899932861328,153.0399932861328,357.5199890136719,87.05000305175781,274.4800109863281,104.91000366210938,361.82781982421875
2026-08-10 04:00:00,308.260009765625,506.05999755859375,261.80999755859375,146.44000244140625,159.7899932861328,359.7900085449219,86.87000274658203,273.7200012207031,103.18000030517578,360.6500244140625
2026-08-11 04:00:00,304.9100036621094,503.80999755859375,259.79998779296875,145.2100067138672,159.8000030517578,362.0400085449219,86.4800033569336,274.1499938964844,103.52999877929688,362.82000732421875
2026-08-12 04:00:00,302.25,492.42999267578125,260.8599853515625,144.0800018310547,159.75,365.17999267578125,86.70999908447266,275.70001220703125,103.22000122070312,359.4200134277344
2026-08-13 04:00:00,305.260009765625,496.8800048828125,262.0799865722656,144.25999450683594,158.61000061035156,363.1099853515625,87.41999816894531,272.25,104.80000305175781,365.45001220703125
