Date,AMT,PLD,O,PSA,EQIX
2014-01-02 05:00:00,58.898216247558594,25.436792373657227,19.996360778808594,92.20067596435547,128.53086853027344
2014-01-03 05:00:00,59.06874465942383,25.664207458496094,20.19980812072754,92.9187240600586,127.54536437988281
2014-01-06 05:00:00,59.44681167602539,25.774477005004883,20.306886672973633,92.86921691894531,128.10433959960938
2014-01-07 05:00:00,60.269676208496094,26.001895904541016,20.40860366821289,92.76396942138672,132.083251953125
2014-01-08 05:00:00,60.744140625,25.967443466186523,20.173038482666016,92.93112182617188,132.59803771972656
2014-01-09 05:00:00,60.86275863647461,25.636655807495117,20.22658348083496,94.73857879638672,130.53872680664062
2014-01-10 05:00:00,61.26305389404297,25.912315368652344,20.6441707611084,95.48757934570312,131.65664672851562
2014-01-13 05:00:00,60.892398834228516,25.326528549194336,20.49961280822754,95.30187225341797,128.6486053466797
2014-01-14 05:00:00,61.27790451049805,25.650436401367188,20.713773727416992,96.39752197265625,131.4580841064453
2014-01-15 05:00:00,61.722686767578125,25.850290298461914,20.756595611572266,95.97038269042969,132.0390625
2014-01-16 05:00:00,61.7301025390625,25.69866943359375,20.6441707611084,96.57086944580078,132.00234985351562
2014-01-17 05:00:00,61.64112091064453,25.485031127929688,20.563859939575195,95.92709350585938,129.34732055664062
2014-01-21 05:00:00,61.996971130371094,25.73312759399414,21.040340423583984,95.96422576904297,131.86260986328125
2014-01-22 05:00:00,61.8412971496582,26.015682220458984,21.168848037719727,96.14373779296875,131.6272430419922
2014-01-23 05:00:00,61.737510681152344,25.788251876831055,21.168848037719727,95.61141204833984,134.32643127441406
2014-01-24 05:00:00,59.024269104003906,25.31963539123535,21.168848037719727,94.34862518310547,135.2384490966797
2014-01-27 05:00:00,58.74996566772461,25.161128997802734,21.23843765258789,94.47858428955078,133.17172241210938
2014-01-28 05:00:00,59.72107696533203,25.65732192993164,21.70956039428711,95.77851104736328,134.29702758789062
2014-01-29 05:00:00,58.97978210449219,25.505706787109375,21.70421600341797,95.64234924316406,134.32643127441406
2014-01-30 05:00:00,60.18072509765625,26.74618911743164,21.92578887939453,97.0660629272461,135.57675170898438
2014-01-31 05:00:00,59.95832443237305,26.711729049682617,21.931167602539062,97.54889678955078,136.20921325683594
2014-02-03 05:00:00,58.4385871887207,26.305133819580078,21.361108779907227,96.47798919677734,131.75222778320312
2014-02-04 05:00:00,58.66843795776367,26.704837799072266,21.468669891357422,98.1554946899414,135.31930541992188
2014-02-05 05:00:00,58.57204818725586,26.959827423095703,21.603116989135742,97.74078369140625,133.1276092529297
2014-02-06 05:00:00,59.12803649902344,27.2768497467041,21.64613914489746,98.05645751953125,134.6352996826172
2014-02-07 05:00:00,59.587669372558594,27.518049240112305,21.812847137451172,99.19544219970703,137.0255889892578
2014-02-10 05:00:00,60.43274688720703,27.800609588623047,22.04410743713379,100.30963134765625,139.6880340576172
2014-02-11 05:00:00,60.729312896728516,27.993558883666992,22.060237884521484,101.13288116455078,140.28375244140625
2014-02-12 05:00:00,60.6329345703125,28.055585861206055,22.151655197143555,101.21339416503906,140.2910919189453
2014-02-13 05:00:00,61.151859283447266,28.138288497924805,22.307615280151367,101.83855438232422,141.1000518798828
2014-02-14 05:00:00,61.67820739746094,28.028026580810547,22.436687469482422,102.59992218017578,142.12240600585938
2014-02-18 05:00:00,61.92283248901367,28.117612838745117,22.818527221679688,103.31800079345703,142.6960906982422
2014-02-19 05:00:00,62.08591842651367,28.062484741210938,22.90458106994629,103.03323364257812,141.6664581298828
2014-02-20 05:00:00,62.649314880371094,27.83506202697754,23.07666778564453,103.19420623779297,138.23171997070312
2014-02-21 05:00:00,62.30833435058594,27.986679077148438,23.345563888549805,103.02710723876953,139.3202667236328
2014-02-24 05:00:00,61.51510238647461,28.041812896728516,23.619836807250977,103.18800354003906,139.58505249023438
2014-02-25 05:00:00,59.42457580566406,28.19342613220215,23.877973556518555,103.78225708007812,138.6363067626953
2014-02-26 05:00:00,59.92125701904297,28.26922607421875,23.931751251220703,103.44178771972656,139.7394561767578
2014-02-27 05:00:00,60.38829803466797,28.1865291595459,23.986835479736328,103.08895111083984,141.1000518798828
2014-02-28 05:00:00,60.395694732666016,28.38637924194336,23.986835479736328,104.6116943359375,139.71005249023438
2014-03-03 05:00:00,60.38829803466797,28.20722198486328,23.78705406188965,104.41980743408203,139.3497314453125
2014-03-04 05:00:00,60.44761276245117,28.923925399780273,23.9382266998291,105.78160095214844,140.51171875
2014-03-05 05:00:00,59.899024963378906,28.779207229614258,23.571035385131836,105.95494079589844,141.2324981689453
2014-03-06 05:00:00,60.729312896728516,28.475976943969727,23.08503532409668,104.81597137451172,142.51223754882812
2014-03-07 05:00:00,60.277069091796875,28.16585922241211,22.45864486694336,103.71415710449219,142.26951599121094
2014-03-10 04:00:00,60.18072509765625,28.013004302978516,22.37763214111328,103.39226531982422,141.40896606445312
2014-03-11 04:00:00,60.56619644165039,28.10333251953125,22.60982322692871,103.8751220703125,139.6365203857422
2014-03-12 04:00:00,59.92866897583008,28.228376388549805,22.750242233276367,104.1185531616211,139.9233856201172
2014-03-13 04:00:00,59.565425872802734,28.040796279907227,22.85283851623535,104.33699798583984,133.64239501953125
2014-03-14 04:00:00,59.595069885253906,27.922685623168945,22.85283851623535,104.97370147705078,134.6574249267578
2014-03-17 04:00:00,60.59586715698242,28.138071060180664,22.917638778686523,104.92999267578125,134.87803649902344
2014-03-18 04:00:00,60.64035415649414,28.374279022216797,22.820436477661133,105.09231567382812,134.73095703125
2014-03-19 04:00:00,59.81006622314453,27.804582595825195,22.0914306640625,104.1747055053711,133.08343505859375
2014-03-20 04:00:00,60.2177848815918,27.964370727539062,21.99422264099121,104.61162567138672,133.44383239746094
2014-03-21 04:00:00,60.09917068481445,28.20059585571289,22.19403648376465,105.71654510498047,132.63482666015625
2014-03-24 04:00:00,59.97316360473633,27.867109298706055,22.01583480834961,104.8051528930664,133.3408966064453
2014-03-25 04:00:00,60.57362365722656,28.11721420288086,22.27503776550293,105.41691589355469,134.2234649658203
2014-03-26 04:00:00,59.90645217895508,27.728158950805664,22.0212345123291,104.76150512695312,132.8922576904297
2014-03-27 04:00:00,59.80264663696289,27.87405014038086,22.032026290893555,104.61162567138672,133.37765502929688
2014-03-28 04:00:00,60.88494873046875,28.165861129760742,22.103633880615234,104.88631439208984,135.34140014648438
2014-03-31 04:00:00,60.69223403930664,28.367334365844727,22.16330337524414,105.17346954345703,135.9444580078125
2014-04-01 04:00:00,60.49946212768555,28.402070999145508,21.98429298400879,105.79764556884766,136.3856964111328
2014-04-02 04:00:00,60.247432708740234,28.353445053100586,22.081937789916992,106.08477783203125,135.65025329589844
2014-04-03 04:00:00,60.23262405395508,28.402070999145508,21.913795471191406,105.69154357910156,134.576416015625
2014-04-04 04:00:00,59.84713363647461,28.51323699951172,22.09821891784668,105.83511352539062,131.6492919921875
2014-04-07 04:00:00,59.80264663696289,28.5479793548584,22.515867233276367,105.97869110107422,130.2224884033203
2014-04-08 04:00:00,60.658565521240234,28.596620559692383,22.738258361816406,106.97118377685547,130.5313720703125
2014-04-09 04:00:00,60.93394088745117,28.700820922851562,22.678586959838867,106.19719696044922,130.04595947265625
2014-04-10 04:00:00,60.69577407836914,28.10333251953125,22.412813186645508,105.69154357910156,127.49391174316406
2014-04-11 04:00:00,59.95151138305664,27.825414657592773,22.472484588623047,105.1672134399414,125.38310241699219
2014-04-14 04:00:00,60.517120361328125,27.860166549682617,22.472484588623047,105.79138946533203,126.18473052978516
2014-04-15 04:00:00,60.79253387451172,28.283958435058594,23.090845108032227,106.67780303955078,128.074951171875
2014-04-16 04:00:00,61.31352233886719,28.415971755981445,23.204750061035156,107.40815734863281,132.200927734375
2014-04-17 04:00:00,61.514503479003906,28.686933517456055,22.72199249267578,107.53921508789062,131.6272430419922
2014-04-21 04:00:00,61.84196472167969,28.75640296936035,22.743684768676758,108.08853912353516,132.61276245117188
2014-04-22 04:00:00,62.4671630859375,28.64524269104004,23.00946617126465,108.18213653564453,132.74522399902344
2014-04-23 04:00:00,62.54159164428711,28.443756103515625,22.93352508544922,108.18213653564453,132.4730224609375
2014-04-24 04:00:00,62.19178009033203,28.64524269104004,23.183042526245117,108.61908721923828,132.78192138671875
2014-04-25 04:00:00,61.83452606201172,28.297853469848633,23.264406204223633,108.35067749023438,132.53189086914062
2014-04-28 04:00:00,62.11735916137695,28.443756103515625,23.638675689697266,109.61158752441406,132.27447509765625
2014-04-29 04:00:00,61.7750129699707,28.409021377563477,23.639774322509766,109.83006286621094,136.34161376953125
2014-04-30 04:00:00,62.16199493408203,28.228376388549805,23.667016983032227,109.55538940429688,138.1288299560547
2014-05-01 04:00:00,64.17900848388672,28.443756103515625,23.53628921508789,109.97989654541016,139.01873779296875
2014-05-02 04:00:00,64.7520751953125,28.339542388916016,23.53628921508789,106.4531021118164,137.40805053710938
2014-05-05 04:00:00,65.7940902709961,28.617446899414062,23.705135345458984,107.32072448730469,140.45294189453125
2014-05-06 04:00:00,64.90093994140625,28.228376388549805,23.579864501953125,106.65283966064453,138.452392578125
2014-05-07 04:00:00,65.75684356689453,28.63829803466797,24.08097267150879,108.11347961425781,137.79783630371094
2014-05-08 04:00:00,65.68244171142578,28.749469757080078,23.96114730834961,107.05233764648438,138.4671173095703
2014-05-09 04:00:00,65.98014068603516,28.624408721923828,23.846759796142578,107.13969421386719,140.18072509765625
2014-05-12 04:00:00,65.7270736694336,28.770299911499023,24.010183334350586,107.28328704833984,141.42376708984375
2014-05-13 04:00:00,65.89082336425781,28.735567092895508,23.79229164123535,106.38443756103516,142.6519775390625
2014-05-14 04:00:00,66.06201171875,28.67304039001465,23.748714447021484,107.14598083496094,143.74781799316406
2014-05-15 04:00:00,65.98760223388672,28.478506088256836,23.51993751525879,106.45933532714844,144.0934600830078
2014-05-16 04:00:00,66.13643646240234,28.798093795776367,23.90121841430664,107.59539794921875,143.6154327392578
2014-05-19 04:00:00,65.37730407714844,28.568828582763672,23.786849975585938,107.32072448730469,144.5568389892578
2014-05-20 04:00:00,65.51868438720703,28.36039161682129,23.79229164123535,106.62162780761719,142.32830810546875
2014-05-21 04:00:00,65.77918243408203,28.207538604736328,23.61252784729004,106.3157958984375,143.1962432861328
2014-05-22 04:00:00,65.83872985839844,28.138071060180664,23.36197853088379,105.94123840332031,143.74049377441406
2014-05-23 04:00:00,65.80155944824219,28.499343872070312,23.383760452270508,106.97118377685547,144.45388793945312
2014-05-27 04:00:00,66.24065399169922,28.805034637451172,23.503604888916016,107.60785675048828,145.7482452392578
2014-05-28 04:00:00,66.38207244873047,28.51323699951172,23.509042739868164,106.39066314697266,146.0057373046875
2014-05-29 04:00:00,66.5234603881836,28.721662521362305,23.717988967895508,106.10977172851562,146.77061462402344
2014-05-30 04:00:00,66.70952606201172,28.839778900146484,23.685178756713867,107.60164642333984,146.17486572265625
2014-06-02 04:00:00,65.78662872314453,28.839778900146484,23.789127349853516,107.44559478759766,147.14564514160156
2014-06-03 04:00:00,66.03224182128906,28.52018928527832,23.67424201965332,106.7464599609375,144.68182373046875
2014-06-04 04:00:00,66.24809265136719,28.749469757080078,23.575773239135742,107.42060852050781,146.96185302734375
2014-06-05 04:00:00,66.78395080566406,29.548442840576172,24.128250122070312,108.98737335205078,147.13832092285156
2014-06-06 04:00:00,67.2975082397461,29.31220817565918,24.106369018554688,107.88253784179688,148.55047607421875
2014-06-09 04:00:00,66.73188018798828,29.011117935180664,23.663288116455078,106.94618225097656,148.34445190429688
2014-06-10 04:00:00,66.47882843017578,28.808048248291016,23.657835006713867,107.11473846435547,148.55047607421875
2014-06-11 04:00:00,66.06946563720703,28.843053817749023,23.76175880432129,106.9448471069336,148.20469665527344
2014-06-12 04:00:00,65.67501068115234,28.68199348449707,23.898513793945312,106.6301498413086,149.1167449951172
2014-06-13 04:00:00,66.07846069335938,28.64698600769043,23.986024856567383,106.69308471679688,151.53646850585938
2014-06-16 04:00:00,65.69740295410156,28.64698600769043,23.778169631958008,106.35327911376953,152.10275268554688
2014-06-17 04:00:00,65.92156219482422,28.731014251708984,23.893041610717773,106.85042572021484,152.14686584472656
2014-06-18 04:00:00,65.80200958251953,28.976112365722656,24.166542053222656,107.5301284790039,153.4119110107422
2014-06-19 04:00:00,66.31007385253906,29.18619155883789,24.336122512817383,107.84477233886719,152.463134765625
2014-06-20 04:00:00,66.57157897949219,28.906082153320312,24.58226203918457,108.3230972290039,153.8605194091797
2014-06-23 04:00:00,66.5641098022461,28.857059478759766,24.336122512817383,107.79444122314453,153.7501983642578
2014-06-24 04:00:00,66.68367767333984,28.969085693359375,24.27047348022461,107.58676147460938,154.05178833007812
2014-06-25 04:00:00,66.70603942871094,29.10214614868164,24.237642288208008,106.8000717163086,153.27215576171875
2014-06-26 04:00:00,66.22042846679688,28.780031204223633,24.128250122070312,106.57978057861328,153.47076416015625
2014-06-27 04:00:00,66.51179504394531,28.836057662963867,24.289194107055664,108.35456848144531,154.52980041503906
2014-06-30 04:00:00,67.22908020019531,28.773035049438477,24.399044036865234,107.83849334716797,154.51504516601562
2014-07-01 04:00:00,67.02735137939453,28.80105209350586,24.64072608947754,108.2979507446289,156.294921875
2014-07-02 04:00:00,67.04973602294922,28.82905387878418,24.481430053710938,108.01467895507812,155.78744506835938
2014-07-03 04:00:00,67.25151824951172,28.639986038208008,24.2946834564209,107.53638458251953,156.64796447753906
2014-07-07 04:00:00,67.78944396972656,28.80105209350586,24.464967727661133,107.4105453491211,156.0816650390625
2014-07-08 04:00:00,67.51301574707031,28.794044494628906,24.574819564819336,107.31612396240234,154.2650604248047
2014-07-09 04:00:00,67.89403533935547,28.745031356811523,24.618764877319336,107.33502960205078,156.3538055419922
2014-07-10 04:00:00,68.29750061035156,28.87105941772461,24.79452133178711,107.78182983398438,155.5595245361328
2014-07-11 04:00:00,68.46936798095703,28.913082122802734,24.778060913085938,107.8133316040039,155.4859619140625
2014-07-14 04:00:00,68.71590423583984,29.123153686523438,24.920862197875977,108.33564758300781,155.30203247070312
2014-07-15 04:00:00,68.46186065673828,29.032123565673828,24.92635726928711,108.36084747314453,155.52273559570312
2014-07-16 04:00:00,68.77568054199219,29.207185745239258,24.865936279296875,108.54962921142578,154.4562530517578
2014-07-17 04:00:00,67.87163543701172,29.025129318237305,24.882400512695312,108.23493957519531,153.36776733398438
2014-07-18 04:00:00,69.08949279785156,29.207185745239258,25.151546478271484,109.00908660888672,154.94163513183594
2014-07-21 04:00:00,68.63372802734375,29.095134735107422,25.03621482849121,108.81398010253906,154.72840881347656
2014-07-22 04:00:00,69.39583587646484,29.3962459564209,24.849443435668945,108.9649887084961,156.7950897216797
2014-07-23 04:00:00,69.45559692382812,29.42424774169922,24.876907348632812,109.50628662109375,158.50135803222656
2014-07-24 04:00:00,69.01476287841797,29.3192195892334,24.563827514648438,110.22998046875,159.67808532714844
2014-07-25 04:00:00,68.90271759033203,29.151172637939453,24.54736328125,109.29855346679688,160.3400421142578
2014-07-28 04:00:00,69.03721618652344,29.522294998168945,24.591297149658203,110.4439926147461,159.83987426757812
2014-07-29 04:00:00,68.99982452392578,29.242202758789062,24.481430053710938,109.83351135253906,158.1924591064453
2014-07-30 04:00:00,71.91373443603516,29.011117935180664,23.959131240844727,110.2992172241211,158.6779327392578
2014-07-31 04:00:00,70.52405548095703,28.576955795288086,23.744016647338867,108.00211334228516,157.77325439453125
2014-08-01 04:00:00,70.49414825439453,28.39490509033203,23.705415725708008,108.68807983398438,155.4638214111328
2014-08-04 04:00:00,71.39820861816406,28.492935180664062,23.898462295532227,108.71328735351562,155.72125244140625
2014-08-05 04:00:00,70.8228759765625,28.121807098388672,23.854333877563477,107.6937484741211,154.90492248535156
2014-08-06 04:00:00,71.4654541015625,27.974754333496094,23.903966903686523,108.75103759765625,153.65463256835938
2014-08-07 04:00:00,72.65343475341797,27.918739318847656,24.019794464111328,108.43006896972656,154.1547393798828
2014-08-08 04:00:00,73.30347442626953,28.156816482543945,24.15768051147461,109.07830810546875,154.74307250976562
2014-08-11 04:00:00,73.24369812011719,28.24785804748535,24.09701156616211,109.31745910644531,155.4564971923828
2014-08-12 04:00:00,72.2574234008789,28.205821990966797,24.141136169433594,109.40555572509766,156.3832244873047
2014-08-13 04:00:00,72.63101196289062,28.625972747802734,24.576868057250977,110.5887451171875,158.0306396484375
2014-08-14 04:00:00,72.88501739501953,28.59096908569336,24.57134437561035,110.42509460449219,160.06057739257812
2014-08-15 04:00:00,73.3781509399414,28.569961547851562,24.65958595275879,110.14189910888672,159.56040954589844
2014-08-18 04:00:00,74.55117797851562,28.906082153320312,24.885705947875977,110.5887451171875,161.71536254882812
2014-08-19 04:00:00,74.01324462890625,28.899070739746094,24.957426071166992,111.06073760986328,162.31846618652344
2014-08-20 04:00:00,73.71439361572266,28.969085693359375,25.056699752807617,111.5453109741211,162.08306884765625
2014-08-21 04:00:00,73.91612243652344,28.808048248291016,25.04015350341797,111.19290924072266,164.43666076660156
2014-08-22 04:00:00,73.31840515136719,28.64698600769043,24.869165420532227,110.0978012084961,163.86293029785156
2014-08-25 04:00:00,73.8936996459961,28.59096908569336,24.720258712768555,109.49996948242188,163.0465850830078
2014-08-26 04:00:00,73.6695556640625,28.569961547851562,24.687166213989258,109.22306823730469,159.7810821533203
2014-08-27 04:00:00,73.8189926147461,28.53495216369629,24.65958595275879,109.42443084716797,159.87667846679688
2014-08-28 04:00:00,73.80406188964844,28.52796173095703,24.688947677612305,109.41188049316406,159.00146484375
2014-08-29 04:00:00,73.6695556640625,28.667985916137695,24.7664794921875,110.2489242553711,160.52389526367188
2014-09-02 04:00:00,73.80406188964844,28.64698600769043,24.716630935668945,110.32443237304688,161.3990936279297
2014-09-03 04:00:00,73.30347442626953,28.513935089111328,24.688947677612305,110.39991760253906,161.2593994140625
2014-09-04 04:00:00,73.6695556640625,28.422916412353516,24.711088180541992,109.66987609863281,160.81814575195312
2014-09-05 04:00:00,74.43912506103516,28.892074584960938,25.115365982055664,111.16775512695312,161.30349731445312
2014-09-08 04:00:00,74.23739624023438,29.025129318237305,24.910463333129883,110.7586441040039,161.0093231201172
2014-09-09 04:00:00,73.63966369628906,28.955097198486328,24.716630935668945,110.28032684326172,159.38392639160156
2014-09-10 04:00:00,72.8252944946289,28.464929580688477,24.39543342590332,108.62517547607422,160.1635284423828
2014-09-11 04:00:00,73.09422302246094,28.29686164855957,24.229270935058594,108.61250305175781,159.70750427246094
2014-09-12 04:00:00,71.73442840576172,27.34453773498535,23.537006378173828,105.3766098022461,159.3986358642578
2014-09-15 04:00:00,71.08440399169922,27.190479278564453,23.476093292236328,105.49713134765625,158.6043701171875
2014-09-16 04:00:00,71.33098602294922,27.30252456665039,23.719778060913086,106.06816101074219,159.31036376953125
2014-09-17 04:00:00,71.45050811767578,27.38726806640625,23.559162139892578,105.70018005371094,159.40597534179688
2014-09-18 04:00:00,71.63729095458984,27.05533218383789,23.1271915435791,104.7674560546875,161.14901733398438
2014-09-19 04:00:00,71.36731719970703,27.295454025268555,23.326574325561523,104.66593170166016,159.95018005371094
2014-09-22 04:00:00,70.72979736328125,26.963533401489258,23.06072235107422,103.77132415771484,157.5673370361328
2014-09-23 04:00:00,70.44483947753906,26.808164596557617,22.767210006713867,103.45406341552734,153.90463256835938
2014-09-24 04:00:00,70.63983154296875,26.85759735107422,22.645362854003906,103.49846649169922,154.51504516601562
2014-09-25 04:00:00,69.8373794555664,26.4479923248291,22.678611755371094,103.7396011352539,151.6982421875
2014-09-26 04:00:00,70.08484649658203,26.86466407775879,22.944435119628906,104.68498229980469,154.2356414794922
2014-09-29 04:00:00,70.15987396240234,26.963533401489258,22.86264991760254,105.27507019042969,155.97134399414062
2014-09-30 04:00:00,70.21985626220703,26.62454605102539,22.690216064453125,105.22433471679688,156.2728271484375
2014-10-01 04:00:00,70.08484649658203,26.525671005249023,22.79033851623535,105.17354583740234,151.8012237548828
2014-10-02 04:00:00,70.11485290527344,26.518611907958984,22.79033851623535,105.25601196289062,150.52149963378906
2014-10-03 04:00:00,70.4073486328125,26.575115203857422,22.86264991760254,106.34101104736328,153.54425048828125
2014-10-06 04:00:00,70.4073486328125,26.645732879638672,22.96279525756836,105.87149047851562,151.8894805908203
2014-10-07 04:00:00,70.0173568725586,26.342052459716797,22.86821937561035,105.04029083251953,148.80784606933594
2014-10-08 04:00:00,71.49479675292969,26.914104461669922,23.457866668701172,107.46405029296875,152.01451110839844
2014-10-09 04:00:00,71.05982208251953,26.575115203857422,23.78607177734375,107.5401840209961,147.6090087890625
2014-10-10 04:00:00,71.02984619140625,26.327926635742188,23.658124923706055,106.91838836669922,142.76959228515625
2014-10-13 04:00:00,69.77735900878906,26.2502498626709,23.691503524780273,106.79149627685547,141.87234497070312
2014-10-14 04:00:00,70.00987243652344,27.034156799316406,24.058645248413086,108.37139892578125,144.34353637695312
2014-10-15 04:00:00,68.9823989868164,26.977659225463867,24.347898483276367,107.78768157958984,142.24014282226562
2014-10-16 04:00:00,69.3423843383789,27.13302230834961,24.45915412902832,107.80036163330078,141.38694763183594
2014-10-17 04:00:00,69.87487030029297,27.606199264526367,24.219968795776367,108.82821655273438,151.78648376464844
2014-10-20 04:00:00,70.56482696533203,27.952245712280273,24.564838409423828,109.86244201660156,149.80067443847656
2014-10-21 04:00:00,71.69731140136719,28.39715576171875,24.720603942871094,111.22025299072266,152.27926635742188
2014-10-22 04:00:00,71.2022933959961,28.25590705871582,24.89860725402832,111.80400848388672,147.4324951171875
2014-10-23 04:00:00,71.89979553222656,28.5666561126709,25.004304885864258,112.12760925292969,151.1318817138672
2014-10-24 04:00:00,72.12477111816406,28.76439666748047,25.015422821044922,111.65171813964844,148.9458770751953
2014-10-27 04:00:00,72.10980224609375,28.78558921813965,25.176734924316406,113.60594177246094,146.72166442871094
2014-10-28 04:00:00,72.29728698730469,28.997451782226562,25.115554809570312,114.04374694824219,147.52418518066406
2014-10-29 04:00:00,71.2848129272461,28.948015213012695,25.538318634033203,113.6249771118164,147.08091735839844
2014-10-30 04:00:00,74.17219543457031,28.990386962890625,25.98120880126953,114.06914520263672,158.5000457763672
2014-10-31 04:00:00,73.12224578857422,29.414121627807617,25.707536697387695,116.96240997314453,159.66954040527344
2014-11-03 05:00:00,72.64226531982422,29.541236877441406,26.210172653198242,118.37728881835938,161.13705444335938
2014-11-04 05:00:00,72.65726470947266,29.329360961914062,26.60112762451172,118.42808532714844,161.0758819580078
2014-11-05 05:00:00,73.23473358154297,29.414121627807617,26.40006446838379,118.681884765625,162.6886444091797
2014-11-06 05:00:00,74.65967559814453,29.364694595336914,26.17108726501465,118.37728881835938,164.2325897216797
2014-11-07 05:00:00,74.59968566894531,29.2446231842041,26.176671981811523,118.19966125488281,163.59059143066406
2014-11-10 05:00:00,74.47218322753906,29.435312271118164,26.30512809753418,119.36082458496094,166.64788818359375
2014-11-11 05:00:00,74.6221694946289,29.414121627807617,26.154346466064453,118.87226104736328,169.68228149414062
2014-11-12 05:00:00,74.8021469116211,28.9550724029541,25.880674362182617,117.99030303955078,169.8275604248047
2014-11-13 05:00:00,74.95967102050781,29.025705337524414,25.785724639892578,118.675537109375,169.65940856933594
2014-11-14 05:00:00,74.64468383789062,28.79265022277832,25.523237228393555,117.77458953857422,169.7510528564453
2014-11-17 05:00:00,74.65220642089844,28.96213722229004,25.72987174987793,118.14257049560547,171.4173126220703
2014-11-18 05:00:00,75.4846420288086,29.22344970703125,25.75222396850586,118.30756378173828,172.059326171875
2014-11-19 05:00:00,75.60465240478516,28.84207534790039,25.63492774963379,116.69593811035156,172.49502563476562
2014-11-20 05:00:00,75.52964782714844,28.91975975036621,25.646106719970703,116.73397064208984,170.11790466308594
2014-11-21 05:00:00,76.57211303710938,29.12458038330078,25.6684513092041,117.68572998046875,170.96640014648438
2014-11-24 05:00:00,76.84962463378906,29.301116943359375,25.863906860351562,117.4953842163086,171.59312438964844
2014-11-25 05:00:00,78.1245346069336,29.37880516052246,25.908599853515625,117.63496398925781,173.14471435546875
2014-11-26 05:00:00,78.52203369140625,29.66128921508789,26.033632278442383,118.41542053222656,173.0912322998047
2014-11-28 05:00:00,78.7545166015625,29.859041213989258,26.050447463989258,119.0499267578125,173.63389587402344
2014-12-01 05:00:00,77.61455535888672,29.880224227905273,26.050447463989258,118.18067169189453,171.34854125976562
2014-12-02 05:00:00,76.474609375,30.120346069335938,26.078489303588867,118.00299072265625,172.28860473632812
2014-12-03 05:00:00,76.25711822509766,30.16271209716797,25.94952964782715,118.09818267822266,174.16896057128906
2014-12-04 05:00:00,76.20463562011719,30.042654037475586,25.882251739501953,117.69841003417969,176.13328552246094
2014-12-05 05:00:00,75.40214538574219,30.07090950012207,25.51779556274414,117.10198974609375,177.08103942871094
2014-12-08 05:00:00,75.57464599609375,30.22627830505371,25.495351791381836,117.71746826171875,175.04029846191406
2014-12-09 05:00:00,75.58214569091797,30.332210540771484,25.54021644592285,117.95856475830078,175.68995666503906
2014-12-10 05:00:00,75.12462615966797,30.141529083251953,25.64113998413086,117.79988861083984,175.59059143066406
2014-12-11 05:00:00,74.95967102050781,30.289825439453125,26.072891235351562,117.93421936035156,177.5166778564453
2014-12-12 05:00:00,74.21435546875,29.83078956604004,26.106531143188477,116.44461822509766,172.99192810058594
2014-12-15 05:00:00,73.3636703491211,29.38949203491211,26.061660766601562,115.12123107910156,169.5752716064453
2014-12-16 05:00:00,72.10640716552734,29.446422576904297,26.106531143188477,114.34129333496094,168.1689453125
2014-12-17 05:00:00,73.13028717041016,30.16533660888672,26.717695236206055,116.91131591796875,171.7230682373047
2014-12-18 05:00:00,74.21435546875,30.350387573242188,26.9195556640625,118.49042510986328,174.42115783691406
2014-12-19 05:00:00,74.92955780029297,30.25075340270996,27.250362396240234,118.24105834960938,178.9307098388672
2014-12-22 05:00:00,75.79529571533203,30.869985580444336,27.62042999267578,120.51063537597656,178.54859924316406
2014-12-23 05:00:00,75.77273559570312,30.948286056518555,27.525108337402344,120.58097076416016,177.3103485107422
2014-12-24 05:00:00,75.84803771972656,30.684919357299805,27.710153579711914,119.82656860351562,178.21229553222656
2014-12-26 05:00:00,75.76521301269531,30.934053421020508,27.648473739624023,120.16539001464844,177.90652465820312
2014-12-29 05:00:00,75.7576675415039,30.96964454650879,27.794252395629883,121.05403900146484,175.7816619873047
2014-12-30 05:00:00,75.53935241699219,31.062170028686523,27.52581787109375,120.58731842041016,175.55235290527344
2014-12-31 05:00:00,74.41764068603516,30.627981185913086,26.8504638671875,118.17711639404297,173.29757690429688
2015-01-02 05:00:00,75.03494262695312,30.912704467773438,27.362598419189453,119.69871520996094,173.2364501953125
2015-01-05 05:00:00,73.95087432861328,30.891347885131836,27.925386428833008,120.26130676269531,171.45553588867188
2015-01-06 05:00:00,73.75511932373047,30.99810791015625,28.291181564331055,122.31350708007812,167.7179718017578
2015-01-07 05:00:00,74.53055572509766,31.46788215637207,28.752681732177734,124.81964111328125,168.26828002929688
2015-01-08 05:00:00,75.22315979003906,31.47501564025879,27.9929141998291,126.52014923095703,170.2784423828125
2015-01-09 05:00:00,74.83919525146484,31.425188064575195,28.324970245361328,126.90372467041016,165.77655029296875
2015-01-12 05:00:00,74.51548767089844,31.7454776763916,28.71890640258789,126.67999267578125,165.76885986328125
2015-01-13 05:00:00,73.6873779296875,31.11199951171875,28.775178909301758,127.1722640991211,166.0516815185547
2015-01-14 05:00:00,73.22062683105469,31.119102478027344,29.095977783203125,127.10835266113281,167.29757690429688
2015-01-15 05:00:00,72.48282623291016,31.154706954956055,29.382991790771484,127.50472259521484,166.78549194335938
2015-01-16 05:00:00,73.34110260009766,31.425188064575195,29.703784942626953,129.30117797851562,168.33706665039062
2015-01-20 05:00:00,73.12276458740234,31.20453643798828,29.681278228759766,129.5121612548828,169.988037109375
2015-01-21 05:00:00,72.83666229248047,31.339771270751953,29.686906814575195,128.50840759277344,170.76766967773438
2015-01-22 05:00:00,74.40257263183594,32.1156120300293,29.934511184692383,131.19998168945312,175.147216796875
2015-01-23 05:00:00,74.98224639892578,32.250850677490234,30.13150405883789,129.62088012695312,176.25555419921875
2015-01-26 05:00:00,76.6083984375,32.63520812988281,30.79558753967285,130.66934204101562,175.345947265625
2015-01-27 05:00:00,75.57698822021484,33.546287536621094,30.981307983398438,130.84829711914062,169.6059112548828
2015-01-28 05:00:00,74.44021606445312,33.04093551635742,31.009450912475586,129.62721252441406,165.93707275390625
2015-01-29 05:00:00,74.09391021728516,32.91280746459961,31.138778686523438,130.5414581298828,169.6211395263672
2015-01-30 05:00:00,72.98723602294922,32.12983322143555,30.670053482055664,128.3997802734375,165.7535858154297
2015-02-02 05:00:00,73.66478729248047,32.13697052001953,30.235218048095703,128.98158264160156,166.6249237060547
2015-02-03 05:00:00,74.59830474853516,32.18680191040039,30.09968376159668,129.79986572265625,170.90524291992188
2015-02-04 05:00:00,73.66478729248047,32.15119934082031,29.828615188598633,129.56329345703125,169.77395629882812
2015-02-05 05:00:00,74.97471618652344,32.59251022338867,30.1279239654541,132.18450927734375,172.58680725097656
2015-02-06 05:00:00,72.06877136230469,31.77395248413086,28.710447311401367,130.720458984375,167.7179718017578
2015-02-09 05:00:00,72.79903411865234,31.80243682861328,28.89116859436035,129.52499389648438,166.0899658203125
2015-02-10 05:00:00,72.55061340332031,31.944782257080078,28.964582443237305,130.2154083251953,168.01605224609375
2015-02-11 05:00:00,72.241943359375,31.610248565673828,28.998472213745117,129.67196655273438,168.97145080566406
2015-02-12 05:00:00,72.24948120117188,31.866483688354492,29.19048500061035,130.28573608398438,174.06959533691406
2015-02-13 05:00:00,72.57319641113281,31.183176040649414,29.371192932128906,129.53128051757812,174.0389862060547
2015-02-17 05:00:00,72.43766784667969,31.11199951171875,29.24129867553711,129.86376953125,172.11289978027344
2015-02-18 05:00:00,72.4226303100586,31.28993797302246,29.73260498046875,129.88299560546875,174.96383666992188
2015-02-19 05:00:00,71.7149658203125,30.499866485595703,29.02106285095215,127.08917999267578,175.345947265625
2015-02-20 05:00:00,72.67103576660156,30.620866775512695,29.348594665527344,127.97785186767578,179.90908813476562
2015-02-23 05:00:00,73.27333068847656,30.934053421020508,29.60270118713379,128.50840759277344,178.05941772460938
2015-02-24 05:00:00,71.2557373046875,30.385984420776367,28.727434158325195,126.90372467041016,177.45553588867188
2015-02-25 05:00:00,73.66478729248047,30.535457611083984,28.857290267944336,126.76312255859375,174.56639099121094
2015-02-26 05:00:00,74.44021606445312,30.200916290283203,28.233219146728516,125.79136657714844,173.04534912109375
2015-02-27 05:00:00,74.63593292236328,30.40020751953125,28.374916076660156,126.08546447753906,171.34854125976562
2015-03-02 05:00:00,74.83168029785156,30.393102645874023,28.7093505859375,126.29644012451172,170.93577575683594
2015-03-03 05:00:00,73.98851013183594,30.35751724243164,28.652666091918945,125.8936538696289,169.00962829589844
2015-03-04 05:00:00,74.19928741455078,30.16533660888672,28.53364372253418,124.78124237060547,171.08103942871094
2015-03-05 05:00:00,74.71125793457031,30.364625930786133,28.79437828063965,125.04975891113281,179.08358764648438
2015-03-06 05:00:00,72.73128509521484,29.467784881591797,27.621049880981445,120.28688049316406,180.01608276367188
2015-03-09 04:00:00,72.70869445800781,29.510486602783203,27.904468536376953,120.16539001464844,178.02987670898438
2015-03-10 04:00:00,71.19550323486328,29.289827346801758,27.927141189575195,119.3279037475586,175.25833129882812
2015-03-11 04:00:00,71.24066925048828,29.695552825927734,28.07452392578125,118.82281494140625,174.77340698242188
2015-03-12 04:00:00,72.47530364990234,30.293453216552734,28.420259475708008,121.25135803222656,178.21463012695312
2015-03-13 04:00:00,70.94705963134766,30.21515655517578,28.369264602661133,121.63785552978516,177.44476318359375
2015-03-16 04:00:00,71.22563171386719,30.72484016418457,28.681007385253906,122.8875503540039,181.7944793701172
2015-03-17 04:00:00,70.85671997070312,30.710472106933594,28.658323287963867,122.51388549804688,180.34707641601562
2015-03-18 04:00:00,71.90316772460938,31.22734832763672,29.480226516723633,124.7942886352539,182.07936096191406
2015-03-19 04:00:00,71.2105484008789,31.356552124023438,29.6106014251709,125.12278747558594,181.6096649169922
2015-03-20 04:00:00,73.54432678222656,31.866252899169922,30.409807205200195,128.26629638671875,183.95774841308594
2015-03-23 04:00:00,73.5067138671875,32.11033248901367,30.302120208740234,129.8380889892578,183.72682189941406
2015-03-24 04:00:00,73.14533233642578,31.859071731567383,29.803316116333008,128.4337615966797,178.09915161132812
2015-03-25 04:00:00,71.87308502197266,31.313480377197266,29.327184677124023,126.79119110107422,176.1898956298828
2015-03-26 04:00:00,71.66976928710938,30.918655395507812,29.04945182800293,126.63014221191406,175.4200439453125
2015-03-27 04:00:00,72.30217742919922,30.897136688232422,28.941747665405273,127.20989990234375,176.85968017578125
2015-03-30 04:00:00,72.39250946044922,31.55756378173828,29.3741397857666,128.31141662597656,180.31631469726562
2015-03-31 04:00:00,70.87930297851562,31.270442962646484,29.357084274291992,126.99081420898438,179.26162719726562
2015-04-01 04:00:00,72.61833190917969,31.148393630981445,29.28879737854004,126.22432708740234,179.83128356933594
2015-04-02 04:00:00,72.8592758178711,31.291963577270508,29.613094329833984,127.10039520263672,181.3787384033203
2015-04-06 04:00:00,73.8078384399414,31.851898193359375,28.765377044677734,128.42735290527344,181.03228759765625
2015-04-07 04:00:00,72.92700958251953,31.119659423828125,28.816593170166016,126.93289947509766,180.37025451660156
2015-04-08 04:00:00,72.98749542236328,31.22734832763672,28.765377044677734,126.900634765625,184.06556701660156
2015-04-09 04:00:00,72.08773040771484,30.416156768798828,28.082651138305664,125.05192565917969,184.8123016357422
2015-04-10 04:00:00,71.88357543945312,30.502302169799805,28.16799545288086,124.76848602294922,184.4966583251953
2015-04-13 04:00:00,71.66429901123047,30.459226608276367,27.946107864379883,123.32560729980469,184.58905029296875
2015-04-14 04:00:00,71.4526138305664,30.753559112548828,28.412647247314453,123.72492980957031,185.91322326660156
2015-04-15 04:00:00,71.9592056274414,30.688949584960938,28.076967239379883,123.00350952148438,185.68222045898438
2015-04-16 04:00:00,73.1613998413086,30.846881866455078,28.088340759277344,123.42864227294922,185.96710205078125
2015-04-17 04:00:00,72.6623764038086,30.78227424621582,28.025745391845703,122.43660736083984,181.7944793701172
2015-04-20 04:00:00,72.46578216552734,30.904300689697266,27.934736251831055,123.41573333740234,184.6660919189453
2015-04-21 04:00:00,71.81551361083984,30.696121215820312,28.082651138305664,123.44795989990234,187.67623901367188
2015-04-22 04:00:00,72.52628326416016,30.408973693847656,28.17366600036621,124.20165252685547,188.44606018066406
2015-04-23 04:00:00,72.61701965332031,30.552555084228516,28.099721908569336,124.34976959228516,190.1012420654297
2015-04-24 04:00:00,72.07263946533203,30.552555084228516,28.088340759277344,124.7104721069336,189.4391632080078
2015-04-27 04:00:00,71.97430419921875,30.473594665527344,28.008697509765625,124.4399642944336,188.4999237060547
2015-04-28 04:00:00,72.40531921386719,30.31565284729004,27.89490509033203,124.00837707519531,189.6779327392578
2015-04-29 04:00:00,70.70404052734375,29.490108489990234,27.312326431274414,121.47038269042969,188.46145629882812
2015-04-30 04:00:00,71.47528076171875,28.85837173461914,26.826873779296875,121.04520416259766,197.030029296875
2015-05-01 04:00:00,70.68134307861328,29.016294479370117,26.844005584716797,122.47529602050781,199.30104064941406
2015-05-04 04:00:00,71.55846405029297,28.980409622192383,26.941091537475586,123.13230895996094,199.4935302734375
2015-05-05 04:00:00,70.31841278076172,28.363046646118164,26.312822341918945,120.81327056884766,197.9923095703125
2015-05-06 04:00:00,70.21258544921875,28.43484115600586,26.227149963378906,120.69093322753906,198.83914184570312
2015-05-07 04:00:00,70.79479217529297,28.879911422729492,26.564130783081055,123.55745697021484,201.7030487060547
2015-05-08 04:00:00,71.79283905029297,29.253206253051758,27.04390525817871,126.59797668457031,206.26828002929688
2015-05-11 04:00:00,70.80990600585938,29.030664443969727,26.57554054260254,125.07124328613281,202.79615783691406
2015-05-12 04:00:00,70.77208709716797,28.96605682373047,26.775447845458984,126.37889862060547,199.6244354248047
2015-05-13 04:00:00,70.27305603027344,28.650197982788086,26.427066802978516,124.47213745117188,199.91697692871094
2015-05-14 04:00:00,71.6869888305664,28.908632278442383,27.02105140686035,127.14549255371094,201.24880981445312
2015-05-15 04:00:00,72.21627807617188,29.238847732543945,27.35802459716797,128.8782958984375,200.47125244140625
2015-05-18 04:00:00,71.98184967041016,29.13117790222168,27.123849868774414,128.49818420410156,201.92628479003906
2015-05-19 04:00:00,72.17086791992188,29.10963249206543,27.02105140686035,126.99732208251953,202.996337890625
2015-05-20 04:00:00,71.31649780273438,29.253206253051758,27.04390525817871,126.35313415527344,207.784912109375
2015-05-21 04:00:00,70.99893188476562,28.95170783996582,26.832557678222656,125.51573944091797,206.49159240722656
2015-05-22 04:00:00,71.33917236328125,28.915800094604492,26.82113265991211,125.67033386230469,207.63040161132812
2015-05-26 04:00:00,71.53578186035156,28.67891502380371,26.495582580566406,124.86515808105469,206.67745971679688
2015-05-27 04:00:00,71.95164489746094,28.980409622192383,26.524147033691406,126.37246704101562,209.18763732910156
2015-05-28 04:00:00,71.5281982421875,28.901456832885742,26.403718948364258,125.9473648071289,208.5523681640625
2015-05-29 04:00:00,70.15966033935547,28.420486450195312,26.1341552734375,124.67184448242188,207.6846466064453
2015-06-01 04:00:00,71.24844360351562,28.80094337463379,26.32915687561035,126.462646484375,209.29612731933594
2015-06-02 04:00:00,71.1879653930664,28.836833953857422,26.266069412231445,125.71541595458984,208.36642456054688
2015-06-03 04:00:00,70.07647705078125,28.67891502380371,25.950660705566406,124.3368911743164,206.1894073486328
2015-06-04 04:00:00,71.5811538696289,28.757884979248047,26.151371002197266,123.48020935058594,203.80322265625
2015-06-05 04:00:00,69.95550537109375,28.70045280456543,25.950660705566406,121.23197937011719,203.79542541503906
2015-06-08 04:00:00,70.18988037109375,28.571231842041016,26.162841796875,120.42034912109375,202.55584716796875
2015-06-09 04:00:00,69.61524963378906,28.303192138671875,25.81301498413086,119.77620697021484,199.73580932617188
2015-06-10 04:00:00,70.0915756225586,28.53501319885254,25.899036407470703,120.60718536376953,201.71917724609375
2015-06-11 04:00:00,70.63600158691406,28.723356246948242,26.145648956298828,121.47828674316406,202.1529998779297
2015-06-12 04:00:00,70.46964263916016,28.46256446838379,26.002260208129883,121.38077545166016,201.99032592773438
2015-06-15 04:00:00,70.08979797363281,28.274213790893555,25.847427368164062,120.65267944335938,198.22508239746094
2015-06-16 04:00:00,70.8494873046875,28.39737319946289,25.985074996948242,121.97880554199219,198.10110473632812
2015-06-17 04:00:00,71.50285339355469,28.542245864868164,26.33488655090332,122.77842712402344,199.20123291015625
2015-06-18 04:00:00,73.06780242919922,28.795801162719727,26.747821807861328,125.11214447021484,202.47837829589844
2015-06-19 04:00:00,72.90827178955078,28.46980857849121,26.42090606689453,124.17605590820312,203.59405517578125
2015-06-22 04:00:00,72.77153778076172,28.41185760498047,26.088294982910156,122.43386840820312,201.46343994140625
2015-06-23 04:00:00,73.1209716796875,28.107601165771484,25.870365142822266,121.35477447509766,200.8591766357422
2015-06-24 04:00:00,72.23217010498047,27.977205276489258,25.681116104125977,120.23664855957031,198.4187469482422
2015-06-25 04:00:00,71.97386932373047,27.60775375366211,25.47466278076172,119.36557006835938,198.7906036376953
2015-06-26 04:00:00,71.59400177001953,27.701934814453125,25.772851943969727,120.55516815185547,200.55697631835938
2015-06-29 04:00:00,70.60640716552734,26.919546127319336,25.554031372070312,118.94952392578125,193.9407501220703
2015-06-30 04:00:00,70.872314453125,26.87608528137207,25.565536499023438,119.85309600830078,196.7841033935547
2015-07-01 04:00:00,71.41928100585938,27.3831787109375,25.974458694458008,121.60829162597656,198.0545654296875
2015-07-02 04:00:00,72.10301971435547,27.477354049682617,26.141475677490234,121.71879577636719,197.82223510742188
2015-07-06 04:00:00,72.15618896484375,27.4483699798584,26.452463150024414,122.45986938476562,197.95391845703125
2015-07-07 04:00:00,72.64997863769531,28.0351505279541,26.68283462524414,125.25519561767578,199.4956512451172
2015-07-08 04:00:00,71.77633666992188,27.680187225341797,26.648273468017578,125.64519500732422,198.60470581054688
2015-07-09 04:00:00,71.70796203613281,27.709165573120117,26.46399688720703,125.93775939941406,198.8603057861328
2015-07-10 04:00:00,72.49047088623047,27.940980911254883,26.700117111206055,127.4979019165039,200.48733520507812
2015-07-13 04:00:00,72.70316314697266,28.143815994262695,26.58493423461914,127.86845397949219,201.3860626220703
2015-07-14 04:00:00,72.5360336303711,28.17280387878418,26.75196647644043,128.50546264648438,202.261474609375
2015-07-15 04:00:00,72.89308166503906,28.252487182617188,26.901695251464844,129.20106506347656,201.277587890625
2015-07-16 04:00:00,74.31372833251953,28.614688873291016,27.18389320373535,130.13719177246094,203.07493591308594
2015-07-17 04:00:00,73.65277862548828,28.614688873291016,27.062946319580078,128.97352600097656,204.1440887451172
2015-07-20 04:00:00,73.73638153076172,28.723356246948242,27.178123474121094,130.1046905517578,209.3657989501953
2015-07-21 04:00:00,73.65277862548828,29.20149040222168,27.0687198638916,130.55325317382812,208.2812042236328
2015-07-22 04:00:00,73.3413314819336,29.078323364257812,27.224225997924805,130.9822998046875,208.83123779296875
2015-07-23 04:00:00,74.45046997070312,28.918949127197266,26.9420108795166,130.72874450683594,208.7073211669922
2015-07-24 04:00:00,73.53123474121094,28.875490188598633,27.11478614807129,131.26829528808594,213.8748321533203
2015-07-27 04:00:00,73.29572296142578,28.940689086914062,27.195417404174805,131.9118194580078,214.32415771484375
2015-07-28 04:00:00,73.44764709472656,29.237701416015625,27.31060218811035,132.23037719726562,216.30751037597656
2015-07-29 04:00:00,73.17420196533203,29.440542221069336,27.54673194885254,131.91836547851562,216.322998046875
2015-07-30 04:00:00,72.1333999633789,29.121784210205078,27.529399871826172,131.97683715820312,218.92616271972656
2015-07-31 04:00:00,72.25493621826172,29.418806076049805,27.922582626342773,133.3810577392578,216.08279418945312
2015-08-03 04:00:00,72.44486999511719,29.440542221069336,28.205904006958008,133.60203552246094,219.16622924804688
2015-08-04 04:00:00,73.02224731445312,29.302898406982422,27.835845947265625,133.51104736328125,216.95823669433594
2015-08-05 04:00:00,73.41728210449219,29.324634552001953,27.396398544311523,133.6735382080078,217.2760009765625
2015-08-06 04:00:00,74.72396087646484,29.476762771606445,27.483142852783203,134.88270568847656,216.92730712890625
2015-08-07 04:00:00,75.70398712158203,29.527467727661133,27.44264793395996,135.74075317382812,217.22947692871094
2015-08-10 04:00:00,76.34214782714844,29.505735397338867,27.384822845458984,134.85667419433594,216.99703979492188
2015-08-11 04:00:00,76.72958374023438,29.802749633789062,27.436874389648438,135.9292449951172,216.48570251464844
2015-08-12 04:00:00,75.94709014892578,29.831722259521484,27.535167694091797,136.85888671875,217.19847106933594
2015-08-13 04:00:00,76.15983581542969,29.8824405670166,27.488910675048828,138.17202758789062,218.6549835205078
2015-08-14 04:00:00,76.79035186767578,29.95487403869629,27.662382125854492,138.93911743164062,220.336181640625
2015-08-17 04:00:00,77.07142639160156,30.382287979125977,27.766462326049805,139.99224853515625,220.42132568359375
2015-08-18 04:00:00,76.34214782714844,30.60686492919922,28.020889282226562,140.96734619140625,222.67587280273438
2015-08-19 04:00:00,76.27374267578125,30.505441665649414,27.783823013305664,140.973876953125,221.25811767578125
2015-08-20 04:00:00,75.09625244140625,30.143230438232422,27.812713623046875,139.96621704101562,216.89630126953125
2015-08-21 04:00:00,73.46287536621094,29.455018997192383,27.535167694091797,138.14601135253906,210.19480895996094
2015-08-24 04:00:00,69.84671783447266,27.586021423339844,26.494367599487305,131.45034790039062,199.2102813720703
2015-08-25 04:00:00,68.00062561035156,26.405202865600586,25.71375846862793,128.0374755859375,195.76451110839844
2015-08-26 04:00:00,69.53520202636719,27.187591552734375,26.2919921875,132.09388732910156,203.31871032714844
2015-08-27 04:00:00,71.31291961669922,28.049646377563477,26.806608200073242,135.22071838378906,207.48182678222656
2015-08-28 04:00:00,70.99384307861328,28.17280387878418,26.673051834106445,134.0181121826172,209.53993225097656
2015-08-31 04:00:00,70.03662109375,27.52806282043457,25.94730567932129,130.8392333984375,210.3117218017578
2015-09-01 04:00:00,68.39566802978516,26.76017951965332,25.51185417175293,129.3636016845703,204.9325408935547
2015-09-02 04:00:00,69.26173400878906,27.122385025024414,25.680225372314453,131.54132080078125,210.45213317871094
2015-09-03 04:00:00,69.14775848388672,27.390422821044922,25.645383834838867,132.1263885498047,213.95240783691406
2015-09-04 04:00:00,67.62837982177734,26.571828842163086,25.18670654296875,129.7211151123047,210.39749145507812
2015-09-08 04:00:00,68.41087341308594,26.999225616455078,25.726686477661133,132.5359344482422,217.72572326660156
2015-09-09 04:00:00,67.38529968261719,26.441431045532227,25.529268264770508,130.169677734375,219.06661987304688
2015-09-10 04:00:00,67.09660339355469,26.622529983520508,25.66280746459961,130.15020751953125,222.29420471191406
2015-09-11 04:00:00,67.8106918334961,26.970256805419922,26.173742294311523,132.5629425048828,225.78675842285156
2015-09-14 04:00:00,67.4840316772461,26.948530197143555,26.33050537109375,132.22850036621094,225.84910583496094
2015-09-15 04:00:00,68.03104400634766,27.339723587036133,26.591764450073242,133.6972198486328,226.1219940185547
2015-09-16 04:00:00,68.82872009277344,27.61061668395996,26.87047004699707,134.71340942382812,226.5273895263672
2015-09-17 04:00:00,69.52761840820312,27.96207046508789,27.224645614624023,135.98538208007812,226.13763427734375
2015-09-18 04:00:00,68.7451400756836,27.932777404785156,27.572999954223633,135.69688415527344,222.5825958251953
2015-09-21 04:00:00,69.02001190185547,28.306194305419922,27.67751693725586,137.3686981201172,227.6577606201172
2015-09-22 04:00:00,67.99681854248047,27.925458908081055,27.369794845581055,135.8739013671875,224.8745880126953
2015-09-23 04:00:00,67.73721313476562,28.145111083984375,27.480106353759766,136.63442993164062,225.2175750732422
2015-09-24 04:00:00,67.21797943115234,27.830276489257812,27.271093368530273,134.83798217773438,218.0297088623047
2015-09-25 04:00:00,67.83647155761719,28.306194305419922,27.323354721069336,137.1982879638672,217.74127197265625
2015-09-28 04:00:00,66.59185028076172,27.83759880065918,27.079492568969727,135.82798767089844,210.87306213378906
2015-09-29 04:00:00,66.43912506103516,28.364776611328125,27.46485137939453,137.1982879638672,209.69589233398438
2015-09-30 04:00:00,67.17980194091797,28.481914520263672,27.628093719482422,138.7521514892578,213.1416778564453
2015-10-01 04:00:00,67.4852066040039,28.76014518737793,27.604772567749023,140.27322387695312,215.52725219726562
2015-10-02 04:00:00,68.523681640625,29.192138671875,26.81772232055664,141.75497436523438,217.9595489501953
2015-10-05 04:00:00,71.3642349243164,29.682706832885742,27.46485137939453,144.31195068359375,220.9688262939453
2015-10-06 04:00:00,71.29550170898438,29.682706832885742,27.394880294799805,142.37120056152344,220.2064666748047
2015-10-07 04:00:00,71.95980834960938,29.836467742919922,27.65141487121582,142.33193969726562,215.22747802734375
2015-10-08 04:00:00,72.97535705566406,30.18789291381836,27.779653549194336,143.4268035888672,216.7926025390625
2015-10-09 04:00:00,72.49431610107422,30.3197021484375,27.84962272644043,142.3909454345703,218.85235595703125
2015-10-12 04:00:00,72.38741302490234,30.68578338623047,28.076997756958008,143.76123046875,221.02561950683594
2015-10-13 04:00:00,71.5474624633789,30.23916244506836,28.030349731445312,142.31222534179688,220.328125
2015-10-14 04:00:00,71.05878448486328,29.98288345336914,27.797157287597656,142.30567932128906,222.76097106933594
2015-10-15 04:00:00,72.27288818359375,30.385602951049805,28.28104591369629,143.9578857421875,227.13998413085938
2015-10-16 04:00:00,73.40298461914062,30.517385482788086,28.339324951171875,145.0987091064453,232.16763305664062
2015-10-19 04:00:00,73.90692901611328,30.97134017944336,28.496753692626953,148.1211700439453,235.7438507080078
2015-10-20 04:00:00,73.99858856201172,31.30813980102539,28.543386459350586,148.9210205078125,237.892822265625
2015-10-21 04:00:00,73.34954071044922,31.33011245727539,28.496753692626953,149.1111297607422,237.0170135498047
2015-10-22 04:00:00,75.95335388183594,31.637632369995117,29.260469436645508,150.8158721923828,238.91448974609375
2015-10-23 04:00:00,75.72428894042969,31.505834579467773,29.091400146484375,150.73056030273438,239.0929412841797
2015-10-26 04:00:00,75.99917602539062,31.652267456054688,29.29545021057129,151.19606018066406,244.25045776367188
2015-10-27 04:00:00,75.80062103271484,31.57172203063965,29.330425262451172,152.7236785888672,240.1066131591797
2015-10-28 04:00:00,77.0223388671875,31.740123748779297,29.499500274658203,151.8451385498047,238.89031982421875
2015-10-29 04:00:00,77.85465240478516,31.601016998291016,29.072885513305664,150.074951171875,237.5279083251953
2015-10-30 04:00:00,78.0608139038086,31.28618812561035,28.944143295288086,150.44210815429688,240.58502197265625
2015-11-02 05:00:00,79.4581527709961,31.981739044189453,29.605419158935547,154.24478149414062,246.18051147460938
2015-11-03 05:00:00,78.86259460449219,31.666919708251953,29.342069625854492,153.19578552246094,242.71780395507812
2015-11-04 05:00:00,78.0608139038086,31.608341217041016,28.938295364379883,151.87796020507812,240.02561950683594
2015-11-05 05:00:00,77.0223388671875,31.59369659423828,29.26014518737793,152.1729736328125,239.8714599609375
2015-11-06 05:00:00,74.85379791259766,30.656492233276367,27.779582977294922,148.92758178710938,235.4681396484375
2015-11-09 05:00:00,74.15129089355469,29.91699981689453,27.147563934326172,148.90135192871094,237.11439514160156
2015-11-10 05:00:00,74.16655731201172,30.122011184692383,27.469436645507812,150.38314819335938,241.28256225585938
2015-11-11 05:00:00,74.54073333740234,30.268447875976562,27.762025833129883,150.03565979003906,240.7797393798828
2015-11-12 05:00:00,74.33454895019531,30.063432693481445,27.762025833129883,149.7667694091797,239.01190185546875
2015-11-13 05:00:00,73.59386444091797,29.997533798217773,27.762025833129883,148.34408569335938,236.03585815429688
2015-11-16 05:00:00,74.8690414428711,30.605236053466797,28.20093536376953,150.3568878173828,239.53907775878906
2015-11-17 05:00:00,75.0981216430664,30.458789825439453,28.34722137451172,151.72059631347656,242.52325439453125
2015-11-18 05:00:00,76.09839630126953,30.949382781982422,28.803701400756836,152.58602905273438,237.67388916015625
2015-11-19 05:00:00,76.0755386352539,30.96401596069336,28.8914794921875,153.62197875976562,232.0136260986328
2015-11-20 05:00:00,76.73219299316406,31.55708885192871,29.067039489746094,155.17576599121094,242.14210510253906
2015-11-23 05:00:00,76.31221771240234,31.644956588745117,29.096298217773438,155.4118194580078,241.4365692138672
2015-11-24 05:00:00,75.7929916381836,31.732810974121094,28.938295364379883,155.92979431152344,237.77117919921875
2015-11-25 05:00:00,75.66316223144531,31.659597396850586,29.03191375732422,156.91976928710938,239.3281707763672
2015-11-27 05:00:00,76.11367797851562,31.923171997070312,29.390871047973633,157.87705993652344,241.45269775390625
2015-11-30 05:00:00,75.88461303710938,31.30082893371582,29.15000343322754,157.39186096191406,240.4391326904297
2015-12-01 05:00:00,77.25141906738281,31.974428176879883,29.737464904785156,159.39151000976562,243.7882537841797
2015-12-02 05:00:00,75.94570922851562,31.00794792175293,29.144121170043945,157.4508514404297,243.0016632080078
2015-12-03 05:00:00,74.74687957763672,30.37095069885254,28.656532287597656,155.274169921875,239.40113830566406
2015-12-04 05:00:00,74.48725128173828,31.26421546936035,29.37911033630371,158.5982208251953,244.25045776367188
2015-12-07 05:00:00,74.59416198730469,31.234926223754883,29.531862258911133,159.417724609375,242.67654418945312
2015-12-08 05:00:00,73.97566986083984,31.07384490966797,29.455480575561523,161.41741943359375,243.1005859375
2015-12-09 05:00:00,72.95246124267578,30.84687042236328,29.15000343322754,159.16200256347656,243.21475219726562
2015-12-10 05:00:00,72.59358978271484,30.744365692138672,28.750524520874023,157.94259643554688,241.1027374267578
2015-12-11 05:00:00,71.5322036743164,30.61130714416504,28.58016586303711,159.77159118652344,236.44615173339844
2015-12-14 05:00:00,72.18465423583984,30.5225887298584,28.985506057739258,164.472900390625,239.3900146484375
2015-12-15 05:00:00,73.38976287841797,30.722183227539062,29.337989807128906,162.96742248535156,236.51133728027344
2015-12-16 05:00:00,74.84053802490234,31.28399658203125,30.095821380615234,164.9681396484375,240.97213745117188
2015-12-17 05:00:00,73.75825500488281,31.047449111938477,29.960712432861328,163.46263122558594,239.2759246826172
2015-12-18 05:00:00,72.6145248413086,30.81828498840332,30.007694244384766,164.2418212890625,235.96495056152344
2015-12-21 05:00:00,73.35139465332031,30.973527908325195,30.007694244384766,165.496337890625,241.17599487304688
2015-12-22 05:00:00,74.01150512695312,31.09918975830078,30.06642723083496,164.0767059326172,242.146484375
2015-12-23 05:00:00,75.60814666748047,31.335729598999023,30.260311126708984,164.16917419433594,242.4889678955078
2015-12-24 05:00:00,75.33180236816406,31.387474060058594,30.13694190979004,163.9182891845703,242.3584747314453
2015-12-28 05:00:00,75.50835418701172,31.72014045715332,30.40128517150879,165.8462677001953,245.3922119140625
2015-12-29 05:00:00,76.30663299560547,32.20803451538086,30.65392303466797,166.53305053710938,248.7112579345703
2015-12-30 05:00:00,75.30110168457031,31.964088439941406,30.61322593688965,165.3775177001953,246.84373474121094
2015-12-31 05:00:00,74.41835021972656,31.72752571105957,30.442230224609375,163.55506896972656,246.6072540283203
2016-01-04 05:00:00,74.22647094726562,30.973527908325195,30.17690658569336,161.35629272460938,241.4533233642578
2016-01-05 05:00:00,75.69257354736328,31.624034881591797,30.831396102905273,165.91232299804688,247.430908203125
2016-01-06 05:00:00,75.4239273071289,31.45401954650879,31.014177322387695,166.176513671875,252.09561157226562
2016-01-07 05:00:00,73.54330444335938,30.633481979370117,30.47762107849121,164.44647216796875,247.3330841064453
2016-01-08 05:00:00,72.33052825927734,30.35995864868164,30.171024322509766,163.24478149414062,252.63389587402344
2016-01-11 05:00:00,72.52240753173828,30.323007583618164,30.819599151611328,164.85586547851562,255.15365600585938
2016-01-12 05:00:00,72.52240753173828,30.079072952270508,30.91391372680664,165.18605041503906,256.81732177734375
2016-01-13 05:00:00,70.73390197753906,29.93861198425293,30.56606101989746,164.64456176757812,249.2005615234375
2016-01-14 05:00:00,70.77996826171875,29.310264587402344,30.80780029296875,164.8954315185547,253.6124725341797
2016-01-15 05:00:00,67.84774780273438,28.68931770324707,30.772430419921875,164.1163330078125,247.25149536132812
2016-01-19 05:00:00,69.7821044921875,28.85933494567871,31.255905151367188,165.36427307128906,240.66226196289062
2016-01-20 05:00:00,68.31597137451172,27.65439796447754,30.583757400512695,158.66229248046875,240.0506591796875
2016-01-21 05:00:00,69.09893035888672,27.890949249267578,30.967002868652344,159.17066955566406,236.31564331054688
2016-01-22 05:00:00,71.5782699584961,28.526689529418945,31.863222122192383,163.5749053955078,242.2443084716797
2016-01-25 05:00:00,69.94329071044922,28.253173828125,31.774791717529297,163.4296112060547,244.5928955078125
2016-01-26 05:00:00,70.97953033447266,29.458114624023438,32.54720687866211,167.364990234375,247.61854553222656
2016-01-27 05:00:00,71.01025390625,29.177204132080078,32.47642135620117,163.87200927734375,244.2994842529297
2016-01-28 05:00:00,71.01025390625,28.741064071655273,32.46993637084961,164.45309448242188,244.82945251464844
2016-01-29 05:00:00,72.41493225097656,29.177204132080078,33.01432800292969,167.4244384765625,253.26988220214844
2016-02-01 05:00:00,71.46311950683594,29.177204132080078,33.52325439453125,167.76779174804688,253.97938537597656
2016-02-02 05:00:00,70.11982727050781,29.02935028076172,33.86056900024414,168.52047729492188,254.91725158691406
2016-02-03 05:00:00,69.45970153808594,29.214168548583984,33.937503814697266,167.12733459472656,252.43003845214844
2016-02-04 05:00:00,69.92025756835938,29.258535385131836,34.01443099975586,162.57781982421875,251.54107666015625
2016-02-05 05:00:00,68.19316864013672,29.007192611694336,33.07350540161133,156.57577514648438,235.222900390625
2016-02-08 05:00:00,65.56031799316406,27.83182716369629,33.23922348022461,151.1943817138672,219.23904418945312
2016-02-09 05:00:00,65.68313598632812,27.647010803222656,33.351661682128906,153.7959442138672,216.1483612060547
2016-02-10 05:00:00,65.8903579711914,27.573081970214844,33.60020446777344,155.7437744140625,222.9087677001953
2016-02-11 05:00:00,64.21701049804688,26.29422950744629,35.57666778564453,155.05706787109375,224.3033447265625
2016-02-12 05:00:00,65.75988006591797,26.663843154907227,35.789703369140625,154.2515411376953,232.3197479248047
2016-02-16 05:00:00,66.3586196899414,27.4695987701416,35.3991584777832,157.26902770996094,237.55520629882812
2016-02-17 05:00:00,66.15904235839844,27.691360473632812,35.39322280883789,162.5052490234375,237.02513122558594
2016-02-18 05:00:00,67.16459655761719,27.846607208251953,35.7719612121582,162.9080047607422,236.7479248046875
2016-02-19 05:00:00,67.02644348144531,27.595264434814453,35.6358642578125,166.3745880126953,244.13624572753906
2016-02-22 05:00:00,68.50017547607422,27.87616729736328,35.339962005615234,167.4772186279297,244.51136779785156
2016-02-23 05:00:00,67.563720703125,28.02401351928711,35.33404541015625,167.53005981445312,238.1750030517578
2016-02-24 05:00:00,68.33899688720703,28.216211318969727,35.2275390625,165.0209197998047,240.58078002929688
2016-02-25 05:00:00,68.63837432861328,28.881515502929688,35.57666778564453,168.44126892089844,250.7581787109375
2016-02-26 05:00:00,69.09124755859375,28.541479110717773,34.8101692199707,167.74131774902344,250.17100524902344
2016-02-29 05:00:00,70.77228546142578,28.43059730529785,34.756744384765625,164.7369842529297,247.65927124023438
2016-03-01 05:00:00,72.69125366210938,29.77596664428711,34.92891311645508,168.30923461914062,251.5002899169922
2016-03-02 05:00:00,72.62985229492188,29.91642189025879,35.05361557006836,169.1478271484375,247.92025756835938
2016-03-03 05:00:00,73.1518325805664,30.323007583618164,35.04171371459961,167.19334411621094,253.28622436523438
2016-03-04 05:00:00,73.64310455322266,30.670429229736328,34.53112030029297,165.0407257080078,252.5767822265625
2016-03-07 05:00:00,73.38214111328125,30.751733779907227,34.28767395019531,165.45013427734375,244.17861938476562
2016-03-08 05:00:00,72.6145248413086,30.559558868408203,34.816104888916016,164.3606719970703,245.0150604248047
2016-03-09 05:00:00,72.6145248413086,30.8404598236084,34.98829650878906,165.0011749267578,247.07371520996094
2016-03-10 05:00:00,72.69895935058594,30.603910446166992,35.17828369140625,165.07376098632812,251.54335021972656
2016-03-11 05:00:00,75.57743835449219,31.40966796875,35.40389633178711,169.5770263671875,260.80267333984375
2016-03-14 04:00:00,75.27039337158203,31.335729598999023,35.47514724731445,172.62791442871094,257.5385437011719
2016-03-15 04:00:00,75.5390853881836,31.306171417236328,35.540462493896484,175.15374755859375,256.2673645019531
2016-03-16 04:00:00,76.61367797851562,31.604841232299805,36.14604187011719,178.15817260742188,259.7857666015625
2016-03-17 04:00:00,78.1028060913086,32.08266830444336,36.555747985839844,179.30148315429688,259.96612548828125
2016-03-18 04:00:00,77.15098571777344,31.918411254882812,36.359798431396484,179.10206604003906,258.965576171875
2016-03-21 04:00:00,77.02050018310547,31.81387710571289,36.08074951171875,175.65232849121094,260.30242919921875
2016-03-22 04:00:00,76.705810546875,31.776554107666016,36.14604187011719,175.41302490234375,261.65557861328125
2016-03-23 04:00:00,76.43714141845703,31.49283218383789,36.46072769165039,176.27713012695312,261.9181213378906
2016-03-24 04:00:00,77.0281982421875,31.597360610961914,36.49041748046875,177.26083374023438,263.05810546875
2016-03-28 04:00:00,76.94376373291016,32.06772994995117,36.8763427734375,179.37451171875,265.5346984863281
2016-03-29 04:00:00,78.23331451416016,32.73224639892578,37.327571868896484,182.46539306640625,270.1029052734375
2016-03-30 04:00:00,78.53266906738281,32.605316162109375,37.053001403808594,181.60128784179688,269.0942077636719
2016-03-31 04:00:00,78.5787353515625,32.986083984375,37.23168182373047,183.34275817871094,271.2264404296875
2016-04-01 04:00:00,80.2137222290039,33.31460952758789,37.076812744140625,183.13673400878906,270.5950622558594
2016-04-04 04:00:00,80.36720275878906,33.142887115478516,37.023216247558594,183.63522338867188,273.1949768066406
2016-04-05 04:00:00,79.82990264892578,32.94130325317383,37.440155029296875,182.02670288085938,269.5289611816406
2016-04-06 04:00:00,81.13481140136719,32.88903045654297,37.505653381347656,181.94696044921875,268.5201110839844
2016-04-07 04:00:00,80.5975112915039,32.59038162231445,37.31505584716797,182.01341247558594,267.2078857421875
2016-04-08 04:00:00,81.53853607177734,32.94130325317383,37.523536682128906,182.15963745117188,267.3555603027344
2016-04-11 04:00:00,81.76993560791016,32.82930374145508,37.523536682128906,180.9631805419922,265.7152099609375
2016-04-12 04:00:00,81.8933334350586,32.82930374145508,37.964290618896484,183.5621795654297,264.18988037109375
2016-04-13 04:00:00,81.93964385986328,33.247398376464844,37.571170806884766,180.7372283935547,263.71417236328125
2016-04-14 04:00:00,81.14517211914062,33.150352478027344,37.32695770263672,177.57325744628906,263.05810546875
2016-04-15 04:00:00,81.592529296875,33.47140121459961,37.529476165771484,178.09835815429688,265.8055114746094
2016-04-18 04:00:00,81.40740966796875,33.687923431396484,37.61287307739258,181.19583129882812,267.02752685546875
2016-04-19 04:00:00,81.37654876708984,34.180694580078125,37.69624328613281,175.13381958007812,266.42877197265625
2016-04-20 04:00:00,80.85203552246094,33.6207275390625,36.66584777832031,174.67518615722656,266.6338195800781
2016-04-21 04:00:00,79.11653137207031,33.03089141845703,35.15895462036133,169.55703735351562,262.3527526855469
2016-04-22 04:00:00,80.36609649658203,33.5236701965332,35.36146545410156,170.78672790527344,264.09136962890625
2016-04-25 04:00:00,80.3583755493164,34.188167572021484,35.92729568481445,171.8169708251953,268.0362854003906
2016-04-26 04:00:00,80.81348419189453,34.19563293457031,35.498451232910156,170.70033264160156,270.7344970703125
2016-04-27 04:00:00,80.5975112915039,34.344947814941406,35.40910339355469,164.98394775390625,272.1369323730469
2016-04-28 04:00:00,80.31981658935547,34.083641052246094,35.53999328613281,165.51573181152344,269.2007751464844
2016-04-29 04:00:00,80.89833068847656,33.904449462890625,35.378623962402344,162.72396850585938,270.9314270019531
2016-05-02 04:00:00,81.38428497314453,34.352413177490234,35.743186950683594,167.88197326660156,273.61309814453125
2016-05-03 04:00:00,80.34297180175781,34.083641052246094,36.2810173034668,168.333984375,273.01446533203125
2016-05-04 04:00:00,81.38428497314453,34.255367279052734,37.27902603149414,171.1457061767578,274.6054992675781
2016-05-05 04:00:00,82.00133514404297,34.42708206176758,37.296966552734375,172.860595703125,271.37420654296875
2016-05-06 04:00:00,82.20189666748047,34.79294204711914,37.99616622924805,175.02081298828125,276.3524169921875
2016-05-09 04:00:00,82.26361846923828,35.30809783935547,38.27107238769531,175.99790954589844,279.6984558105469
2016-05-10 04:00:00,82.67241668701172,35.651554107666016,38.378639221191406,176.10421752929688,279.7559509277344
2016-05-11 04:00:00,81.5539779663086,35.06172180175781,37.81090545654297,172.3421173095703,279.4032287597656
2016-05-12 04:00:00,82.19417572021484,35.42756652832031,38.33083724975586,175.93804931640625,283.9385986328125
2016-05-13 04:00:00,81.53082275390625,35.420101165771484,38.02007293701172,174.0769500732422,282.4295959472656
2016-05-16 04:00:00,82.13246154785156,35.905418395996094,38.193382263183594,176.1242218017578,285.8988037109375
2016-05-17 04:00:00,81.2685775756836,35.46489715576172,37.35075759887695,171.65078735351562,280.748291015625
2016-05-18 04:00:00,80.64379119873047,34.98705291748047,36.37662887573242,168.71282958984375,280.5269470214844
2016-05-19 04:00:00,80.0421371459961,34.73320388793945,35.28895950317383,166.040771484375,281.3470153808594
2016-05-20 04:00:00,80.22727966308594,34.972129821777344,35.372657775878906,167.75570678710938,282.9462585449219
2016-05-23 04:00:00,80.34297180175781,34.748146057128906,35.28895950317383,167.41668701171875,284.1085510253906
2016-05-24 04:00:00,81.22229766845703,35.285709381103516,35.516075134277344,169.0917510986328,292.409423828125
2016-05-25 04:00:00,81.8933334350586,35.158782958984375,35.486183166503906,168.39378356933594,294.8824157714844
2016-05-26 04:00:00,81.22229766845703,35.17371368408203,35.79696273803711,168.9256134033203,299.3006591796875
2016-05-27 04:00:00,81.80850982666016,35.524635314941406,35.91628646850586,169.65011596679688,302.1611328125
2016-05-31 04:00:00,81.592529296875,35.48728942871094,36.03020095825195,168.63980102539062,298.4022521972656
2016-06-01 04:00:00,81.35342407226562,35.681427001953125,36.48590850830078,170.68704223632812,301.6499328613281
2016-06-02 04:00:00,82.19417572021484,35.84568405151367,36.90563201904297,171.47801208496094,302.9606628417969
2016-06-03 04:00:00,82.51042938232422,36.18167495727539,37.805049896240234,172.99351501464844,300.61968994140625
2016-06-06 04:00:00,82.68783569335938,36.0771369934082,37.51723098754883,171.09910583496094,304.41156005859375
2016-06-07 04:00:00,83.20462036132812,36.592308044433594,37.88896179199219,169.9558868408203,305.7799377441406
2016-06-08 04:00:00,82.96553039550781,36.853641510009766,38.08086395263672,167.50314331054688,307.4201965332031
2016-06-09 04:00:00,84.1302490234375,37.553958892822266,38.362674713134766,163.13607788085938,307.6427917480469
2016-06-10 04:00:00,83.91427612304688,37.591609954833984,38.55455017089844,160.7165985107422,305.2440185546875
2016-06-13 04:00:00,84.02227783203125,37.63677978515625,38.446617126464844,160.95767211914062,304.4362487792969
2016-06-14 04:00:00,83.00406646728516,37.16236877441406,38.57851791381836,159.4643096923828,304.42791748046875
2016-06-15 04:00:00,83.12035369873047,37.56148147583008,38.61448669433594,163.0203399658203,306.7278747558594
2016-06-16 04:00:00,83.47693634033203,37.900360107421875,39.01622009277344,163.62298583984375,311.146240234375
2016-06-17 04:00:00,82.89557647705078,37.54643249511719,38.446617126464844,161.6206817626953,308.7720642089844
2016-06-20 04:00:00,83.26764678955078,37.569007873535156,38.224761962890625,161.3594512939453,308.2198486328125
2016-06-21 04:00:00,84.8334732055664,37.629268646240234,38.57251739501953,161.47335815429688,312.83599853515625
2016-06-22 04:00:00,84.80245208740234,37.67444610595703,38.59052276611328,160.8103790283203,312.9513854980469
2016-06-23 04:00:00,86.40703582763672,37.71962356567383,38.67445755004883,161.39297485351562,317.7159423828125
2016-06-24 04:00:00,83.926513671875,36.2512092590332,39.423954010009766,161.60723876953125,309.90142822265625
2016-06-27 04:00:00,84.40713500976562,35.332489013671875,40.15548324584961,167.5607147216797,305.9528503417969
2016-06-28 04:00:00,85.88768768310547,36.115657806396484,40.892982482910156,169.52293395996094,310.7917175292969
2016-06-29 04:00:00,87.59304809570312,36.98163986206055,41.16960144042969,170.10548400878906,318.2022399902344
2016-06-30 04:00:00,88.06587982177734,36.92892837524414,41.71086883544922,171.16363525390625,319.6119384765625
2016-07-01 04:00:00,88.05811309814453,36.70302200317383,41.87923812866211,169.9916229248047,318.9111633300781
2016-07-05 04:00:00,88.2364273071289,37.305458068847656,42.97975158691406,173.9427490234375,318.3011474609375
2016-07-06 04:00:00,87.12794494628906,37.17743682861328,42.823394775390625,172.8646240234375,319.372802734375
2016-07-07 04:00:00,86.97289276123047,36.71055221557617,41.57855224609375,169.95150756835938,315.4490966796875
2016-07-08 04:00:00,88.10462951660156,37.312984466552734,42.041595458984375,172.33551025390625,321.02972412109375
2016-07-11 04:00:00,88.88756561279297,37.58407974243164,42.40842056274414,171.81317138671875,320.45269775390625
2016-07-12 04:00:00,89.99602508544922,37.71962356567383,42.137813568115234,171.3042449951172,319.17498779296875
2016-07-13 04:00:00,89.92627716064453,38.141326904296875,42.576820373535156,171.73956298828125,318.7711181640625
2016-07-14 04:00:00,90.69368743896484,38.3747673034668,42.30018997192383,170.14569091796875,316.38055419921875
2016-07-15 04:00:00,90.55413055419922,38.65339660644531,41.99948501586914,168.5049591064453,313.2152404785156
2016-07-18 04:00:00,90.15107727050781,38.87177276611328,42.083709716796875,168.25721740722656,313.5697326660156
2016-07-19 04:00:00,90.9804916381836,38.93954086303711,42.27011489868164,168.85321044921875,313.2481384277344
2016-07-20 04:00:00,91.25952911376953,38.85671615600586,41.975460052490234,168.70584106445312,312.7865905761719
2016-07-21 04:00:00,91.12000274658203,38.992252349853516,42.14383316040039,168.52505493164062,307.10699462890625
2016-07-22 04:00:00,91.34480285644531,39.587154388427734,42.34229278564453,169.92466735839844,310.6515197753906
2016-07-25 04:00:00,90.59290313720703,39.90342712402344,42.288169860839844,168.732666015625,310.2146301269531
2016-07-26 04:00:00,90.67041015625,40.06156921386719,42.161895751953125,167.70806884765625,311.1296691894531
2016-07-27 04:00:00,91.16653442382812,39.54950714111328,41.84918212890625,166.2012939453125,308.07977294921875
2016-07-28 04:00:00,90.42235565185547,40.385372161865234,42.627174377441406,159.79913330078125,313.3800048828125
2016-07-29 04:00:00,89.74024200439453,41.03299331665039,43.10363006591797,160.00001525878906,307.36260986328125
2016-08-01 04:00:00,90.72467041015625,41.123355865478516,43.5076904296875,160.03353881835938,312.39080810546875
2016-08-02 04:00:00,90.49210357666016,40.81460952758789,42.223087310791016,156.93959045410156,307.84893798828125
2016-08-03 04:00:00,89.70921325683594,40.70918273925781,41.72250747680664,156.33685302734375,305.2769775390625
2016-08-04 04:00:00,90.24407958984375,40.66399383544922,41.93960952758789,154.39483642578125,306.1507873535156
2016-08-05 04:00:00,90.36811065673828,40.754371643066406,41.348594665527344,155.8748016357422,301.2872619628906
2016-08-08 04:00:00,89.70921325683594,40.475746154785156,41.27619934082031,154.36131286621094,300.29815673828125
2016-08-09 04:00:00,89.85652160644531,40.8447380065918,41.57173538208008,155.25868225097656,302.7133483886719
2016-08-10 04:00:00,90.10455322265625,40.9652099609375,41.74058532714844,155.54669189453125,303.20806884765625
2016-08-11 04:00:00,89.833251953125,40.68659591674805,41.1193962097168,154.58230590820312,303.1419982910156
2016-08-12 04:00:00,90.30610656738281,40.92755889892578,41.39683151245117,154.14028930664062,304.2054443359375
2016-08-15 04:00:00,89.7557601928711,40.79200744628906,41.00482177734375,153.4171142578125,306.0931091308594
2016-08-16 04:00:00,88.46122741699219,40.57362747192383,40.37156677246094,152.37905883789062,302.5898132324219
2016-08-17 04:00:00,88.80228424072266,40.355255126953125,40.77564239501953,152.6201171875,302.5238037109375
2016-08-18 04:00:00,88.63949584960938,40.22724151611328,40.896278381347656,151.8433380126953,300.0261535644531
2016-08-19 04:00:00,88.06587982177734,40.15194320678711,40.287139892578125,150.0284881591797,301.9549865722656
2016-08-22 04:00:00,88.84880065917969,40.36279296875,40.685184478759766,151.87014770507812,303.9511413574219
2016-08-23 04:00:00,89.31388854980469,40.5284423828125,40.58263397216797,151.6892852783203,304.92034912109375
2016-08-24 04:00:00,88.81004333496094,40.05402755737305,40.214778900146484,149.96151733398438,302.1289978027344
2016-08-25 04:00:00,88.56197357177734,40.144412994384766,40.20872497558594,151.17364501953125,301.4747009277344
2016-08-26 04:00:00,87.7713394165039,39.579627990722656,39.64180374145508,150.00840759277344,302.08758544921875
2016-08-29 04:00:00,88.24415588378906,40.03144836425781,40.033836364746094,151.17364501953125,305.08587646484375
2016-08-30 04:00:00,87.76358795166016,40.016380310058594,39.58738708496094,149.85435485839844,304.86224365234375
2016-08-31 04:00:00,87.88758087158203,39.993804931640625,39.76280975341797,149.96824645996094,305.3426513671875
2016-09-01 04:00:00,88.22866821289062,39.926021575927734,39.76886749267578,151.42149353027344,303.7771911621094
2016-09-02 04:00:00,89.21312713623047,40.64894104003906,40.08949661254883,151.87677001953125,307.67010498046875
2016-09-06 04:00:00,90.80995178222656,40.76189422607422,40.639976501464844,150.2561798095703,313.0622253417969
2016-09-07 04:00:00,90.5619125366211,41.0857048034668,41.1299934387207,151.30087280273438,313.252685546875
2016-09-08 04:00:00,90.11228942871094,40.694114685058594,40.7851676940918,149.3387451171875,308.970458984375
2016-09-09 04:00:00,85.41482543945312,38.77387619018555,38.873538970947266,146.3787384033203,300.4806823730469
2016-09-12 04:00:00,86.25199127197266,39.519371032714844,39.64787673950195,147.87779235839844,303.14764404296875
2016-09-13 04:00:00,83.8025131225586,38.51783752441406,38.43799591064453,145.008056640625,295.6187744140625
2016-09-14 04:00:00,84.00403594970703,38.78140640258789,38.710208892822266,145.24435424804688,294.2769775390625
2016-09-15 04:00:00,84.55441284179688,38.91806411743164,38.91590118408203,145.04177856445312,299.6607666015625
2016-09-16 04:00:00,83.71720886230469,39.0775032043457,39.0005989074707,145.14981079101562,296.69549560546875
2016-09-19 04:00:00,84.64743041992188,39.798763275146484,39.45428466796875,145.89927673339844,303.7522888183594
2016-09-20 04:00:00,84.22108459472656,39.684898376464844,39.678131103515625,146.41925048828125,294.0450439453125
2016-09-21 04:00:00,85.34506225585938,40.45930099487305,40.38589859008789,146.88516235351562,295.6187744140625
2016-09-22 04:00:00,87.034912109375,41.29445266723633,41.06344223022461,149.76844787597656,298.492919921875
2016-09-23 04:00:00,87.58525848388672,41.377967834472656,41.166263580322266,149.9844970703125,297.9958190917969
2016-09-26 04:00:00,87.35274505615234,41.25649642944336,41.547386169433594,151.22018432617188,300.16595458984375
2016-09-27 04:00:00,87.26746368408203,40.91482925415039,41.24490737915039,150.53823852539062,300.04998779296875
2016-09-28 04:00:00,87.73485565185547,41.385555267333984,41.63209533691406,152.48968505859375,300.1494140625
2016-09-29 04:00:00,88.39695739746094,40.83891677856445,41.014442443847656,151.9224853515625,298.13665771484375
2016-09-30 04:00:00,88.28013610839844,40.64911651611328,40.607940673828125,150.67327880859375,298.3851318359375
2016-10-03 04:00:00,87.4388427734375,39.958221435546875,39.667510986328125,146.23019409179688,295.0224304199219
2016-10-04 04:00:00,86.16133880615234,38.8497314453125,38.64215850830078,143.59678649902344,292.4795227050781
2016-10-05 04:00:00,83.69202423095703,38.333457946777344,37.5682487487793,141.0511016845703,289.09197998046875
2016-10-06 04:00:00,84.5255355834961,38.12088394165039,37.3680305480957,142.6378631591797,292.50439453125
2016-10-07 04:00:00,84.5255355834961,37.80958557128906,37.28916549682617,143.1848602294922,290.7982482910156
2016-10-10 04:00:00,85.2421646118164,38.03736114501953,37.683536529541016,142.87420654296875,295.21295166015625
2016-10-11 04:00:00,84.86046600341797,37.74885940551758,36.89479064941406,141.61155700683594,292.2145690917969
2016-10-12 04:00:00,86.88577270507812,38.09811782836914,37.416568756103516,143.6710205078125,298.0952453613281
2016-10-13 04:00:00,87.78935241699219,38.880104064941406,38.047569274902344,144.6568603515625,299.7519226074219
2016-10-14 04:00:00,88.29571533203125,38.621952056884766,37.641075134277344,144.63661193847656,299.60272216796875
2016-10-17 04:00:00,88.28791046142578,38.87251281738281,38.01115417480469,145.25108337402344,299.130615234375
2016-10-18 04:00:00,88.91889190673828,39.53303909301758,38.017242431640625,145.7372589111328,303.0980224609375
2016-10-19 04:00:00,89.83025360107422,39.71525573730469,37.944427490234375,145.3050994873047,305.22662353515625
2016-10-20 04:00:00,89.44857025146484,40.01894760131836,37.88981628417969,144.58261108398438,304.78765869140625
2016-10-21 04:00:00,90.1340560913086,39.78358840942383,37.55610656738281,142.50967407226562,306.38623046875
2016-10-24 04:00:00,90.94419860839844,40.09487533569336,37.79880142211914,142.81349182128906,308.2083740234375
2016-10-25 04:00:00,90.94419860839844,39.96580123901367,37.79880142211914,143.3874053955078,309.1278076171875
2016-10-26 04:00:00,90.10289764404297,39.5406379699707,37.19815444946289,144.0154266357422,304.7296447753906
2016-10-27 04:00:00,89.8926010131836,38.720664978027344,35.86336898803711,136.5674591064453,291.1875305175781
2016-10-28 04:00:00,90.46119689941406,38.77382278442383,35.633235931396484,140.2812957763672,294.0118713378906
2016-10-31 04:00:00,91.28694152832031,39.60137176513672,36.06549835205078,144.3125,295.9252624511719
2016-11-01 04:00:00,89.69783782958984,38.55363082885742,35.15229034423828,138.91058349609375,287.99853515625
2016-11-02 04:00:00,87.95295715332031,37.847557067871094,34.525230407714844,138.59996032714844,286.72314453125
2016-11-03 04:00:00,88.23336791992188,37.414798736572266,34.42780685424805,137.5871124267578,280.5440368652344
2016-11-04 04:00:00,88.00747680664062,37.46034622192383,34.93311309814453,138.72152709960938,282.04339599609375
2016-11-07 05:00:00,89.72900390625,38.58400344848633,35.584529876708984,142.96878051757812,290.0113525390625
2016-11-08 05:00:00,90.3054428100586,38.75862503051758,35.882843017578125,146.10865783691406,295.072021484375
2016-11-09 05:00:00,85.07856750488281,36.88334655761719,33.86162185668945,146.837890625,288.18084716796875
2016-11-10 05:00:00,82.34440612792969,35.69134521484375,33.04582214355469,145.0012664794922,273.9925537109375
2016-11-11 05:00:00,82.34440612792969,35.21302795410156,33.11280059814453,144.62307739257812,269.2298889160156
2016-11-14 05:00:00,79.89847564697266,36.30632019042969,33.86162185668945,146.1558837890625,274.9759521484375
2016-11-15 05:00:00,80.6150894165039,36.473358154296875,33.892066955566406,143.23214721679688,280.08917236328125
2016-11-16 05:00:00,82.12629699707031,36.54927444458008,34.18430709838867,140.59194946289062,279.789306640625
2016-11-17 05:00:00,82.21199035644531,36.45816421508789,33.40501022338867,138.16104125976562,275.75872802734375
2016-11-18 05:00:00,81.8614501953125,37.1794319152832,33.57548522949219,137.72891235351562,277.507568359375
2016-11-21 05:00:00,82.50019836425781,37.133880615234375,33.53895950317383,136.35140991210938,279.7559509277344
2016-11-22 05:00:00,84.11266326904297,37.764041900634766,34.458255767822266,138.49191284179688,286.43475341796875
2016-11-23 05:00:00,83.17790222167969,37.74126434326172,34.16602325439453,138.26231384277344,281.6463623046875
2016-11-25 05:00:00,83.58296966552734,37.73366928100586,34.43997573852539,138.91734313964844,282.9371032714844
2016-11-28 05:00:00,82.656005859375,38.424564361572266,34.3060417175293,141.4562530517578,284.1613464355469
2016-11-29 05:00:00,82.60926055908203,39.054725646972656,34.66775894165039,141.53724670410156,285.9600524902344
2016-11-30 05:00:00,79.66475677490234,38.64474868774414,33.873470306396484,141.32789611816406,282.1044006347656
2016-12-01 05:00:00,78.6599349975586,37.9234733581543,32.68202590942383,140.35557556152344,274.326416015625
2016-12-02 05:00:00,79.89847564697266,37.9234733581543,33.43965148925781,141.44947814941406,275.3757629394531
2016-12-05 05:00:00,79.48561096191406,38.416969299316406,33.43965148925781,143.45497131347656,276.5415954589844
2016-12-06 05:00:00,78.55862426757812,38.49290084838867,33.35411834716797,144.98098754882812,274.3846740722656
2016-12-07 05:00:00,79.6102523803711,39.874698638916016,33.879581451416016,149.2350311279297,282.3042297363281
2016-12-08 05:00:00,79.75823211669922,39.844329833984375,33.80624008178711,149.26876831054688,288.51654052734375
2016-12-09 05:00:00,80.16329193115234,39.77599334716797,33.977325439453125,147.965576171875,288.15850830078125
2016-12-12 05:00:00,80.92669677734375,40.20115661621094,34.325599670410156,148.33360290527344,297.47698974609375
2016-12-13 05:00:00,82.67156982421875,40.39096450805664,34.282833099365234,148.8174285888672,300.94964599609375
2016-12-14 05:00:00,82.95978546142578,39.297672271728516,33.39080047607422,146.6503143310547,295.28692626953125
2016-12-15 05:00:00,82.61705017089844,39.28236770629883,33.01807403564453,147.3931121826172,291.306396484375
2016-12-16 05:00:00,82.41449737548828,40.170284271240234,33.891780853271484,149.0558624267578,291.4644775390625
2016-12-19 05:00:00,83.31033325195312,40.17794418334961,35.028263092041016,150.17349243164062,295.2037048339844
2016-12-20 05:00:00,83.33369445800781,40.14731979370117,34.67998123168945,148.44940185546875,295.41180419921875
2016-12-21 05:00:00,83.03771209716797,39.7263298034668,34.36226272583008,146.60263061523438,291.4811706542969
2016-12-22 05:00:00,83.03771209716797,39.7263298034668,34.41725158691406,148.0541229248047,292.33062744140625
2016-12-23 05:00:00,83.04551696777344,39.61151885986328,34.46615219116211,149.049072265625,296.96905517578125
2016-12-27 05:00:00,83.2491455078125,39.833492279052734,34.47834777832031,150.0167694091797,297.0606689453125
2016-12-28 05:00:00,82.89669799804688,39.45842361450195,34.270599365234375,148.74920654296875,294.6789855957031
2016-12-29 05:00:00,83.32745361328125,40.009552001953125,34.72624206542969,150.19393920898438,297.36871337890625
2016-12-30 05:00:00,82.77140045166016,40.40757369995117,35.247467041015625,152.3064422607422,297.6352844238281
2017-01-03 05:00:00,83.13953399658203,40.415225982666016,35.25358581542969,152.3201141357422,298.7262268066406
2017-01-04 05:00:00,83.28826904296875,41.13474655151367,35.780967712402344,153.4376983642578,304.7137145996094
2017-01-05 05:00:00,82.99852752685547,41.150047302246094,36.743709564208984,155.0731658935547,307.9115295410156
2017-01-06 05:00:00,82.45028686523438,41.41796112060547,36.69464874267578,155.6115264892578,308.5277099609375
2017-01-09 05:00:00,82.25444030761719,41.104122161865234,36.424827575683594,154.54844665527344,310.77618408203125
2017-01-10 05:00:00,81.0639419555664,40.16263198852539,35.989463806152344,153.5331268310547,308.1446838378906
2017-01-11 05:00:00,81.32241821289062,39.99422836303711,35.89133071899414,149.7577667236328,309.435546875
2017-01-12 05:00:00,81.61219024658203,40.331016540527344,36.5290641784668,148.08140563964844,311.5756530761719
2017-01-13 05:00:00,81.02479553222656,40.03252029418945,36.22248458862305,145.91433715820312,312.24176025390625
2017-01-17 05:00:00,82.37195587158203,40.20855712890625,36.87248611450195,148.34716796875,313.22442626953125
2017-01-18 05:00:00,82.7635269165039,40.453495025634766,36.6578483581543,146.9229278564453,313.7242126464844
2017-01-19 05:00:00,81.8001937866211,40.38460159301758,36.28992462158203,146.7389373779297,317.4049377441406
2017-01-20 05:00:00,81.61219024658203,40.23917007446289,36.60265350341797,148.53799438476562,319.17034912109375
2017-01-23 05:00:00,82.06647491455078,40.438194274902344,36.95218276977539,150.09170532226562,320.9024658203125
2017-01-24 05:00:00,81.90200805664062,39.672760009765625,36.6578483581543,151.55003356933594,324.4917297363281
2017-01-25 05:00:00,81.39290618896484,39.64214324951172,36.559749603271484,149.1785125732422,320.13629150390625
2017-01-26 05:00:00,81.6905288696289,38.99150848388672,36.676231384277344,148.72879028320312,319.953125
2017-01-27 05:00:00,81.31458282470703,37.69792175292969,36.44935989379883,147.58395385742188,318.9122009277344
2017-01-30 05:00:00,80.68018341064453,37.30752944946289,36.486900329589844,146.50723266601562,321.751953125
2017-01-31 05:00:00,81.0639419555664,37.3917350769043,36.696136474609375,146.51406860351562,320.5943298339844
2017-02-01 05:00:00,80.89164733886719,37.077903747558594,35.88379669189453,145.34873962402344,317.52972412109375
2017-02-02 05:00:00,81.54174041748047,37.552490234375,36.56690979003906,146.52774047851562,319.0120849609375
2017-02-03 05:00:00,82.4345932006836,38.4327392578125,36.813053131103516,147.55670166015625,320.46112060546875
2017-02-06 05:00:00,81.1736068725586,37.80508041381836,36.813053131103516,146.98423767089844,317.837890625
2017-02-07 05:00:00,81.04046630859375,37.29988479614258,37.01615905761719,147.52259826660156,316.9801940917969
2017-02-08 05:00:00,81.6905288696289,37.789772033691406,37.231510162353516,149.71688842773438,319.7532958984375
2017-02-09 05:00:00,82.84970092773438,37.828041076660156,37.280757904052734,148.87869262695312,321.2772216796875
2017-02-10 05:00:00,82.62255859375,38.3561897277832,37.7115364074707,149.77821350097656,321.8184509277344
2017-02-13 05:00:00,84.23603057861328,38.2490348815918,37.9207878112793,149.96221923828125,322.0184020996094
2017-02-14 05:00:00,83.6329345703125,38.21074676513672,37.403839111328125,147.80885314941406,318.64569091796875
2017-02-15 05:00:00,83.89138793945312,37.82038497924805,37.12076950073242,147.93150329589844,317.0802001953125
2017-02-16 05:00:00,84.361328125,38.36384963989258,37.280757904052734,150.35745239257812,310.7678527832031
2017-02-17 05:00:00,84.67464447021484,38.41742706298828,37.41615295410156,153.84658813476562,311.68389892578125
2017-02-21 05:00:00,87.0791244506836,38.84607696533203,37.85923767089844,155.18905639648438,309.2355651855469
2017-02-22 05:00:00,86.95379638671875,38.53224563598633,37.625370025634766,154.1737060546875,310.8843994140625
2017-02-23 05:00:00,87.87804412841797,38.70063018798828,38.68386459350586,154.7393035888672,310.4908752441406
2017-02-24 05:00:00,88.41844940185547,39.09867477416992,38.886932373046875,155.6524658203125,317.8503112792969
2017-02-27 05:00:00,88.77090454101562,39.50435256958008,38.98637390136719,155.40025329589844,315.8409423828125
2017-02-28 05:00:00,89.9065933227539,39.075706481933594,37.837886810302734,155.0050506591797,314.8612976074219
2017-03-01 05:00:00,89.16252136230469,39.029788970947266,37.41801834106445,156.2793426513672,316.46881103515625
2017-03-02 05:00:00,89.92224884033203,39.075706481933594,37.393306732177734,154.67112731933594,312.0649719238281
2017-03-03 05:00:00,90.59581756591797,39.14459228515625,37.2574577331543,154.42578125,314.5430908203125
2017-03-06 05:00:00,89.84392547607422,38.723602294921875,36.84377670288086,155.3185272216797,316.1004333496094
2017-03-07 05:00:00,89.83609008789062,38.6929931640625,36.948753356933594,155.37985229492188,314.1664123535156
2017-03-08 05:00:00,88.6926040649414,38.21841049194336,35.62738037109375,152.52455139160156,304.278564453125
2017-03-09 05:00:00,88.5046157836914,37.736175537109375,35.28778076171875,151.51596069335938,314.8111572265625
2017-03-10 05:00:00,88.95886993408203,37.81272506713867,35.43596267700195,149.9690399169922,317.448486328125
2017-03-13 04:00:00,89.49146270751953,38.067596435546875,35.701473236083984,149.41204833984375,318.41961669921875
2017-03-14 04:00:00,89.30351257324219,38.12165451049805,35.6520881652832,150.84934997558594,319.30712890625
2017-03-15 04:00:00,90.29037475585938,39.15656280517578,36.57209396362305,153.44888305664062,321.3164367675781
2017-03-16 04:00:00,90.14156341552734,39.15656280517578,36.467124938964844,151.66770935058594,316.61956787109375
2017-03-17 04:00:00,90.86211395263672,39.3728141784668,36.961097717285156,153.00875854492188,314.5013732910156
2017-03-20 04:00:00,90.83863830566406,39.78213882446289,36.714107513427734,153.79957580566406,321.14056396484375
2017-03-21 04:00:00,91.43388366699219,38.93259048461914,37.072235107421875,154.23976135253906,321.0066223144531
2017-03-22 04:00:00,92.66352844238281,38.855369567871094,37.01049041748047,155.26441955566406,324.40582275390625
2017-03-23 04:00:00,93.16481018066406,39.28014373779297,36.849945068359375,155.36758422851562,324.89141845703125
2017-03-24 04:00:00,93.45460510253906,39.41143035888672,36.714107513427734,153.29762268066406,324.9248962402344
2017-03-27 04:00:00,93.99503326416016,38.51554489135742,36.47330093383789,151.922119140625,321.50067138671875
2017-03-28 04:00:00,94.29266357421875,38.84763717651367,36.36214828491211,152.7817840576172,322.2207336425781
2017-03-29 04:00:00,94.80175018310547,39.110225677490234,36.47330093383789,151.26193237304688,329.87310791015625
2017-03-30 04:00:00,94.69994354248047,39.527286529541016,36.517295837402344,150.88368225097656,332.50201416015625
2017-03-31 04:00:00,95.1933822631836,40.06789779663086,36.88909912109375,150.54672241210938,335.20623779296875
2017-04-03 04:00:00,94.88789367675781,40.34593963623047,37.00063705444336,150.8218231201172,336.96453857421875
2017-04-04 04:00:00,94.5667724609375,40.54674530029297,37.006832122802734,151.509521484375,334.8797302246094
2017-04-05 04:00:00,94.48846435546875,40.67803955078125,37.025428771972656,152.8711700439453,334.9300231933594
2017-04-06 04:00:00,95.51449584960938,40.97924041748047,37.285701751708984,153.11187744140625,336.7216491699219
2017-04-07 04:00:00,95.64765167236328,41.38084411621094,37.34146499633789,153.77210998535156,336.3533020019531
2017-04-10 04:00:00,96.41912078857422,41.85968017578125,37.64509963989258,155.3125762939453,335.67510986328125
2017-04-11 04:00:00,96.63954162597656,42.15315628051758,38.05408477783203,155.67706298828125,334.7624816894531
2017-04-12 04:00:00,96.33251953125,42.423465728759766,38.03549575805664,154.25350952148438,334.6955871582031
2017-04-13 04:00:00,96.51358032226562,42.14543151855469,38.07886505126953,155.4019317626953,334.1513977050781
2017-04-17 04:00:00,97.81248474121094,42.67833709716797,38.301944732666016,158.99183654785156,337.4166259765625
2017-04-18 04:00:00,98.2927017211914,42.13771057128906,38.45686721801758,158.98492431640625,337.36639404296875
2017-04-19 04:00:00,98.14311981201172,41.93690872192383,38.40729904174805,158.16653442382812,338.2120056152344
2017-04-20 04:00:00,97.85183715820312,42.114540100097656,38.46305465698242,157.76080322265625,339.1915588378906
2017-04-21 04:00:00,97.95420837402344,41.975528717041016,38.2647590637207,157.05247497558594,336.4371032714844
2017-04-24 04:00:00,97.49759674072266,41.967811584472656,37.22990798950195,155.7458038330078,338.2705993652344
2017-04-25 04:00:00,97.56846618652344,42.36941146850586,37.07500457763672,155.1062469482422,340.38043212890625
2017-04-26 04:00:00,96.67887878417969,42.05277633666992,36.69080352783203,153.99900817871094,341.0335388183594
2017-04-27 04:00:00,99.00906372070312,42.40031051635742,36.971275329589844,146.4823455810547,344.0558166503906
2017-04-28 04:00:00,99.14290618896484,42.02186584472656,36.287200927734375,143.99282836914062,349.7156677246094
2017-05-01 04:00:00,100.37884521484375,42.29217529296875,36.57948303222656,142.51426696777344,351.79205322265625
2017-05-02 04:00:00,100.6937484741211,42.16861343383789,36.7162971496582,142.54176330566406,354.035888671875
2017-05-03 04:00:00,99.81204223632812,41.56620407104492,35.96381378173828,141.3451690673828,354.30377197265625
2017-05-04 04:00:00,100.28437042236328,41.790184020996094,34.68896484375,142.78932189941406,355.2247314453125
2017-05-05 04:00:00,101.30776977539062,42.214942932128906,35.21133804321289,143.21571350097656,356.8741455078125
2017-05-08 04:00:00,101.44944763183594,42.32307815551758,34.62677001953125,143.35325622558594,357.2006530761719
2017-05-09 04:00:00,100.83543395996094,41.85968017578125,34.179012298583984,143.09197998046875,356.5894470214844
2017-05-10 04:00:00,100.05607604980469,42.1917839050293,34.56456756591797,143.67654418945312,355.8694763183594
2017-05-11 04:00:00,99.41058349609375,42.18405532836914,33.85560607910156,143.36700439453125,358.98394775390625
2017-05-12 04:00:00,99.28460693359375,41.975528717041016,34.035972595214844,143.4839630126953,360.9095458984375
2017-05-15 04:00:00,100.70948028564453,42.47753143310547,33.76853942871094,144.23355102539062,359.854736328125
2017-05-16 04:00:00,101.05584716796875,42.34624481201172,33.09067916870117,143.14010620117188,358.0378723144531
2017-05-17 04:00:00,102.92157745361328,42.73240280151367,33.432701110839844,146.447998046875,357.47698974609375
2017-05-18 04:00:00,100.74884796142578,42.29990005493164,33.47002410888672,148.62799072265625,356.4639587402344
2017-05-19 04:00:00,101.01651763916016,42.66288757324219,33.70635223388672,147.50018310546875,357.28436279296875
2017-05-22 04:00:00,101.33926391601562,42.7941780090332,33.662837982177734,148.2703399658203,365.64569091796875
2017-05-23 04:00:00,101.33926391601562,43.010433197021484,33.669044494628906,149.37075805664062,366.5794372558594
2017-05-24 04:00:00,101.78799438476562,43.14944839477539,33.992435455322266,149.6251678466797,370.4825134277344
2017-05-25 04:00:00,103.16557312011719,43.172630310058594,34.29716491699219,149.29507446289062,374.3015441894531
2017-05-26 04:00:00,103.21286010742188,43.08766555786133,34.31580352783203,148.813720703125,371.1470031738281
2017-05-30 04:00:00,104.0079574584961,43.118560791015625,34.33517074584961,147.41079711914062,370.0450439453125
2017-05-31 04:00:00,103.27582550048828,42.894596099853516,34.291481018066406,148.0984649658203,370.9704284667969
2017-06-01 04:00:00,103.7796401977539,43.18033981323242,34.67228317260742,145.9803009033203,367.5384216308594
2017-06-02 04:00:00,104.2992172241211,43.92948913574219,35.32151794433594,147.1150665283203,373.7547912597656
2017-06-05 04:00:00,103.60645294189453,43.56650161743164,34.56614303588867,145.34762573242188,373.6622314453125
2017-06-06 04:00:00,103.67731475830078,43.620574951171875,34.59734344482422,142.97503662109375,372.06390380859375
2017-06-07 04:00:00,103.77178192138672,43.83681869506836,34.72221374511719,144.329833984375,370.701171875
2017-06-08 04:00:00,103.10263061523438,43.60512161254883,34.26649856567383,145.04502868652344,370.4488525390625
2017-06-09 04:00:00,102.55945587158203,44.122581481933594,34.52867126464844,142.74119567871094,369.45623779296875
2017-06-12 04:00:00,101.69352722167969,44.62069320678711,35.04682159423828,143.76889038085938,357.5113830566406
2017-06-13 04:00:00,102.48860168457031,44.51172637939453,35.13424301147461,144.71328735351562,362.16314697265625
2017-06-14 04:00:00,102.73265075683594,45.00984573364258,35.5525016784668,145.7410125732422,363.4754943847656
2017-06-15 04:00:00,103.53164672851562,45.53911209106445,35.527523040771484,147.685302734375,365.04010009765625
2017-06-16 04:00:00,104.38604736328125,45.24335479736328,35.377716064453125,148.36587524414062,359.4208679199219
2017-06-19 04:00:00,104.6866683959961,45.60136795043945,35.0967903137207,147.0603790283203,363.576416015625
2017-06-20 04:00:00,103.79271697998047,44.885318756103516,35.06557846069336,147.03952026367188,365.0232849121094
2017-06-21 04:00:00,103.32596588134766,45.18107604980469,34.59734344482422,147.42149353027344,367.168212890625
2017-06-22 04:00:00,103.53164672851562,44.86197280883789,34.2227897644043,146.6437225341797,370.3648376464844
2017-06-23 04:00:00,104.3306884765625,45.5468864440918,34.50996017456055,147.98394775390625,365.1326599121094
2017-06-26 04:00:00,104.78955078125,45.96717834472656,35.259098052978516,147.55345153808594,368.85052490234375
2017-06-27 04:00:00,107.3922348022461,45.70254135131836,34.95317840576172,146.01182556152344,364.7792663574219
2017-06-28 04:00:00,106.42711639404297,46.068359375,35.465084075927734,145.43545532226562,362.3482666015625
2017-06-29 04:00:00,105.07429504394531,45.67920684814453,34.946266174316406,144.13697814941406,354.37384033203125
2017-06-30 04:00:00,104.67874145507812,45.64029312133789,34.57656478881836,144.8035888671875,361.0023498535156
2017-07-03 04:00:00,103.95887756347656,46.068359375,35.121707916259766,147.72007751464844,355.61883544921875
2017-07-05 04:00:00,104.62337493896484,45.55467224121094,34.595359802246094,144.4772491455078,356.72906494140625
2017-07-06 04:00:00,104.06170654296875,44.5817756652832,33.91862106323242,142.6023406982422,351.9764099121094
2017-07-07 04:00:00,105.32745361328125,44.94758224487305,34.269527435302734,143.76199340820312,356.0731201171875
2017-07-10 04:00:00,103.80064392089844,44.5817756652832,33.58651351928711,141.22047424316406,359.2611083984375
2017-07-11 04:00:00,103.57908630371094,44.31715393066406,33.76822280883789,141.14410400390625,362.58380126953125
2017-07-12 04:00:00,105.9128646850586,44.97872543334961,34.25698471069336,143.33148193359375,367.6898498535156
2017-07-13 04:00:00,106.11854553222656,44.79191970825195,34.545230865478516,142.22735595703125,366.95794677734375
2017-07-14 04:00:00,107.62162780761719,45.204429626464844,35.24703598022461,144.21336364746094,368.1861267089844
2017-07-17 04:00:00,107.11534118652344,45.5468864440918,35.39116287231445,144.1508331298828,366.3186340332031
2017-07-18 04:00:00,107.73240661621094,46.792198181152344,35.45380783081055,143.886962890625,368.6740417480469
2017-07-19 04:00:00,107.13113403320312,46.792198181152344,35.8172607421875,144.27584838867188,370.5414123535156
2017-07-20 04:00:00,107.77985382080078,46.052799224853516,35.91751480102539,144.1092071533203,371.138671875
2017-07-21 04:00:00,108.3020248413086,45.912696838378906,35.91123962402344,145.08828735351562,371.3321533203125
2017-07-24 04:00:00,108.4365005493164,46.932281494140625,35.82352828979492,145.1299285888672,371.4667663574219
2017-07-25 04:00:00,108.08050537109375,46.908939361572266,35.98643493652344,144.24111938476562,367.5635986328125
2017-07-26 04:00:00,109.06938171386719,47.58606719970703,36.29348373413086,145.8660125732422,370.15447998046875
2017-07-27 04:00:00,106.68817901611328,47.60165023803711,36.31229782104492,137.6859893798828,372.53497314453125
2017-07-28 04:00:00,109.44120788574219,47.90517807006836,35.97392654418945,140.85243225097656,376.7661437988281
2017-07-31 04:00:00,107.85108947753906,47.329227447509766,35.88587951660156,142.74813842773438,379.14666748046875
2017-08-01 04:00:00,107.5662612915039,47.741729736328125,36.31355667114258,140.84552001953125,381.12347412109375
2017-08-02 04:00:00,109.14849090576172,47.632774353027344,35.91105270385742,140.421875,383.1339111328125
2017-08-03 04:00:00,108.4997787475586,47.57050704956055,35.8732795715332,139.11639404296875,377.9942321777344
2017-08-04 04:00:00,108.83203125,47.757301330566406,36.13115310668945,139.91502380371094,374.81463623046875
2017-08-07 04:00:00,109.22760772705078,47.20470428466797,36.13115310668945,139.63031005859375,373.6790466308594
2017-08-08 04:00:00,108.08840942382812,47.30587387084961,36.03681182861328,139.35252380371094,371.4078063964844
2017-08-09 04:00:00,109.05354309082031,47.27476119995117,36.150047302246094,139.49143981933594,376.6904296875
2017-08-10 04:00:00,108.24662017822266,46.65209197998047,35.8607292175293,139.3317108154297,369.6834716796875
2017-08-11 04:00:00,108.12797546386719,46.47308349609375,35.5211181640625,137.9290008544922,368.7666015625
2017-08-14 04:00:00,110.73070526123047,47.73394012451172,36.04940414428711,139.2552947998047,378.10357666015625
2017-08-15 04:00:00,110.50920867919922,48.16980743408203,35.829261779785156,139.97752380371094,377.1278381347656
2017-08-16 04:00:00,111.61674499511719,48.44999694824219,36.231773376464844,138.19290161132812,382.5618896484375
2017-08-17 04:00:00,110.47754669189453,47.71059036254883,35.9676399230957,137.30404663085938,379.8364562988281
2017-08-18 04:00:00,110.75444793701172,47.6561164855957,35.75379180908203,136.30413818359375,378.5325622558594
2017-08-21 04:00:00,111.76702880859375,48.32545471191406,36.40157699584961,139.13722229003906,380.4675598144531
2017-08-22 04:00:00,112.40784454345703,48.02192306518555,36.08711242675781,139.98443603515625,385.5372009277344
2017-08-23 04:00:00,113.00115966796875,48.8858642578125,36.53996276855469,142.64404296875,390.1927795410156
2017-08-24 04:00:00,113.76062774658203,48.46556091308594,36.16259765625,142.12319946289062,391.6545104980469
2017-08-25 04:00:00,114.10868072509766,48.706844329833984,36.50221252441406,141.56765747070312,393.9020690917969
2017-08-28 04:00:00,115.32701110839844,48.5900993347168,35.9802131652832,141.8662567138672,391.1307373046875
2017-08-29 04:00:00,115.41404724121094,48.39551544189453,35.936180114746094,142.74813842773438,393.9443054199219
2017-08-30 04:00:00,116.70349884033203,48.61343002319336,35.93112564086914,143.00503540039062,393.4627685546875
2017-08-31 04:00:00,117.12281799316406,49.313934326171875,36.33514404296875,142.58847045898438,395.7778625488281
2017-09-01 04:00:00,115.31908416748047,49.640811920166016,36.52451705932617,142.96343994140625,393.70770263671875
2017-09-05 04:00:00,116.24465942382812,49.430660247802734,36.814884185791016,143.50506591796875,391.62078857421875
2017-09-06 04:00:00,115.55642700195312,49.14271545410156,36.72652816772461,144.359130859375,391.6460876464844
2017-09-07 04:00:00,116.28424072265625,49.58633041381836,37.06108474731445,148.79640197753906,392.7445373535156
2017-09-08 04:00:00,114.70203399658203,49.788700103759766,37.452476501464844,151.59478759765625,390.36181640625
2017-09-11 04:00:00,115.64346313476562,50.69154357910156,37.5282096862793,148.18528747558594,400.8559265136719
2017-09-12 04:00:00,114.57546997070312,50.32573699951172,37.193668365478516,145.5076141357422,395.75250244140625
2017-09-13 04:00:00,113.6814956665039,49.81982421875,37.111602783203125,146.32073974609375,387.7171630859375
2017-09-14 04:00:00,113.00910186767578,50.816070556640625,37.49665451049805,148.9984588623047,384.3711242675781
2017-09-15 04:00:00,114.71784210205078,51.090328216552734,37.81228256225586,150.11297607421875,384.7091064453125
2017-09-18 04:00:00,114.5279769897461,50.957130432128906,37.59764862060547,151.3046417236328,380.3492736816406
2017-09-19 04:00:00,111.52971649169922,50.73771286010742,37.11790466308594,151.2135009765625,382.79119873046875
2017-09-20 04:00:00,111.07083129882812,50.63584518432617,36.8275260925293,150.0849151611328,379.5803527832031
2017-09-21 04:00:00,110.27976989746094,50.43210983276367,36.55609130859375,150.61767578125,377.3243408203125
2017-09-22 04:00:00,108.99819946289062,49.89926528930664,36.34144973754883,149.80458068847656,373.1756896972656
2017-09-25 04:00:00,108.68965911865234,50.165679931640625,36.5687141418457,150.15505981445312,369.41571044921875
2017-09-26 04:00:00,107.92228698730469,49.88359451293945,36.8275260925293,150.09898376464844,367.0584716796875
2017-09-27 04:00:00,106.59322357177734,49.2958869934082,36.17732238769531,148.59188842773438,373.40386962890625
2017-09-28 04:00:00,108.19912719726562,49.79738998413086,36.499271392822266,149.13160705566406,373.2264404296875
2017-09-29 04:00:00,108.66022491455078,49.726863861083984,36.23442077636719,150.00088500976562,377.0962219238281
2017-10-02 04:00:00,108.00833129882812,49.82875061035156,36.15839767456055,150.2041473388672,375.55853271484375
2017-10-03 04:00:00,108.6443099975586,49.90709686279297,36.14573287963867,149.2507781982422,373.7671813964844
2017-10-04 04:00:00,110.37739562988281,50.21271514892578,36.20907974243164,149.91671752929688,374.2825927734375
2017-10-05 04:00:00,110.70335388183594,50.59666442871094,36.13304901123047,149.7835235595703,376.3527526855469
2017-10-06 04:00:00,110.59207153320312,50.557491302490234,35.784584045410156,149.60130310058594,379.23388671875
2017-10-09 04:00:00,109.66192626953125,50.80039596557617,35.816253662109375,149.888671875,381.33795166015625
2017-10-10 04:00:00,108.98616027832031,50.71419906616211,35.8669548034668,149.32090759277344,381.8194274902344
2017-10-11 04:00:00,109.65397644042969,50.541812896728516,35.90497589111328,150.48451232910156,387.80157470703125
2017-10-12 04:00:00,111.3234634399414,50.996299743652344,35.95567321777344,151.9775848388672,392.6431579589844
2017-10-13 04:00:00,111.27576446533203,51.098167419433594,36.031707763671875,153.2042694091797,391.0546569824219
2017-10-16 04:00:00,110.97362518310547,50.933616638183594,36.05070877075195,152.50328063964844,389.8125
2017-10-17 04:00:00,110.60797119140625,50.39292907714844,36.171077728271484,151.32566833496094,390.0069274902344
2017-10-18 04:00:00,109.29621887207031,51.1765251159668,35.664215087890625,150.47747802734375,398.16064453125
2017-10-19 04:00:00,110.0196533203125,50.580997467041016,35.61351013183594,150.85597229003906,397.5859680175781
2017-10-20 04:00:00,110.56027221679688,50.49479675292969,35.18903732299805,150.77194213867188,396.07354736328125
2017-10-23 04:00:00,110.30583190917969,50.510475158691406,35.14468002319336,150.5546417236328,387.6664733886719
2017-10-24 04:00:00,109.73348236083984,50.18135452270508,34.82155227661133,147.2810821533203,391.1813659667969
2017-10-25 04:00:00,109.17699432373047,50.173526763916016,34.51110076904297,147.20394897460938,386.9228515625
2017-10-26 04:00:00,110.06733703613281,50.361576080322266,33.85851287841797,143.14532470703125,383.771240234375
2017-10-27 04:00:00,110.52845001220703,50.6906852722168,34.16896438598633,145.03097534179688,385.72314453125
2017-10-30 04:00:00,113.58125305175781,50.21271514892578,34.321014404296875,146.32774353027344,388.44384765625
2017-10-31 04:00:00,114.21724700927734,50.60450744628906,34.13783645629883,145.27627563476562,391.6292724609375
2017-11-01 04:00:00,111.94355010986328,50.933616638183594,34.303218841552734,144.7645721435547,394.63714599609375
2017-11-02 04:00:00,113.23939514160156,51.67018508911133,34.93292999267578,146.0333709716797,412.9046936035156
2017-11-03 04:00:00,112.9690933227539,51.928768157958984,35.09829330444336,146.48199462890625,411.18963623046875
2017-11-06 05:00:00,119.37677001953125,52.14033889770508,35.14917755126953,146.72732543945312,415.38885498046875
2017-11-07 05:00:00,119.77428436279297,52.132503509521484,35.75979995727539,148.24842834472656,412.38092041015625
2017-11-08 05:00:00,121.4119644165039,52.2813835144043,35.72802734375,149.44004821777344,416.5379333496094
2017-11-09 05:00:00,120.69649505615234,52.093326568603516,35.78524398803711,148.16432189941406,409.6770324707031
2017-11-10 05:00:00,119.67888641357422,51.88958740234375,35.79160690307617,148.26942443847656,407.43798828125
2017-11-13 05:00:00,119.2813491821289,52.5556640625,36.04603576660156,149.48211669921875,409.0519104003906
2017-11-14 05:00:00,118.84413146972656,52.649681091308594,36.19234085083008,149.2507781982422,408.1440734863281
2017-11-15 05:00:00,118.39892578125,51.39592742919922,35.91883087158203,147.23898315429688,402.518798828125
2017-11-16 05:00:00,117.97760009765625,52.539981842041016,35.93156051635742,149.7765350341797,403.0873718261719
2017-11-17 05:00:00,115.96624755859375,51.9522819519043,35.9251823425293,148.50076293945312,401.144287109375
2017-11-20 05:00:00,116.24449157714844,52.06198501586914,35.696224212646484,147.9820098876953,400.3722839355469
2017-11-21 05:00:00,116.53861999511719,52.814231872558594,35.9633674621582,148.12921142578125,402.38311767578125
2017-11-22 05:00:00,115.52102661132812,52.41460037231445,35.80432891845703,148.1082000732422,400.7795104980469
2017-11-24 05:00:00,117.10306549072266,52.547821044921875,35.86793899536133,149.1596221923828,402.2218933105469
2017-11-27 05:00:00,117.84243774414062,52.39894485473633,35.75979995727539,150.65975952148438,406.33673095703125
2017-11-28 05:00:00,118.16834259033203,52.25788497924805,35.54352951049805,146.80441284179688,405.51385498046875
2017-11-29 05:00:00,116.30810546875,51.81906509399414,35.28276062011719,147.3861846923828,397.3433532714844
2017-11-30 05:00:00,114.42391204833984,51.89742660522461,35.309574127197266,149.39100646972656,394.09381103515625
2017-12-01 05:00:00,114.16952514648438,51.86609649658203,35.46919250488281,148.65496826171875,398.0560607910156
2017-12-04 05:00:00,110.48077392578125,51.67018508911133,35.335121154785156,147.18292236328125,375.2497253417969
2017-12-05 05:00:00,111.90380096435547,50.49479675292969,35.25848388671875,147.94003295898438,378.0581359863281
2017-12-06 05:00:00,112.73059844970703,50.71419906616211,34.92646789550781,148.46572875976562,382.0035400390625
2017-12-07 05:00:00,114.56702423095703,51.57615661621094,35.00947952270508,146.04037475585938,386.69537353515625
2017-12-08 05:00:00,113.26322937011719,51.84257888793945,35.488365173339844,147.79275512695312,383.82757568359375
2017-12-11 05:00:00,114.51935577392578,51.50563430786133,35.38618087768555,148.381591796875,381.4434509277344
2017-12-12 05:00:00,114.09004211425781,51.85041809082031,35.59053039550781,149.82522583007812,381.9779968261719
2017-12-13 05:00:00,114.26493835449219,51.52914047241211,36.312049865722656,150.41964721679688,382.8858947753906
2017-12-14 05:00:00,114.193359375,51.64668273925781,36.375877380371094,149.32989501953125,390.58123779296875
2017-12-15 05:00:00,113.49378967285156,52.04900360107422,36.65044021606445,149.71197509765625,388.46014404296875
2017-12-18 05:00:00,113.55741882324219,51.9543342590332,36.905845642089844,150.08705139160156,386.73773193359375
2017-12-19 05:00:00,112.77828979492188,49.99796676635742,35.980010986328125,147.34136962890625,380.5440673828125
2017-12-20 05:00:00,111.45066833496094,49.73763656616211,35.50750732421875,145.17591857910156,379.4242248535156
2017-12-21 05:00:00,110.98956298828125,49.70608139038086,35.277652740478516,144.1639862060547,378.3127136230469
2017-12-22 05:00:00,111.8243179321289,50.35295104980469,35.6607551574707,145.75613403320312,378.91510009765625
2017-12-26 05:00:00,112.0230712890625,50.34506607055664,35.903377532958984,147.21395874023438,378.99993896484375
2017-12-27 05:00:00,113.10166931152344,50.70793533325195,36.21626663208008,148.0985107421875,383.2336730957031
2017-12-28 05:00:00,114.18023681640625,51.08658981323242,36.47166061401367,148.0702667236328,386.1353454589844
2017-12-29 05:00:00,113.98851013183594,50.88936996459961,36.544090270996094,147.90036010742188,384.5318603515625
2018-01-02 05:00:00,112.75811767578125,50.49494171142578,36.287723541259766,146.00390625,379.18658447265625
2018-01-03 05:00:00,113.19754028320312,50.40028381347656,36.19158935546875,146.32232666015625,380.9344482421875
2018-01-04 05:00:00,111.54369354248047,49.39053726196289,35.40969467163086,143.73233032226562,380.060546875
2018-01-05 05:00:00,112.26278686523438,49.35108947753906,35.384056091308594,142.89015197753906,381.36700439453125
2018-01-08 05:00:00,113.46114349365234,49.926963806152344,35.428932189941406,144.0294952392578,388.7571105957031
2018-01-09 05:00:00,112.69416046142578,49.4221076965332,34.768802642822266,142.34524536132812,386.8735046386719
2018-01-10 05:00:00,109.94574737548828,48.46758270263672,34.006134033203125,138.7786865234375,375.8607177734375
2018-01-11 05:00:00,107.83647155761719,48.633235931396484,34.1471061706543,138.78573608398438,369.40411376953125
2018-01-12 05:00:00,106.26249694824219,48.79100036621094,33.78822708129883,136.96702575683594,369.87921142578125
2018-01-16 05:00:00,108.36376953125,49.019775390625,33.929222106933594,137.1085662841797,380.1878356933594
2018-01-17 05:00:00,109.17073059082031,49.58775329589844,34.121498107910156,138.48147583007812,374.92742919921875
2018-01-18 05:00:00,108.01222229003906,48.459686279296875,33.80744552612305,136.75479125976562,371.1518859863281
2018-01-19 05:00:00,109.95372772216797,48.735774993896484,34.05738830566406,136.9741668701172,371.5252380371094
2018-01-22 05:00:00,111.24805450439453,49.78496170043945,34.51884078979492,137.12985229492188,369.96392822265625
2018-01-23 05:00:00,112.81401062011719,51.25224685668945,34.948238372802734,140.1798095703125,375.01226806640625
2018-01-24 05:00:00,113.26144409179688,50.865718841552734,34.61497116088867,137.93655395507812,374.4184265136719
2018-01-25 05:00:00,114.22020721435547,50.66059112548828,34.890560150146484,136.27357482910156,372.61126708984375
2018-01-26 05:00:00,115.95397186279297,50.794708251953125,34.7431640625,136.4717254638672,374.664306640625
2018-01-29 05:00:00,115.31478881835938,50.00585174560547,33.99971008300781,136.25233459472656,369.2088928222656
2018-01-30 05:00:00,115.9699478149414,49.61931610107422,33.62158966064453,137.00244140625,372.9421081542969
2018-01-31 05:00:00,118.00733947753906,51.362693786621094,34.23234176635742,138.5309600830078,386.20318603515625
2018-02-01 05:00:00,117.49595642089844,50.26618194580078,33.20259094238281,135.1483917236328,377.1672668457031
2018-02-02 05:00:00,116.02587127685547,50.35295104980469,32.983795166015625,134.6742706298828,371.0670471191406
2018-02-05 05:00:00,113.48512268066406,48.2861328125,32.243656158447266,130.9024658203125,364.6697082519531
2018-02-06 05:00:00,111.99107360839844,47.91537094116211,32.22434997558594,131.19967651367188,365.5521240234375
2018-02-07 05:00:00,111.85528564453125,47.36316680908203,31.484264373779297,131.1642608642578,361.5050048828125
2018-02-08 05:00:00,106.71791076660156,46.01421356201172,30.60896110534668,127.72506713867188,347.8451232910156
2018-02-09 05:00:00,108.69937896728516,47.584049224853516,31.471364974975586,132.4451141357422,361.2759094238281
2018-02-12 05:00:00,108.84318542480469,47.449947357177734,31.32976531982422,132.9122314453125,366.0612487792969
2018-02-13 05:00:00,108.90709686279297,48.2467041015625,31.529287338256836,133.8887939453125,370.1336364746094
2018-02-14 05:00:00,108.2439193725586,47.757591247558594,30.95650863647461,132.17620849609375,369.7773742675781
2018-02-15 05:00:00,108.83514404296875,48.44390106201172,31.715932846069336,134.79457092285156,345.5796813964844
2018-02-16 05:00:00,111.87125396728516,48.8935546875,32.15354537963867,133.57032775878906,342.1774597167969
2018-02-20 05:00:00,111.24805450439453,48.301910400390625,31.793136596679688,131.84364318847656,336.3571472167969
2018-02-21 05:00:00,109.80992126464844,47.260616302490234,31.143138885498047,134.98562622070312,326.5830383300781
2018-02-22 05:00:00,111.040283203125,47.28428268432617,31.728776931762695,136.6769256591797,331.2750244140625
2018-02-23 05:00:00,113.34933471679688,48.325565338134766,32.30803680419922,138.4744415283203,336.9673156738281
2018-02-26 05:00:00,114.04444122314453,48.365028381347656,32.56544876098633,138.6159210205078,336.4040222167969
2018-02-27 05:00:00,112.41455078125,47.615604400634766,31.77383804321289,136.5212860107422,333.869384765625
2018-02-28 05:00:00,111.31995391845703,47.868038177490234,31.79258918762207,137.59693908691406,334.62884521484375
2018-03-01 05:00:00,108.15607452392578,47.899593353271484,32.07057189941406,138.7786865234375,329.6705627441406
2018-03-02 05:00:00,107.06149291992188,47.505157470703125,32.14815902709961,137.99314880371094,325.8557434082031
2018-03-05 05:00:00,109.30655670166016,48.19147872924805,32.5230827331543,139.65618896484375,331.56512451171875
2018-03-06 05:00:00,110.96043395996094,48.593788146972656,32.67176055908203,140.22938537597656,334.2193298339844
2018-03-07 05:00:00,111.85528564453125,48.846221923828125,32.87217330932617,140.1232147216797,334.0144958496094
2018-03-08 05:00:00,114.04444122314453,49.209110260009766,32.697628021240234,141.3970184326172,332.3417663574219
2018-03-09 05:00:00,114.71558380126953,50.24250030517578,32.885101318359375,141.503173828125,337.2403869628906
2018-03-12 04:00:00,115.91401672363281,50.13995361328125,33.130760192871094,141.11395263671875,337.402587890625
2018-03-13 04:00:00,116.84880828857422,49.99006652832031,33.2600212097168,141.10678100585938,345.99658203125
2018-03-14 04:00:00,117.0166244506836,50.25238800048828,33.22126770019531,139.11244201660156,353.07147216796875
2018-03-15 04:00:00,117.16839599609375,50.42725372314453,33.05965042114258,139.51272583007812,354.3687438964844
2018-03-16 04:00:00,117.0885009765625,50.73725891113281,33.27296829223633,141.54283142089844,358.3456726074219
2018-03-19 04:00:00,115.9459457397461,50.3477783203125,32.90448760986328,140.62075805664062,351.36456298828125
2018-03-20 04:00:00,116.89673614501953,50.538536071777344,32.63298797607422,141.55714416503906,354.3943176269531
2018-03-21 04:00:00,113.71687316894531,49.78339767456055,32.258052825927734,141.90740966796875,351.4755859375
2018-03-22 04:00:00,114.2601547241211,49.05210494995117,32.23863220214844,139.8844757080078,356.3742370605469
2018-03-23 04:00:00,113.66895294189453,47.780303955078125,31.889575958251953,137.997314453125,342.8047180175781
2018-03-26 04:00:00,116.01787567138672,48.67055892944336,32.290367126464844,140.5421142578125,349.572509765625
2018-03-27 04:00:00,115.41870880126953,49.31442642211914,32.5295524597168,141.60719299316406,349.80291748046875
2018-03-28 04:00:00,115.29080963134766,49.70391845703125,33.46044158935547,144.48080444335938,355.8963623046875
2018-03-29 04:00:00,116.12174224853516,50.06956100463867,33.58378601074219,143.24411010742188,356.8522033691406
2018-04-02 04:00:00,114.91529846191406,48.805702209472656,33.22022247314453,142.5435791015625,348.66778564453125
2018-04-03 04:00:00,112.98975372314453,49.06801223754883,33.59028244018555,143.40853881835938,348.7104797363281
2018-04-04 04:00:00,114.2921142578125,49.40185546875,34.05121994018555,145.8532257080078,351.6036071777344
2018-04-05 04:00:00,115.11505126953125,49.09185791015625,33.999305725097656,143.93751525878906,352.96905517578125
2018-04-06 04:00:00,113.5810546875,48.67851638793945,33.81101608276367,142.4506378173828,347.37921142578125
2018-04-09 04:00:00,114.40397644042969,48.74210739135742,33.68766403198242,142.83670043945312,349.53839111328125
2018-04-10 04:00:00,110.35596466064453,48.96466827392578,33.577301025390625,143.2870330810547,346.1416931152344
2018-04-11 04:00:00,112.37993621826172,48.98057174682617,33.64870071411133,142.02178955078125,349.0347900390625
2018-04-12 04:00:00,111.14312744140625,48.99647521972656,32.915103912353516,140.3276824951172,342.3951721191406
2018-04-13 04:00:00,111.5607681274414,49.489295959472656,32.98651885986328,141.02101135253906,342.6084899902344
2018-04-16 04:00:00,111.25556182861328,49.75955581665039,33.16181564331055,140.8852081298828,346.0818786621094
2018-04-17 04:00:00,113.26349639892578,51.90573501586914,33.505889892578125,141.9431610107422,349.7004089355469
2018-04-18 04:00:00,112.29161071777344,52.19188690185547,33.38904571533203,141.478515625,353.4725341796875
2018-04-19 04:00:00,110.37203979492188,51.850093841552734,32.57102584838867,138.52627563476562,349.36767578125
2018-04-20 04:00:00,109.7294921875,51.659324645996094,32.1555061340332,137.78286743164062,346.5427551269531
2018-04-23 04:00:00,110.99848175048828,51.571876525878906,31.895837783813477,137.88294982910156,347.8399658203125
2018-04-24 04:00:00,110.00260162353516,51.842140197753906,32.123069763183594,138.50485229492188,349.5040588378906
2018-04-25 04:00:00,109.01467895507812,51.38111877441406,32.20746994018555,138.46913146972656,350.08447265625
2018-04-26 04:00:00,109.90618896484375,52.35881805419922,32.713863372802734,142.83670043945312,355.0941467285156
2018-04-27 04:00:00,108.62114715576172,52.92319107055664,33.40199661254883,144.71669006347656,359.4209289550781
2018-04-30 04:00:00,109.52068328857422,51.595726013183594,32.93257141113281,144.23776245117188,359.11376953125
2018-05-01 04:00:00,108.50867462158203,51.72291564941406,33.369415283203125,146.18209838867188,361.02545166015625
2018-05-02 04:00:00,109.6090316772461,51.46855163574219,33.12816619873047,146.31788635253906,361.9300231933594
2018-05-03 04:00:00,110.50056457519531,51.5083122253418,33.441123962402344,147.19000244140625,339.775146484375
2018-05-04 04:00:00,111.5206069946289,51.86598205566406,34.08009338378906,148.2479248046875,344.68231201171875
2018-05-07 04:00:00,110.95030212402344,52.05674743652344,34.340885162353516,150.09933471679688,336.3869934082031
2018-05-08 04:00:00,110.04273986816406,51.818302154541016,34.203975677490234,150.13507080078125,331.4200744628906
2018-05-09 04:00:00,110.79773712158203,51.842140197753906,34.47130584716797,151.21446228027344,331.2750244140625
2018-05-10 04:00:00,112.35589599609375,52.1362419128418,34.89509582519531,151.43603515625,340.2274169921875
2018-05-11 04:00:00,111.52862548828125,51.92958450317383,34.549530029296875,151.25738525390625,342.9839172363281
2018-05-14 04:00:00,111.07080078125,51.83420181274414,34.412620544433594,149.71331787109375,339.6214904785156
2018-05-15 04:00:00,109.79376983642578,51.047264099121094,33.721492767333984,147.19000244140625,331.4029235839844
2018-05-16 04:00:00,109.6090316772461,50.395469665527344,33.83884811401367,146.9684295654297,329.2182312011719
2018-05-17 04:00:00,109.91424560546875,50.300079345703125,33.721492767333984,145.71031188964844,325.9496154785156
2018-05-18 04:00:00,110.07485961914062,50.268280029296875,33.682369232177734,145.53158569335938,329.30352783203125
2018-05-21 04:00:00,110.33992004394531,50.729312896728516,34.106170654296875,146.46804809570312,331.76995849609375
2018-05-22 04:00:00,110.15518188476562,50.68956756591797,34.08660125732422,145.9033203125,328.9541931152344
2018-05-23 04:00:00,109.8981704711914,51.484439849853516,34.54301834106445,147.7332305908203,330.0101318359375
2018-05-24 04:00:00,108.82992553710938,51.253936767578125,34.41914749145508,148.06919860839844,332.2250061035156
2018-05-25 04:00:00,109.49661254882812,51.19829177856445,34.45173645019531,149.03421020507812,333.1263122558594
2018-05-29 04:00:00,109.20745086669922,51.11880111694336,34.76470184326172,150.00637817382812,340.03692626953125
2018-05-30 04:00:00,110.70133209228516,51.5083122253418,35.032005310058594,151.70770263671875,344.4923095703125
2018-05-31 04:00:00,111.13504791259766,51.150596618652344,34.894554138183594,151.42889404296875,340.6807556152344
2018-06-01 04:00:00,111.25556182861328,51.75471115112305,34.72431945800781,151.2716522216797,342.7067565917969
2018-06-04 04:00:00,112.49243927001953,52.66087341308594,34.80289077758789,153.00869750976562,344.1919250488281
2018-06-05 04:00:00,111.56878662109375,52.49394989013672,34.698143005371094,152.17230224609375,339.58197021484375
2018-06-06 04:00:00,111.67318725585938,52.414459228515625,34.87490463256836,152.68699645996094,339.53045654296875
2018-06-07 04:00:00,110.98245239257812,52.430362701416016,34.92726516723633,153.787841796875,341.1701965332031
2018-06-08 04:00:00,111.3037338256836,52.42240524291992,34.87490463256836,154.79574584960938,346.2607727050781
2018-06-11 04:00:00,112.15508270263672,52.0488166809082,34.95345687866211,154.86004638671875,347.0162048339844
2018-06-12 04:00:00,113.35987854003906,52.07267379760742,35.33316421508789,155.78363037109375,347.9606018066406
2018-06-13 04:00:00,109.60099029541016,51.432071685791016,34.3053092956543,153.1862335205078,337.1096496582031
2018-06-14 04:00:00,111.11901092529297,51.58421325683594,34.69157409667969,154.7301788330078,340.5863037109375
2018-06-15 04:00:00,111.28765106201172,51.20785140991211,34.67848587036133,154.41275024414062,342.3204040527344
2018-06-18 04:00:00,111.64302825927734,51.384010314941406,34.63266372680664,154.88888549804688,344.8357849121094
2018-06-19 04:00:00,112.32952880859375,50.85551834106445,34.60647201538086,156.6133270263672,344.89581298828125
2018-06-20 04:00:00,113.50873565673828,51.335975646972656,35.018917083740234,157.66664123535156,352.58770751953125
2018-06-21 04:00:00,114.42943572998047,51.20785140991211,35.0385627746582,160.05479431152344,359.69580078125
2018-06-22 04:00:00,115.35018920898438,51.496116638183594,35.20878219604492,163.0273895263672,359.5755920410156
2018-06-25 04:00:00,114.80906677246094,51.360008239746094,35.50993728637695,162.8036651611328,359.3266296386719
2018-06-26 04:00:00,115.63288116455078,51.26390075683594,35.58195877075195,165.2206268310547,368.2803955078125
2018-06-27 04:00:00,115.77826690673828,51.576202392578125,35.699790954589844,163.92196655273438,365.3358459472656
2018-06-28 04:00:00,116.51321411132812,52.16875457763672,35.54921340942383,165.17013549804688,366.60638427734375
2018-06-29 04:00:00,116.44054412841797,52.601165771484375,35.35860061645508,163.6766357421875,369.0444030761719
2018-07-02 04:00:00,116.84437561035156,51.664276123046875,35.023338317871094,163.30148315429688,367.6021728515625
2018-07-03 04:00:00,115.51980590820312,52.088687896728516,35.595218658447266,165.53810119628906,365.91094970703125
2018-07-05 04:00:00,117.65204620361328,52.833370208740234,36.25912857055664,167.89736938476562,377.8521728515625
2018-07-06 04:00:00,117.76509094238281,53.00952911376953,36.535240173339844,167.53662109375,382.61663818359375
2018-07-09 04:00:00,114.83332061767578,52.68923568725586,36.07509994506836,165.68238830566406,379.8782043457031
2018-07-10 04:00:00,115.93170166015625,52.713260650634766,36.46292495727539,166.4543914794922,382.771240234375
2018-07-11 04:00:00,115.82672882080078,52.36894226074219,36.24601745605469,165.63189697265625,380.7023010253906
2018-07-12 04:00:00,116.10939025878906,52.585140228271484,36.43006896972656,165.5958251953125,382.5909118652344
2018-07-13 04:00:00,115.68130493164062,52.4730339050293,36.25258255004883,164.55682373046875,380.6679382324219
2018-07-16 04:00:00,114.49407196044922,52.080684661865234,36.094810485839844,162.7242889404297,377.5345764160156
2018-07-17 04:00:00,114.82522583007812,50.78346252441406,35.96991729736328,158.52523803710938,376.392822265625
2018-07-18 04:00:00,114.18717193603516,50.423126220703125,36.13424301147461,158.10682678222656,373.0448303222656
2018-07-19 04:00:00,114.42137908935547,50.84752655029297,36.68640899658203,160.50213623046875,375.3111572265625
2018-07-20 04:00:00,113.37952423095703,49.99872589111328,36.476070404052734,160.25680541992188,372.76153564453125
2018-07-23 04:00:00,113.75105285644531,50.10281753540039,36.46292495727539,159.174560546875,368.1087646484375
2018-07-24 04:00:00,114.34062194824219,49.93467330932617,36.12110137939453,158.2510986328125,368.048583984375
2018-07-25 04:00:00,115.44711303710938,51.055702209472656,36.64697265625,158.48919677734375,371.4051818847656
2018-07-26 04:00:00,116.71515655517578,52.16074752807617,36.6535530090332,158.06349182128906,373.60284423828125
2018-07-27 04:00:00,116.6101303100586,52.048641204833984,36.18026351928711,155.3795623779297,380.4705505371094
2018-07-30 04:00:00,115.2694320678711,52.048641204833984,36.397186279296875,154.7590789794922,371.42236328125
2018-07-31 04:00:00,119.72774505615234,52.545108795166016,36.80636978149414,157.16160583496094,377.1053771972656
2018-08-01 04:00:00,121.28646850585938,52.93747329711914,36.94496154785156,156.90908813476562,382.12738037109375
2018-08-02 04:00:00,119.70352172851562,52.729278564453125,37.558719635009766,151.66387939453125,384.49676513671875
2018-08-03 04:00:00,121.94882202148438,53.49798583984375,38.060306549072266,154.3839111328125,390.9696044921875
2018-08-06 04:00:00,121.8841781616211,53.233741760253906,38.02071762084961,155.71145629882812,388.7718200683594
2018-08-07 04:00:00,121.17345428466797,52.57712936401367,37.78310775756836,156.45455932617188,384.50531005859375
2018-08-08 04:00:00,120.5999984741211,52.609153747558594,37.71710968017578,156.7215576171875,384.1618957519531
2018-08-09 04:00:00,121.6095962524414,52.344913482666016,37.60493087768555,155.68980407714844,382.0071716308594
2018-08-10 04:00:00,120.48690795898438,51.70431137084961,37.29473114013672,154.92503356933594,375.35418701171875
2018-08-13 04:00:00,120.34961700439453,51.59221649169922,37.4333381652832,155.2640838623047,378.4188232421875
2018-08-14 04:00:00,120.43040466308594,51.287925720214844,37.67093276977539,155.79078674316406,372.58990478515625
2018-08-15 04:00:00,120.7776870727539,51.656272888183594,38.02071762084961,158.15728759765625,374.64154052734375
2018-08-16 04:00:00,120.92308044433594,52.56911087036133,38.41008377075195,159.35496520996094,380.8139953613281
2018-08-17 04:00:00,122.09416198730469,53.99446105957031,38.839073181152344,161.30294799804688,376.6675720214844
2018-08-20 04:00:00,121.78728485107422,54.250709533691406,38.792869567871094,160.5165252685547,376.2897033691406
2018-08-21 04:00:00,120.56768798828125,52.649200439453125,38.674076080322266,159.3477020263672,373.3212890625
2018-08-22 04:00:00,119.62275695800781,52.176761627197266,38.59486389160156,152.26272583007812,371.0171203613281
2018-08-23 04:00:00,119.03313446044922,51.67229080200195,38.5750846862793,152.71725463867188,370.35272216796875
2018-08-24 04:00:00,119.58234405517578,52.92144775390625,38.674076080322266,153.89329528808594,371.08624267578125
2018-08-27 04:00:00,119.83273315429688,52.81736373901367,38.52227783203125,153.6696014404297,373.26947021484375
2018-08-28 04:00:00,121.22999572753906,53.92237854003906,38.98426055908203,154.87451171875,375.9704895019531
2018-08-29 04:00:00,121.51265716552734,53.818294525146484,38.62129211425781,153.44590759277344,376.3416748046875
2018-08-30 04:00:00,120.29308319091797,53.55404281616211,38.55527114868164,152.70285034179688,371.6643371582031
2018-08-31 04:00:00,120.4384536743164,53.79426574707031,38.80040740966797,153.3738250732422,376.35888671875
2018-09-04 04:00:00,119.655029296875,53.03356170654297,38.66790008544922,153.74900817871094,369.6795349121094
2018-09-05 04:00:00,119.21083068847656,53.84231185913086,38.840126037597656,155.62486267089844,371.2501525878906
2018-09-06 04:00:00,119.60661315917969,53.79426574707031,38.946136474609375,154.93943786621094,372.4927978515625
2018-09-07 04:00:00,118.36274719238281,52.8493766784668,38.51553726196289,150.87020874023438,372.0096435546875
2018-09-10 04:00:00,118.99275207519531,53.28179168701172,38.65463638305664,152.74615478515625,374.5380859375
2018-09-11 04:00:00,118.72626495361328,53.16168212890625,38.42940902709961,151.748291015625,375.09039306640625
2018-09-12 04:00:00,118.97663116455078,53.19371795654297,38.49565505981445,152.78982543945312,379.2065734863281
2018-09-13 04:00:00,120.11540985107422,54.122562408447266,38.51553726196289,152.8990478515625,383.01220703125
2018-09-14 04:00:00,118.87966918945312,54.2193489074707,38.197566986083984,150.46627807617188,386.7229309082031
2018-09-17 04:00:00,119.33196258544922,54.4532356262207,38.535400390625,151.6608428955078,385.9980163574219
2018-09-18 04:00:00,119.057373046875,53.81613540649414,38.09818649291992,149.63595581054688,384.1944885253906
2018-09-19 04:00:00,119.19468688964844,53.18707275390625,37.528472900390625,148.659912109375,381.65740966796875
2018-09-20 04:00:00,120.12348937988281,54.32420349121094,37.939186096191406,149.330078125,384.0218811035156
2018-09-21 04:00:00,119.92967224121094,54.42903137207031,37.75369644165039,148.7546844482422,381.1482238769531
2018-09-24 04:00:00,118.22544860839844,53.485469818115234,37.183982849121094,147.0794219970703,372.7689514160156
2018-09-25 04:00:00,117.67626953125,53.53384780883789,37.40261459350586,147.39259338378906,369.9989318847656
2018-09-26 04:00:00,116.26284790039062,53.21932601928711,36.978614807128906,146.51129150390625,365.14044189453125
2018-09-27 04:00:00,116.44963073730469,53.59838104248047,37.1773567199707,145.3022003173828,371.19842529296875
2018-09-28 04:00:00,118.00080108642578,54.670989990234375,37.8364372253418,146.86090087890625,373.5628662109375
2018-10-01 04:00:00,116.96941375732422,54.2274055480957,37.643577575683594,145.0836639404297,372.23394775390625
2018-10-02 04:00:00,117.05061340332031,53.56610107421875,37.783241271972656,145.84849548339844,372.63092041015625
2018-10-03 04:00:00,116.8719711303711,53.251583099365234,37.749977111816406,143.9911346435547,367.0131530761719
2018-10-04 04:00:00,117.3023681640625,52.84834289550781,37.60369110107422,144.04208374023438,364.56231689453125
2018-10-05 04:00:00,117.55412292480469,52.61446762084961,37.94952392578125,144.9525909423828,360.1268005371094
2018-10-08 04:00:00,118.39872741699219,53.3886833190918,38.62790298461914,146.54039001464844,361.5246887207031
2018-10-09 04:00:00,119.9092788696289,54.082244873046875,38.95379638671875,146.35833740234375,359.4967346191406
2018-10-10 04:00:00,118.16321563720703,52.87253189086914,38.11577606201172,144.71218872070312,353.8789978027344
2018-10-11 04:00:00,114.24878692626953,50.67893600463867,37.21792221069336,142.527099609375,342.6605529785156
2018-10-12 04:00:00,115.36139678955078,50.43697738647461,37.144779205322266,143.37930297851562,341.6768493652344
2018-10-15 04:00:00,115.91365051269531,50.864418029785156,37.35761642456055,144.41355895996094,342.2377624511719
2018-10-16 04:00:00,118.3175277709961,51.50153350830078,38.275390625,145.0254364013672,352.33428955078125
2018-10-17 04:00:00,119.12152862548828,50.69506072998047,38.60130310058594,144.3116455078125,354.1896057128906
2018-10-18 04:00:00,119.21084594726562,50.864418029785156,38.514827728271484,144.31890869140625,355.2339172363281
2018-10-19 04:00:00,121.9395751953125,51.283782958984375,38.90724563598633,145.64451599121094,357.5292053222656
2018-10-22 04:00:00,121.20868682861328,51.01765060424805,38.38182067871094,143.17538452148438,355.3028564453125
2018-10-23 04:00:00,122.5080795288086,51.64669418334961,38.88728713989258,143.940185546875,355.0267028808594
2018-10-24 04:00:00,123.41765594482422,52.63865661621094,39.77184295654297,146.19078063964844,359.6348571777344
2018-10-25 04:00:00,124.66826629638672,53.138675689697266,40.06447219848633,146.93374633789062,355.5099792480469
2018-10-26 04:00:00,121.50102996826172,51.961219787597656,39.72528076171875,146.27090454101562,332.4259948730469
2018-10-29 04:00:00,124.10794830322266,52.6628532409668,40.76946258544922,150.07296752929688,327.8437805175781
2018-10-30 04:00:00,130.71044921875,52.920928955078125,40.83598709106445,151.28936767578125,325.1513366699219
2018-10-31 04:00:00,126.53614807128906,51.993492126464844,40.229217529296875,149.6578369140625,326.8341369628906
2018-11-01 04:00:00,124.27040100097656,52.22736740112305,40.84329605102539,150.1239776611328,333.69451904296875
2018-11-02 04:00:00,123.49071502685547,51.89671325683594,40.22254180908203,145.11280822753906,338.6479187011719
2018-11-05 05:00:00,126.44680786132812,52.47736358642578,41.03019714355469,146.83901977539062,342.1255798339844
2018-11-06 05:00:00,126.82037353515625,53.15481185913086,41.09029006958008,147.7130584716797,341.7630920410156
2018-11-07 05:00:00,127.46198272705078,54.098384857177734,41.57753372192383,148.19386291503906,345.18048095703125
2018-11-08 05:00:00,129.4191436767578,54.130645751953125,41.70436477661133,149.3446044921875,336.10223388671875
2018-11-09 05:00:00,130.0526123046875,54.49356460571289,41.891273498535156,150.29881286621094,332.18438720703125
2018-11-12 05:00:00,130.77540588378906,54.64678955078125,41.97801971435547,151.36952209472656,336.05047607421875
2018-11-13 05:00:00,131.0028533935547,54.4774169921875,41.94464874267578,151.77737426757812,332.91680908203125
2018-11-14 05:00:00,132.70826721191406,54.4854850769043,42.164913177490234,152.31640625,334.4705505371094
2018-11-15 05:00:00,131.6687774658203,53.80805587768555,41.837860107421875,151.0271453857422,334.4358215332031
2018-11-16 05:00:00,133.171142578125,54.283870697021484,42.578765869140625,153.95521545410156,337.3438415527344
2018-11-19 05:00:00,134.99842834472656,54.59839630126953,42.69890213012695,154.45779418945312,332.8647155761719
2018-11-20 05:00:00,130.4586944580078,53.79193115234375,42.62547302246094,153.85321044921875,326.8145446777344
2018-11-21 05:00:00,130.19070434570312,53.969337463378906,42.44526672363281,152.0104522705078,332.3612976074219
2018-11-23 05:00:00,130.255615234375,54.00160217285156,42.318450927734375,151.25296020507812,330.1998291015625
2018-11-26 05:00:00,131.2301788330078,53.51771926879883,42.07149124145508,150.52459716796875,331.7362365722656
2018-11-27 05:00:00,131.62818908691406,53.75967025756836,42.505348205566406,151.94491577148438,331.6842346191406
2018-11-28 05:00:00,131.5631866455078,54.316139221191406,42.478641510009766,153.226806640625,333.3768615722656
2018-11-29 05:00:00,132.14788818359375,54.17902374267578,42.62547302246094,154.31210327148438,333.4202880859375
2018-11-30 05:00:00,133.58535766601562,54.30806350708008,42.92757034301758,155.3318328857422,334.4358215332031
2018-12-03 05:00:00,132.44024658203125,55.36455154418945,43.168704986572266,154.719970703125,339.4964904785156
2018-12-04 05:00:00,132.7650909423828,53.92095947265625,42.89408493041992,154.2756805419922,334.2708435058594
2018-12-06 05:00:00,136.13540649414062,55.227447509765625,44.34754943847656,157.4951171875,340.89404296875
2018-12-07 05:00:00,135.1608123779297,53.90481948852539,44.15999984741211,155.97276306152344,335.4688415527344
2018-12-10 05:00:00,134.9659423828125,53.17899703979492,43.97915267944336,155.8271026611328,335.9983215332031
2018-12-11 05:00:00,135.33135986328125,53.6064338684082,44.4078483581543,154.94479370117188,338.35931396484375
2018-12-12 05:00:00,133.71530151367188,52.13058853149414,43.65095901489258,150.20249938964844,336.0329895019531
2018-12-13 05:00:00,135.4613037109375,52.51769256591797,44.42122268676758,146.349853515625,337.9427185058594
2018-12-14 05:00:00,135.29893493652344,52.26768493652344,44.43461227416992,149.599609375,335.8421936035156
2018-12-17 05:00:00,130.7023468017578,49.98457717895508,42.94096755981445,146.73219299316406,320.35638427734375
2018-12-18 05:00:00,131.81491088867188,50.886436462402344,43.5772819519043,150.09222412109375,322.01434326171875
2018-12-19 05:00:00,132.00173950195312,49.76519775390625,43.28257751464844,149.4378662109375,319.8182067871094
2018-12-20 05:00:00,131.1895751953125,49.05020523071289,42.99453353881836,149.2025909423828,310.9383239746094
2018-12-21 05:00:00,128.314697265625,47.83146286010742,42.726627349853516,149.4746551513672,304.08074951171875
2018-12-24 05:00:00,124.72513580322266,45.45086669921875,40.36891555786133,144.59994506835938,294.2806701660156
2018-12-26 05:00:00,128.63653564453125,47.1002311706543,42.13719177246094,147.34242248535156,303.1780090332031
2018-12-27 05:00:00,129.5103302001953,47.12460708618164,42.40514373779297,148.30555725097656,300.6781005859375
2018-12-28 05:00:00,129.6981201171875,47.522727966308594,42.43192672729492,148.44525146484375,306.2855224609375
2018-12-31 05:00:00,129.17556762695312,47.709590911865234,42.37208938598633,148.8202667236328,306.03387451171875
2019-01-02 05:00:00,127.9914779663086,46.33647155761719,41.62602615356445,143.41624450683594,303.8116149902344
2019-01-03 05:00:00,128.75906372070312,45.962738037109375,41.995697021484375,146.166015625,300.2874755859375
2019-01-04 05:00:00,129.2735137939453,47.12460708618164,41.98223876953125,144.5485382080078,307.1015319824219
2019-01-07 05:00:00,130.0737762451172,47.88834762573242,41.86125183105469,144.14413452148438,307.7177429199219
2019-01-08 05:00:00,131.54359436035156,49.480831146240234,42.47291564941406,146.73219299316406,314.1064453125
2019-01-09 05:00:00,130.39222717285156,49.81395721435547,42.30488967895508,145.71017456054688,310.16571044921875
2019-01-10 05:00:00,132.17237854003906,50.683326721191406,42.97030258178711,147.72474670410156,321.7625732421875
2019-01-11 05:00:00,131.7967529296875,50.66706848144531,43.21229553222656,147.56297302246094,322.41351318359375
2019-01-14 05:00:00,131.7967529296875,50.658939361572266,42.90311050415039,147.74681091308594,326.8839416503906
2019-01-15 05:00:00,133.14410400390625,51.357696533203125,43.534908294677734,149.99664306640625,332.43939208984375
2019-01-16 05:00:00,133.740234375,51.625816345214844,43.45426559448242,150.21722412109375,330.816162109375
2019-01-17 05:00:00,134.23019409179688,52.040191650390625,43.56179428100586,150.68043518066406,331.441162109375
2019-01-18 05:00:00,134.4669647216797,52.56830978393555,43.45426559448242,149.34963989257812,325.22607421875
2019-01-22 05:00:00,134.47515869140625,52.63330078125,43.534908294677734,148.1585235595703,322.04901123046875
2019-01-23 05:00:00,135.3815460205078,52.86892318725586,43.299659729003906,148.39382934570312,317.0577697753906
2019-01-24 05:00:00,135.26724243164062,52.592681884765625,43.19212341308594,148.98199462890625,322.2834167480469
2019-01-25 05:00:00,136.7043914794922,53.6326789855957,43.83736801147461,151.1951141357422,320.6861877441406
2019-01-28 05:00:00,137.22706604003906,54.201416015625,44.354923248291016,153.07733154296875,327.3440246582031
2019-01-29 05:00:00,138.36209106445312,54.87577438354492,44.81870651245117,154.69485473632812,329.236328125
2019-01-30 05:00:00,139.20315551757812,55.56640625,45.41691207885742,154.58456420898438,332.4654541015625
2019-01-31 05:00:00,141.13845825195312,56.192020416259766,46.32467269897461,156.25352478027344,342.0050354003906
2019-02-01 05:00:00,139.1704559326172,56.39516830444336,45.74467468261719,154.0331573486328,344.071044921875
2019-02-04 05:00:00,139.5869903564453,56.590152740478516,46.41908264160156,153.7978515625,343.1248779296875
2019-02-05 05:00:00,140.80368041992188,56.82576370239258,46.749515533447266,153.65077209472656,343.5589599609375
2019-02-06 05:00:00,139.03990173339844,56.4520378112793,46.655128479003906,153.32728576660156,338.6197814941406
2019-02-07 05:00:00,140.460693359375,57.22389221191406,47.27558135986328,154.2831268310547,338.3506774902344
2019-02-08 05:00:00,140.80368041992188,57.54890441894531,47.26210021972656,154.8198699951172,343.5848693847656
2019-02-11 05:00:00,141.26097106933594,57.719512939453125,47.48462677001953,154.7757110595703,347.2741394042969
2019-02-12 05:00:00,140.93431091308594,57.362003326416016,46.7697639465332,152.7391357421875,345.0258483886719
2019-02-13 05:00:00,141.8407745361328,57.54076385498047,46.924888610839844,152.90084838867188,340.19091796875
2019-02-14 05:00:00,143.54737854003906,57.56513214111328,47.05976486206055,153.04055786132812,365.086181640625
2019-02-15 05:00:00,145.20509338378906,57.841373443603516,47.268802642822266,152.7391357421875,365.7805480957031
2019-02-19 05:00:00,145.0254364013672,57.99574661254883,47.15418243408203,152.86407470703125,373.76641845703125
2019-02-20 05:00:00,144.28233337402344,57.1345329284668,46.40559387207031,151.1803741455078,374.58245849609375
2019-02-21 05:00:00,144.13536071777344,57.71138000488281,46.91140365600586,147.4011993408203,369.6606140136719
2019-02-22 05:00:00,144.2333526611328,58.19076156616211,47.03278350830078,147.88653564453125,371.9869384765625
2019-02-25 05:00:00,142.27352905273438,57.89825439453125,46.80349349975586,148.08505249023438,372.3689270019531
2019-02-26 05:00:00,142.10206604003906,57.719512939453125,46.648372650146484,149.03347778320312,371.7752380371094
2019-02-27 05:00:00,141.43247985839844,57.00452423095703,46.41908264160156,154.11402893066406,365.0616149902344
2019-02-28 05:00:00,143.84140014648438,56.92326736450195,46.7952766418457,155.4962615966797,369.7323303222656
2019-03-01 05:00:00,145.28671264648438,56.77700424194336,46.78174591064453,155.87120056152344,377.8428955078125
2019-03-04 05:00:00,146.7320556640625,57.15076446533203,47.05238723754883,156.12857055664062,372.7705383300781
2019-03-05 05:00:00,147.85081481933594,57.15076446533203,47.22835159301758,156.7167205810547,372.71820068359375
2019-03-06 05:00:00,148.3325958251953,57.01264953613281,47.032108306884766,156.76087951660156,370.7450256347656
2019-03-07 05:00:00,148.41427612304688,56.484519958496094,46.998291015625,157.4667510986328,372.5697326660156
2019-03-08 05:00:00,148.29991149902344,56.82576370239258,47.19451141357422,157.57699584960938,375.7388916015625
2019-03-11 04:00:00,151.1987762451172,57.678890228271484,47.85758972167969,160.90028381347656,382.6794738769531
2019-03-12 04:00:00,151.68057250976562,58.19076156616211,48.28385543823242,161.9613800048828,382.8279113769531
2019-03-13 04:00:00,152.8891143798828,58.80825424194336,48.24325180053711,162.6069793701172,383.1510314941406
2019-03-14 04:00:00,153.493408203125,58.75096130371094,48.6560173034668,162.1840057373047,384.5564880371094
2019-03-15 04:00:00,154.31002807617188,58.63637161254883,48.202659606933594,161.4790802001953,385.54302978515625
2019-03-18 04:00:00,154.24465942382812,57.98977279663086,48.04704284667969,161.5829620361328,387.7170104980469
2019-03-19 04:00:00,155.0775909423828,57.64599609375,47.39747619628906,161.3751983642578,387.2367248535156
2019-03-20 04:00:00,156.40859985351562,58.047054290771484,47.86434555053711,162.39178466796875,391.1916809082031
2019-03-21 04:00:00,158.9971923828125,58.98012161254883,49.03490447998047,164.7439727783203,400.10540771484375
2019-03-22 04:00:00,158.13162231445312,58.16984176635742,49.12285232543945,164.8181610107422,394.1773986816406
2019-03-25 04:00:00,159.7974395751953,58.071617126464844,49.56267547607422,166.39125061035156,389.5328674316406
2019-03-26 04:00:00,159.27481079101562,59.06199645996094,50.05659484863281,163.40830993652344,390.8337707519531
2019-03-27 04:00:00,158.49090576171875,58.59545135498047,49.697994232177734,162.65145874023438,391.1916809082031
2019-03-28 04:00:00,159.1768341064453,59.029239654541016,49.98215866088867,162.5030059814453,392.8330078125
2019-03-29 04:00:00,160.91616821289062,58.890098571777344,49.9251823425293,161.59779357910156,395.626708984375
2019-04-01 04:00:00,157.20069885253906,59.10292434692383,49.361854553222656,161.99105834960938,398.36810302734375
2019-04-02 04:00:00,159.3319854736328,59.86410140991211,49.23966979980469,162.82211303710938,401.98236083984375
2019-04-03 04:00:00,158.6542510986328,59.872283935546875,48.83246612548828,162.436279296875,403.35302734375
2019-04-04 04:00:00,157.6416778564453,59.62673568725586,48.723876953125,161.55325317382812,402.85552978515625
2019-04-05 04:00:00,159.85459899902344,59.79861068725586,49.05643844604492,162.1840057373047,407.3778076171875
2019-04-08 04:00:00,160.2301788330078,59.659481048583984,48.866390228271484,161.76104736328125,404.5753479003906
2019-04-09 04:00:00,160.63853454589844,59.242061614990234,48.31665802001953,162.79983520507812,401.69439697265625
2019-04-10 04:00:00,161.29476928710938,60.207855224609375,48.703521728515625,162.8740997314453,402.65460205078125
2019-04-11 04:00:00,161.3193817138672,60.207855224609375,48.459190368652344,162.9779510498047,402.1833190917969
2019-04-12 04:00:00,162.39407348632812,60.919944763183594,48.39811706542969,164.551025390625,404.5491638183594
2019-04-15 04:00:00,160.8599853515625,60.34701156616211,48.44563293457031,163.6531982421875,401.59832763671875
2019-04-16 04:00:00,157.6688690185547,59.561248779296875,47.06105422973633,161.3455047607422,395.19024658203125
2019-04-17 04:00:00,156.823974609375,59.143836975097656,45.99549102783203,160.78897094726562,390.7027282714844
2019-04-18 04:00:00,158.2513427734375,60.21604919433594,46.511322021484375,161.35293579101562,389.7598876953125
2019-04-22 04:00:00,157.76734924316406,59.69219970703125,46.076934814453125,159.0526580810547,390.4496765136719
2019-04-23 04:00:00,158.6532745361328,60.73167419433594,46.87102508544922,160.27700805664062,393.05126953125
2019-04-24 04:00:00,158.51385498046875,61.64020538330078,47.454689025878906,161.9242706298828,395.8885192871094
2019-04-25 04:00:00,157.74270629882812,61.76300048828125,47.56330490112305,160.86318969726562,396.2640686035156
2019-04-26 04:00:00,158.49740600585938,62.286827087402344,47.90266036987305,162.46600341796875,395.53057861328125
2019-04-29 04:00:00,157.86581420898438,61.697509765625,47.169654846191406,161.16000366210938,391.8289794921875
2019-04-30 04:00:00,160.2119598388672,62.753353118896484,47.670814514160156,164.12063598632812,396.9711608886719
2019-05-01 04:00:00,158.2513427734375,63.51456069946289,47.663970947265625,164.73651123046875,392.87664794921875
2019-05-02 04:00:00,158.1610870361328,62.47507095336914,47.82061767578125,168.33535766601562,405.9722900390625
2019-05-03 04:00:00,158.28414916992188,62.835205078125,47.868255615234375,168.2537078857422,416.4312438964844
2019-05-06 04:00:00,157.65249633789062,62.40140151977539,47.636756896972656,168.30567932128906,417.7757263183594
2019-05-07 04:00:00,155.74110412597656,60.829917907714844,45.36930847167969,165.1965789794922,414.6327819824219
2019-05-08 04:00:00,157.20947265625,60.8872184753418,45.498687744140625,164.9591827392578,418.16864013671875
2019-05-09 04:00:00,157.93141174316406,61.09183883666992,45.866363525390625,165.38954162597656,416.08209228515625
2019-05-10 04:00:00,160.5072479248047,61.84482955932617,46.465576171875,167.3336181640625,418.9019470214844
2019-05-13 04:00:00,161.50807189941406,61.43560028076172,46.64262390136719,169.70062255859375,415.7764892578125
2019-05-14 04:00:00,162.48431396484375,61.63203430175781,46.98987579345703,168.95863342285156,422.5512390136719
2019-05-15 04:00:00,164.45309448242188,62.213165283203125,47.166927337646484,169.51519775390625,424.8386535644531
2019-05-16 04:00:00,165.72457885742188,62.91704559326172,47.19414520263672,170.01229858398438,429.32598876953125
2019-05-17 04:00:00,166.0609588623047,62.704254150390625,47.166927337646484,170.75433349609375,428.0340270996094
2019-05-20 04:00:00,162.63194274902344,61.869384765625,46.513248443603516,171.06594848632812,419.1639099121094
2019-05-21 04:00:00,162.5663299560547,62.88430404663086,47.017127990722656,171.35540771484375,425.1222839355469
2019-05-22 04:00:00,164.61715698242188,62.655128479003906,47.473358154296875,171.9712677001953,433.4940490722656
2019-05-23 04:00:00,166.46287536621094,62.55691909790039,48.05892562866211,173.95242309570312,435.4859924316406
2019-05-24 04:00:00,166.52854919433594,61.72206497192383,48.02488327026367,175.2880859375,435.7142028808594
2019-05-28 04:00:00,166.15939331054688,60.870853424072266,47.48696517944336,173.0917510986328,431.0720520019531
2019-05-29 04:00:00,164.9945068359375,59.872283935546875,46.846885681152344,171.78578186035156,423.4549865722656
2019-05-30 04:00:00,167.91493225097656,60.011436462402344,47.13287353515625,173.08432006835938,427.6319885253906
2019-05-31 04:00:00,171.26190185546875,60.29788589477539,47.874786376953125,176.512451171875,426.2982482910156
2019-06-03 04:00:00,171.68844604492188,61.46834945678711,48.72187423706055,178.04103088378906,426.1138916015625
2019-06-04 04:00:00,170.63845825195312,61.38649368286133,48.09337615966797,176.37887573242188,422.13861083984375
2019-06-05 04:00:00,174.54322814941406,63.40812301635742,49.514339447021484,181.71401977539062,434.6348876953125
2019-06-06 04:00:00,174.48582458496094,63.95652770996094,49.60312271118164,181.58790588378906,434.0819091796875
2019-06-07 04:00:00,174.2889862060547,63.99744415283203,49.630455017089844,181.9514923095703,438.4170227050781
2019-06-10 04:00:00,172.14788818359375,64.17752838134766,49.0292854309082,180.84585571289062,444.05078125
2019-06-11 04:00:00,171.4259796142578,64.52129364013672,49.34352111816406,180.19496154785156,442.48876953125
2019-06-12 04:00:00,173.5014190673828,64.94154357910156,49.917362213134766,181.00299072265625,441.988525390625
2019-06-13 04:00:00,171.45875549316406,65.86444854736328,49.664615631103516,181.24986267089844,445.1739807128906
2019-06-14 04:00:00,173.2799072265625,65.8891830444336,50.05400848388672,182.035400390625,447.4731750488281
2019-06-17 04:00:00,175.62608337402344,66.68024444580078,50.060829162597656,182.70127868652344,448.842041015625
2019-06-18 04:00:00,176.6312255859375,66.31768035888672,49.596309661865234,180.67376708984375,441.6024475097656
2019-06-19 04:00:00,178.0977020263672,67.18289947509766,50.01982879638672,181.29473876953125,448.570068359375
2019-06-20 04:00:00,179.20997619628906,67.9657211303711,50.06767654418945,181.41444396972656,446.11297607421875
2019-06-21 04:00:00,177.28207397460938,67.01809692382812,49.357177734375,179.93309020996094,445.8672790527344
2019-06-24 04:00:00,176.76304626464844,66.41655731201172,49.03611755371094,179.4542999267578,447.5785217285156
2019-06-25 04:00:00,173.68174743652344,65.74085235595703,48.1002197265625,178.376953125,438.8119201660156
2019-06-26 04:00:00,169.5540771484375,64.38943481445312,46.79540252685547,175.15980529785156,430.2383728027344
2019-06-27 04:00:00,169.5953369140625,65.39476013183594,47.42390060424805,177.34446716308594,437.1796875
2019-06-28 04:00:00,168.44189453125,66.0045394897461,47.271060943603516,178.18983459472656,442.53265380859375
2019-07-01 04:00:00,166.6705322265625,65.85621643066406,46.626800537109375,176.90306091308594,443.1030578613281
2019-07-02 04:00:00,169.4140625,67.23234558105469,47.36015701293945,181.4369354248047,451.8784484863281
2019-07-03 04:00:00,173.1544189453125,68.06461334228516,48.42936325073242,185.237548828125,455.3973693847656
2019-07-05 04:00:00,172.22348022460938,67.92453002929688,47.97016143798828,183.46441650390625,454.7215881347656
2019-07-08 04:00:00,172.1493377685547,67.82564544677734,48.052398681640625,184.5268096923828,455.58154296875
2019-07-09 04:00:00,174.09368896484375,68.08108520507812,48.463619232177734,185.177734375,457.6351318359375
2019-07-10 04:00:00,174.27491760253906,68.41070556640625,48.82688522338867,186.7189178466797,462.6018981933594
2019-07-11 04:00:00,172.4047393798828,66.76264190673828,48.42936325073242,186.01568603515625,459.7235412597656
2019-07-12 04:00:00,172.17401123046875,65.94683074951172,48.477333068847656,186.05303955078125,454.57244873046875
2019-07-15 04:00:00,173.59112548828125,65.8726806640625,48.244319915771484,186.76382446289062,453.6773681640625
2019-07-16 04:00:00,172.4458770751953,67.12522888183594,47.88105773925781,186.2775421142578,451.24652099609375
2019-07-17 04:00:00,171.97628784179688,67.24882507324219,47.92216873168945,186.0830078125,449.4564208984375
2019-07-18 04:00:00,171.91041564941406,67.92453002929688,48.0455436706543,185.20765686035156,449.4476623535156
2019-07-19 04:00:00,169.35638427734375,66.53190612792969,47.11342239379883,182.6115264892578,444.5685729980469
2019-07-22 04:00:00,170.29562377929688,66.8945083618164,46.94892501831055,181.51171875,444.38427734375
2019-07-23 04:00:00,170.37794494628906,68.05636596679688,47.702842712402344,182.76116943359375,445.2003173828125
2019-07-24 04:00:00,168.72198486328125,67.784423828125,47.49722671508789,181.21246337890625,446.069091796875
2019-07-25 04:00:00,169.24102783203125,67.11698150634766,47.209388732910156,181.13015747070312,430.4139099121094
2019-07-26 04:00:00,168.55726623535156,67.66083526611328,47.66171646118164,179.132568359375,428.9483642578125
2019-07-29 04:00:00,169.36460876464844,68.08932495117188,48.100372314453125,181.61643981933594,426.991455078125
2019-07-30 04:00:00,171.9021453857422,67.57842254638672,47.990718841552734,181.8783416748047,437.7325439453125
2019-07-31 04:00:00,174.3490753173828,66.42479705810547,47.589839935302734,181.6239471435547,440.6109924316406
2019-08-01 04:00:00,174.1760711669922,66.56488037109375,47.9061393737793,184.3248291015625,458.7319030761719
2019-08-02 04:00:00,177.52101135253906,66.34239959716797,48.167449951171875,186.6964569091797,459.907958984375
2019-08-05 04:00:00,176.2274932861328,64.80145263671875,47.417930603027344,183.86097717285156,449.8951416015625
2019-08-06 04:00:00,178.74034118652344,65.88094329833984,48.04365158081055,187.1005096435547,456.1958923339844
2019-08-07 04:00:00,179.1358184814453,66.33416748046875,49.04069137573242,190.19790649414062,467.8057861328125
2019-08-08 04:00:00,182.09349060058594,67.71027374267578,49.50138854980469,191.5296173095703,481.9779052734375
2019-08-09 04:00:00,183.09043884277344,67.43011474609375,49.975860595703125,192.315185546875,484.7685852050781
2019-08-12 04:00:00,183.08216857910156,67.31473541259766,50.0171012878418,193.5421600341797,485.5406188964844
2019-08-13 04:00:00,182.159423828125,67.42185974121094,49.700809478759766,193.23544311523438,481.2231750488281
2019-08-14 04:00:00,180.3304443359375,66.1363754272461,49.35013198852539,191.2602996826172,473.7640686035156
2019-08-15 04:00:00,184.7134246826172,66.91920471191406,49.65269088745117,194.48483276367188,479.43304443359375
2019-08-16 04:00:00,183.66714477539062,67.89155578613281,50.065250396728516,193.60951232910156,484.233154296875
2019-08-19 04:00:00,185.529052734375,69.1028823852539,50.464073181152344,195.31533813476562,487.6730041503906
2019-08-20 04:00:00,185.8339385986328,67.94100189208984,49.86585998535156,194.92625427246094,482.1465148925781
2019-08-21 04:00:00,187.33340454101562,68.64142608642578,49.95521926879883,195.31533813476562,486.6418151855469
2019-08-22 04:00:00,188.2643585205078,69.2099838256836,50.2440071105957,195.936279296875,488.6866149902344
2019-08-23 04:00:00,186.66604614257812,67.47954559326172,49.85209274291992,194.14817810058594,484.2796325683594
2019-08-26 04:00:00,189.54962158203125,68.08932495117188,50.319664001464844,195.48736572265625,492.44171142578125
2019-08-27 04:00:00,189.31893920898438,67.57842254638672,50.2852783203125,196.190673828125,491.41925048828125
2019-08-28 04:00:00,189.60731506347656,68.26235961914062,50.464073181152344,195.9737091064453,487.90228271484375
2019-08-29 04:00:00,189.8297119140625,68.98754119873047,50.83538818359375,196.19810485839844,491.5954895019531
2019-08-30 04:00:00,189.64849853515625,68.90512084960938,50.90916442871094,198.0685272216797,490.3263854980469
2019-09-03 04:00:00,195.95114135742188,69.68793487548828,52.04723358154297,196.13082885742188,498.814453125
2019-09-04 04:00:00,198.6123046875,70.3471450805664,52.757667541503906,197.56729125976562,492.2742614746094
2019-09-05 04:00:00,194.22927856445312,69.70441436767578,51.72998046875,193.2205047607422,485.6723327636719
2019-09-06 04:00:00,191.6257781982422,69.86922454833984,52.38518524169922,192.65185546875,488.3959655761719
2019-09-09 04:00:00,184.54867553710938,69.73737335205078,51.902381896972656,190.63934326171875,474.398681640625
2019-09-10 04:00:00,178.1306610107422,68.61670684814453,50.83329772949219,187.04063415527344,468.43133544921875
2019-09-11 04:00:00,175.23887634277344,67.97396087646484,50.778141021728516,188.3152618408203,465.7870178222656
2019-09-12 04:00:00,180.3057098388672,69.25121307373047,51.37820053100586,188.2322998046875,474.9891357421875
2019-09-13 04:00:00,177.43862915039062,69.37481689453125,50.095298767089844,183.60910034179688,473.1558837890625
2019-09-16 04:00:00,178.592041015625,70.22354888916016,51.019527435302734,186.5504150390625,484.7291259765625
2019-09-17 04:00:00,182.32421875,71.22887420654297,52.261043548583984,189.17503356933594,492.6443786621094
2019-09-18 04:00:00,182.57960510253906,70.52021026611328,51.98515319824219,188.90350341796875,494.48663330078125
2019-09-19 04:00:00,187.07798767089844,70.49530792236328,52.157588958740234,188.84315490722656,501.5644836425781
2019-09-20 04:00:00,185.8339385986328,69.93978118896484,52.343833923339844,186.88980102539062,499.2904968261719
2019-09-23 04:00:00,185.68563842773438,70.16368103027344,52.44727325439453,185.11744689941406,512.741455078125
2019-09-24 04:00:00,185.50436401367188,69.83200073242188,52.4886589050293,186.88223266601562,504.2175598144531
2019-09-25 04:00:00,182.9339141845703,70.56996154785156,52.50934600830078,185.53228759765625,510.5729064941406
2019-09-26 04:00:00,184.51429748535156,71.5317611694336,53.302555084228516,185.88671875,513.8959350585938
2019-09-27 04:00:00,181.1880340576172,71.12550354003906,53.1990966796875,184.7855987548828,508.2547302246094
2019-09-30 04:00:00,182.96697998046875,70.66116333007812,53.04482650756836,184.98171997070312,508.4130554199219
2019-10-01 04:00:00,182.76837158203125,69.85688781738281,53.155517578125,181.1730194091797,502.0580749511719
2019-10-02 04:00:00,182.02374267578125,69.85688781738281,53.07940673828125,182.72662353515625,494.9449768066406
2019-10-03 04:00:00,185.25894165039062,70.901611328125,53.8265380859375,185.42665100097656,507.4877014160156
2019-10-04 04:00:00,186.93856811523438,71.46544647216797,54.24159622192383,186.15069580078125,512.6883544921875
2019-10-07 04:00:00,186.40078735351562,71.1089096069336,53.833438873291016,185.99986267089844,508.8630676269531
2019-10-08 04:00:00,187.07925415039062,70.59484100341797,53.90262985229492,186.15069580078125,501.9788818359375
2019-10-09 04:00:00,187.4681396484375,70.8850326538086,54.158573150634766,186.5353546142578,506.8266296386719
2019-10-10 04:00:00,187.2281951904297,71.1503677368164,54.462928771972656,186.06021118164062,504.3587951660156
2019-10-11 04:00:00,185.71400451660156,71.17523956298828,53.881874084472656,185.50209045410156,499.4314880371094
2019-10-14 04:00:00,186.69866943359375,71.52350616455078,53.937217712402344,185.0269317626953,500.2159729003906
2019-10-15 04:00:00,185.51541137695312,73.8865966796875,54.0133056640625,183.18670654296875,503.8740539550781
2019-10-16 04:00:00,183.66201782226562,73.82854461669922,54.37302780151367,182.55316162109375,500.559814453125
2019-10-17 04:00:00,186.92205810546875,73.92806243896484,54.3660888671875,181.5275115966797,504.04132080078125
2019-10-18 04:00:00,189.55320739746094,74.30117797851562,54.9748649597168,182.1761016845703,508.0694885253906
2019-10-21 04:00:00,189.80975341796875,75.13863372802734,55.30692672729492,183.865478515625,508.89801025390625
2019-10-22 04:00:00,187.60877990722656,75.29617309570312,55.14781951904297,181.41433715820312,502.3580322265625
2019-10-23 04:00:00,187.01304626464844,76.17510223388672,55.549034118652344,181.32382202148438,499.4402770996094
2019-10-24 04:00:00,184.90316772460938,76.35749816894531,55.929527282714844,182.04034423828125,496.5491638183594
2019-10-25 04:00:00,179.27670288085938,75.3376235961914,55.950260162353516,176.4818878173828,498.6645812988281
2019-10-28 04:00:00,174.37838745117188,71.21670532226562,55.950260162353516,175.42601013183594,499.8897705078125
2019-10-29 04:00:00,178.85467529296875,71.84685516357422,55.929527282714844,177.00985717773438,500.2335510253906
2019-10-30 04:00:00,179.7483367919922,72.7009048461914,56.68351745605469,168.3818359375,503.4419860839844
2019-10-31 04:00:00,180.44338989257812,72.76725006103516,56.736942291259766,168.08013916015625,499.58148193359375
2019-11-01 04:00:00,178.3251495361328,72.50189971923828,56.24442672729492,165.3650360107422,495.5794677734375
2019-11-04 05:00:00,174.64317321777344,72.7755355834961,55.60625457763672,162.99688720703125,478.7970275878906
2019-11-05 05:00:00,170.45645141601562,71.22498321533203,54.26739501953125,162.3557586669922,464.68511962890625
2019-11-06 05:00:00,172.08644104003906,72.60968780517578,54.66279220581055,161.76754760742188,468.8192443847656
2019-11-07 05:00:00,170.19166564941406,72.3526611328125,53.80956268310547,161.75245666503906,460.5512390136719
2019-11-08 05:00:00,170.3406219482422,72.19512176513672,52.94246292114258,159.3993377685547,467.4352111816406
2019-11-11 05:00:00,171.5651397705078,72.40238952636719,53.10896301269531,159.4898681640625,471.5692443847656
2019-11-12 05:00:00,171.06871032714844,71.83026123046875,52.55398178100586,157.7552490234375,468.25506591796875
2019-11-13 05:00:00,174.02261352539062,72.90818786621094,53.289310455322266,159.6482391357422,476.6199035644531
2019-11-14 05:00:00,175.2471466064453,73.89488983154297,53.58066177368164,160.60609436035156,480.1279602050781
2019-11-15 05:00:00,176.5461883544922,73.87830352783203,53.7332763671875,160.80215454101562,485.152099609375
2019-11-18 05:00:00,177.34051513671875,74.53334045410156,54.29514694213867,161.05105590820312,492.02740478515625
2019-11-19 05:00:00,178.3665313720703,75.47859191894531,53.962181091308594,161.20187377929688,500.1813659667969
2019-11-20 05:00:00,180.29441833496094,75.90974426269531,54.100914001464844,161.0133514404297,503.545654296875
2019-11-21 05:00:00,176.68690490722656,75.32935333251953,53.067317962646484,159.01475524902344,495.9407043457031
2019-11-22 05:00:00,173.84886169433594,75.08888244628906,52.873085021972656,157.64208984375,493.6476135253906
2019-11-25 05:00:00,173.51788330078125,75.3376235961914,52.92859649658203,157.1820068359375,490.3451843261719
2019-11-26 05:00:00,177.72119140625,76.5565185546875,53.226863861083984,159.9725341796875,491.0801086425781
2019-11-27 05:00:00,177.82044982910156,76.61454772949219,53.892791748046875,159.98008728027344,500.3849182128906
2019-11-29 05:00:00,177.09230041503906,75.90974426269531,53.31330108642578,158.89401245117188,501.8546142578125
2019-12-02 05:00:00,173.4020233154297,74.63285064697266,52.52015686035156,157.64964294433594,486.7065124511719
2019-12-03 05:00:00,174.7589874267578,75.22986602783203,52.45753479003906,159.84432983398438,489.2385559082031
2019-12-04 05:00:00,176.5379180908203,75.53665161132812,52.83321762084961,160.60609436035156,498.3841552734375
2019-12-05 05:00:00,176.67861938476562,75.7439193725586,52.6523323059082,160.99073791503906,495.84320068359375
2019-12-06 05:00:00,175.57810974121094,75.81025695800781,52.83321762084961,161.28485107421875,495.072998046875
2019-12-09 05:00:00,175.95045471191406,75.76879119873047,52.70104217529297,160.915283203125,496.427490234375
2019-12-10 05:00:00,173.75779724121094,75.56980895996094,52.60361099243164,159.3993377685547,493.78033447265625
2019-12-11 05:00:00,175.04861450195312,74.45870971679688,51.88703536987305,158.32083129882812,495.0287170410156
2019-12-12 05:00:00,173.50128173828125,73.72908020019531,50.88520812988281,155.52633666992188,484.9888610839844
2019-12-13 05:00:00,175.84291076660156,73.41399383544922,50.439964294433594,156.42483520507812,488.5657653808594
2019-12-16 05:00:00,178.39134216308594,73.26472473144531,50.815650939941406,156.9959716796875,498.2691650390625
2019-12-17 05:00:00,175.35470581054688,72.39412689208984,49.90423583984375,156.2801971435547,493.59454345703125
2019-12-18 05:00:00,180.3357696533203,73.03645324707031,50.14076614379883,158.54165649414062,500.6150817871094
2019-12-19 05:00:00,185.5071563720703,72.83626556396484,50.335575103759766,159.9960174560547,509.884521484375
2019-12-20 05:00:00,188.4362335205078,73.4368896484375,50.439964294433594,161.046875,511.4693908691406
2019-12-23 05:00:00,187.799072265625,73.07819366455078,50.057289123535156,160.07981872558594,506.09564208984375
2019-12-24 05:00:00,187.8900909423828,73.2950668334961,50.34255599975586,159.7980499267578,507.5120544433594
2019-12-26 05:00:00,189.3861083984375,73.75387573242188,50.67648696899414,160.9402618408203,513.06298828125
2019-12-27 05:00:00,190.39175415039062,73.9708023071289,50.96174240112305,161.1534423828125,515.7100830078125
2019-12-30 05:00:00,190.2006072998047,74.12931823730469,50.96174240112305,160.8260498046875,513.7094116210938
2019-12-31 05:00:00,191.0067901611328,74.36288452148438,51.386051177978516,162.15855407714844,516.7727661132812
2020-01-02 05:00:00,189.90968322753906,73.74555206298828,50.583473205566406,160.98594665527344,512.92138671875
2020-01-03 05:00:00,190.00115966796875,74.5714340209961,51.49770736694336,162.72203063964844,518.0296630859375
2020-01-06 05:00:00,189.9512939453125,74.2794418334961,51.755943298339844,163.3007354736328,517.4631958007812
2020-01-07 05:00:00,185.90374755859375,73.80394744873047,51.7699089050293,162.65350341796875,515.161376953125
2020-01-08 05:00:00,187.51612854003906,74.20437622070312,52.00717544555664,162.9504852294922,516.861328125
2020-01-09 05:00:00,188.22256469726562,74.21271514892578,51.12086868286133,163.01901245117188,521.4561767578125
2020-01-10 05:00:00,191.82130432128906,74.61314392089844,51.46282196044922,164.3363037109375,525.8917236328125
2020-01-13 05:00:00,195.65272521972656,76.58191680908203,52.31427001953125,165.06732177734375,526.7415771484375
2020-01-14 05:00:00,194.43931579589844,75.60586547851562,52.31427001953125,164.70944213867188,519.251708984375
2020-01-15 05:00:00,195.62779235839844,76.92396545410156,53.026092529296875,166.1866455078125,519.021240234375
2020-01-16 05:00:00,193.01806640625,77.8749771118164,53.144737243652344,167.53443908691406,526.8831176757812
2020-01-17 05:00:00,193.9988250732422,78.6424560546875,53.284332275390625,168.0902862548828,520.5794677734375
2020-01-21 05:00:00,196.74978637695312,79.7269515991211,54.24043655395508,169.53701782226562,522.3502807617188
2020-01-22 05:00:00,195.4449462890625,78.3671875,53.66122055053711,168.27305603027344,523.704833984375
2020-01-23 05:00:00,197.66403198242188,79.83540344238281,53.90543746948242,169.95584106445312,527.6710815429688
2020-01-24 05:00:00,197.4063720703125,80.21082305908203,53.82870101928711,170.92286682128906,524.0855712890625
2020-01-27 05:00:00,197.36483764648438,79.24310302734375,54.01713943481445,170.7629852294922,525.8475341796875
2020-01-28 05:00:00,197.12379455566406,79.71862030029297,54.526573181152344,170.39744567871094,533.47900390625
2020-01-29 05:00:00,194.01544189453125,80.5027847290039,54.53355407714844,169.10301208496094,533.5762939453125
2020-01-30 05:00:00,195.47821044921875,80.2608413696289,55.11980056762695,170.64114379882812,533.8597412109375
2020-01-31 05:00:00,192.6025390625,77.4828872680664,54.8839111328125,170.3822479248047,522.1112060546875
2020-02-03 05:00:00,194.53904724121094,76.64033508300781,54.736907958984375,170.7020721435547,534.3907470703125
2020-02-04 05:00:00,197.3481903076172,77.93335723876953,54.82090759277344,169.91778564453125,538.1535034179688
2020-02-05 05:00:00,196.45892333984375,77.36609649658203,54.9469108581543,169.148681640625,532.3192749023438
2020-02-06 05:00:00,197.6474151611328,77.67473602294922,55.40188980102539,170.5878143310547,534.5059204101562
2020-02-07 05:00:00,198.42864990234375,77.69978332519531,55.653846740722656,171.50157165527344,536.5157470703125
2020-02-10 05:00:00,202.53433227539062,78.96781158447266,56.05284881591797,172.40771484375,541.854248046875
2020-02-11 05:00:00,211.32757568359375,80.2608413696289,55.07291793823242,172.36199951171875,543.2178344726562
2020-02-12 05:00:00,212.91497802734375,80.74471282958984,54.79993438720703,173.0397186279297,551.6903686523438
2020-02-13 05:00:00,213.5133819580078,80.47777557373047,55.1498908996582,174.03720092773438,562.8543701171875
2020-02-14 05:00:00,212.97315979003906,81.37872314453125,56.17183303833008,177.281005859375,574.2754516601562
2020-02-18 05:00:00,210.2138214111328,82.0461196899414,56.276817321777344,176.47384643554688,569.7957153320312
2020-02-19 05:00:00,206.19956970214844,81.562255859375,55.76587677001953,166.60545349121094,569.9105834960938
2020-02-20 05:00:00,205.734130859375,82.54664611816406,57.33376693725586,169.3314208984375,574.0451049804688
2020-02-21 05:00:00,205.2936553955078,82.78024291992188,57.70476531982422,171.91273498535156,580.7738647460938
2020-02-24 05:00:00,203.7145233154297,80.06900024414062,57.515777587890625,172.44578552246094,570.9553833007812
2020-02-25 05:00:00,204.57058715820312,76.49850463867188,56.64083480834961,168.1892547607422,561.8340454101562
2020-02-26 05:00:00,201.68661499023438,76.13146209716797,55.828853607177734,173.78591918945312,559.931640625
2020-02-27 05:00:00,193.59156799316406,72.33573913574219,51.02012252807617,160.9021759033203,531.17236328125
2020-02-28 05:00:00,188.49684143066406,70.30854797363281,50.83263397216797,159.2345733642578,509.22271728515625
2020-03-02 05:00:00,200.09088134765625,73.63710021972656,52.65837097167969,166.94805908203125,550.1884155273438
2020-03-03 05:00:00,201.6700439453125,74.5714340209961,52.384490966796875,165.78309631347656,546.8812255859375
2020-03-04 05:00:00,209.15835571289062,78.72589874267578,54.877349853515625,172.14878845214844,573.8446044921875
2020-03-05 05:00:00,205.23550415039062,74.83839416503906,54.51218032836914,174.4179229736328,548.2235717773438
2020-03-06 05:00:00,204.72018432617188,71.64329528808594,53.824039459228516,174.32656860351562,541.1115112304688
2020-03-09 04:00:00,192.70223999023438,64.87773132324219,51.485687255859375,170.22994995117188,510.3429260253906
2020-03-10 04:00:00,202.68392944335938,67.45548248291016,53.781898498535156,175.04991149902344,542.542724609375
2020-03-11 04:00:00,193.56661987304688,61.47408676147461,51.65422439575195,167.854248046875,532.3369750976562
2020-03-12 04:00:00,181.04171752929688,58.54596710205078,47.5673828125,153.43995666503906,502.4040222167969
2020-03-13 04:00:00,198.62811279296875,65.4604263305664,50.50261306762695,162.53819274902344,552.1528930664062
2020-03-16 04:00:00,168.50852966308594,54.155006408691406,37.91206359863281,143.79562377929688,482.2236633300781
2020-03-17 04:00:00,189.1035614013672,59.462852478027344,38.705562591552734,152.55552673339844,511.3387451171875
2020-03-18 04:00:00,180.46826171875,57.03184509277344,29.843721389770508,146.09521484375,508.63604736328125
2020-03-19 04:00:00,173.70297241210938,53.759666442871094,33.762027740478516,144.2801513671875,488.95343017578125
2020-03-20 04:00:00,162.39149475097656,52.842777252197266,33.2985725402832,131.68260192871094,450.2993469238281
2020-03-23 04:00:00,148.84432983398438,53.3054313659668,30.433568954467773,123.5225830078125,434.84857177734375
2020-03-24 04:00:00,158.13619995117188,59.345088958740234,35.58074951171875,129.70602416992188,485.2995910644531
2020-03-25 04:00:00,165.60792541503906,60.7246208190918,38.270179748535156,135.77410888671875,492.4383239746094
2020-03-26 04:00:00,184.67372131347656,65.35110473632812,40.9807014465332,144.4109344482422,522.3624267578125
2020-03-27 04:00:00,181.58197021484375,66.5960464477539,39.955467224121094,147.2949981689453,528.3098754882812
2020-03-30 04:00:00,191.63844299316406,69.71681213378906,37.308162689208984,155.0704345703125,573.2935180664062
2020-03-31 04:00:00,180.97525024414062,67.60545349121094,35.16617202758789,152.74778747558594,555.2467041015625
2020-04-01 04:00:00,172.0158233642578,61.62467575073242,32.77520751953125,151.21730041503906,529.36767578125
2020-04-02 04:00:00,183.46859741210938,63.51731872558594,32.17570877075195,148.33322143554688,556.6513061523438
2020-04-03 04:00:00,185.17237854003906,61.90227127075195,30.751001358032227,149.2638397216797,555.353271484375
2020-04-06 04:00:00,195.4615478515625,67.4876937866211,33.01502227783203,156.68548583984375,579.8274536132812
2020-04-07 04:00:00,189.302978515625,68.09334564208984,34.79237365722656,151.7095184326172,554.402099609375
2020-04-08 04:00:00,207.1553497314453,72.49270629882812,37.472511291503906,153.1015625,590.5313720703125
2020-04-09 04:00:00,215.7574005126953,77.16123962402344,39.97630310058594,160.42324829101562,610.6939697265625
2020-04-13 04:00:00,208.44642639160156,72.68616485595703,37.76165771484375,154.9165802001953,584.24609375
2020-04-14 04:00:00,212.90310668945312,74.99100494384766,39.71536636352539,157.56224060058594,612.4276733398438
2020-04-15 04:00:00,206.55191040039062,72.79551696777344,36.32285690307617,150.2021484375,600.55029296875
2020-04-16 04:00:00,210.1322784423828,74.19185638427734,35.130897521972656,149.1715545654297,606.960205078125
2020-04-17 04:00:00,212.03512573242188,75.89105224609375,36.93645477294922,151.10960388183594,617.81494140625
2020-04-20 04:00:00,207.54505920410156,74.4442138671875,35.878509521484375,148.67935180664062,596.3009643554688
2020-04-21 04:00:00,201.96998596191406,74.86479949951172,35.159122467041016,146.81814575195312,597.5899047851562
2020-04-22 04:00:00,211.1337890625,73.91427612304688,35.39187240600586,148.44093322753906,608.7826538085938
2020-04-23 04:00:00,207.478271484375,72.97216033935547,34.785316467285156,144.20327758789062,609.4049072265625
2020-04-24 04:00:00,204.14830017089844,74.8984603881836,35.20849609375,143.99562072753906,609.0582275390625
2020-04-27 04:00:00,208.83030700683594,77.25376892089844,36.1888542175293,148.40248107910156,624.0823974609375
2020-04-28 04:00:00,203.24691772460938,75.3611068725586,37.51481628417969,146.90274047851562,607.8670043945312
2020-04-29 04:00:00,197.6384735107422,75.840576171875,38.98183059692383,143.60340881347656,603.9195556640625
2020-04-30 04:00:00,198.6316680908203,75.05828094482422,38.898983001708984,142.6266326904297,600.2571411132812
2020-05-01 04:00:00,195.4602508544922,73.0562744140625,36.68204116821289,141.78836059570312,596.3898315429688
2020-05-04 04:00:00,197.48828125,73.29178619384766,35.84626388549805,139.27345275878906,600.9417724609375
2020-05-05 04:00:00,200.51780700683594,73.8049087524414,36.86619567871094,138.00437927246094,610.2050170898438
2020-05-06 04:00:00,198.0140838623047,73.13197326660156,37.17074966430664,135.427978515625,608.2493286132812
2020-05-07 04:00:00,196.33653259277344,74.08251953125,38.537742614746094,141.13462829589844,600.3814697265625
2020-05-08 04:00:00,198.93211364746094,75.6807632446289,38.85646438598633,146.38748168945312,602.8883056640625
2020-05-11 04:00:00,198.82357788085938,74.76386260986328,38.26152038574219,143.76492309570312,602.7461547851562
2020-05-12 04:00:00,193.3654022216797,70.84397888183594,36.597049713134766,137.2584228515625,589.9890747070312
2020-05-13 04:00:00,192.91476440429688,69.68314361572266,35.57003402709961,135.8202362060547,603.45751953125
2020-05-14 04:00:00,191.63787841796875,70.7262191772461,35.683353424072266,137.66607666015625,586.0863647460938
2020-05-15 04:00:00,191.60446166992188,70.05326080322266,35.407127380371094,135.33570861816406,585.552978515625
2020-05-18 04:00:00,196.98751831054688,73.0394515991211,37.5886344909668,141.01927185058594,588.8600463867188
2020-05-19 04:00:00,191.929931640625,71.23094177246094,37.24866485595703,141.1884307861328,580.3001098632812
2020-05-20 04:00:00,192.0718231201172,73.28340148925781,36.434139251708984,141.4499053955078,585.0752563476562
2020-05-21 04:00:00,190.41934204101562,72.67774963378906,36.65370178222656,140.5654754638672,575.1854858398438
2020-05-22 04:00:00,202.3289031982422,73.64510345458984,36.93703079223633,143.4110870361328,598.0537109375
2020-05-26 04:00:00,203.58079528808594,75.72279357910156,39.302677154541016,148.03326416015625,587.3336181640625
2020-05-27 04:00:00,210.32420349121094,77.18646240234375,39.23186111450195,151.4864959716797,602.9808959960938
2020-05-28 04:00:00,215.4235382080078,78.27157592773438,39.45142364501953,154.7320556640625,618.8776245117188
2020-05-29 04:00:00,215.46527099609375,76.96775817871094,39.33976745605469,155.92410278320312,622.697998046875
2020-06-01 04:00:00,220.5896453857422,78.81834411621094,40.2359504699707,157.48532104492188,633.89111328125
2020-06-02 04:00:00,219.98875427246094,80.29881286621094,40.684043884277344,159.76950073242188,621.8589477539062
2020-06-03 04:00:00,223.16018676757812,81.86341094970703,42.789371490478516,159.93870544433594,614.986083984375
2020-06-04 04:00:00,216.75889587402344,78.52393341064453,42.753814697265625,154.30908203125,593.7334594726562
2020-06-05 04:00:00,221.07376098632812,80.50911712646484,44.2474479675293,158.71588134765625,601.159912109375
2020-06-08 04:00:00,222.7345428466797,82.24195861816406,45.64152526855469,158.95428466796875,603.6056518554688
2020-06-09 04:00:00,221.79983520507812,81.87181854248047,44.702659606933594,162.561279296875,616.9766235351562
2020-06-10 04:00:00,221.44931030273438,81.09793853759766,44.190555572509766,158.02374267578125,620.8235473632812
2020-06-11 04:00:00,209.906982421875,76.4714584350586,41.167686462402344,150.6866455078125,589.734619140625
2020-06-12 04:00:00,215.39016723632812,79.45763397216797,42.981422424316406,152.66026306152344,603.9627075195312
2020-06-15 04:00:00,219.07066345214844,79.88929748535156,44.50352096557617,154.7737579345703,619.9310913085938
2020-06-16 04:00:00,220.98191833496094,82.01368713378906,44.92314529418945,154.51730346679688,622.3142700195312
2020-06-17 04:00:00,220.3058624267578,81.84441375732422,44.85201644897461,153.66258239746094,623.0283203125
2020-06-18 04:00:00,215.8892059326172,80.48173522949219,45.086753845214844,152.5048370361328,621.6983032226562
2020-06-19 04:00:00,222.5938720703125,77.75643157958984,43.76380157470703,148.0914306640625,635.0157470703125
2020-06-22 04:00:00,221.75579833984375,78.34042358398438,43.69976806640625,147.84280395507812,622.2606811523438
2020-06-23 04:00:00,221.67196655273438,77.40093994140625,43.578861236572266,146.26544189453125,620.0739135742188
2020-06-24 04:00:00,213.02297973632812,76.00443267822266,42.291481018066406,147.20559692382812,615.5574340820312
2020-06-25 04:00:00,213.17381286621094,77.41788482666016,42.369720458984375,148.43324279785156,621.992919921875
2020-06-26 04:00:00,206.56976318359375,76.02981567382812,41.544673919677734,147.0735321044922,612.79931640625
2020-06-29 04:00:00,212.7045135498047,77.16398620605469,42.51909255981445,148.48765563964844,614.9236450195312
2020-06-30 04:00:00,216.67703247070312,78.99211883544922,42.48624038696289,149.1015625,626.866455078125
2020-07-01 04:00:00,222.41786193847656,80.53254699707031,43.62160110473633,154.7504425048828,649.9577026367188
2020-07-02 04:00:00,221.42892456054688,80.8710708618164,43.62873458862305,154.90585327148438,641.2459716796875
2020-07-06 04:00:00,222.90396118164062,80.8795394897461,43.02892303466797,152.70687866210938,645.0484619140625
2020-07-07 04:00:00,222.90396118164062,80.2616958618164,41.82218933105469,151.09844970703125,643.620361328125
2020-07-08 04:00:00,221.8395538330078,81.04882049560547,41.79361343383789,150.24374389648438,642.9776611328125
2020-07-09 04:00:00,222.5938720703125,81.734375,40.786808013916016,151.80555725097656,650.4219970703125
2020-07-10 04:00:00,221.54624938964844,80.25321197509766,40.69396209716797,151.07516479492188,639.62158203125
2020-07-13 04:00:00,214.4896240234375,79.19526672363281,40.579708099365234,149.8785400390625,625.8131713867188
2020-07-14 04:00:00,217.01223754882812,79.03445434570312,41.09383773803711,150.61668395996094,639.9071655273438
2020-07-15 04:00:00,215.61260986328125,79.33912658691406,41.865020751953125,149.80860900878906,637.2025756835938
2020-07-16 04:00:00,215.7886505126953,77.95108795166016,41.172393798828125,146.37417602539062,637.3903198242188
2020-07-17 04:00:00,217.1547393798828,80.69334411621094,41.83646011352539,149.42013549804688,646.4408569335938
2020-07-20 04:00:00,218.3447723388672,80.17705535888672,40.972450256347656,145.91575622558594,653.2337646484375
2020-07-21 04:00:00,217.23855590820312,82.88545227050781,40.83677673339844,145.1775665283203,648.0032348632812
2020-07-22 04:00:00,217.0960693359375,83.26632690429688,41.772178649902344,146.31983947753906,656.5182495117188
2020-07-23 04:00:00,216.14060974121094,83.7064437866211,40.951011657714844,145.3174591064453,657.5626831054688
2020-07-24 04:00:00,214.82485961914062,84.56128692626953,41.00101089477539,144.02760314941406,658.1874389648438
2020-07-27 04:00:00,218.160400390625,86.12709045410156,41.87215042114258,144.1907958984375,673.013427734375
2020-07-28 04:00:00,223.5995330810547,86.78724670410156,42.73615646362305,150.64004516601562,671.701416015625
2020-07-29 04:00:00,227.3625030517578,89.8595962524414,43.28599166870117,152.94775390625,687.2948608398438
2020-07-30 04:00:00,219.98739624023438,89.03011322021484,43.236000061035156,153.6237335205078,694.3909301757812
2020-07-31 04:00:00,219.06552124023438,89.22480773925781,43.04534149169922,155.3098602294922,701.1122436523438
2020-08-03 04:00:00,215.0343780517578,88.85238647460938,42.58656311035156,152.1707305908203,695.4352416992188
2020-08-04 04:00:00,218.04307556152344,89.36869049072266,44.34276580810547,156.47543334960938,708.208251953125
2020-08-05 04:00:00,213.95321655273438,88.78468322753906,44.69401931762695,153.04876708984375,708.7527465820312
2020-08-06 04:00:00,214.1376190185547,88.76777648925781,44.54350280761719,152.35720825195312,706.9854125976562
2020-08-07 04:00:00,215.8975830078125,88.92858123779297,44.95925521850586,154.8203887939453,706.6640014648438
2020-08-10 04:00:00,212.37767028808594,87.7944107055664,44.77287292480469,157.33792114257812,698.6664428710938
2020-08-11 04:00:00,206.33509826660156,85.06910705566406,44.93057632446289,154.61837768554688,676.7354736328125
2020-08-12 04:00:00,210.60931396484375,87.07501983642578,45.15995788574219,154.14437866210938,689.9638061523438
2020-08-13 04:00:00,210.131591796875,86.87186431884766,44.03453826904297,153.30519104003906,687.4020385742188
2020-08-14 04:00:00,209.620361328125,86.60103607177734,43.73347091674805,155.58956909179688,680.1630859375
2020-08-17 04:00:00,210.28248596191406,88.20069122314453,44.428794860839844,155.41873168945312,689.1513671875
2020-08-18 04:00:00,211.6569061279297,87.72673797607422,44.142066955566406,156.13352966308594,704.7631225585938
2020-08-19 04:00:00,205.5221710205078,86.11013793945312,43.04534149169922,153.4062042236328,697.472412109375
2020-08-20 04:00:00,207.57546997070312,86.91419982910156,43.73347091674805,157.93618774414062,703.0254516601562
2020-08-21 04:00:00,208.96665954589844,87.2104263305664,43.81232452392578,160.49258422851562,700.5714111328125
2020-08-24 04:00:00,205.6981658935547,86.3302001953125,44.7585334777832,160.50035095214844,691.88330078125
2020-08-25 04:00:00,206.51113891601562,86.31329345703125,44.85172653198242,160.65576171875,698.3679809570312
2020-08-26 04:00:00,206.98046875,85.50921630859375,44.2137451171875,162.0155029296875,700.4190673828125
2020-08-27 04:00:00,207.8185272216797,86.24557495117188,44.80154037475586,164.1601104736328,707.2711181640625
2020-08-28 04:00:00,209.17620849609375,86.74493408203125,45.47535705566406,165.84620666503906,704.9152221679688
2020-08-31 04:00:00,208.80743408203125,86.21170806884766,44.62926483154297,165.03811645507812,707.3875732421875
2020-09-01 04:00:00,207.8687744140625,85.90699005126953,44.93144226074219,165.8151092529297,707.4054565429688
2020-09-02 04:00:00,214.96731567382812,88.51384735107422,45.71567153930664,166.40567016601562,716.1920166015625
2020-09-03 04:00:00,211.4641571044922,86.00010681152344,46.21931076049805,165.44993591308594,682.90869140625
2020-09-04 04:00:00,209.50303649902344,85.28068542480469,46.312835693359375,164.83612060546875,673.7100830078125
2020-09-08 04:00:00,206.84634399414062,83.62181091308594,46.04662322998047,166.24246215820312,663.7411499023438
2020-09-09 04:00:00,211.54798889160156,85.46688842773438,46.49989318847656,168.39479064941406,674.8206787109375
2020-09-10 04:00:00,208.16207885742188,84.64592742919922,45.87394332885742,169.49815368652344,665.3711547851562
2020-09-11 04:00:00,209.3437957763672,84.81520080566406,45.5861701965332,171.40185546875,669.778076171875
2020-09-14 04:00:00,212.78831481933594,86.28788757324219,47.125858306884766,176.22422790527344,677.16748046875
2020-09-15 04:00:00,221.04335021972656,86.94805908203125,47.348899841308594,173.29945373535156,688.2825317382812
2020-09-16 04:00:00,220.65789794921875,86.85444641113281,47.061092376708984,176.04388427734375,687.2884521484375
2020-09-17 04:00:00,210.131591796875,86.05431365966797,46.096988677978516,174.24041748046875,676.818115234375
2020-09-18 04:00:00,205.7484588623047,84.70944213867188,44.85950469970703,173.29945373535156,673.6115112304688
2020-09-21 04:00:00,201.9519500732422,82.18144989013672,43.23344802856445,169.59841918945312,667.771728515625
2020-09-22 04:00:00,202.76486206054688,84.42857360839844,43.62197494506836,172.0135040283203,671.7575073242188
2020-09-23 04:00:00,197.54367065429688,81.11746978759766,42.47081756591797,166.9480438232422,654.4440307617188
2020-09-24 04:00:00,197.93753051757812,81.16854095458984,42.2405891418457,168.30458068847656,657.184814453125
2020-09-25 04:00:00,201.95457458496094,83.134765625,43.11834716796875,171.3077850341797,672.9398803710938
2020-09-28 04:00:00,202.1145477294922,85.14354705810547,44.3702507019043,173.3935089111328,685.0224609375
2020-09-29 04:00:00,202.21563720703125,84.78604888916016,43.96013641357422,173.22103881835938,683.813232421875
2020-09-30 04:00:00,203.57150268554688,85.64574432373047,43.8763542175293,174.64031982421875,680.83056640625
2020-10-01 04:00:00,203.92520141601562,86.95657348632812,44.98140335083008,177.4160919189453,688.193115234375
2020-10-02 04:00:00,204.89369201660156,88.70999908447266,46.12254333496094,180.81137084960938,696.8363647460938
2020-10-05 04:00:00,204.9189453125,89.53563690185547,45.68197250366211,182.04246520996094,706.0261840820312
2020-10-06 04:00:00,202.9651641845703,88.93130493164062,45.43639373779297,179.0078582763672,708.327880859375
2020-10-07 04:00:00,203.605224609375,90.02080535888672,45.291954040527344,180.38011169433594,719.4609985351562
2020-10-08 04:00:00,205.1126251220703,90.9400863647461,46.04308319091797,181.9326629638672,738.3958129882812
2020-10-09 04:00:00,206.05581665039062,90.99967956542969,45.63862991333008,183.49305725097656,742.8294067382812
2020-10-12 04:00:00,207.48745727539062,92.1742935180664,45.7397575378418,184.3320770263672,747.889892578125
2020-10-13 04:00:00,204.14414978027344,90.7613296508789,44.54082107543945,184.5751953125,739.9274291992188
2020-10-14 04:00:00,200.85137939453125,88.54827880859375,44.056922912597656,183.09317016601562,732.1260986328125
2020-10-15 04:00:00,201.77774047851562,89.35690307617188,43.63079833984375,183.75186157226562,729.82421875
2020-10-16 04:00:00,204.4052276611328,88.7440414428711,43.717464447021484,182.7011260986328,732.3858032226562
2020-10-19 04:00:00,201.77774047851562,87.6885757446289,42.43186950683594,181.28184509277344,725.4978637695312
2020-10-20 04:00:00,205.31472778320312,88.12268829345703,42.68464660644531,182.79518127441406,720.9657592773438
2020-10-21 04:00:00,203.5799102783203,87.37364959716797,43.10356521606445,182.70895385742188,719.37158203125
2020-10-22 04:00:00,198.5522918701172,87.5013198852539,43.39966583251953,184.35562133789062,696.4332885742188
2020-10-23 04:00:00,200.19451904296875,87.87583923339844,43.8763542175293,184.83392333984375,695.967529296875
2020-10-26 04:00:00,199.68922424316406,85.51806640625,43.211883544921875,185.23387145996094,690.1009521484375
2020-10-27 04:00:00,198.88075256347656,84.38599395751953,42.41742706298828,183.9635467529297,692.6356201171875
2020-10-28 04:00:00,193.80262756347656,82.99856567382812,41.752960205078125,181.22694396972656,677.1941528320312
2020-10-29 04:00:00,195.0826873779297,85.271240234375,42.2657470703125,181.0231170654297,663.4097900390625
2020-10-30 04:00:00,193.3983612060547,84.43704986572266,41.95684051513672,179.61949157714844,654.9544677734375
2020-11-02 05:00:00,196.63221740722656,86.7097396850586,43.24759292602539,182.55209350585938,661.296142578125
2020-11-03 05:00:00,197.25540161132812,88.85468292236328,42.96479034423828,184.64573669433594,673.7996215820312
2020-11-04 05:00:00,199.64712524414062,90.06336975097656,42.42093276977539,184.4732208251953,696.2002563476562
2020-11-05 05:00:00,202.04721069335938,90.12295532226562,42.05835723876953,180.8662567138672,699.568115234375
2020-11-06 05:00:00,203.92520141601562,89.28028869628906,42.051124572753906,181.39161682128906,711.5166625976562
2020-11-09 05:00:00,200.41346740722656,84.78604888916016,44.668888092041016,174.1384735107422,665.6756591796875
2020-11-10 05:00:00,195.69744873046875,85.06695556640625,46.89507293701172,183.51658630371094,650.950927734375
2020-11-11 05:00:00,200.8092803955078,86.83740234375,46.00313949584961,184.91236877441406,681.4755859375
2020-11-12 05:00:00,200.438720703125,87.34810638427734,44.79216384887695,181.7679901123047,680.991943359375
2020-11-13 05:00:00,204.71681213378906,88.12268829345703,45.7203483581543,183.52447509765625,681.4398193359375
2020-11-16 05:00:00,201.3482666015625,87.89286804199219,46.75004959106445,183.24215698242188,676.3164672851562
2020-11-17 05:00:00,201.42404174804688,88.6929702758789,45.55356216430664,183.90867614746094,675.19287109375
2020-11-18 05:00:00,200.17764282226562,86.30966186523438,44.3715705871582,180.31735229492188,660.03857421875
2020-11-19 05:00:00,200.79238891601562,85.10950469970703,44.313575744628906,179.39991760253906,656.6856689453125
2020-11-20 05:00:00,195.93325805664062,85.34783935546875,43.79146194458008,175.3617401123047,654.465576171875
2020-11-23 05:00:00,192.7752227783203,84.7435073852539,44.154029846191406,171.82530212402344,639.4907836914062
2020-11-24 05:00:00,192.05938720703125,84.10511016845703,44.84292221069336,174.130615234375,622.3410034179688
2020-11-25 05:00:00,196.21957397460938,84.27536010742188,45.61155700683594,175.09510803222656,623.3836059570312
2020-11-27 05:00:00,197.1375274658203,85.62872314453125,44.697898864746094,172.53102111816406,629.6576538085938
2020-11-30 05:00:00,194.70375061035156,85.16057586669922,43.65260696411133,176.0046844482422,627.2035522460938
2020-12-01 05:00:00,198.6028594970703,85.28826141357422,43.94375991821289,176.70254516601562,640.4976196289062
2020-12-02 05:00:00,192.7667694091797,83.00708770751953,44.24222946166992,176.05174255371094,620.7589111328125
2020-12-03 05:00:00,190.5098114013672,82.64958953857422,44.467872619628906,177.2435760498047,622.5836181640625
2020-12-04 05:00:00,192.57310485839844,83.9774398803711,44.591617584228516,176.03604125976562,636.677490234375
2020-12-07 05:00:00,188.86766052246094,83.01561737060547,44.22037887573242,176.1771697998047,626.988037109375
2020-12-08 05:00:00,188.3118438720703,82.48786926269531,43.965606689453125,173.98165893554688,624.9475708007812
2020-12-09 05:00:00,184.8001251220703,82.07931518554688,44.17670822143555,172.2251739501953,609.775146484375
2020-12-10 05:00:00,184.77484130859375,82.7176742553711,43.623497009277344,169.82577514648438,617.4962158203125
2020-12-11 05:00:00,185.1201171875,82.87940979003906,44.00929260253906,172.55455017089844,619.177001953125
2020-12-14 05:00:00,182.5094757080078,82.45382690429688,44.125755310058594,177.0492401123047,620.2286376953125
2020-12-15 05:00:00,182.955810546875,84.7350082397461,44.94829559326172,178.1728515625,625.2711181640625
2020-12-16 05:00:00,184.95169067382812,84.9903335571289,44.65711975097656,178.805908203125,620.3724975585938
2020-12-17 05:00:00,187.55392456054688,86.11190032958984,44.42420196533203,184.0286407470703,640.6414184570312
2020-12-18 05:00:00,186.55174255371094,83.96296691894531,43.32505798339844,181.1561737060547,637.9359130859375
2020-12-21 05:00:00,185.08644104003906,83.26090240478516,43.50703048706055,180.98208618164062,633.1448974609375
2020-12-22 05:00:00,185.6843719482422,83.60338592529297,44.35138702392578,183.73577880859375,641.2703857421875
2020-12-23 05:00:00,183.08212280273438,82.35338592529297,44.00929260253906,179.62890625,631.958740234375
2020-12-24 05:00:00,185.16537475585938,83.25234985351562,44.467872619628906,181.09286499023438,634.5291748046875
2020-12-28 05:00:00,187.21481323242188,84.09138488769531,44.962852478027344,181.3223419189453,638.0707397460938
2020-12-29 05:00:00,186.71514892578125,83.66331481933594,44.38053512573242,180.261962890625,637.0819702148438
2020-12-30 05:00:00,186.59658813476562,84.6050796508789,44.606163024902344,181.1561737060547,629.5496215820312
2020-12-31 05:00:00,190.08567810058594,85.32425689697266,45.42821502685547,182.73883056640625,641.9357299804688
2021-01-04 05:00:00,185.9698944091797,82.2249526977539,43.740291595458984,174.24795532226562,622.502685546875
2021-01-05 05:00:00,186.9099578857422,82.35338592529297,43.95949935913086,172.0084991455078,621.5858154296875
2021-01-06 05:00:00,181.98126220703125,80.4013671875,43.58682632446289,169.19935607910156,601.2899780273438
2021-01-07 05:00:00,184.19149780273438,81.60853576660156,43.03879928588867,172.07179260253906,610.2872924804688
2021-01-08 05:00:00,188.17173767089844,82.70440673828125,43.65259552001953,176.1629638671875,622.4127807617188
2021-01-11 05:00:00,182.0066375732422,81.04347229003906,43.418766021728516,175.078857421875,613.3615112304688
2021-01-12 05:00:00,181.9981689453125,81.08628845214844,42.242313385009766,175.86227416992188,608.0944213867188
2021-01-13 05:00:00,183.31082153320312,81.68561553955078,42.22040557861328,177.88011169433594,620.3096313476562
2021-01-14 05:00:00,182.06591796875,81.76264190673828,42.25694274902344,175.06300354003906,619.9049682617188
2021-01-15 05:00:00,186.2154998779297,83.6290512084961,42.85612869262695,177.56356811523438,636.1651000976562
2021-01-19 05:00:00,183.66648864746094,83.91159057617188,42.483455657958984,174.58029174804688,643.8592529296875
2021-01-20 05:00:00,188.66290283203125,85.90641021728516,43.09725570678711,178.0304412841797,654.1239624023438
2021-01-21 05:00:00,188.17173767089844,85.98348999023438,43.17763137817383,175.6486053466797,647.0770874023438
2021-01-22 05:00:00,189.6282958984375,86.65983581542969,43.72566223144531,176.29747009277344,648.2094116210938
2021-01-25 05:00:00,192.66851806640625,87.92694854736328,44.12025451660156,178.69517517089844,650.0073852539062
2021-01-26 05:00:00,196.7165069580078,90.79505920410156,44.332157135009766,180.29360961914062,660.8652954101562
2021-01-27 05:00:00,193.98121643066406,88.42350769042969,44.10564422607422,180.45982360839844,657.683349609375
2021-01-28 05:00:00,193.34603881835938,88.52623748779297,44.5367431640625,180.032470703125,663.5527954101562
2021-01-29 05:00:00,192.54151916503906,88.35503387451172,43.32274627685547,180.11953735351562,665.1078491210938
2021-02-01 05:00:00,199.49423217773438,90.67518615722656,44.129642486572266,184.13150024414062,680.1724853515625
2021-02-02 05:00:00,199.98541259765625,91.50566864013672,44.24700927734375,182.2402801513672,690.8236694335938
2021-02-03 05:00:00,196.7334747314453,90.78650665283203,44.34971237182617,183.03160095214844,678.527587890625
2021-02-04 05:00:00,196.64036560058594,91.10328674316406,44.709129333496094,182.6754913330078,671.354736328125
2021-02-05 05:00:00,197.30934143066406,91.35155487060547,44.87786102294922,181.48060607910156,677.9882202148438
2021-02-08 05:00:00,197.1399383544922,91.6769027709961,44.67245864868164,183.98907470703125,671.80419921875
2021-02-09 05:00:00,196.18304443359375,91.96798706054688,45.288639068603516,187.04356384277344,674.5546264648438
2021-02-10 05:00:00,196.18304443359375,92.05359649658203,45.846099853515625,185.247314453125,675.0310668945312
2021-02-11 05:00:00,192.9310760498047,92.25909423828125,46.16152572631836,184.4322052001953,645.0997314453125
2021-02-12 05:00:00,192.39756774902344,92.1820297241211,45.816776275634766,183.47471618652344,638.0076904296875
2021-02-16 05:00:00,190.52601623535156,91.24883270263672,45.25928497314453,181.96328735351562,618.4849243164062
2021-02-17 05:00:00,191.65232849121094,90.60669708251953,45.30329895019531,185.22354125976562,624.1836547851562
2021-02-18 05:00:00,193.30368041992188,90.56388092041016,44.6871337890625,185.95947265625,616.2108764648438
2021-02-19 05:00:00,191.703125,90.15294647216797,44.81184005737305,185.7220458984375,611.4110717773438
2021-02-22 05:00:00,190.60223388671875,89.65637969970703,45.552703857421875,188.1434783935547,599.8338623046875
2021-02-23 05:00:00,188.99317932128906,89.51082611083984,45.758094787597656,191.7677001953125,594.7333984375
2021-02-24 05:00:00,190.35662841796875,88.3892593383789,45.75076675415039,191.9813232421875,576.8414306640625
2021-02-25 05:00:00,190.33123779296875,86.80538940429688,45.17860412597656,192.57484436035156,576.2727661132812
2021-02-26 05:00:00,183.03131103515625,84.81909942626953,44.3723030090332,185.12066650390625,585.2730712890625
2021-03-01 05:00:00,181.0327606201172,85.12732696533203,44.5563850402832,183.5617218017578,585.2008056640625
2021-03-02 05:00:00,176.83230590820312,84.83623504638672,44.453277587890625,185.50840759277344,577.7894287109375
2021-03-03 05:00:00,171.8358612060547,82.28489685058594,44.75518798828125,182.6754913330078,551.8721923828125
2021-03-04 05:00:00,170.3792724609375,81.88250732421875,43.7758674621582,183.07113647460938,544.85791015625
2021-03-05 05:00:00,169.3715057373047,83.36363220214844,44.151397705078125,185.99900817871094,551.1680908203125
2021-03-08 05:00:00,168.23672485351562,82.14791870117188,44.50484085083008,188.84774780273438,537.04931640625
2021-03-09 05:00:00,171.65802001953125,84.177001953125,44.70366287231445,189.9397430419922,562.1361083984375
2021-03-10 05:00:00,173.1145782470703,83.66331481933594,45.2264518737793,189.78941345214844,576.5706787109375
2021-03-11 05:00:00,181.142822265625,85.23863983154297,45.52098846435547,188.8160858154297,590.9149169921875
2021-03-12 05:00:00,182.24375915527344,86.71977233886719,46.33834457397461,192.32952880859375,603.0205078125
2021-03-15 04:00:00,185.02989196777344,87.99544525146484,47.06732940673828,193.4705047607422,604.4197387695312
2021-03-16 04:00:00,188.7137451171875,89.23686218261719,47.09677505493164,195.74449157714844,606.0267333984375
2021-03-17 04:00:00,188.99317932128906,87.41324615478516,47.037879943847656,192.81626892089844,592.593994140625
2021-03-18 04:00:00,188.43426513671875,87.96459197998047,46.544517517089844,193.0955352783203,583.909912109375
2021-03-19 04:00:00,187.88381958007812,86.4742431640625,45.46946334838867,186.2736053466797,589.5338745117188
2021-03-22 04:00:00,191.2458038330078,89.29127502441406,45.99226379394531,188.85879516601562,601.8380126953125
2021-03-23 04:00:00,194.6502227783203,90.62654876708984,46.35308074951172,193.8056182861328,610.0347290039062
2021-03-24 04:00:00,192.2366485595703,89.43771362304688,46.559261322021484,192.40138244628906,597.9111938476562
2021-03-25 04:00:00,192.4229278564453,89.96319580078125,47.059967041015625,192.52903747558594,603.12890625
2021-03-26 04:00:00,202.24652099609375,91.98766326904297,47.28824234008789,195.15406799316406,617.1300659179688
2021-03-29 04:00:00,204.7955780029297,91.97903442382812,47.2808837890625,197.8668975830078,620.9305419921875
2021-03-30 04:00:00,200.832275390625,91.97045135498047,47.214603424072266,197.1009063720703,609.1951293945312
2021-03-31 04:00:00,202.44973754882812,91.31570434570312,46.93006896972656,196.8854522705078,613.4830322265625
2021-04-01 04:00:00,203.296630859375,93.46939849853516,48.11994171142578,201.01849365234375,612.0478515625
2021-04-05 04:00:00,207.2683868408203,93.35738372802734,48.223411560058594,203.6754913330078,623.0971069335938
2021-04-06 04:00:00,206.27755737304688,94.17576599121094,48.134727478027344,203.7073516845703,621.7160034179688
2021-04-07 04:00:00,207.23451232910156,94.44283294677734,48.44511795043945,204.03448486328125,617.8702392578125
2021-04-08 04:00:00,204.18580627441406,93.41767120361328,48.34164810180664,204.86428833007812,620.7952270507812
2021-04-09 04:00:00,203.57606506347656,94.33946228027344,48.1790657043457,205.7579345703125,620.587646484375
2021-04-12 04:00:00,205.57652282714844,94.6237564086914,48.5338249206543,208.1355743408203,624.1715087890625
2021-04-13 04:00:00,206.86190795898438,95.43354797363281,48.777713775634766,212.99468994140625,637.116455078125
2021-04-14 04:00:00,205.729736328125,94.46868133544922,48.30470275878906,210.39358520507812,626.7711791992188
2021-04-15 04:00:00,210.3945770263672,96.7946548461914,49.45763397216797,213.63302612304688,648.924072265625
2021-04-16 04:00:00,211.63742065429688,96.96693420410156,49.53153610229492,212.87503051757812,639.2559814453125
2021-04-19 04:00:00,211.56932067871094,96.69989776611328,49.768028259277344,215.7314453125,647.5156860351562
2021-04-20 04:00:00,215.0849609375,98.85355377197266,50.69187927246094,218.11709594726562,655.5772094726562
2021-04-21 04:00:00,214.66786193847656,98.8191146850586,51.24613571166992,218.2687530517578,655.4959716796875
2021-04-22 04:00:00,214.12303161621094,98.79324340820312,51.05399703979492,220.63839721679688,648.1296997070312
2021-04-23 04:00:00,216.25115966796875,98.95692443847656,51.290504455566406,220.82992553710938,648.256103515625
2021-04-26 04:00:00,215.3573760986328,99.2584457397461,51.231361389160156,219.513427734375,647.2269287109375
2021-04-27 04:00:00,214.9317169189453,98.93970489501953,50.89140319824219,219.4655303955078,644.4375610351562
2021-04-28 04:00:00,214.4720458984375,99.15506744384766,50.699249267578125,218.00538635253906,638.56982421875
2021-04-29 04:00:00,213.16116333007812,100.16297912597656,51.22399139404297,222.9921875,637.396240234375
2021-04-30 04:00:00,216.87257385253906,100.38697052001953,51.27959442138672,224.33258056640625,650.6483154296875
2021-05-03 04:00:00,214.87216186523438,99.93901824951172,50.93105697631836,221.83522033691406,641.8827514648438
2021-05-04 04:00:00,211.85873413085938,99.58582305908203,51.24993133544922,222.8884735107422,640.9620971679688
2021-05-05 04:00:00,211.62039184570312,97.35459899902344,49.78904342651367,219.11444091796875,625.588623046875
2021-05-06 04:00:00,207.7216339111328,98.8277359008789,50.09309005737305,219.58518981933594,631.0772094726562
2021-05-07 04:00:00,210.67550659179688,99.9476318359375,50.50096130371094,221.2288360595703,644.0493774414062
2021-05-10 04:00:00,211.63742065429688,100.1026840209961,50.08566665649414,221.1410675048828,649.9622802734375
2021-05-11 04:00:00,210.53077697753906,98.94832611083984,49.084537506103516,218.8750762939453,648.1928100585938
2021-05-12 04:00:00,205.96812438964844,96.80328369140625,48.00926208496094,215.19679260253906,636.7465209960938
2021-05-13 04:00:00,207.70465087890625,97.7767333984375,47.987022399902344,218.57989501953125,645.8367919921875
2021-05-14 04:00:00,210.05410766601562,98.76741027832031,48.45421600341797,218.1809539794922,651.78564453125
2021-05-17 04:00:00,209.31349182128906,98.37113189697266,48.498714447021484,220.6782989501953,645.475830078125
2021-05-18 04:00:00,209.705078125,99.05169677734375,48.558040618896484,219.87245178222656,648.3489379882812
2021-05-19 04:00:00,209.44114685058594,99.37042999267578,48.691524505615234,220.6464080810547,648.3760375976562
2021-05-20 04:00:00,213.5101776123047,101.10200500488281,49.618465423583984,222.84059143066406,659.9412841796875
2021-05-21 04:00:00,212.7695770263672,101.24842834472656,49.37376403808594,220.79803466796875,657.3128051757812
2021-05-24 04:00:00,215.17861938476562,101.78256225585938,50.530609130859375,222.17037963867188,655.572509765625
2021-05-25 04:00:00,215.68080139160156,101.80840301513672,51.04970932006836,222.42568969726562,666.4127197265625
2021-05-26 04:00:00,216.60870361328125,101.23120880126953,51.257354736328125,223.0719757080078,666.530517578125
2021-05-27 04:00:00,216.31077575683594,100.6712646484375,50.58251190185547,223.30335998535156,666.2586059570312
2021-05-28 04:00:00,217.45994567871094,101.5154800415039,50.898780822753906,225.3858642578125,667.73583984375
2021-06-01 04:00:00,220.10731506347656,103.22982025146484,51.60569763183594,227.84326171875,670.1829833984375
2021-06-02 04:00:00,223.8188018798828,104.87520599365234,52.54331970214844,229.78211975097656,687.1412353515625
2021-06-03 04:00:00,224.17633056640625,104.98722076416016,52.230777740478516,230.4683074951172,704.2803955078125
2021-06-04 04:00:00,225.81924438476562,105.43517303466797,52.40193176269531,230.35662841796875,711.8486938476562
2021-06-07 04:00:00,228.67086791992188,105.68499755859375,52.34983825683594,232.35928344726562,720.6130981445312
2021-06-08 04:00:00,226.4491424560547,106.52924346923828,52.43171310424805,234.0987091064453,740.1907348632812
2021-06-09 04:00:00,227.29190063476562,106.48616790771484,52.80379104614258,234.44970703125,734.1634521484375
2021-06-10 04:00:00,230.5350799560547,108.78630065917969,52.8930549621582,235.75030517578125,745.927978515625
2021-06-11 04:00:00,228.4325408935547,107.43379211425781,52.37217712402344,236.02163696289062,739.6288452148438
2021-06-14 04:00:00,230.63726806640625,108.68292236328125,52.53586196899414,236.68026733398438,746.8344116210938
2021-06-15 04:00:00,230.23719787597656,106.6136703491211,51.79918670654297,235.5235595703125,733.2479248046875
2021-06-16 04:00:00,226.88330078125,105.12451934814453,50.93599319458008,234.73631286621094,734.1271362304688
2021-06-17 04:00:00,230.51837158203125,106.15480041503906,50.772274017333984,237.49163818359375,739.1029663085938
2021-06-18 04:00:00,227.46487426757812,103.52279663085938,49.7379264831543,239.6766357421875,745.728515625
2021-06-21 04:00:00,229.0044708251953,106.13749694824219,50.64576721191406,243.84585571289062,745.4837646484375
2021-06-22 04:00:00,228.03794860839844,105.60934448242188,50.21418380737305,242.9622039794922,745.5473022460938
2021-06-23 04:00:00,225.9936981201172,104.86479187011719,50.16952896118164,244.0145263671875,728.3174438476562
2021-06-24 04:00:00,225.933837890625,104.99462890625,49.856990814208984,242.47222900390625,706.3470458984375
2021-06-25 04:00:00,227.9780731201172,105.62669372558594,50.69786834716797,244.809814453125,710.0450439453125
2021-06-28 04:00:00,232.4685821533203,105.29768371582031,50.47461700439453,244.6090087890625,723.7492065429688
2021-06-29 04:00:00,233.3238983154297,105.15049743652344,50.56393051147461,243.78965759277344,727.2023315429688
2021-06-30 04:00:00,231.05726623535156,103.4881591796875,49.83660125732422,241.54837036132812,727.447021484375
2021-07-01 04:00:00,231.21974182128906,103.87776947021484,50.068092346191406,241.26724243164062,722.95166015625
2021-07-02 04:00:00,233.39224243164062,104.786865234375,50.389190673828125,243.17913818359375,725.5438232421875
2021-07-06 04:00:00,235.83853149414062,106.09420013427734,50.96416091918945,247.3724365234375,742.4111938476562
2021-07-07 04:00:00,237.92550659179688,106.74354553222656,50.91936492919922,247.581298828125,750.296630859375
2021-07-08 04:00:00,237.71173095703125,106.58771514892578,50.70281219482422,246.7619171142578,750.6409301757812
2021-07-09 04:00:00,238.16502380371094,108.56170654296875,51.42714309692383,250.37681579589844,743.5078735351562
2021-07-12 04:00:00,239.48220825195312,110.31063079833984,51.74822235107422,252.03160095214844,751.8735961914062
2021-07-13 04:00:00,238.23345947265625,108.7521743774414,51.12097930908203,249.2520751953125,745.9733276367188
2021-07-14 04:00:00,240.6625518798828,109.28899383544922,51.419673919677734,251.42108154296875,753.9492797851562
2021-07-15 04:00:00,240.58551025390625,109.89505004882812,51.73329162597656,251.82275390625,755.9431762695312
2021-07-16 04:00:00,241.59481811523438,110.19803619384766,51.942378997802734,252.19227600097656,753.6139526367188
2021-07-19 04:00:00,240.25198364257812,109.76516723632812,51.30021286010742,247.83828735351562,756.1788330078125
2021-07-20 04:00:00,242.05673217773438,110.81275177001953,52.45762634277344,250.78651428222656,754.6834106445312
2021-07-21 04:00:00,239.713134765625,109.86906433105469,52.40534210205078,247.653564453125,743.0004272460938
2021-07-22 04:00:00,240.85923767089844,110.10282135009766,52.203731536865234,248.4247283935547,743.9611206054688
2021-07-23 04:00:00,243.9898223876953,110.72618103027344,52.62935256958008,252.07981872558594,755.4356079101562
2021-07-26 04:00:00,243.43377685546875,110.80410766601562,52.763790130615234,251.96742248535156,751.8374633789062
2021-07-27 04:00:00,245.37538146972656,111.85173034667969,53.04753494262695,252.16014099121094,763.0038452148438
2021-07-28 04:00:00,243.750244140625,110.5010986328125,52.51738357543945,251.43716430664062,758.0007934570312
2021-07-29 04:00:00,242.05673217773438,110.72618103027344,52.43522262573242,250.48130798339844,712.7459106445312
2021-07-30 04:00:00,241.8856658935547,110.85607147216797,52.66447830200195,251.0194549560547,743.5894775390625
2021-08-02 04:00:00,242.58697509765625,111.2197036743164,52.39474868774414,249.8385772705078,742.3025512695312
2021-08-03 04:00:00,243.21141052246094,112.26729583740234,52.75440216064453,248.68983459472656,743.4989013671875
2021-08-04 04:00:00,243.6561737060547,111.60061645507812,52.55958938598633,246.22361755371094,750.7770385742188
2021-08-05 04:00:00,241.85145568847656,112.94261932373047,53.03912353515625,248.15164184570312,752.8434448242188
2021-08-06 04:00:00,241.30401611328125,112.30194854736328,52.911746978759766,244.7937774658203,743.3539428710938
2021-08-09 04:00:00,239.54205322265625,112.5616683959961,52.911746978759766,248.8504638671875,738.6768798828125
2021-08-10 04:00:00,235.47073364257812,111.99026489257812,52.51462936401367,249.83050537109375,723.2507934570312
2021-08-11 04:00:00,237.11294555664062,111.60061645507812,53.129024505615234,250.63385009765625,731.326416015625
2021-08-12 04:00:00,239.5334930419922,112.6136245727539,53.144004821777344,253.04383850097656,735.7130737304688
2021-08-13 04:00:00,241.98831176757812,114.26730346679688,53.908226013183594,252.77871704101562,737.861328125
2021-08-16 04:00:00,242.2278289794922,115.74779510498047,54.335296630859375,255.54208374023438,745.8826904296875
2021-08-17 04:00:00,245.07601928710938,116.08544158935547,54.17794418334961,256.666748046875,752.9224853515625
2021-08-18 04:00:00,242.3817596435547,114.71749877929688,53.72842788696289,257.2371826171875,740.6072998046875
2021-08-19 04:00:00,247.3083953857422,115.28025817871094,53.601043701171875,259.04461669921875,758.5161743164062
2021-08-20 04:00:00,248.7453155517578,116.23262786865234,53.87827682495117,260.4986572265625,760.034912109375
2021-08-23 04:00:00,246.76963806152344,115.4880599975586,53.301361083984375,258.0483703613281,759.98046875
2021-08-24 04:00:00,243.4252471923828,113.2023696899414,53.07658767700195,255.31715393066406,746.0372314453125
2021-08-25 04:00:00,241.97116088867188,113.01188659667969,53.144004821777344,254.15237426757812,734.4769897460938
2021-08-26 04:00:00,242.21070861816406,113.08981323242188,53.18147659301758,254.06405639648438,750.3574829101562
2021-08-27 04:00:00,244.19505310058594,113.68719482421875,53.60854721069336,255.20469665527344,750.19384765625
2021-08-30 04:00:00,249.4809112548828,115.78240966796875,53.99067306518555,257.502197265625,764.0369873046875
2021-08-31 04:00:00,249.90000915527344,116.587646484375,54.288307189941406,259.96026611328125,767.147705078125
2021-09-01 04:00:00,254.85235595703125,119.29753112792969,54.431148529052734,264.8444519042969,790.2407836914062
2021-09-02 04:00:00,257.3584899902344,119.88629150390625,54.63408279418945,265.92901611328125,795.3248901367188
2021-09-03 04:00:00,258.31640625,120.33649444580078,54.34846496582031,265.7041015625,802.9650268554688
2021-09-07 04:00:00,255.93008422851562,119.17632293701172,53.529117584228516,262.44256591796875,801.9917602539062
2021-09-08 04:00:00,259.69354248046875,119.94686126708984,53.897430419921875,265.5192565917969,802.4920654296875
2021-09-09 04:00:00,253.8772735595703,116.6395492553711,52.3714714050293,260.4101867675781,777.25244140625
2021-09-10 04:00:00,251.36264038085938,115.69586181640625,51.05598831176758,259.65509033203125,767.647705078125
2021-09-13 04:00:00,251.9869842529297,114.95991516113281,51.51453399658203,258.02435302734375,763.5911254882812
2021-09-14 04:00:00,253.51806640625,114.76078033447266,51.27398681640625,256.5855407714844,759.36181640625
2021-09-15 04:00:00,254.2536163330078,115.40145874023438,51.4619026184082,258.27496337890625,767.1382446289062
2021-09-16 04:00:00,254.1510467529297,115.3318862915039,51.40928649902344,256.561279296875,776.0609741210938
2021-09-17 04:00:00,251.25144958496094,113.18321228027344,50.875587463378906,251.42831420898438,793.642333984375
2021-09-20 04:00:00,249.06179809570312,112.26980590820312,50.82294464111328,252.31744384765625,773.3140869140625
2021-09-21 04:00:00,249.64341735839844,112.08714294433594,50.552330017089844,252.147705078125,771.4679565429688
2021-09-22 04:00:00,251.08029174804688,113.0962142944336,50.93571472167969,249.93283081054688,782.3096313476562
2021-09-23 04:00:00,246.3333282470703,112.07843780517578,50.95074462890625,246.8853302001953,771.294921875
2021-09-24 04:00:00,241.3553466796875,111.26072692871094,49.958492279052734,245.64044189453125,759.1708374023438
2021-09-27 04:00:00,235.53782653808594,109.77320098876953,49.37215805053711,239.86888122558594,734.4769897460938
2021-09-28 04:00:00,230.94049072265625,109.24256134033203,48.86101150512695,242.1160430908203,726.6640625
2021-09-29 04:00:00,232.02322387695312,109.99067687988281,49.65029525756836,244.37939453125,729.0654296875
2021-09-30 04:00:00,228.07040405273438,109.11204528808594,48.93059158325195,240.1598663330078,718.6510620117188
2021-10-01 04:00:00,229.10153198242188,109.98196411132812,49.67745590209961,240.2406768798828,717.91455078125
2021-10-04 04:00:00,227.9156951904297,110.32994079589844,50.167816162109375,240.92776489257812,714.5399780273438
2021-10-05 04:00:00,227.33135986328125,109.98196411132812,49.979217529296875,238.67251586914062,691.3104248046875
2021-10-06 04:00:00,230.26161193847656,111.16503143310547,51.110816955566406,243.6519775390625,693.3569946289062
2021-10-07 04:00:00,228.67190551757812,112.5481948852539,51.16362380981445,243.7407989501953,697.1497192382812
2021-10-08 04:00:00,225.20883178710938,111.80876922607422,50.69589614868164,242.27772521972656,683.024658203125
2021-10-11 04:00:00,224.79635620117188,112.16543579101562,51.11836624145508,244.20156860351562,682.1605224609375
2021-10-12 04:00:00,227.33135986328125,115.07962799072266,51.7520751953125,251.64657592773438,690.7283325195312
2021-10-13 04:00:00,227.01341247558594,116.48013305664062,51.87274932861328,256.5046081542969,694.3846435546875
2021-10-14 04:00:00,230.18423461914062,118.07206726074219,52.52155303955078,263.424072265625,700.0238647460938
2021-10-15 04:00:00,231.4388427734375,119.15947723388672,52.55173873901367,258.2022399902344,710.7018432617188
2021-10-18 04:00:00,230.2959747314453,121.60387420654297,53.0722770690918,260.4656066894531,698.3138427734375
2021-10-19 04:00:00,234.506591796875,121.0210189819336,52.8383903503418,259.47930908203125,709.1373901367188
2021-10-20 04:00:00,237.20489501953125,124.76161193847656,53.83419418334961,260.6434020996094,722.0255737304688
2021-10-21 04:00:00,239.78282165527344,126.08391571044922,53.69087600708008,260.6999816894531,736.8690185546875
2021-10-22 04:00:00,244.4316864013672,125.26619720458984,54.12843322753906,263.787841796875,746.7466430664062
2021-10-25 04:00:00,244.54335021972656,126.22306823730469,55.727779388427734,265.550048828125,748.3473510742188
2021-10-26 04:00:00,246.5714111328125,127.20606231689453,55.90129852294922,264.23236083984375,756.5968627929688
2021-10-27 04:00:00,245.26519775390625,125.1443862915039,55.31284713745117,260.6434020996094,750.2029418945312
2021-10-28 04:00:00,245.77220153808594,127.58881378173828,55.18459701538086,268.0640563964844,770.6492919921875
2021-10-29 04:00:00,242.3006134033203,126.1012954711914,53.88702392578125,268.51666259765625,761.3446044921875
2021-11-01 04:00:00,242.41226196289062,125.90120697021484,53.634193420410156,268.0802307128906,755.3326416015625
2021-11-02 04:00:00,242.88485717773438,127.90199279785156,54.48950958251953,272.98687744140625,761.198974609375
2021-11-03 04:00:00,241.12326049804688,128.44131469726562,54.70901870727539,268.9693908691406,762.0814208984375
2021-11-04 04:00:00,239.70547485351562,128.6327362060547,53.9521369934082,268.8157653808594,730.8934936523438
2021-11-05 04:00:00,238.74301147460938,127.606201171875,54.32301330566406,260.9990539550781,711.1837768554688
2021-11-08 05:00:00,239.5421905517578,128.8066864013672,54.09592819213867,261.4679260253906,715.7134399414062
2021-11-09 05:00:00,240.53904724121094,129.1372528076172,53.70990753173828,262.7127380371094,725.6181030273438
2021-11-10 05:00:00,237.0673370361328,129.41566467285156,53.84617233276367,264.45068359375,710.7199096679688
2021-11-11 05:00:00,234.14573669433594,129.53741455078125,54.81499099731445,265.9622497558594,704.5896606445312
2021-11-12 05:00:00,233.81919860839844,129.45037841796875,55.05718994140625,266.0915832519531,705.24462890625
2021-11-15 05:00:00,223.8511505126953,130.65957641601562,55.56923294067383,268.1529846191406,725.6636962890625
2021-11-16 05:00:00,222.59654235839844,130.02455139160156,55.7801513671875,265.28326416015625,725.7823486328125
2021-11-17 05:00:00,221.2989501953125,130.816162109375,56.217552185058594,269.6160583496094,728.429443359375
2021-11-18 05:00:00,222.52777099609375,130.9901580810547,55.49111557006836,271.4833068847656,723.7192993164062
2021-11-19 05:00:00,224.2635955810547,130.67698669433594,55.38957214355469,268.1609802246094,719.7850341796875
2021-11-22 05:00:00,221.38490295410156,131.26853942871094,55.21772003173828,266.0997619628906,709.4519653320312
2021-11-23 05:00:00,225.1400909423828,132.72996520996094,54.60062026977539,267.0616760253906,711.41455078125
2021-11-24 05:00:00,228.1305389404297,134.4088592529297,55.178653717041016,270.83660888671875,728.05517578125
2021-11-26 05:00:00,225.88771057128906,130.3812255859375,54.26475524902344,264.3456115722656,724.6322021484375
2021-11-29 05:00:00,229.3850860595703,133.33889770507812,54.52251434326172,268.2822570800781,748.511474609375
2021-11-30 05:00:00,225.5526123046875,131.1380157470703,53.241661071777344,264.6365661621094,741.3914184570312
2021-12-01 05:00:00,222.5192108154297,131.96444702148438,51.67385482788086,263.2220764160156,733.4044189453125
2021-12-02 05:00:00,228.78363037109375,134.33058166503906,52.9280891418457,270.7881774902344,728.9862670898438
2021-12-03 05:00:00,229.40231323242188,134.53936767578125,52.7164306640625,271.071044921875,724.8056640625
2021-12-06 05:00:00,231.64508056640625,136.1834716796875,53.3670654296875,274.4338073730469,727.032958984375
2021-12-07 05:00:00,237.866455078125,138.5757598876953,53.610069274902344,275.0481262207031,741.993896484375
2021-12-08 05:00:00,237.04159545898438,138.697509765625,53.970664978027344,277.5944519042969,743.4545288085938
2021-12-09 05:00:00,232.92547607421875,137.06210327148438,52.80266571044922,276.6971435546875,729.1596069335938
2021-12-10 05:00:00,234.22308349609375,138.3843231201172,52.47343826293945,281.30474853515625,728.3292846679688
2021-12-13 05:00:00,237.18768310546875,140.6812744140625,53.42978286743164,287.1329650878906,745.0153198242188
2021-12-14 05:00:00,234.9449005126953,138.62889099121094,52.74781036376953,286.38507080078125,735.5769653320312
2021-12-15 05:00:00,235.752685546875,141.97386169433594,52.69293212890625,293.8720397949219,745.8551635742188
2021-12-16 05:00:00,240.15231323242188,142.5764617919922,53.04567337036133,295.0914611816406,751.1585083007812
2021-12-17 05:00:00,239.62811279296875,140.76858520507812,53.13191223144531,294.0671081542969,750.574462890625
2021-12-20 05:00:00,239.28443908691406,140.9520263671875,52.724281311035156,297.5058288574219,750.6566772460938
2021-12-21 05:00:00,238.7602081298828,140.4280242919922,53.876609802246094,294.1077575683594,734.4358520507812
2021-12-22 05:00:00,241.68186950683594,141.71182250976562,54.1979866027832,297.06689453125,747.3521728515625
2021-12-23 05:00:00,240.7146759033203,141.26646423339844,54.260704040527344,294.64434814453125,747.3797607421875
2021-12-27 05:00:00,246.7769775390625,144.8821563720703,55.60899353027344,299.80633544921875,762.30419921875
2021-12-28 05:00:00,249.13461303710938,144.79478454589844,55.96958923339844,301.285888671875,764.9512939453125
2021-12-29 05:00:00,249.4713592529297,146.4454803466797,56.36151885986328,302.9117736816406,768.593505859375
2021-12-30 05:00:00,251.42311096191406,146.69874572753906,56.36936950683594,302.7817687988281,771.7791748046875
2021-12-31 05:00:00,252.5975341796875,147.03933715820312,56.31193542480469,304.4888610839844,772.0988159179688
2022-01-03 05:00:00,247.3124542236328,144.01751708984375,56.00517654418945,296.9448547363281,763.2169189453125
2022-01-04 05:00:00,244.1948699951172,140.61143493652344,56.83109664916992,296.7416687011719,743.609619140625
2022-01-05 05:00:00,228.47772216796875,137.68563842773438,55.9107780456543,294.09161376953125,720.3053588867188
2022-01-06 05:00:00,228.7541046142578,136.74240112304688,56.17034912109375,296.9937438964844,707.5078125
2022-01-07 05:00:00,230.21353149414062,134.26205444335938,56.17034912109375,289.327880859375,707.3798828125
2022-01-10 05:00:00,228.33956909179688,133.6419677734375,56.34341049194336,292.5063171386719,697.6948852539062
2022-01-11 05:00:00,224.95433044433594,133.6157684326172,56.075950622558594,294.96954345703125,700.0225830078125
2022-01-12 05:00:00,224.00437927246094,133.83412170410156,56.53218078613281,298.6926574707031,697.8134765625
2022-01-13 05:00:00,220.59326171875,133.7554931640625,56.398441314697266,296.21331787109375,682.8980712890625
2022-01-14 05:00:00,216.43075561523438,133.3974609375,56.24113464355469,294.1077575683594,681.65673828125
2022-01-18 05:00:00,216.093994140625,134.00003051757812,54.84888458251953,292.4331970214844,678.1697387695312
2022-01-19 05:00:00,215.03176879882812,134.1397705078125,53.93646240234375,290.2464599609375,666.8050537109375
2022-01-20 05:00:00,212.38922119140625,134.6201629638672,52.95320129394531,286.4906921386719,666.8232421875
2022-01-21 05:00:00,211.3701934814453,135.74679565429688,53.4251594543457,287.2467346191406,658.6717529296875
2022-01-24 05:00:00,214.5135955810547,133.895263671875,53.81058883666992,286.2549743652344,667.1244506835938
2022-01-25 05:00:00,216.35304260253906,134.4629364013672,54.211753845214844,286.55572509765625,656.9283447265625
2022-01-26 05:00:00,209.50485229492188,132.50660705566406,53.43303298950195,283.0439758300781,635.1668701171875
2022-01-27 05:00:00,204.17654418945312,129.7904510498047,53.29929733276367,281.4830627441406,623.4737548828125
2022-01-28 05:00:00,213.10598754882812,135.432373046875,54.66010284423828,293.1160888671875,645.874267578125
2022-01-31 05:00:00,217.1907196044922,136.9607391357422,54.791934967041016,291.4576721191406,661.702392578125
2022-02-01 05:00:00,216.02488708496094,134.07862854003906,54.57090377807617,288.86444091796875,652.9301147460938
2022-02-02 05:00:00,217.91612243652344,137.40618896484375,55.09977722167969,301.0744934082031,654.0802612304688
2022-02-03 05:00:00,216.49984741210938,136.62887573242188,54.20777893066406,298.61138916015625,650.7576293945312
2022-02-04 05:00:00,212.81236267089844,134.05242919921875,53.82887268066406,294.96954345703125,640.9358520507812
2022-02-07 05:00:00,212.66554260253906,132.79478454589844,53.710445404052734,294.8882751464844,637.2844848632812
2022-02-08 05:00:00,211.8538055419922,132.04373168945312,53.32364273071289,294.6362609863281,630.3197021484375
2022-02-09 05:00:00,215.8003387451172,135.69435119628906,54.12093734741211,300.1234130859375,655.9607543945312
2022-02-10 05:00:00,209.42710876464844,129.63320922851562,53.07893753051758,291.91290283203125,627.7637329101562
2022-02-11 05:00:00,204.58241271972656,127.78168487548828,53.27629089355469,291.1650695800781,612.9762573242188
2022-02-14 05:00:00,202.3284912109375,126.93451690673828,52.80263900756836,289.10833740234375,611.0226440429688
2022-02-15 05:00:00,201.55128479003906,127.17908477783203,52.928958892822266,285.8160400390625,614.6738891601562
2022-02-16 05:00:00,200.63584899902344,126.09613037109375,53.23682403564453,285.92169189453125,614.8565673828125
2022-02-17 05:00:00,197.47515869140625,125.13544464111328,52.98421096801758,281.3205261230469,631.3145141601562
2022-02-18 05:00:00,197.2765350341797,124.49785614013672,52.5974006652832,279.2882385253906,632.5286865234375
2022-02-22 05:00:00,197.21604919433594,124.34066009521484,52.131649017333984,278.3289489746094,621.4197998046875
2022-02-23 05:00:00,196.42160034179688,122.93451690673828,51.50804138183594,287.3280334472656,615.3587036132812
2022-02-24 05:00:00,200.13499450683594,125.17908477783203,51.89483642578125,285.8485107421875,643.984619140625
2022-02-25 05:00:00,201.78445434570312,129.6506805419922,53.20524215698242,294.84759521484375,653.3410034179688
2022-02-28 05:00:00,195.92068481445312,127.37996673583984,52.36302947998047,288.6043395996094,647.8548583984375
2022-03-01 05:00:00,197.37152099609375,127.30136108398438,52.14910125732422,291.8235168457031,648.83154296875
2022-03-02 05:00:00,199.48731994628906,128.9432830810547,52.37094497680664,296.9530944824219,647.6084594726562
2022-03-03 05:00:00,203.1488800048828,130.6376190185547,52.78295135498047,303.18817138671875,657.9781494140625
2022-03-04 05:00:00,205.77418518066406,131.738037109375,52.94142150878906,306.7650451660156,660.9118041992188
2022-03-07 05:00:00,200.36814880371094,130.05247497558594,51.23796844482422,305.7814025878906,644.547607421875
2022-03-08 05:00:00,196.8706512451172,128.37562561035156,51.420188903808594,298.5057373046875,624.6995849609375
2022-03-09 05:00:00,201.30947875976562,131.4236297607422,51.63410186767578,300.48114013671875,645.5836181640625
2022-03-10 05:00:00,201.04173278808594,131.94764709472656,51.3568000793457,300.5136413574219,647.6737060546875
2022-03-11 05:00:00,202.803466796875,129.10923767089844,51.776737213134766,297.5220947265625,635.8199462890625
2022-03-14 04:00:00,202.88119506835938,130.27952575683594,51.404335021972656,292.7095642089844,626.6981201171875
2022-03-15 04:00:00,203.986572265625,132.6114044189453,51.594505310058594,290.3144226074219,643.2366333007812
2022-03-16 04:00:00,206.93997192382812,134.9956817626953,51.97479248046875,292.4234619140625,645.455078125
2022-03-17 04:00:00,211.6983184814453,137.52391052246094,52.6799430847168,299.0122375488281,659.9400634765625
2022-03-18 04:00:00,209.4443817138672,140.5963592529297,52.98894500732422,298.9549865722656,671.3078002929688
2022-03-21 04:00:00,208.6758270263672,139.50784301757812,52.75127410888672,300.46734619140625,658.0057373046875
2022-03-22 04:00:00,206.97457885742188,139.28836059570312,53.4405632019043,302.7725524902344,659.2432250976562
2022-03-23 04:00:00,202.0780487060547,138.02427673339844,53.00478744506836,300.8678894042969,648.9022216796875
2022-03-24 04:00:00,203.3647918701172,136.8479461669922,52.909706115722656,305.01239013671875,652.3948974609375
2022-03-25 04:00:00,207.85540771484375,138.11203002929688,53.836700439453125,307.3667297363281,651.0289916992188
2022-03-28 04:00:00,211.6033477783203,140.76316833496094,54.446773529052734,313.3832702636719,670.0792846679688
2022-03-29 04:00:00,216.3703155517578,144.58181762695312,55.952171325683594,324.1002502441406,698.00390625
2022-03-30 04:00:00,216.6466522216797,144.09017944335938,55.68275451660156,323.84686279296875,691.0640258789062
2022-03-31 04:00:00,216.9489288330078,141.755126953125,55.09996032714844,319.0401306152344,679.8887329101562
2022-04-01 04:00:00,221.89724731445312,145.54745483398438,56.37209701538086,324.13299560546875,699.489013671875
2022-04-04 04:00:00,222.6571807861328,143.77420043945312,56.109737396240234,322.1628723144531,700.8275756835938
2022-04-05 04:00:00,227.05279541015625,145.96878051757812,56.189239501953125,323.48712158203125,698.9390258789062
2022-04-06 04:00:00,231.97520446777344,149.3309783935547,57.07180404663086,333.999755859375,702.7618408203125
2022-04-07 04:00:00,229.47946166992188,148.2073211669922,56.94458770751953,334.506591796875,696.0328369140625
2022-04-08 04:00:00,230.06671142578125,148.04933166503906,57.37392044067383,334.30224609375,704.7880249023438
2022-04-11 04:00:00,227.38958740234375,145.48599243164062,56.86507034301758,328.45733642578125,689.0471801757812
2022-04-12 04:00:00,223.28305053710938,145.13487243652344,56.89686584472656,332.52008056640625,679.9161987304688
2022-04-13 04:00:00,223.26568603515625,144.84512329101562,57.39778137207031,331.6045837402344,689.340576171875
2022-04-14 04:00:00,221.8591766357422,142.82606506347656,57.7317008972168,333.9342956542969,674.0397338867188
2022-04-18 04:00:00,220.44403076171875,143.0894775390625,58.240596771240234,334.8417053222656,669.8409423828125
2022-04-19 04:00:00,224.66348266601562,148.84814453125,58.932315826416016,337.7519226074219,691.4398803710938
2022-04-20 04:00:00,232.3209686279297,151.5782470703125,59.57631301879883,343.25347900390625,704.228759765625
2022-04-21 04:00:00,231.5917205810547,149.91912841796875,59.28214645385742,337.2614440917969,694.5660400390625
2022-04-22 04:00:00,227.38095092773438,148.1195068359375,58.47114562988281,328.9151306152344,683.3630981445312
2022-04-25 04:00:00,225.31459045410156,147.24169921875,57.843040466308594,326.1684265136719,689.8814086914062
2022-04-26 04:00:00,221.23410034179688,145.39820861816406,57.1910400390625,322.2446594238281,677.7435913085938
2022-04-27 04:00:00,219.52377319335938,147.18899536132812,56.976348876953125,319.9393005371094,658.1431274414062
2022-04-28 04:00:00,218.94203186035156,151.87672424316406,57.81123352050781,326.1439208984375,693.4842529296875
2022-04-29 04:00:00,209.25294494628906,140.7104949951172,55.33563232421875,303.6881103515625,659.2247314453125
2022-05-02 04:00:00,205.7194061279297,134.42510986328125,53.75598907470703,294.32818603515625,643.9241943359375
2022-05-03 04:00:00,209.24429321289062,133.7491455078125,53.98735046386719,291.8431396484375,661.2784423828125
2022-05-04 04:00:00,213.26405334472656,133.67889404296875,54.713356018066406,290.3390197753906,671.1978149414062
2022-05-05 04:00:00,209.65237426757812,127.27062225341797,53.532615661621094,285.5158996582031,654.008544921875
2022-05-06 04:00:00,211.90097045898438,123.67144775390625,52.75075912475586,275.387451171875,654.0542602539062
2022-05-09 04:00:00,200.63174438476562,116.20092010498047,51.506187438964844,256.4305725097656,599.7362060546875
2022-05-10 04:00:00,195.12741088867188,110.09110260009766,50.66051483154297,255.35145568847656,577.6056518554688
2022-05-11 04:00:00,195.10133361816406,108.62506866455078,50.89985275268555,255.69479370117188,572.215087890625
2022-05-12 04:00:00,195.77853393554688,108.7918701171875,52.16836166381836,256.79840087890625,577.449951171875
2022-05-13 04:00:00,201.99484252929688,112.67200469970703,53.77994918823242,260.38702392578125,604.8793334960938
2022-05-16 04:00:00,199.87644958496094,109.9506607055664,54.298492431640625,260.9102478027344,592.6129150390625
2022-05-17 04:00:00,202.2899932861328,110.52125549316406,54.73728942871094,258.6948547363281,595.827880859375
2022-05-18 04:00:00,200.23239135742188,104.92935180664062,53.89959716796875,250.87991333007812,587.196533203125
2022-05-19 04:00:00,202.50709533691406,105.09614562988281,53.57250213623047,253.22604370117188,585.0317993164062
2022-05-20 04:00:00,212.08328247070312,105.09614562988281,54.24266052246094,255.79286193847656,600.4154663085938
2022-05-23 04:00:00,216.5458221435547,105.76327514648438,53.62834167480469,261.6705322265625,611.22998046875
2022-05-24 04:00:00,224.44644165039062,105.41215515136719,54.60166549682617,266.4853210449219,618.8573608398438
2022-05-25 04:00:00,225.983154296875,105.3682632446289,55.192047119140625,265.56976318359375,632.417236328125
2022-05-26 04:00:00,221.1212158203125,107.4136734008789,54.30647277832031,266.41180419921875,617.190185546875
2022-05-27 04:00:00,226.5648193359375,111.71512603759766,55.32766342163086,274.4800720214844,639.0034790039062
2022-05-31 04:00:00,222.37144470214844,111.90824890136719,54.62068176269531,270.28656005859375,632.93310546875
2022-06-01 04:00:00,219.27195739746094,110.48613739013672,54.50859069824219,270.270263671875,625.480712890625
2022-06-02 04:00:00,227.7802734375,113.71660614013672,54.79682922363281,272.1504211425781,639.8878784179688
2022-06-03 04:00:00,231.57432556152344,111.99603271484375,53.932125091552734,270.3519287109375,624.9647827148438
2022-06-06 04:00:00,232.1212921142578,112.2506103515625,53.627872467041016,263.6405334472656,637.7877197265625
2022-06-07 04:00:00,231.07080078125,113.83950805664062,54.492584228515625,270.2946472167969,637.0413818359375
2022-06-08 04:00:00,229.603515625,109.52926635742188,53.731964111328125,258.7765808105469,615.9557495117188
2022-06-09 04:00:00,225.90499877929688,107.24687194824219,53.06740951538086,253.2178955078125,606.5228271484375
2022-06-10 04:00:00,217.92625427246094,102.91908264160156,52.81119918823242,251.313232421875,598.0018310546875
2022-06-13 04:00:00,208.39346313476562,95.1852035522461,50.609405517578125,243.179443359375,567.7042846679688
2022-06-14 04:00:00,203.5836181640625,97.14283752441406,50.273136138916016,245.12168884277344,569.7584838867188
2022-06-15 04:00:00,209.5828857421875,101.75814056396484,51.8824348449707,250.3312530517578,590.7062377929688
2022-06-16 04:00:00,204.52601623535156,98.84040069580078,51.426082611083984,247.54949951171875,569.6849975585938
2022-06-17 04:00:00,206.26405334472656,97.5760498046875,51.93850326538086,245.69776916503906,582.931396484375
2022-06-21 04:00:00,215.59170532226562,99.3443832397461,52.41890335083008,248.61947631835938,589.7205200195312
2022-06-22 04:00:00,220.09825134277344,102.08528137207031,53.155494689941406,252.026611328125,606.08984375
2022-06-23 04:00:00,225.60047912597656,104.54322814941406,54.43653106689453,253.62326049804688,624.0252685546875
2022-06-24 04:00:00,228.517578125,108.38933563232422,55.39732360839844,258.5777587890625,634.8490600585938
2022-06-27 04:00:00,226.49134826660156,106.2850341796875,55.59748458862305,258.1826477050781,631.5327758789062
2022-06-28 04:00:00,220.9017791748047,105.17984008789062,55.34928512573242,256.3309326171875,616.3610229492188
2022-06-29 04:00:00,221.10264587402344,104.60513305664062,55.53342056274414,256.0016784667969,598.3058471679688
2022-06-30 04:00:00,223.2248992919922,104.0216064453125,54.84882354736328,257.3267517089844,605.2332153320312
2022-07-01 04:00:00,225.67909240722656,106.12589263916016,56.36749267578125,261.19476318359375,619.9812622070312
2022-07-05 04:00:00,223.53062438964844,107.36372375488281,55.67646026611328,259.00567626953125,614.5740356445312
2022-07-06 04:00:00,225.5306396484375,107.39026641845703,55.84522247314453,260.90673828125,610.3087768554688
2022-07-07 04:00:00,224.6136016845703,108.37167358398438,55.274681091308594,259.0714416503906,608.6598510742188
2022-07-08 04:00:00,222.71839904785156,107.49635314941406,55.42737579345703,259.92742919921875,599.2455444335938
2022-07-11 04:00:00,225.32101440429688,107.6731948852539,55.893436431884766,258.2567138671875,596.2884521484375
2022-07-12 04:00:00,223.1376495361328,106.9039535522461,55.732696533203125,252.96478271484375,578.7308349609375
2022-07-13 04:00:00,223.5131378173828,106.77134704589844,54.680076599121094,251.90318298339844,576.556884765625
2022-07-14 04:00:00,224.0284423828125,104.44598388671875,55.001487731933594,252.19129943847656,563.6971435546875
2022-07-15 04:00:00,224.63111877441406,106.99238586425781,56.496055603027344,257.8617248535156,570.9007568359375
2022-07-18 04:00:00,217.68775939941406,105.39203643798828,55.82110595703125,254.27340698242188,566.49755859375
2022-07-19 04:00:00,224.5961151123047,110.61744689941406,56.31122970581055,260.2977600097656,587.1411743164062
2022-07-20 04:00:00,218.11573791503906,110.1399917602539,56.447845458984375,260.0673828125,587.1411743164062
2022-07-21 04:00:00,223.05899047851562,111.12142181396484,56.7130012512207,262.7667236328125,598.94140625
2022-07-22 04:00:00,226.7271728515625,112.20008850097656,57.33173370361328,262.8078918457031,602.2486572265625
2022-07-25 04:00:00,224.7533416748047,112.73943328857422,57.540653228759766,266.5854797363281,598.2874145507812
2022-07-26 04:00:00,226.1857147216797,112.8101577758789,58.19953918457031,268.88165283203125,591.1207275390625
2022-07-27 04:00:00,225.57432556152344,112.6333236694336,57.74956512451172,268.5277099609375,600.8023681640625
2022-07-28 04:00:00,234.8494873046875,117.06295013427734,59.0914421081543,277.4325866699219,655.2439575195312
2022-07-29 04:00:00,236.53512573242188,117.20442962646484,59.654212951660156,279.5392761230469,648.2708129882812
2022-08-01 04:00:00,234.6049346923828,115.8074722290039,59.3962287902832,277.8351135253906,639.6945190429688
2022-08-02 04:00:00,232.8669891357422,114.38396453857422,58.69478988647461,274.85479736328125,634.42529296875
2022-08-03 04:00:00,234.78836059570312,115.57759094238281,58.049781799316406,281.2435302734375,641.288330078125
2022-08-04 04:00:00,236.91940307617188,115.60411834716797,58.42873001098633,283.10198974609375,642.0618286132812
2022-08-05 04:00:00,237.72296142578125,116.16998291015625,58.66253662109375,283.6415100097656,642.5317993164062
2022-08-08 04:00:00,238.43032836914062,116.01966094970703,59.06563186645508,287.5039367675781,642.0803833007812
2022-08-09 04:00:00,241.20767211914062,117.50505828857422,59.29946517944336,293.6871643066406,642.7527465820312
2022-08-10 04:00:00,242.61375427246094,118.84012603759766,59.76708221435547,296.30780029296875,653.539794921875
2022-08-11 04:00:00,239.25999450683594,118.68099975585938,59.54943084716797,296.69317626953125,634.9779663085938
2022-08-12 04:00:00,242.55267333984375,121.34233856201172,60.20243453979492,301.1978454589844,649.0260009765625
2022-08-15 04:00:00,245.8714599609375,122.35027313232422,60.2669563293457,304.315185546875,658.4496459960938
2022-08-16 04:00:00,243.19024658203125,121.22738647460938,59.420406341552734,302.49957275390625,658.7734985351562
2022-08-17 04:00:00,242.32553100585938,121.47490692138672,59.32365036010742,304.255126953125,654.01806640625
2022-08-18 04:00:00,240.60501098632812,120.80298614501953,58.84797286987305,302.18267822265625,648.9479370117188
2022-08-19 04:00:00,239.66180419921875,118.54837799072266,58.783470153808594,300.7953186035156,644.664306640625
2022-08-22 04:00:00,235.59188842773438,115.7720947265625,57.8804817199707,296.6160888671875,624.8281860351562
2022-08-23 04:00:00,231.6442413330078,113.57938385009766,56.929100036621094,292.1114196777344,617.824462890625
2022-08-24 04:00:00,230.98922729492188,115.93123626708984,56.953277587890625,293.75567626953125,621.2385864257812
2022-08-25 04:00:00,234.2730712890625,117.39896392822266,57.2596549987793,299.9560241699219,637.9474487304688
2022-08-26 04:00:00,228.11582946777344,113.48214721679688,56.364723205566406,295.0487976074219,620.56298828125
2022-08-29 04:00:00,226.83197021484375,112.54493713378906,56.429229736328125,291.7516784667969,610.0067138671875
2022-08-30 04:00:00,221.31222534179688,111.09488677978516,55.60685729980469,284.7547912597656,606.8240356445312
2022-08-31 04:00:00,221.8799591064453,110.08694458007812,55.249202728271484,283.3246765136719,608.1932983398438
2022-09-01 04:00:00,225.01535034179688,109.9012680053711,55.386756896972656,289.2766418457031,604.427734375
2022-09-02 04:00:00,219.08518981933594,107.77043151855469,54.77180862426758,285.1744689941406,583.9440307617188
2022-09-06 04:00:00,221.99346923828125,109.4592056274414,54.820335388183594,290.64691162109375,584.5731201171875
2022-09-07 04:00:00,226.6398468017578,111.96137237548828,55.24112319946289,293.1390380859375,598.783935546875
2022-09-08 04:00:00,228.53506469726562,113.09310913085938,53.69561767578125,290.655517578125,602.2072143554688
2022-09-09 04:00:00,228.4651641845703,114.61383819580078,54.043556213378906,290.4585266113281,608.67431640625
2022-09-12 04:00:00,231.5219268798828,115.11782836914062,54.698978424072266,290.7583312988281,615.687255859375
2022-09-13 04:00:00,222.38650512695312,110.59092712402344,53.33150863647461,282.3846740722656,588.6717529296875
2022-09-14 04:00:00,219.93231201171875,107.73472595214844,52.926937103271484,279.7054443359375,579.7991333007812
2022-09-15 04:00:00,214.0283203125,103.41038513183594,51.324806213378906,270.2119140625,570.2141723632812
2022-09-16 04:00:00,214.75323486328125,101.14142608642578,52.036869049072266,269.7726135253906,578.0135498046875
2022-09-19 04:00:00,216.15939331054688,100.36734008789062,51.76175308227539,269.2126159667969,579.1329345703125
2022-09-20 04:00:00,207.7750244140625,98.70344543457031,51.04967498779297,263.8542175292969,570.3807373046875
2022-09-21 04:00:00,204.49986267089844,96.58576202392578,50.60465621948242,259.9344787597656,573.8038940429688
2022-09-22 04:00:00,203.30332946777344,96.57685852050781,50.57228088378906,257.5051574707031,563.6822509765625
2022-09-23 04:00:00,199.8360595703125,96.63026428222656,50.01396560668945,254.19708251953125,548.7589721679688
2022-09-26 04:00:00,193.3381805419922,92.67961883544922,49.277626037597656,250.5357208251953,538.0821533203125
2022-09-27 04:00:00,192.6656951904297,91.00682830810547,48.13673400878906,247.66697692871094,525.2219848632812
2022-09-28 04:00:00,193.0674285888672,92.4749526977539,48.848777770996094,252.04331970214844,533.3731689453125
2022-09-29 04:00:00,186.65689086914062,90.03697967529297,46.89061737060547,247.66697692871094,519.393310546875
2022-09-30 04:00:00,187.51278686523438,90.40177154541016,47.29531478881836,252.25003051757812,526.2861328125
2022-10-03 04:00:00,189.67001342773438,92.85755920410156,48.12420654296875,253.23219299316406,535.593505859375
2022-10-04 04:00:00,192.21151733398438,94.30792236328125,48.977455139160156,255.85971069335938,543.85546875
2022-10-05 04:00:00,187.02369689941406,93.81854248046875,48.36799240112305,253.20632934570312,535.1400146484375
2022-10-06 04:00:00,177.3555145263672,90.6865234375,47.555362701416016,248.07186889648438,515.7295532226562
2022-10-07 04:00:00,171.2237091064453,89.29844665527344,47.15715026855469,244.3761749267578,501.3243408203125
2022-10-10 04:00:00,166.78103637695312,87.9993667602539,46.60458755493164,247.76182556152344,488.4363708496094
2022-10-11 04:00:00,166.50831604003906,89.53868103027344,47.181549072265625,249.75180053710938,485.0780029296875
2022-10-12 04:00:00,161.6873016357422,89.36074829101562,46.75084686279297,247.16729736328125,473.5686340332031
2022-10-13 04:00:00,167.0185546875,91.22038269042969,46.76709747314453,249.17459106445312,483.4219665527344
2022-10-14 04:00:00,163.43801879882812,88.55992889404297,45.133705139160156,242.756591796875,467.58270263671875
2022-10-17 04:00:00,169.34104919433594,93.63167572021484,46.718345642089844,251.3282928466797,487.5019836425781
2022-10-18 04:00:00,173.50221252441406,94.18334197998047,47.644752502441406,256.0320129394531,499.7977294921875
2022-10-19 04:00:00,168.02146911621094,90.76659393310547,46.99463653564453,250.6046600341797,486.2066650390625
2022-10-20 04:00:00,165.39102172851562,91.1669921875,46.70209503173828,252.49136352539062,486.83599853515625
2022-10-21 04:00:00,165.0039520263672,91.7186508178711,46.83211135864258,252.13804626464844,494.6073913574219
2022-10-24 04:00:00,163.1036834716797,91.9766845703125,47.95355224609375,250.98370361328125,491.42474365234375
2022-10-25 04:00:00,172.01544189453125,96.3900146484375,49.15625,258.53887939453125,513.3795776367188
2022-10-26 04:00:00,173.23828125,97.76026916503906,49.24563217163086,256.7900695800781,513.6109619140625
2022-10-27 04:00:00,174.78662109375,98.77461242675781,49.6844596862793,256.58331298828125,513.4166870117188
2022-10-28 04:00:00,180.0914764404297,100.52750396728516,50.63524627685547,268.3856201171875,525.5551147460938
2022-10-31 04:00:00,182.27322387695312,98.54328155517578,50.80494689941406,266.8435974121094,524.0656127929688
2022-11-01 04:00:00,182.88026428222656,96.58576202392578,50.75600051879883,265.02587890625,513.028076171875
2022-11-02 04:00:00,180.51373291015625,94.9752426147461,49.82588195800781,243.81617736816406,508.16162109375
2022-11-03 04:00:00,177.11795043945312,96.10528564453125,50.28278350830078,238.34579467773438,541.5609741210938
2022-11-04 04:00:00,179.39646911621094,95.75827026367188,51.40869140625,239.2589874267578,565.3754272460938
2022-11-07 05:00:00,177.7249755859375,96.92387390136719,51.50661087036133,236.32992553710938,561.1473999023438
2022-11-08 05:00:00,178.604736328125,97.65351104736328,51.67793273925781,246.9950408935547,551.6455078125
2022-11-09 05:00:00,176.86282348632812,96.79930114746094,51.6044921875,245.27212524414062,553.2183837890625
2022-11-10 05:00:00,194.3343963623047,105.29670715332031,53.33418273925781,260.8648681640625,599.5242919921875
2022-11-11 05:00:00,196.41062927246094,103.33029174804688,53.01598358154297,254.29173278808594,611.1817016601562
2022-11-14 05:00:00,189.4783172607422,100.10037994384766,52.28169250488281,250.46682739257812,591.1420288085938
2022-11-15 05:00:00,193.1731719970703,100.32283782958984,52.8201789855957,249.0540008544922,611.0283203125
2022-11-16 05:00:00,192.79490661621094,101.12364196777344,52.08587646484375,250.77699279785156,602.344970703125
2022-11-17 05:00:00,190.32284545898438,99.93134307861328,52.550933837890625,249.29519653320312,594.95361328125
2022-11-18 05:00:00,189.96214294433594,101.93333435058594,52.787540435791016,252.8531036376953,601.8986206054688
2022-11-21 05:00:00,193.4635009765625,102.28035736083984,53.27704620361328,256.3249206542969,608.8529052734375
2022-11-22 05:00:00,191.89759826660156,103.01887512207031,53.27704620361328,257.8841857910156,609.9498291015625
2022-11-23 05:00:00,192.0031280517578,102.79644012451172,52.64065933227539,255.96310424804688,624.5462646484375
2022-11-25 05:00:00,193.61305236816406,103.56163787841797,52.909915924072266,257.24664306640625,627.2329711914062
2022-11-28 05:00:00,188.17625427246094,99.17501831054688,50.37253189086914,248.58018493652344,616.0300903320312
2022-11-29 05:00:00,191.09701538085938,101.26599884033203,50.82942581176758,250.34620666503906,623.793212890625
2022-11-30 05:00:00,194.64236450195312,104.80733489990234,51.663299560546875,256.6866760253906,642.0989990234375
2022-12-01 05:00:00,194.6863555908203,104.19339752197266,51.45032501220703,254.55023193359375,649.0716552734375
2022-12-02 05:00:00,192.98841857910156,104.051025390625,51.5240592956543,254.8258819580078,642.8612670898438
2022-12-05 05:00:00,189.68063354492188,101.66641235351562,50.98342514038086,249.35545349121094,636.1676025390625
2022-12-06 05:00:00,186.96224975585938,101.96893310546875,51.368408203125,248.95925903320312,638.5847778320312
2022-12-07 05:00:00,185.72181701660156,103.2146224975586,52.0728874206543,255.7046356201172,636.957763671875
2022-12-08 05:00:00,186.72470092773438,104.63826751708984,52.47425079345703,260.7528381347656,635.3027954101562
2022-12-09 05:00:00,188.1234893798828,103.49935913085938,52.79372024536133,256.3766174316406,628.2929077148438
2022-12-12 05:00:00,189.9093780517578,105.02086639404297,52.97393035888672,259.6673889160156,632.5415649414062
2022-12-13 05:00:00,196.52499389648438,107.74359893798828,53.21147155761719,261.83551025390625,657.3089599609375
2022-12-14 05:00:00,193.41073608398438,108.17961120605469,52.96574020385742,260.3265380859375,653.9805297851562
2022-12-15 05:00:00,191.9767608642578,105.51914978027344,52.94935607910156,259.138427734375,642.7591552734375
2022-12-16 05:00:00,187.78038024902344,100.53881072998047,51.9991455078125,248.4366912841797,620.8923950195312
2022-12-19 05:00:00,184.41099548339844,100.38651275634766,52.048309326171875,246.66757202148438,611.9208374023438
2022-12-20 05:00:00,183.59283447265625,100.48505401611328,51.696083068847656,244.78565979003906,606.3054809570312
2022-12-21 05:00:00,185.27313232421875,102.06157684326172,52.621707916259766,246.0084686279297,619.13525390625
2022-12-22 05:00:00,185.27313232421875,101.46142578125,51.974578857421875,242.81703186035156,609.029541015625
2022-12-23 05:00:00,186.90065002441406,101.77493286132812,52.76096725463867,245.6095428466797,611.4466552734375
2022-12-27 05:00:00,186.90948486328125,101.47932434082031,52.51521682739258,245.46218872070312,608.5646362304688
2022-12-28 05:00:00,186.2004852294922,98.93540954589844,51.794368743896484,241.08262634277344,606.66796875
2022-12-29 05:00:00,191.19891357421875,102.08843994140625,52.44968795776367,245.06317138671875,618.5961303710938
2022-12-30 05:00:00,187.7602996826172,100.97772216796875,52.161033630371094,242.99049377441406,608.9830322265625
2023-01-03 05:00:00,190.2506866455078,100.94188690185547,52.46530532836914,237.77841186523438,615.937255859375
2023-01-04 05:00:00,194.08811950683594,104.76673126220703,53.13140869140625,241.1866912841797,632.3370361328125
2023-01-05 05:00:00,187.9995880126953,101.08518981933594,52.128150939941406,235.25474548339844,614.1800537109375
2023-01-06 05:00:00,193.6449737548828,104.48905181884766,52.695556640625,240.01589965820312,626.5636596679688
2023-01-09 05:00:00,194.35400390625,103.9605484008789,53.20541000366211,243.87506103515625,633.2761840820312
2023-01-10 05:00:00,196.70252990722656,103.95160675048828,52.74490737915039,243.8490753173828,646.2826538085938
2023-01-11 05:00:00,202.17066955566406,108.34075927734375,54.274452209472656,254.68080139160156,664.8489379882812
2023-01-12 05:00:00,205.79544067382812,109.38880157470703,54.72673797607422,256.7708740234375,674.350341796875
2023-01-13 05:00:00,206.32716369628906,109.19172668457031,54.43069839477539,252.25254821777344,671.142822265625
2023-01-17 05:00:00,204.7674102783203,108.76176452636719,55.00633239746094,252.88563537597656,667.5264892578125
2023-01-18 05:00:00,199.573974609375,109.86353302001953,54.307334899902344,247.83831787109375,653.283203125
2023-01-19 05:00:00,197.9432830810547,108.64532470703125,53.70703125,249.37338256835938,653.357666015625
2023-01-20 05:00:00,196.22396850585938,110.01581573486328,54.586936950683594,250.7175750732422,669.4415283203125
2023-01-23 05:00:00,191.1369171142578,112.927001953125,55.03921890258789,252.2352294921875,665.9644165039062
2023-01-24 05:00:00,190.69375610351562,113.22259521484375,55.17901611328125,254.8023223876953,669.0324096679688
2023-01-25 05:00:00,193.7867889404297,112.58660888671875,55.35173034667969,253.48403930664062,669.171875
2023-01-26 05:00:00,195.88719177246094,114.70953369140625,55.894474029541016,257.90692138671875,677.9297485351562
2023-01-27 05:00:00,195.6744842529297,116.3039779663086,56.16584396362305,259.5807189941406,678.8871459960938
2023-01-30 05:00:00,193.2550506591797,114.46768188476562,55.72998809814453,259.2077941894531,673.904052734375
2023-01-31 05:00:00,197.9787139892578,115.80235290527344,55.98503494262695,263.9342041015625,686.2412109375
2023-02-01 05:00:00,201.30213928222656,117.25345611572266,56.042816162109375,265.32177734375,686.2412109375
2023-02-02 05:00:00,201.52369689941406,120.4692153930664,56.00980758666992,270.1089172363281,700.0472412109375
2023-02-03 05:00:00,196.80001831054688,117.89842224121094,55.78694534301758,267.51593017578125,681.4718017578125
2023-02-06 05:00:00,195.4795379638672,117.73717498779297,55.90250778198242,266.89154052734375,672.9464111328125
2023-02-07 05:00:00,194.5046844482422,116.68913269042969,55.60537338256836,261.9308776855469,674.4805297851562
2023-02-08 05:00:00,193.61839294433594,116.26815032958984,55.4815559387207,261.9049072265625,679.6032104492188
2023-02-09 05:00:00,190.71148681640625,114.69161987304688,54.66444778442383,258.89556884765625,681.1929931640625
2023-02-10 05:00:00,192.06748962402344,114.73638916015625,55.176185607910156,260.0923767089844,678.4503173828125
2023-02-13 05:00:00,192.54603576660156,115.8113021850586,55.423789978027344,262.3385925292969,686.9292602539062
2023-02-14 05:00:00,190.6760711669922,114.4139404296875,54.235252380371094,260.9335632324219,677.2138671875
2023-02-15 05:00:00,191.96112060546875,114.23480224609375,54.804744720458984,260.9595947265625,676.1260986328125
2023-02-16 05:00:00,187.8843994140625,112.67618560791016,54.730472564697266,259.7888488769531,671.4218139648438
2023-02-17 05:00:00,186.34231567382812,112.25518035888672,54.57365417480469,259.3118896484375,666.3734741210938
2023-02-21 05:00:00,181.37045288085938,110.60700988769531,53.830810546875,259.21649169921875,653.6922607421875
2023-02-22 05:00:00,176.61134338378906,110.08747863769531,54.078426361083984,253.49270629882812,649.3692626953125
2023-02-23 05:00:00,178.98646545410156,111.08175659179688,54.54063415527344,255.22714233398438,656.6673583984375
2023-02-24 05:00:00,173.46511840820312,108.7259292602539,53.632728576660156,254.30787658691406,636.6602172851562
2023-02-27 05:00:00,172.8890838623047,110.09642791748047,53.45114517211914,256.0250549316406,644.4697265625
2023-02-28 05:00:00,175.4857940673828,110.53534698486328,52.99124526977539,259.2598571777344,639.88623046875
2023-03-01 05:00:00,172.720703125,108.50199890136719,52.63493728637695,256.4413146972656,628.4601440429688
2023-03-02 05:00:00,175.06036376953125,111.62816619873047,53.10725784301758,261.2371826171875,639.6072387695312
2023-03-03 05:00:00,179.46502685546875,113.71524047851562,53.43871307373047,264.35052490234375,655.8213500976562
2023-03-06 05:00:00,175.98208618164062,113.90335083007812,53.281272888183594,265.1310119628906,653.4205322265625
2023-03-07 05:00:00,170.48733520507812,110.91155242919922,52.9498176574707,262.2083435058594,640.4627685546875
2023-03-08 05:00:00,173.50057983398438,112.02229309082031,53.48014450073242,260.9249267578125,648.3662719726562
2023-03-09 05:00:00,169.45042419433594,108.65428161621094,52.56864547729492,256.4413146972656,637.9590454101562
2023-03-10 05:00:00,169.51246643066406,104.7846450805664,50.86166763305664,244.0918731689453,621.8438110351562
2023-03-13 04:00:00,173.9969024658203,106.02973175048828,52.030033111572266,251.14247131347656,637.7909545898438
2023-03-14 04:00:00,177.09877014160156,107.33753204345703,52.38633728027344,252.06265258789062,645.9840698242188
2023-03-15 04:00:00,179.30552673339844,107.49877166748047,52.25376510620117,252.86880493164062,649.2724609375
2023-03-16 04:00:00,181.7249755859375,108.3559341430664,51.73172378540039,258.38958740234375,656.36328125
2023-03-17 04:00:00,178.44586181640625,104.692626953125,50.86166763305664,259.09942626953125,645.4049072265625
2023-03-20 04:00:00,178.97760009765625,107.10175323486328,51.35056686401367,261.46551513671875,644.0969848632812
2023-03-21 04:00:00,175.64532470703125,106.79498291015625,50.770503997802734,256.6896057128906,642.686279296875
2023-03-22 04:00:00,170.26576232910156,102.96929168701172,49.220943450927734,249.722900390625,619.4148559570312
2023-03-23 04:00:00,169.82269287109375,102.996337890625,49.11323928833008,247.33055114746094,622.5352172851562
2023-03-24 04:00:00,176.9126434326172,105.59493255615234,50.57992172241211,251.15126037597656,636.8567504882812
2023-03-27 04:00:00,171.17860412597656,105.62197875976562,50.30646514892578,250.93218994140625,642.3873901367188
2023-03-28 04:00:00,170.9304656982422,105.25205993652344,50.59648513793945,247.12025451660156,638.1178588867188
2023-03-29 04:00:00,175.91119384765625,108.16645812988281,51.40855407714844,254.34103393554688,648.8240966796875
2023-03-30 04:00:00,178.29518127441406,110.00711822509766,51.88087844848633,258.1969299316406,655.8307495117188
2023-03-31 04:00:00,181.09571838378906,112.57864379882812,52.68379211425781,264.7691955566406,673.6089477539062
2023-04-03 04:00:00,178.2242889404297,111.67636108398438,52.30936813354492,269.6414794921875,663.2484130859375
2023-04-04 04:00:00,180.3069610595703,111.9560775756836,52.28441619873047,270.1322326660156,663.7435302734375
2023-04-05 04:00:00,181.40589904785156,110.32292938232422,52.17623519897461,269.25592041015625,657.5216674804688
2023-04-06 04:00:00,183.17845153808594,110.75602722167969,52.05976486206055,272.34930419921875,664.4441528320312
2023-04-10 04:00:00,184.64959716796875,111.64928436279297,52.12632751464844,272.9364013671875,659.7825927734375
2023-04-11 04:00:00,186.44866943359375,110.68385314941406,51.66870880126953,275.2060241699219,660.0533447265625
2023-04-12 04:00:00,187.2285614013672,110.8101577758789,51.518951416015625,274.4173889160156,664.2666625976562
2023-04-13 04:00:00,188.2196044921875,110.00711822509766,51.194461822509766,266.8460388183594,662.090087890625
2023-04-14 04:00:00,184.7196502685547,108.05818176269531,50.56211853027344,254.4375,643.3775634765625
2023-04-17 04:00:00,186.45176696777344,111.10791778564453,51.21943283081055,258.0566711425781,661.37060546875
2023-04-18 04:00:00,185.8714141845703,111.62223815917969,50.84501266479492,254.63897705078125,659.1472778320312
2023-04-19 04:00:00,185.81785583496094,112.93055725097656,51.28598403930664,253.3683624267578,660.4551391601562
2023-04-20 04:00:00,183.55897521972656,111.2071762084961,51.52727127075195,252.06265258789062,658.6427001953125
2023-04-21 04:00:00,182.26437377929688,111.50492858886719,51.86008071899414,252.80752563476562,666.0979614257812
2023-04-24 04:00:00,182.08580017089844,111.1530532836914,51.66038513183594,252.4657440185547,666.1257934570312
2023-04-25 04:00:00,180.12155151367188,108.85221099853516,51.6187858581543,254.13072204589844,663.3604736328125
2023-04-26 04:00:00,178.8715362548828,107.43559265136719,51.01141357421875,252.93020629882812,660.2589721679688
2023-04-27 04:00:00,183.60360717773438,110.24173736572266,51.82678985595703,256.2601623535156,672.48779296875
2023-04-28 04:00:00,182.48756408691406,113.01175689697266,52.49933624267578,258.36328125,676.448974609375
2023-05-01 04:00:00,178.12156677246094,110.44023895263672,51.99807357788086,256.400390625,674.51513671875
2023-05-02 04:00:00,175.1127166748047,110.51241302490234,51.28793716430664,251.33526611328125,656.9144897460938
2023-05-03 04:00:00,171.39854431152344,112.02827453613281,50.93705749511719,247.39186096191406,651.7389526367188
2023-05-04 04:00:00,173.56808471679688,112.67790985107422,51.73072052001953,254.39361572265625,681.3629150390625
2023-05-05 04:00:00,175.66629028320312,114.81633758544922,52.59122848510742,259.3097839355469,691.3215942382812
2023-05-08 04:00:00,172.505615234375,114.92462158203125,52.432498931884766,260.5628967285156,691.433837890625
2023-05-09 04:00:00,172.7824249267578,113.61628723144531,51.981361389160156,262.27166748046875,680.3540649414062
2023-05-10 04:00:00,175.3180694580078,115.56523132324219,52.10667037963867,262.90264892578125,700.934814453125
2023-05-11 04:00:00,174.71986389160156,113.45386505126953,51.63046646118164,258.5123291015625,694.5353393554688
2023-05-12 04:00:00,178.8269500732422,112.93956756591797,51.82262420654297,259.3798828125,690.6021728515625
2023-05-15 04:00:00,174.51454162597656,113.038818359375,51.74742889404297,257.6272277832031,691.5645141601562
2023-05-16 04:00:00,170.56813049316406,109.4026107788086,50.36893844604492,253.1230010986328,669.1713256835938
2023-05-17 04:00:00,173.88951110839844,110.7109146118164,50.669708251953125,251.51931762695312,680.2418212890625
2023-05-18 04:00:00,170.55923461914062,110.1334457397461,50.185142517089844,249.57391357421875,673.7396240234375
2023-05-19 04:00:00,170.29136657714844,111.0357437133789,50.10161209106445,249.66152954101562,675.9818115234375
2023-05-22 04:00:00,172.7377471923828,112.0914306640625,50.41072463989258,249.31982421875,678.9153442382812
2023-05-23 04:00:00,167.98785400390625,111.4688491821289,50.210227966308594,251.93995666503906,654.041748046875
2023-05-24 04:00:00,163.7379608154297,109.195068359375,49.36641311645508,248.33834838867188,633.7392578125
2023-05-25 04:00:00,162.9968719482422,110.06126403808594,48.82338333129883,248.09292602539062,663.850341796875
2023-05-26 04:00:00,162.6575927734375,112.74105072021484,49.00717544555664,251.2301483154297,684.3967895507812
2023-05-30 04:00:00,162.49688720703125,112.16358947753906,49.224388122558594,253.166748046875,689.4278564453125
2023-05-31 04:00:00,164.67543029785156,112.38015747070312,49.874671936035156,248.25942993164062,699.7902221679688
2023-06-01 04:00:00,166.97003173828125,110.65678405761719,49.70686340332031,248.37335205078125,707.0269775390625
2023-06-02 04:00:00,170.66636657714844,112.7139892578125,50.09283447265625,252.71987915039062,711.1099853515625
2023-06-05 04:00:00,168.42530822753906,112.45232391357422,50.33617401123047,248.12796020507812,706.8580932617188
2023-06-06 04:00:00,168.84500122070312,113.53507995605469,50.352935791015625,245.37632751464844,696.6740112304688
2023-06-07 04:00:00,170.46990966796875,115.54718780517578,51.18364334106445,255.76942443847656,693.5953369140625
2023-06-08 04:00:00,169.657470703125,112.7049789428711,51.06616973876953,254.32354736328125,704.2486572265625
2023-06-09 04:00:00,167.22894287109375,109.45671081542969,51.108123779296875,251.37039184570312,698.04443359375
2023-06-12 04:00:00,168.35391235351562,107.93186950683594,51.15846633911133,252.10646057128906,707.6090087890625
2023-06-13 04:00:00,170.55030822753906,109.4928207397461,51.343048095703125,252.39869689941406,710.1524658203125
2023-06-14 04:00:00,172.3360137939453,110.32292938232422,51.33466720581055,251.60169982910156,728.164794921875
2023-06-15 04:00:00,174.87445068359375,110.61373138427734,51.376625061035156,254.7188262939453,731.7596435546875
2023-06-16 04:00:00,173.63223266601562,111.44070434570312,51.510868072509766,254.24057006835938,730.8211669921875
2023-06-20 04:00:00,171.0757598876953,109.81402587890625,50.62145233154297,252.39869689941406,732.3511352539062
2023-06-21 04:00:00,170.4366455078125,109.67771911621094,50.017311096191406,254.82508850097656,720.8623046875
2023-06-22 04:00:00,167.8171844482422,107.83294677734375,49.89984893798828,250.87551879882812,701.1419067382812
2023-06-23 04:00:00,167.45709228515625,106.2335205078125,49.304100036621094,251.1234893798828,700.3157958984375
2023-06-26 04:00:00,169.34747314453125,108.15100860595703,50.30259704589844,255.78150939941406,713.2969970703125
2023-06-27 04:00:00,168.97837829589844,109.84130096435547,50.503990173339844,256.365966796875,718.2528686523438
2023-06-28 04:00:00,172.48001098632812,109.59591674804688,50.47041320800781,256.0294189453125,721.9887084960938
2023-06-29 04:00:00,173.48817443847656,110.41381072998047,50.52915573120117,255.56008911132812,729.3380737304688
2023-06-30 04:00:00,174.577392578125,111.44070434570312,50.38252639770508,258.4735412597656,735.8239135742188
2023-07-03 04:00:00,175.5675506591797,112.54938507080078,50.728023529052734,259.45648193359375,735.2794799804688
2023-07-05 04:00:00,178.5561065673828,112.6766128540039,51.090362548828125,258.5001220703125,741.6246337890625
2023-07-06 04:00:00,176.4407196044922,111.76783752441406,50.4752197265625,257.6499938964844,733.3836059570312
2023-07-07 04:00:00,176.02667236328125,110.85909271240234,50.197147369384766,254.23178100585938,724.9078369140625
2023-07-10 04:00:00,174.22633361816406,110.69551849365234,49.986480712890625,257.61456298828125,735.3641357421875
2023-07-11 04:00:00,175.17149353027344,111.97686004638672,50.980812072753906,260.2269287109375,738.818115234375
2023-07-12 04:00:00,175.9186248779297,113.81253814697266,50.82071304321289,262.3699645996094,742.338134765625
2023-07-13 04:00:00,177.18785095214844,115.36652374267578,51.360008239746094,264.6192626953125,752.2499389648438
2023-07-14 04:00:00,174.60440063476562,116.09353637695312,51.250465393066406,267.1164245605469,756.276611328125
2023-07-17 04:00:00,167.66415405273438,116.30255126953125,51.646514892578125,266.1689758300781,758.003662109375
2023-07-18 04:00:00,167.2410430908203,112.68569946289062,51.39372634887695,260.6785583496094,747.1344604492188
2023-07-19 04:00:00,170.22962951660156,111.57701110839844,52.01728439331055,259.429931640625,762.8468627929688
2023-07-20 04:00:00,166.21485900878906,112.46759796142578,52.76724624633789,255.94972229003906,760.7633056640625
2023-07-21 04:00:00,166.430908203125,113.99433135986328,52.87680435180664,258.3407287597656,757.5813598632812
2023-07-24 04:00:00,171.7779083251953,115.42105102539062,53.39923858642578,261.8120422363281,768.825927734375
2023-07-25 04:00:00,168.1412353515625,115.50284576416016,53.16330337524414,260.1029052734375,766.3572998046875
2023-07-26 04:00:00,171.01275634765625,117.48392486572266,53.719459533691406,261.7412414550781,763.1286010742188
2023-07-27 04:00:00,173.9382781982422,113.5399398803711,52.4049072265625,255.32989501953125,747.2095336914062
2023-07-28 04:00:00,170.1035919189453,112.36763763427734,51.79819107055664,249.30809020996094,748.4202880859375
2023-07-31 04:00:00,171.30979919433594,113.36725616455078,51.59172821044922,249.50296020507812,760.20947265625
2023-08-01 04:00:00,172.14694213867188,112.84928131103516,51.43095016479492,247.37765502929688,755.7415771484375
2023-08-02 04:00:00,171.58883666992188,112.39490509033203,51.084007263183594,246.86402893066406,756.1826782226562
2023-08-03 04:00:00,167.20506286621094,112.51303100585938,49.78935241699219,254.13433837890625,712.808837890625
2023-08-04 04:00:00,166.32293701171875,111.08628845214844,50.11090850830078,244.13650512695312,711.363525390625
2023-08-07 04:00:00,165.1977081298828,113.07646942138672,50.86400604248047,250.61874389648438,726.7474365234375
2023-08-08 04:00:00,166.1788787841797,112.15859985351562,49.92475509643555,249.57383728027344,726.9539794921875
2023-08-09 04:00:00,168.42027282714844,111.4134292602539,50.356300354003906,253.55868530273438,726.9539794921875
2023-08-10 04:00:00,168.27626037597656,111.01360321044922,49.747047424316406,252.1153564453125,726.5784912109375
2023-08-11 04:00:00,168.4292755126953,112.24040985107422,49.603187561035156,254.08128356933594,726.653564453125
2023-08-14 04:00:00,168.46527099609375,112.21315002441406,49.027793884277344,251.0260467529297,722.908447265625
2023-08-15 04:00:00,167.1150360107422,111.4952392578125,48.596248626708984,247.67872619628906,713.5316162109375
2023-08-16 04:00:00,160.21981811523438,110.73187255859375,48.12237548828125,246.86402893066406,707.4869995117188
2023-08-17 04:00:00,158.70753479003906,109.23241424560547,48.13084030151367,241.2053680419922,707.5714111328125
2023-08-18 04:00:00,158.8335418701172,110.38653564453125,48.14775848388672,242.14405822753906,703.7512817382812
2023-08-21 04:00:00,157.54632568359375,109.17790985107422,47.5808219909668,241.97581481933594,699.9685668945312
2023-08-22 04:00:00,158.18545532226562,109.97760009765625,47.65697479248047,242.37429809570312,709.8976440429688
2023-08-23 04:00:00,160.0847625732422,111.84054565429688,48.325469970703125,243.79998779296875,716.809326171875
2023-08-24 04:00:00,159.4636993408203,110.63189697265625,47.690818786621094,242.436279296875,721.4957885742188
2023-08-25 04:00:00,159.80572509765625,111.46797180175781,47.386207580566406,244.67669677734375,726.927001953125
2023-08-28 04:00:00,160.3818359375,112.68569946289062,47.78390884399414,245.5445556640625,734.0650634765625
2023-08-29 04:00:00,163.37937927246094,113.68531799316406,47.78390884399414,247.00570678710938,745.474609375
2023-08-30 04:00:00,164.08151245117188,114.23058319091797,47.86005401611328,248.8388214111328,747.3134155273438
2023-08-31 04:00:00,163.21734619140625,112.86743927001953,47.635658264160156,244.74749755859375,736.7901611328125
2023-09-01 04:00:00,162.740234375,113.22186279296875,47.77165603637695,244.23391723632812,733.1504516601562
2023-09-05 04:00:00,162.4072265625,110.91362762451172,46.96411895751953,240.15158081054688,724.7017211914062
2023-09-06 04:00:00,160.23780822753906,110.30475616455078,46.74311828613281,237.97312927246094,724.0888061523438
2023-09-07 04:00:00,164.3245391845703,112.05864715576172,46.81961441040039,241.87835693359375,731.2927856445312
2023-09-08 04:00:00,162.83026123046875,111.30439758300781,47.023643493652344,242.3388671875,727.41748046875
2023-09-11 04:00:00,162.28118896484375,111.01360321044922,46.8961296081543,244.93353271484375,730.4159545898438
2023-09-12 04:00:00,161.30001831054688,110.85000610351562,46.87913131713867,243.94869995117188,728.9827270507812
2023-09-13 04:00:00,159.2836456298828,110.17752838134766,46.80263137817383,243.50108337402344,725.0506591796875
2023-09-14 04:00:00,163.0012969970703,112.985595703125,46.8536262512207,247.171630859375,737.5350952148438
2023-09-15 04:00:00,162.15518188476562,112.72933959960938,45.98658752441406,245.3990936279297,731.924560546875
2023-09-18 04:00:00,161.60604858398438,112.3175277709961,45.67208480834961,241.6121063232422,725.5599365234375
2023-09-19 04:00:00,159.6527099609375,111.25594329833984,45.90159225463867,242.05078125,713.084716796875
2023-09-20 04:00:00,159.69772338867188,110.65193939208984,45.73159408569336,242.40890502929688,714.4708862304688
2023-09-21 04:00:00,152.41539001464844,104.8315200805664,44.252540588378906,235.58700561523438,691.6519165039062
2023-09-22 04:00:00,149.6159210205078,104.39224243164062,43.82752990722656,236.330078125,690.1432495117188
2023-09-25 04:00:00,149.17481994628906,103.6418228149414,43.51300811767578,236.1062774658203,691.5009765625
2023-09-26 04:00:00,146.64535522460938,102.04027557373047,42.722476959228516,236.27638244628906,670.4547729492188
2023-09-27 04:00:00,143.74685668945312,101.81149291992188,42.212467193603516,237.22532653808594,666.7489013671875
2023-09-28 04:00:00,146.11428833007812,102.61682891845703,42.17845916748047,236.59866333007812,679.8274536132812
2023-09-29 04:00:00,148.03163146972656,102.69004821777344,42.670616149902344,235.91827392578125,684.8155517578125
2023-10-02 04:00:00,145.56515502929688,100.20995330810547,41.85890197753906,233.42945861816406,672.010498046875
2023-10-03 04:00:00,142.3155975341797,98.379638671875,41.77345657348633,228.9263458251953,661.1669311523438
2023-10-04 04:00:00,141.93751525878906,99.22158813476562,42.35447311401367,231.91644287109375,675.0751953125
2023-10-05 04:00:00,142.86468505859375,99.77983856201172,42.77315902709961,231.76431274414062,679.846435546875
2023-10-06 04:00:00,143.63880920410156,99.6700210571289,42.815879821777344,236.32113647460938,682.3639526367188
2023-10-09 04:00:00,145.84420776367188,100.17334747314453,43.19183349609375,242.10452270507812,689.6527709960938
2023-10-10 04:00:00,144.17117309570312,100.96955108642578,42.89277648925781,243.05345153808594,696.630615234375
2023-10-11 04:00:00,150.5905303955078,102.86392211914062,43.533607482910156,246.89413452148438,711.4063720703125
2023-10-12 04:00:00,149.33575439453125,100.34724426269531,42.96112823486328,244.3695068359375,700.91162109375
2023-10-13 04:00:00,151.8089141845703,100.34724426269531,43.22600555419922,243.6174774169922,700.2608642578125
2023-10-16 04:00:00,153.82745361328125,101.50949096679688,43.35417175292969,246.84939575195312,708.5303955078125
2023-10-17 04:00:00,151.7634735107422,98.95618438720703,43.550689697265625,244.42318725585938,700.5249633789062
2023-10-18 04:00:00,148.00823974609375,95.52434539794922,42.64498519897461,238.70254516601562,691.1050415039062
2023-10-19 04:00:00,144.9622344970703,93.87705993652344,42.22630310058594,231.42405700683594,663.6466674804688
2023-10-20 04:00:00,145.5623321533203,93.73979187011719,42.16650390625,224.87974548339844,665.3534545898438
2023-10-23 04:00:00,144.83493041992188,92.2572250366211,41.87599182128906,221.961181640625,659.5355224609375
2023-10-24 04:00:00,148.4174041748047,93.07171630859375,42.38010025024414,217.2342529296875,663.9673461914062
2023-10-25 04:00:00,147.2353515625,90.36284637451172,42.1067008972168,213.06236267089844,643.3076171875
2023-10-26 04:00:00,159.17384338378906,91.17733001708984,42.542457580566406,213.76959228515625,678.4507446289062
2023-10-27 04:00:00,156.38246154785156,89.06331634521484,41.86745071411133,213.58160400390625,669.8512573242188
2023-10-30 04:00:00,156.97348022460938,90.490966796875,39.49211883544922,213.805419921875,674.50927734375
2023-10-31 04:00:00,162.01986694335938,92.20231628417969,40.708736419677734,213.70693969726562,688.0028076171875
2023-11-01 04:00:00,162.19259643554688,92.98020935058594,41.23284149169922,217.18052673339844,696.951171875
2023-11-02 04:00:00,167.43894958496094,95.83550262451172,42.9856071472168,222.2566375732422,719.6380615234375
2023-11-03 04:00:00,173.27638244628906,97.51024627685547,43.69014358520508,226.73291015625,726.7761840820312
2023-11-06 05:00:00,169.757568359375,96.02767944335938,43.35505676269531,222.1313018798828,718.2520141601562
2023-11-07 05:00:00,168.62100219726562,95.3870849609375,43.56127166748047,222.00595092773438,714.7443237304688
2023-11-08 05:00:00,167.68450927734375,96.2107162475586,43.99085235595703,224.43212890625,716.5736694335938
2023-11-09 05:00:00,165.33860778808594,94.51766967773438,43.10588455200195,220.77947998046875,713.8109130859375
2023-11-10 05:00:00,167.11166381835938,95.67992401123047,43.01139450073242,219.14114379882812,723.4854125976562
2023-11-13 05:00:00,166.9570770263672,93.7855453491211,42.87391662597656,220.52879333496094,719.0252075195312
2023-11-14 05:00:00,176.5769500732422,100.05438232421875,44.79850387573242,232.76699829101562,745.3386840820312
2023-11-15 05:00:00,178.10452270507812,101.13427734375,45.08204650878906,233.29519653320312,740.569091796875
2023-11-16 05:00:00,181.04141235351562,100.91462707519531,45.614742279052734,232.3282928466797,739.9716186523438
2023-11-17 05:00:00,179.79576110839844,100.73159790039062,45.46009063720703,230.70791625976562,734.538330078125
2023-11-20 05:00:00,181.5233154296875,101.58270263671875,45.72643280029297,231.04808044433594,743.7361450195312
2023-11-21 05:00:00,179.6138916015625,101.22579193115234,46.009971618652344,230.26918029785156,747.5101928710938
2023-11-22 05:00:00,180.75047302246094,102.07688903808594,45.80376434326172,228.04000854492188,753.2280883789062
2023-11-24 05:00:00,181.2323760986328,102.49786376953125,46.31929397583008,228.31752014160156,753.8443603515625
2023-11-27 05:00:00,182.95083618164062,102.37889099121094,46.50830841064453,229.74098205566406,755.1907958984375
2023-11-28 05:00:00,184.77842712402344,102.5985336303711,46.233375549316406,229.7767791748047,755.6649169921875
2023-11-29 05:00:00,187.4698486328125,103.44963073730469,46.11308288574219,230.88693237304688,766.4652709960938
2023-11-30 05:00:00,189.83387756347656,105.17927551269531,46.58445358276367,231.6568603515625,772.8184814453125
2023-12-01 05:00:00,191.37051391601562,108.22675323486328,47.136966705322266,238.13851928710938,781.7413330078125
2023-12-04 05:00:00,189.78842163085938,110.12114715576172,47.939849853515625,241.0928497314453,779.7594604492188
2023-12-05 05:00:00,191.3159637451172,108.58366394042969,47.413230895996094,240.67208862304688,778.9535522460938
2023-12-06 05:00:00,191.6342010498047,108.94974517822266,47.23194122314453,241.41517639160156,766.455810546875
2023-12-07 05:00:00,191.59783935546875,108.85821533203125,47.214664459228516,244.48590087890625,768.1720581054688
2023-12-08 05:00:00,187.71533203125,109.68186950683594,46.49812316894531,245.13047790527344,760.2637939453125
2023-12-11 05:00:00,186.9424591064453,111.64946746826172,46.95566940307617,247.8341522216797,755.9114379882812
2023-12-12 05:00:00,186.4423828125,111.71351623535156,47.03335952758789,247.08294677734375,761.2974243164062
2023-12-13 05:00:00,191.8887939453125,118.27520751953125,48.8808708190918,255.72630310058594,767.6980590820312
2023-12-14 05:00:00,192.91627502441406,125.48665618896484,49.916839599609375,263.4646301269531,763.6016235351562
2023-12-15 05:00:00,192.8980712890625,123.65385437011719,49.45928192138672,262.52337646484375,762.122314453125
2023-12-18 05:00:00,191.57057189941406,122.19869232177734,48.78590393066406,261.56396484375,764.0283813476562
2023-12-19 05:00:00,191.85243225097656,123.18415069580078,49.3125114440918,266.8677062988281,767.584228515625
2023-12-20 05:00:00,191.95245361328125,120.16328430175781,48.94992446899414,265.1752014160156,753.3038330078125
2023-12-21 05:00:00,194.8347930908203,120.61457061767578,49.17438888549805,268.9312438964844,760.1026000976562
2023-12-22 05:00:00,195.6621856689453,121.94080352783203,49.11395263671875,269.6462097167969,758.2820434570312
2023-12-26 05:00:00,196.61692810058594,122.91708374023438,49.8132438659668,273.22125244140625,762.51123046875
2023-12-27 05:00:00,198.61480712890625,123.5802001953125,50.07223129272461,276.2984619140625,765.0996704101562
2023-12-28 05:00:00,199.01803588867188,124.5103988647461,50.57296371459961,278.5792236328125,771.9461059570312
2023-12-29 05:00:00,197.844970703125,122.76971435546875,49.789947509765625,276.0450744628906,763.6964111328125
2024-01-02 05:00:00,200.53018188476562,123.98542022705078,50.78712463378906,282.2266540527344,768.52294921875
2024-01-03 05:00:00,196.75437927246094,120.2093276977539,50.058753967285156,274.2439270019531,755.2666625976562
2024-01-04 05:00:00,197.46006774902344,119.99747467041016,50.024070739746094,271.6825866699219,753.73046875
2024-01-05 05:00:00,196.3786163330078,120.24615478515625,50.22350311279297,270.2616882324219,747.5765380859375
2024-01-08 05:00:00,198.02825927734375,122.64997100830078,51.57621383666992,271.6283264160156,761.6766967773438
2024-01-09 05:00:00,194.1608123779297,122.55789184570312,51.41146469116211,268.7140197753906,757.34326171875
2024-01-10 05:00:00,191.51223754882812,122.99996948242188,51.25537109375,267.1934814453125,762.748291015625
2024-01-11 05:00:00,190.30252075195312,120.94612884521484,51.39412307739258,262.7859191894531,759.5716552734375
2024-01-12 05:00:00,191.93382263183594,121.157958984375,51.07328796386719,267.0215759277344,772.8280029296875
2024-01-16 05:00:00,190.66909790039062,119.70277404785156,50.587703704833984,266.858642578125,776.7156982421875
2024-01-17 05:00:00,187.82809448242188,116.83845520019531,49.60784912109375,266.54180908203125,757.5045166015625
2024-01-18 05:00:00,186.8749542236328,116.28584289550781,48.662696838378906,263.3470153808594,752.6495361328125
2024-01-19 05:00:00,186.83828735351562,118.29363250732422,49.00954818725586,264.206787109375,761.13623046875
2024-01-22 05:00:00,186.9757843017578,118.5699462890625,48.1944580078125,265.7725524902344,760.738037109375
2024-01-23 05:00:00,185.36280822753906,117.89759826660156,48.549964904785156,264.14349365234375,757.6372680664062
2024-01-24 05:00:00,180.32228088378906,115.53063201904297,47.682861328125,261.3014831542969,754.052978515625
2024-01-25 05:00:00,183.4840850830078,116.23058319091797,48.05571365356445,263.9896240234375,773.1028442382812
2024-01-26 05:00:00,180.80801391601562,116.84765625,47.66550827026367,262.3604431152344,768.9970092773438
2024-01-29 05:00:00,182.47598266601562,117.78707122802734,47.622154235839844,262.2971496582031,788.7013549804688
2024-01-30 05:00:00,179.2225341796875,116.53451538085938,47.84761047363281,257.7265625,798.0130004882812
2024-01-31 05:00:00,179.30499267578125,116.681884765625,47.38326644897461,256.3055419921875,786.8143920898438
2024-02-01 05:00:00,181.8161163330078,120.13562774658203,48.13247299194336,259.2651062011719,802.5172119140625
2024-02-02 05:00:00,177.3437957763672,119.03963470458984,47.20903015136719,253.9252166748047,799.8051147460938
2024-02-05 05:00:00,173.64129638671875,116.88450622558594,45.86742401123047,248.13279724121094,793.110595703125
2024-02-06 05:00:00,175.6575469970703,120.1908950805664,46.82571029663086,252.1965789794922,794.6278076171875
2024-02-07 05:00:00,177.44461059570312,118.89227294921875,46.4859504699707,254.51356506347656,802.8963012695312
2024-02-08 05:00:00,177.46295166015625,121.25926208496094,46.31172561645508,257.8532409667969,811.0511474609375
2024-02-09 05:00:00,178.19607543945312,122.01448822021484,45.96324920654297,257.10205078125,811.4588623046875
2024-02-12 05:00:00,175.74917602539062,121.61846160888672,45.884849548339844,254.6311798095703,805.9781494140625
2024-02-13 05:00:00,172.6790313720703,120.54087829589844,44.882999420166016,250.37738037109375,789.5736694335938
2024-02-14 05:00:00,172.7432098388672,120.1908950805664,44.769737243652344,253.85284423828125,789.697021484375
2024-02-15 05:00:00,173.63217163085938,122.58550262451172,45.31857681274414,259.0841064453125,829.6743774414062
2024-02-16 05:00:00,171.49679565429688,122.85258483886719,45.588645935058594,254.79409790039062,811.9044799804688
2024-02-20 05:00:00,172.6606903076172,122.81576538085938,45.71060562133789,257.14727783203125,810.49169921875
2024-02-21 05:00:00,172.49575805664062,122.88021087646484,45.902278900146484,261.2200622558594,819.9645385742188
2024-02-22 05:00:00,172.3032684326172,122.89865112304688,46.015533447265625,258.29669189453125,835.2216186523438
2024-02-23 05:00:00,174.0628662109375,122.68682861328125,46.12005615234375,257.74462890625,836.615478515625
2024-02-26 05:00:00,172.03749084472656,122.08815002441406,45.72803497314453,252.16941833496094,832.1871948242188
2024-02-27 05:00:00,171.08438110351562,122.02371215820312,45.571224212646484,253.03826904296875,831.8919067382812
2024-02-28 05:00:00,177.57290649414062,123.40518951416016,45.31857681274414,253.68089294433594,849.8245849609375
2024-02-29 05:00:00,182.24684143066406,122.7420654296875,45.622379302978516,256.9210510253906,846.9183959960938
2024-03-01 05:00:00,184.9045867919922,123.96700286865234,45.7361946105957,256.3507995605469,858.0763549804688
2024-03-04 05:00:00,188.92784118652344,123.05522918701172,46.147682189941406,258.01611328125,870.58740234375
2024-03-05 05:00:00,188.25881958007812,121.97763061523438,45.744956970214844,252.97491455078125,853.3311157226562
2024-03-06 05:00:00,188.7995147705078,122.56708526611328,45.66615295410156,256.79425048828125,863.8983154296875
2024-03-07 05:00:00,187.62643432617188,122.25395965576172,45.7361946105957,258.92120361328125,863.3456420898438
2024-03-08 05:00:00,189.99090576171875,124.39990997314453,46.32278060913086,265.30194091796875,867.1951293945312
2024-03-11 04:00:00,189.47772216796875,123.52491760253906,46.480369567871094,263.9896240234375,851.4348754882812
2024-03-12 04:00:00,187.1223907470703,123.93939971923828,46.29652404785156,265.70880126953125,850.7202758789062
2024-03-13 04:00:00,185.44529724121094,122.79733276367188,45.77121353149414,264.14508056640625,826.3461303710938
2024-03-14 04:00:00,182.54928588867188,120.42115783691406,45.22840118408203,256.6372375488281,823.9544677734375
2024-03-15 04:00:00,180.85385131835938,119.70673370361328,45.69241714477539,253.34512329101562,810.3001708984375
2024-03-18 04:00:00,179.54331970214844,118.8902587890625,45.70992660522461,253.8389434814453,820.0763549804688
2024-03-19 04:00:00,180.20315551757812,118.62120056152344,45.613624572753906,253.59202575683594,804.7640380859375
2024-03-20 04:00:00,178.37020874023438,119.40982818603516,45.91129684448242,257.9083251953125,785.9927978515625
2024-03-21 04:00:00,177.7378692626953,120.5139389038086,45.95507049560547,257.75286865234375,773.3768920898438
2024-03-22 04:00:00,176.6839599609375,119.33560943603516,45.59612274169922,255.4758758544922,763.2098999023438
2024-03-25 04:00:00,179.2225341796875,117.95317077636719,45.674903869628906,252.19288635253906,755.1583251953125
2024-03-26 04:00:00,177.884521484375,116.1068115234375,46.051368713378906,251.74478149414062,762.352294921875
2024-03-27 04:00:00,180.89048767089844,119.55828857421875,47.07572555541992,263.459228515625,776.8738403320312
2024-03-28 04:00:00,181.08294677734375,120.82012176513672,47.59209442138672,265.2515563964844,786.4215087890625
2024-04-01 04:00:00,176.8855743408203,118.6861343383789,47.02908706665039,261.9960632324219,762.3333129882812
2024-04-02 04:00:00,176.12490844726562,116.51506042480469,46.51005172729492,259.14288330078125,755.3012084960938
2024-04-03 04:00:00,176.24404907226562,116.98822784423828,46.42209243774414,256.3446044921875,751.7184448242188
2024-04-04 04:00:00,174.4019775390625,115.68930053710938,46.29014205932617,256.6372375488281,744.2195434570312
2024-04-05 04:00:00,174.2828369140625,115.73568725585938,46.63321304321289,258.4021301269531,747.4304809570312
2024-04-08 04:00:00,172.486572265625,117.06245422363281,47.18743133544922,263.020263671875,751.0323486328125
2024-04-09 04:00:00,176.70228576660156,117.14596557617188,47.83841323852539,268.2510070800781,763.4671020507812
2024-04-10 04:00:00,166.75872802734375,111.9130859375,45.867862701416016,252.25689697265625,739.388427734375
2024-04-11 04:00:00,165.18673706054688,111.5698013305664,45.95585250854492,251.6442108154297,737.3399047851562
2024-04-12 04:00:00,165.70452880859375,110.4100341796875,45.76231384277344,248.8642578125,728.0303955078125
2024-04-15 04:00:00,164.7058868408203,107.43173217773438,45.43682861328125,243.0299072265625,709.0303955078125
2024-04-16 04:00:00,159.240966796875,106.45753479003906,44.68907165527344,239.7926483154297,707.1533813476562
2024-04-17 04:00:00,159.06529235839844,98.80307006835938,45.111328125,239.41770935058594,699.9306640625
2024-04-18 04:00:00,158.12208557128906,97.13298797607422,45.7711067199707,238.01858520507812,704.9713134765625
2024-04-19 04:00:00,158.3994903564453,96.01959991455078,46.65961456298828,238.1100616455078,712.7369995117188
2024-04-22 04:00:00,159.32420349121094,96.56703186035156,46.914730072021484,239.07937622070312,719.1593017578125
2024-04-23 04:00:00,161.06260681152344,97.26287841796875,46.967498779296875,239.7926483154297,725.98193359375
2024-04-24 04:00:00,160.2951202392578,95.73197937011719,47.21382141113281,239.74696350097656,721.1604614257812
2024-04-25 04:00:00,159.8789825439453,95.88970947265625,47.32818603515625,236.55540466308594,703.5420532226562
2024-04-26 04:00:00,158.7601318359375,96.54845428466797,47.24900436401367,235.68670654296875,697.1196899414062
2024-04-29 04:00:00,161.8115997314453,97.42988586425781,47.776832580566406,240.44190979003906,692.0982055664062
2024-04-30 04:00:00,158.63990783691406,94.68354797363281,47.32341003417969,237.25961303710938,677.5861206054688
2024-05-01 04:00:00,163.5222625732422,94.52581024169922,47.65927505493164,237.8997039794922,662.5501098632812
2024-05-02 04:00:00,166.11143493652344,96.98453521728516,48.53433609008789,241.35641479492188,665.76123046875
2024-05-03 04:00:00,168.05328369140625,98.24636840820312,48.84368896484375,243.0299072265625,667.1714477539062
2024-05-06 04:00:00,165.2329864501953,97.11443328857422,49.011634826660156,246.1665496826172,661.0255126953125
2024-05-07 04:00:00,167.62791442871094,99.98138427734375,48.63156509399414,249.8335418701172,678.3104248046875
2024-05-08 04:00:00,167.6741485595703,98.23709106445312,48.42826461791992,246.01107788085938,660.0535888671875
2024-05-09 04:00:00,172.3345947265625,100.34323120117188,48.28684616088867,251.8362579345703,736.015380859375
2024-05-10 04:00:00,170.59617614746094,99.73086547851562,48.622711181640625,252.33921813964844,721.960693359375
2024-05-13 04:00:00,171.0677947998047,99.90715789794922,48.578529357910156,253.22628784179688,740.26513671875
2024-05-14 04:00:00,172.8801727294922,100.4638442993164,48.49897766113281,255.8965301513672,752.58544921875
2024-05-15 04:00:00,177.55911254882812,102.05040740966797,48.71110916137695,262.1331787109375,771.50927734375
2024-05-16 04:00:00,180.25918579101562,102.79266357421875,48.78181838989258,262.4715270996094,761.8092041015625
2024-05-17 04:00:00,179.861572265625,103.45140075683594,48.72878646850586,263.98046875,762.1237182617188
2024-05-20 04:00:00,177.31866455078125,103.96171569824219,48.59620666503906,261.44732666015625,757.7880859375
2024-05-21 04:00:00,179.5101776123047,102.61637115478516,48.684600830078125,258.8227844238281,758.9568481445312
2024-05-22 04:00:00,176.93028259277344,101.33599090576172,47.482505798339844,258.8045349121094,748.6298828125
2024-05-23 04:00:00,172.5472412109375,98.01441192626953,46.23622512817383,250.8943634033203,735.2850952148438
2024-05-24 04:00:00,171.92771911621094,97.18865203857422,46.121315002441406,249.09286499023438,733.9342041015625
2024-05-28 04:00:00,171.09548950195312,97.42060852050781,45.58213806152344,247.3553009033203,736.4153442382812
2024-05-29 04:00:00,171.36366271972656,97.42060852050781,45.22858428955078,241.2375030517578,728.0905151367188
2024-05-30 04:00:00,176.41246032714844,99.80509185791016,45.74125289916992,245.29774475097656,728.6748657226562
2024-05-31 04:00:00,180.9989471435547,102.5143051147461,46.89914321899414,250.40968322753906,730.9262084960938
2024-06-03 04:00:00,182.1363067626953,99.64737701416016,47.35483169555664,250.9218292236328,719.89013671875
2024-06-04 04:00:00,185.31724548339844,100.91847229003906,48.349708557128906,255.1100311279297,732.5548095703125
2024-06-05 04:00:00,183.26443481445312,100.89064025878906,47.99439239501953,253.4365692138672,726.7396850585938
2024-06-06 04:00:00,184.46652221679688,102.06897735595703,48.19870376586914,252.5221405029297,730.7825317382812
2024-06-07 04:00:00,179.63038635253906,102.24524688720703,47.363712310791016,250.40060424804688,721.739013671875
2024-06-10 04:00:00,180.05575561523438,103.14523315429688,46.82185745239258,250.58340454101562,730.4949951171875
2024-06-11 04:00:00,178.71495056152344,103.52562713623047,46.404361724853516,251.15042114257812,728.3396606445312
2024-06-12 04:00:00,179.22354125976562,104.6668472290039,46.80409240722656,254.941162109375,729.4603271484375
2024-06-13 04:00:00,181.9606170654297,104.26787567138672,47.274898529052734,261.28369140625,734.3939819335938
2024-06-14 04:00:00,183.7041473388672,104.18438720703125,47.40812301635742,261.8846435546875,734.068359375
2024-06-17 04:00:00,179.27540588378906,104.13758087158203,47.14164352416992,262.3931884765625,730.351318359375
2024-06-18 04:00:00,179.7415771484375,102.98654174804688,47.16828536987305,269.4661560058594,741.3299560546875
2024-06-20 04:00:00,181.03758239746094,102.15365600585938,47.088348388671875,269.9468994140625,731.5200805664062
2024-06-21 04:00:00,181.67160034179688,102.37825775146484,47.21270751953125,269.0963439941406,732.8612670898438
2024-06-24 04:00:00,183.107421875,104.46512603759766,47.64796829223633,270.2612609863281,720.5990600585938
2024-06-25 04:00:00,179.64834594726562,102.7806625366211,47.00838851928711,267.7279357910156,711.6514892578125
2024-06-26 04:00:00,179.63902282714844,103.32342529296875,46.795204162597656,266.3873291015625,710.7030029296875
2024-06-27 04:00:00,182.10980224609375,104.2031021118164,46.57313919067383,264.93572998046875,720.3692016601562
2024-06-28 04:00:00,181.23338317871094,105.10147094726562,46.91957092285156,265.9527893066406,724.8141479492188
2024-07-01 04:00:00,180.89772033691406,104.76458740234375,46.74369430541992,261.77374267578125,727.7647705078125
2024-07-02 04:00:00,179.26608276367188,105.9437026977539,46.806190490722656,263.8632507324219,724.6034545898438
2024-07-03 04:00:00,181.61561584472656,106.02794647216797,46.824039459228516,265.6661682128906,717.533447265625
2024-07-05 04:00:00,182.4081573486328,107.11348724365234,47.39540481567383,267.8204345703125,722.7927856445312
2024-07-08 04:00:00,182.9022979736328,107.06669616699219,47.457889556884766,268.5323181152344,725.1207275390625
2024-07-09 04:00:00,182.70651245117188,107.10411834716797,47.100791931152344,267.19171142578125,734.6144409179688
2024-07-10 04:00:00,183.4617156982422,109.05998229980469,47.83283996582031,265.7216491699219,743.36083984375
2024-07-11 04:00:00,193.18630981445312,112.68160247802734,49.100528717041016,274.25543212890625,764.2833862304688
2024-07-12 04:00:00,196.36566162109375,112.43827819824219,49.77008056640625,279.8028564453125,771.027587890625
2024-07-15 04:00:00,194.7153778076172,113.36473846435547,49.975406646728516,279.25738525390625,770.8551025390625
2024-07-16 04:00:00,195.93678283691406,113.69227600097656,50.32357406616211,282.5950622558594,778.4806518554688
2024-07-17 04:00:00,198.70590209960938,115.30187225341797,51.44842529296875,286.59844970703125,769.3989868164062
2024-07-18 04:00:00,196.40298461914062,114.749755859375,51.537696838378906,280.7181701660156,761.6680297851562
2024-07-19 04:00:00,195.92747497558594,115.80722045898438,51.403778076171875,278.8967590332031,753.7646484375
2024-07-22 04:00:00,195.20953369140625,118.53044128417969,51.38593673706055,281.45782470703125,765.2987060546875
2024-07-23 04:00:00,195.34939575195312,117.61333465576172,51.32343673706055,279.192626953125,769.236083984375
2024-07-24 04:00:00,195.22821044921875,115.18022155761719,51.11811447143555,273.2568664550781,760.78662109375
2024-07-25 04:00:00,195.72232055664062,112.70030212402344,51.2073860168457,272.6744384765625,736.990234375
2024-07-26 04:00:00,199.26535034179688,114.80589294433594,51.841224670410156,278.0553894042969,739.9791870117188
2024-07-29 04:00:00,200.39349365234375,115.99437713623047,51.96621322631836,279.9599609375,743.926025390625
2024-07-30 04:00:00,207.9643096923828,117.99702453613281,52.10905075073242,281.4115905761719,736.4729614257812
2024-07-31 04:00:00,205.49354553222656,117.95960235595703,51.269874572753906,273.5989685058594,757.0409545898438
2024-08-01 04:00:00,212.51426696777344,119.52239990234375,52.025909423828125,277.4451904296875,777.1012573242188
2024-08-02 04:00:00,218.7704315185547,116.02245330810547,53.200775146484375,288.37359619140625,772.7615356445312
2024-08-05 04:00:00,210.89195251464844,111.30593872070312,53.07521438598633,280.75518798828125,735.965087890625
2024-08-06 04:00:00,212.7287139892578,113.280517578125,54.20524978637695,289.0578308105469,751.6474609375
2024-08-07 04:00:00,210.6868133544922,112.43827819824219,54.061744689941406,286.7555847167969,747.5089111328125
2024-08-08 04:00:00,208.48643493652344,114.1601791381836,54.0079345703125,289.5478515625,775.4725952148438
2024-08-09 04:00:00,207.53541564941406,114.0759506225586,54.32183074951172,293.1259460449219,784.4777221679688
2024-08-12 04:00:00,210.28590393066406,112.2885513305664,54.088661193847656,290.62957763671875,784.678955078125
2024-08-13 04:00:00,207.60067749023438,114.80589294433594,54.088661193847656,292.5804138183594,794.7857055664062
2024-08-14 04:00:00,208.0855255126953,115.4983901977539,53.954132080078125,296.67626953125,806.1378784179688
2024-08-15 04:00:00,203.31178283691406,116.7617416381836,53.550540924072266,293.30157470703125,795.2072143554688
2024-08-16 04:00:00,204.98074340820312,114.9649887084961,53.85547637939453,295.3171691894531,793.8467407226562
2024-08-19 04:00:00,204.80360412597656,116.69622802734375,54.58192825317383,298.7103271484375,795.49462890625
2024-08-20 04:00:00,205.4749298095703,116.18153381347656,54.3128662109375,300.9939270019531,794.9771728515625
2024-08-21 04:00:00,204.64508056640625,116.48099517822266,54.64470672607422,303.0650634765625,787.6685180664062
2024-08-22 04:00:00,205.21383666992188,117.89408874511719,54.25905990600586,308.1039733886719,788.593017578125
2024-08-23 04:00:00,211.6471710205078,120.58924102783203,54.78818893432617,315.22320556640625,797.26904296875
2024-08-26 04:00:00,210.07144165039062,120.62664794921875,55.398048400878906,314.0397033691406,788.5448608398438
2024-08-27 04:00:00,210.86398315429688,120.66410827636719,55.73885726928711,316.7486877441406,787.658935546875
2024-08-28 04:00:00,210.01551818847656,118.7550277709961,55.59535217285156,315.06597900390625,783.53759765625
2024-08-29 04:00:00,208.40252685546875,117.28579711914062,55.06621170043945,315.9443359375,788.3908081054688
2024-08-30 04:00:00,208.90602111816406,119.61598205566406,55.702980041503906,317.7934265136719,803.4318237304688
2024-09-03 04:00:00,214.7892303466797,120.13067626953125,56.09295654296875,315.9073181152344,801.3037719726562
2024-09-04 04:00:00,216.79383850097656,120.037109375,56.48023986816406,318.0061340332031,796.912841796875
2024-09-05 04:00:00,217.8380584716797,119.23231506347656,56.13799285888672,315.4358215332031,791.2796020507812
2024-09-06 04:00:00,220.18763732910156,119.06385040283203,56.20103454589844,319.5593566894531,787.6398315429688
2024-09-09 04:00:00,222.39735412597656,121.89002227783203,56.615352630615234,324.98663330078125,800.9667358398438
2024-09-10 04:00:00,226.4065399169922,123.90201568603516,56.5703125,332.05035400390625,832.7241821289062
2024-09-11 04:00:00,222.80758666992188,122.3017807006836,56.390174865722656,332.2907409667969,835.5359497070312
2024-09-12 04:00:00,221.1013641357422,121.92744445800781,56.210044860839844,332.0318908691406,836.6048583984375
2024-09-13 04:00:00,222.36936950683594,121.6373519897461,56.48023986816406,334.8661804199219,839.2335815429688
2024-09-16 04:00:00,224.0662841796875,121.8824691772461,56.453224182128906,338.4371643066406,844.0772094726562
2024-09-17 04:00:00,223.25509643554688,121.49591827392578,56.28209686279297,333.3837890625,832.2908935546875
2024-09-18 04:00:00,219.9918212890625,119.75179290771484,56.011898040771484,336.3207092285156,829.0361938476562
2024-09-19 04:00:00,216.5980224609375,121.14710235595703,54.669925689697266,334.3627624511719,838.7039184570312
2024-09-20 04:00:00,219.1620330810547,118.29048156738281,55.50753402709961,337.2530517578125,844.6839599609375
2024-09-23 04:00:00,220.29022216796875,119.38410186767578,56.12898254394531,340.32049560546875,849.2288208007812
2024-09-24 04:00:00,220.47666931152344,119.43123626708984,56.34514236450195,337.50482177734375,854.6790771484375
2024-09-25 04:00:00,219.69351196289062,118.2150650024414,56.41719436645508,335.2578125,857.0189819335938
2024-09-26 04:00:00,216.09454345703125,118.064208984375,56.27309036254883,332.3861389160156,846.3978271484375
2024-09-27 04:00:00,214.7425994873047,118.40361022949219,56.49825668334961,332.5166931152344,849.9703369140625
2024-09-30 04:00:00,216.83111572265625,119.05413818359375,57.11970138549805,339.25762939453125,854.727294921875
2024-10-01 04:00:00,216.374267578125,117.47969055175781,56.9786262512207,335.7053527832031,850.268798828125
2024-10-02 04:00:00,216.19712829589844,117.07429504394531,56.45404815673828,331.26727294921875,853.7353515625
2024-10-03 04:00:00,213.77296447753906,115.05674743652344,56.43596267700195,329.1228942871094,843.7401123046875
2024-10-04 04:00:00,208.53305053710938,115.41500091552734,56.08323669433594,322.0369873046875,844.3756713867188
2024-10-07 04:00:00,208.2626953125,113.13347625732422,55.775733947753906,323.25836181640625,837.7603149414062
2024-10-08 04:00:00,209.11111450195312,112.51123809814453,55.63102722167969,324.4051513671875,840.1676635742188
2024-10-09 04:00:00,207.34552001953125,112.03985595703125,55.90235900878906,324.423828125,844.2600708007812
2024-10-10 04:00:00,204.64076232910156,111.51190185546875,55.594852447509766,318.93218994140625,838.270751953125
2024-10-11 04:00:00,205.92742919921875,113.35973358154297,55.848087310791016,319.6407470703125,839.2528076171875
2024-10-14 04:00:00,208.20953369140625,113.56715393066406,56.17368698120117,320.4706115722656,833.918212890625
2024-10-15 04:00:00,215.4691619873047,114.44393920898438,57.3042106628418,321.6546630859375,845.4830932617188
2024-10-16 04:00:00,213.6754150390625,119.70465087890625,58.091068267822266,324.12548828125,847.5726318359375
2024-10-17 04:00:00,210.51986694335938,115.6789779663086,57.84686279296875,322.0369873046875,855.9019775390625
2024-10-18 04:00:00,212.5296173095703,115.49042510986328,58.52518844604492,322.2420654296875,862.0166015625
2024-10-21 04:00:00,207.99354553222656,111.03108215332031,57.693115234375,309.40350341796875,847.3222045898438
2024-10-22 04:00:00,207.9841766357422,112.1341323852539,57.60266876220703,312.2658386230469,845.8104858398438
2024-10-23 04:00:00,212.50144958496094,113.91598510742188,58.1001091003418,316.7877502441406,858.1263427734375
2024-10-24 04:00:00,212.18212890625,113.50115966796875,57.258995056152344,315.519775390625,862.5558471679688
2024-10-25 04:00:00,209.2425994873047,110.81424713134766,55.45014190673828,313.58978271484375,880.4374389648438
2024-10-28 04:00:00,208.69790649414062,111.06879425048828,55.43204879760742,313.84149169921875,878.790771484375
2024-10-29 04:00:00,199.9544219970703,108.71184539794922,54.63616180419922,308.8533935546875,872.3295288085938
2024-10-30 04:00:00,200.48973083496094,109.23979949951172,54.69947052001953,313.1142578125,876.4797973632812
2024-10-31 04:00:00,200.5460662841797,106.47746276855469,53.69557189941406,306.8022155761719,874.419189453125
2024-11-01 04:00:00,198.40481567382812,106.91114044189453,53.49026107788086,301.7674865722656,855.3723754882812
2024-11-04 05:00:00,199.20309448242188,107.34481048583984,53.86271667480469,310.0654602050781,862.7098388671875
2024-11-05 05:00:00,200.8372344970703,107.8822021484375,53.43574142456055,317.5616149902344,875.29541015625
2024-11-06 05:00:00,185.4539337158203,107.23168182373047,51.78234100341797,303.30584716796875,857.7989501953125
2024-11-07 05:00:00,185.82960510253906,107.6747817993164,51.219112396240234,310.596923828125,874.0917358398438
2024-11-08 05:00:00,189.52047729492188,109.20208740234375,52.24564743041992,316.4614562988281,886.9180908203125
2024-11-11 05:00:00,184.14852905273438,107.57107543945312,52.37285232543945,314.11187744140625,879.6382446289062
2024-11-12 05:00:00,181.93211364746094,106.29833221435547,51.800514221191406,307.9023742675781,869.5466918945312
2024-11-13 05:00:00,183.2845001220703,109.89974975585938,51.69149398803711,312.2844543457031,871.8590087890625
2024-11-14 05:00:00,182.91822814941406,108.18388366699219,50.937477111816406,309.3475646972656,868.9275512695312
2024-11-15 05:00:00,184.49600219726562,106.92998504638672,51.36445617675781,312.3497314453125,868.2019653320312
2024-11-18 05:00:00,186.74058532714844,108.08960723876953,51.57339859008789,314.4755554199219,879.918212890625
2024-11-19 05:00:00,188.91000366210938,108.54214477539062,51.945865631103516,311.8276062011719,892.9989013671875
2024-11-20 05:00:00,188.6564483642578,107.98590850830078,51.673336029052734,310.3451232910156,889.07080078125
2024-11-21 05:00:00,190.468994140625,107.44852447509766,52.13664245605469,313.1329650878906,893.5794067382812
2024-11-22 05:00:00,191.8777313232422,109.1738052368164,52.191158294677734,314.74591064453125,905.934326171875
2024-11-25 05:00:00,194.9205780029297,111.31391143798828,52.191158294677734,324.3025817871094,942.6797485351562
2024-11-26 05:00:00,195.3431854248047,109.52263641357422,52.46369171142578,326.3631591796875,946.4627075195312
2024-11-27 05:00:00,196.5640869140625,111.05937194824219,52.98151779174805,327.5937805175781,947.2753295898438
2024-11-29 05:00:00,196.28233337402344,110.09773254394531,52.59088134765625,324.5076904296875,949.5779418945312
2024-12-02 05:00:00,194.71395874023438,109.21150970458984,51.736656188964844,320.7969055175781,933.4788818359375
2024-12-03 05:00:00,195.1459503173828,109.7394790649414,51.13432693481445,313.356689453125,932.3275756835938
2024-12-04 05:00:00,194.87362670898438,108.46673583984375,51.262088775634766,311.9767761230469,934.2529296875
2024-12-05 05:00:00,196.4326171875,107.27882385253906,51.161712646484375,310.16802978515625,942.1475830078125
2024-12-06 05:00:00,194.49794006347656,105.59124755859375,51.262088775634766,311.4080810546875,952.9835205078125
2024-12-09 05:00:00,196.31991577148438,108.81554412841797,51.54500961303711,312.87188720703125,937.4843139648438
2024-12-10 05:00:00,187.3885955810547,106.67545318603516,50.90617370605469,305.8045654296875,930.4602661132812
2024-12-11 05:00:00,187.44493103027344,105.55352783203125,50.486366271972656,301.46905517578125,941.9251098632812
2024-12-12 05:00:00,185.81082153320312,105.26128387451172,50.32209396362305,299.09161376953125,943.5988159179688
2024-12-13 05:00:00,185.16281127929688,104.77102661132812,50.50461959838867,298.9315490722656,933.6336059570312
2024-12-16 05:00:00,181.94151306152344,103.53474426269531,49.81101989746094,296.65399169921875,926.841796875
2024-12-17 05:00:00,181.5001220703125,103.53474426269531,49.756263732910156,294.92218017578125,929.6089477539062
2024-12-18 05:00:00,173.6018829345703,98.81781005859375,48.195674896240234,282.2353820800781,896.2689208984375
2024-12-19 05:00:00,168.48348999023438,96.4308090209961,47.23741912841797,272.3061218261719,891.6153564453125
2024-12-20 05:00:00,172.55003356933594,98.2567138671875,48.177425384521484,279.9954528808594,897.08154296875
2024-12-23 05:00:00,173.16046142578125,99.03654479980469,48.369075775146484,281.23773193359375,909.0496215820312
2024-12-24 05:00:00,173.4704132080078,99.56908416748047,48.58811569213867,283.10125732421875,919.130859375
2024-12-26 05:00:00,172.78480529785156,101.65177154541016,48.43295669555664,283.5906982421875,917.5635986328125
2024-12-27 05:00:00,172.32054138183594,100.0826416015625,48.05878448486328,280.56011962890625,912.0197143554688
2024-12-30 05:00:00,172.367919921875,99.94950103759766,48.12266540527344,278.40484619140625,905.5084838867188
2024-12-31 05:00:00,173.7796630859375,100.52008819580078,48.74324417114258,281.8212890625,912.2423706054688
2025-01-02 05:00:00,171.52462768554688,99.1506576538086,48.24248123168945,279.1295166015625,913.5386962890625
2025-01-03 05:00:00,172.9743194580078,100.4535140991211,48.86614990234375,282.7718811035156,928.76708984375
2025-01-06 05:00:00,170.79507446289062,101.43304443359375,48.36171340942383,278.42364501953125,909.4462280273438
2025-01-07 05:00:00,167.86732482910156,101.3569564819336,48.159942626953125,280.6542663574219,909.5139770507812
2025-01-08 05:00:00,169.78126525878906,100.32988739013672,48.159942626953125,278.0754699707031,920.1273803710938
2025-01-10 05:00:00,164.3521270751953,98.51348114013672,47.3895263671875,271.9861755371094,870.58203125
2025-01-13 05:00:00,167.64939880371094,100.20626831054688,48.123260498046875,273.16259765625,870.4078369140625
2025-01-14 05:00:00,169.41172790527344,102.82149505615234,48.746925354003906,272.91790771484375,868.8984375
2025-01-15 05:00:00,170.85191345214844,102.5647201538086,48.7652702331543,273.39788818359375,870.7560424804688
2025-01-16 05:00:00,180.08998107910156,105.49378967285156,50.05845260620117,280.1836853027344,889.9899291992188
2025-01-17 05:00:00,180.3931884765625,104.11485290527344,50.09513854980469,278.64959716796875,885.8297119140625
2025-01-21 05:00:00,179.95730590820312,111.5230941772461,50.68211364746094,279.5624694824219,903.6412963867188
2025-01-22 05:00:00,175.5609588623047,109.48796081542969,49.489810943603516,273.642578125,895.1563110351562
2025-01-23 05:00:00,176.6031951904297,112.7308578491211,49.6457405090332,274.4331359863281,910.3460083007812
2025-01-24 05:00:00,175.36196899414062,113.10173797607422,49.83833694458008,274.99786376953125,910.2686767578125
2025-01-27 05:00:00,181.95652770996094,115.30805206298828,51.36082458496094,279.8260192871094,870.8431396484375
2025-01-28 05:00:00,177.1148223876953,114.31900787353516,50.425315856933594,279.97662353515625,877.3351440429688
2025-01-29 05:00:00,173.98814392089844,113.3299789428711,49.581546783447266,276.946044921875,878.7088623046875
2025-01-30 05:00:00,176.06314086914062,114.73745727539062,49.81999206542969,280.5130615234375,892.1571044921875
2025-01-31 05:00:00,175.2388153076172,113.40605163574219,50.113487243652344,280.91778564453125,883.96240234375
2025-02-03 05:00:00,175.63674926757812,112.06514739990234,50.218544006347656,278.4989929199219,885.2588500976562
2025-02-04 05:00:00,174.4618682861328,112.51213073730469,49.794612884521484,279.2801513671875,894.2373657226562
2025-02-05 05:00:00,177.61703491210938,112.95909118652344,50.16326141357422,284.371826171875,906.0599365234375
2025-02-06 05:00:00,179.7867889404297,112.7308578491211,50.034217834472656,285.0588684082031,907.84033203125
2025-02-07 05:00:00,178.92454528808594,111.59916687011719,49.8775520324707,284.80474853515625,902.93505859375
2025-02-10 05:00:00,179.9099578857422,113.61528778076172,49.7300910949707,285.7553405761719,912.4842529296875
2025-02-11 05:00:00,183.26406860351562,115.80256652832031,50.11716842651367,287.3741149902344,912.9678955078125
2025-02-12 05:00:00,179.56884765625,113.90058135986328,49.83146667480469,282.4518737792969,904.80224609375
2025-02-13 05:00:00,180.01419067382812,114.97520446777344,50.614845275878906,283.515380859375,892.9989013671875
2025-02-14 05:00:00,179.43621826171875,114.92765808105469,50.218544006347656,279.9012756347656,903.2542724609375
2025-02-18 05:00:00,179.59727478027344,115.36509704589844,50.900535583496094,279.52484130859375,901.6095581054688
2025-02-19 05:00:00,178.65927124023438,115.66942596435547,51.30604934692383,279.9295959472656,908.5562133789062
2025-02-20 05:00:00,182.2786865234375,114.97520446777344,52.08942794799805,286.16943359375,909.6880493164062
2025-02-21 05:00:00,181.4922637939453,115.04176330566406,52.614742279052734,286.29180908203125,889.7867431640625
2025-02-24 05:00:00,181.91864013671875,114.81352996826172,52.81748962402344,285.5012512207031,879.4635620117188
2025-02-25 05:00:00,193.0516815185547,116.60140991210938,51.83137512207031,290.4423522949219,877.18994140625
2025-02-26 05:00:00,190.1902618408203,116.17346954345703,51.70233917236328,286.39532470703125,885.2716674804688
2025-02-27 05:00:00,193.26010131835938,116.75355529785156,52.135494232177734,287.7129821777344,885.3689575195312
2025-02-28 05:00:00,194.82347106933594,117.84721374511719,52.55944061279297,285.7553405761719,879.7671508789062
2025-03-03 05:00:00,198.60397338867188,117.48583221435547,53.289085388183594,292.7387390136719,885.5634155273438
2025-03-04 05:00:00,196.24473571777344,115.81208801269531,53.483543395996094,288.0423583984375,885.0382690429688
2025-03-05 05:00:00,197.73228454589844,117.9613265991211,53.807640075683594,292.9834289550781,895.7166137695312
2025-03-06 05:00:00,196.06468200683594,114.40460968017578,53.085384368896484,290.2823486328125,847.9461059570312
2025-03-07 05:00:00,201.1432647705078,114.0337142944336,54.15024948120117,295.5057678222656,835.90625
2025-03-10 04:00:00,201.88230895996094,112.09368896484375,54.15949630737305,295.1481628417969,807.8099365234375
2025-03-11 04:00:00,198.7650604248047,111.43750762939453,52.511287689208984,290.07525634765625,813.2657470703125
2025-03-12 04:00:00,195.83731079101562,110.05855560302734,52.19646072387695,285.59539794921875,831.5006103515625
2025-03-13 04:00:00,196.860595703125,104.95172119140625,51.72422409057617,278.4091491699219,811.0386352539062
2025-03-14 04:00:00,199.85467529296875,106.40675354003906,52.49276351928711,283.39007568359375,814.6661987304688
2025-03-17 04:00:00,201.5222625732422,108.83177185058594,52.76129150390625,285.5573425292969,833.6986083984375
2025-03-18 04:00:00,203.58779907226562,107.82434844970703,52.74277877807617,283.74176025390625,818.1478881835938
2025-03-19 04:00:00,202.5360870361328,108.39043426513672,52.26128387451172,281.004150390625,831.8313598632812
2025-03-20 04:00:00,203.01930236816406,107.52690124511719,52.27980041503906,281.8216247558594,828.3204956054688
2025-03-21 04:00:00,204.8763885498047,104.02487182617188,51.668670654296875,276.7456359863281,811.6611328125
2025-03-24 04:00:00,201.62649536132812,105.79029083251953,52.11311721801758,280.3482666015625,829.0206298828125
2025-03-25 04:00:00,198.499755859375,104.80204772949219,51.52977752685547,274.85400390625,818.1089477539062
2025-03-26 04:00:00,198.9924774169922,106.62501525878906,52.37239074707031,277.1258850097656,808.2183227539062
2025-03-27 04:00:00,202.80137634277344,106.26042175292969,52.00200653076172,277.4870910644531,802.6360473632812
2025-03-28 04:00:00,204.24159240722656,105.97257995605469,52.418697357177734,279.81597900390625,780.9390258789062
2025-03-31 04:00:00,206.17445373535156,107.25825500488281,53.71503829956055,284.4927062988281,792.94970703125
2025-04-01 04:00:00,207.91783142089844,106.93203735351562,53.165245056152344,284.08392333984375,794.5057373046875
2025-04-02 04:00:00,206.4586944580078,107.78596496582031,53.137332916259766,282.24932861328125,808.7046508789062
2025-04-03 04:00:00,216.20840454101562,97.47174835205078,53.081520080566406,280.16766357421875,779.421875
2025-04-04 04:00:00,208.60948181152344,94.24796295166016,51.3046989440918,270.4624328613281,745.1597900390625
2025-04-07 04:00:00,202.18551635742188,90.68834686279297,49.239479064941406,262.05950927734375,727.1971435546875
2025-04-08 04:00:00,193.9138946533203,86.1213150024414,48.62550354003906,253.14328002929688,719.7378540039062
2025-04-09 04:00:00,196.58583068847656,94.23836517333984,50.216270446777344,268.333251953125,775.5220336914062
2025-04-10 04:00:00,197.38172912597656,91.04335021972656,50.37442398071289,264.32183837890625,749.5653076171875
2025-04-11 04:00:00,203.68663024902344,92.32903289794922,51.369815826416016,266.4796142578125,755.488037109375
2025-04-14 04:00:00,208.05227661132812,94.31512451171875,52.34659957885742,274.454833984375,762.3345336914062
2025-04-15 04:00:00,208.26243591308594,94.48782348632812,53.035003662109375,274.6258850097656,765.8551025390625
2025-04-16 04:00:00,208.25289916992188,96.22444152832031,53.2675666809082,274.7399597167969,757.287109375
2025-04-17 04:00:00,212.7045440673828,97.96107482910156,54.253665924072266,281.3749084472656,768.4420166015625
2025-04-21 04:00:00,208.24334716796875,94.6317367553711,53.91876220703125,273.3426513671875,751.9576416015625
2025-04-22 04:00:00,211.09010314941406,95.89822387695312,54.43973159790039,282.0022277832031,769.3853759765625
2025-04-23 04:00:00,203.0943603515625,97.3662109375,54.00249481201172,280.6333923339844,787.2214965820312
2025-04-24 04:00:00,201.4799041748047,99.16999816894531,53.165245056152344,279.2646484375,794.7391967773438
2025-04-25 04:00:00,201.3939208984375,98.09539794921875,52.923377990722656,276.52703857421875,815.07470703125
2025-04-28 04:00:00,201.85247802734375,99.13162231445312,53.24897384643555,277.66766357421875,821.4738159179688
2025-04-29 04:00:00,211.43402099609375,98.9205322265625,53.37921142578125,278.5041809082031,828.2523803710938
2025-04-30 04:00:00,215.33160400390625,98.0570297241211,53.82573699951172,285.5763244628906,837.1024169921875
2025-05-01 04:00:00,214.01329040527344,98.90135192871094,53.43226623535156,285.1676330566406,838.2889404296875
2025-05-02 04:00:00,213.60252380371094,101.13689422607422,53.236000061035156,285.3101501464844,851.7874755859375
2025-05-05 04:00:00,213.86044311523438,101.06012725830078,53.217308044433594,285.49078369140625,858.9453735351562
2025-05-06 04:00:00,213.80313110351562,100.26378631591797,53.077110290527344,283.24749755859375,851.3305053710938
2025-05-07 04:00:00,209.67630004882812,100.78189086914062,53.0303840637207,285.07257080078125,848.5101318359375
2025-05-08 04:00:00,208.13827514648438,101.21365356445312,52.572418212890625,285.8329772949219,837.3358764648438
2025-05-09 04:00:00,210.1348419189453,102.57609558105469,52.983646392822266,289.0363464355469,840.6424560546875
2025-05-12 04:00:00,198.62359619140625,105.8574447631836,52.28268051147461,290.0914611816406,846.5553588867188
2025-05-13 04:00:00,194.8406524658203,105.25298309326172,51.46022415161133,287.1922912597656,844.9215087890625
2025-05-14 04:00:00,195.35653686523438,103.23812103271484,50.974212646484375,283.4470520019531,835.604736328125
2025-05-15 04:00:00,202.2154541015625,104.80204772949219,51.777984619140625,289.9013977050781,843.4140625
2025-05-16 04:00:00,203.8394775390625,106.06852722167969,52.563072204589844,293.8652038574219,851.8555908203125
2025-05-19 04:00:00,205.51123046875,106.16447448730469,52.572418212890625,294.15985107421875,853.4602661132812
2025-05-20 04:00:00,205.76914978027344,104.32231140136719,52.525691986083984,292.6009826660156,851.826416015625
2025-05-21 04:00:00,204.17381286621094,100.42689514160156,51.637786865234375,281.23223876953125,840.03466796875
2025-05-22 04:00:00,200.8685302734375,100.82986450195312,51.5723762512207,281.1562194824219,847.23095703125
2025-05-23 04:00:00,202.38742065429688,99.82243347167969,51.89948272705078,282.03076171875,844.258544921875
2025-05-27 04:00:00,204.14515686035156,102.2978515625,52.48830032348633,285.3006896972656,857.3116455078125
2025-05-28 04:00:00,202.96060180664062,103.5451431274414,52.19855499267578,287.2207946777344,861.0369262695312
2025-05-29 04:00:00,204.1547088623047,104.80204772949219,52.675228118896484,290.88995361328125,867.6954956054688
2025-05-30 04:00:00,205.0526580810547,104.19757843017578,52.91822814941406,293.1618347167969,869.0546875
2025-06-02 04:00:00,204.5368194580078,104.34149169921875,53.133277893066406,294.4545593261719,870.6875
2025-06-03 04:00:00,203.84902954101562,104.60054016113281,52.59799575805664,288.3139343261719,874.9407348632812
2025-06-04 04:00:00,204.7756805419922,104.03446960449219,52.51347732543945,288.2949523925781,891.9146728515625
2025-06-05 04:00:00,206.552490234375,103.44920349121094,52.4289665222168,285.6048278808594,889.5093383789062
2025-06-06 04:00:00,203.03701782226562,104.37987518310547,52.58860778808594,287.9337158203125,894.0950927734375
2025-06-09 04:00:00,203.31405639648438,104.51420593261719,53.349266052246094,287.6200256347656,887.2996215820312
2025-06-10 04:00:00,205.01446533203125,105.05149841308594,53.85637283325195,288.98883056640625,887.162841796875
2025-06-11 04:00:00,204.7756805419922,104.10163116455078,54.241390228271484,285.3197021484375,873.8261108398438
2025-06-12 04:00:00,207.96632385253906,104.0440673828125,54.429203033447266,284.83001708984375,876.485595703125
2025-06-13 04:00:00,206.8109588623047,102.93107604980469,54.128700256347656,283.19775390625,872.7896728515625
2025-06-16 04:00:00,206.9842529296875,102.48973846435547,53.89393615722656,282.8232727050781,868.3995361328125
2025-06-17 04:00:00,207.1383056640625,101.79232025146484,54.02540969848633,281.95916748046875,867.0404052734375
2025-06-18 04:00:00,207.46563720703125,101.78263854980469,54.072357177734375,279.2226867675781,867.12841796875
2025-06-20 04:00:00,209.3912811279297,102.37349700927734,53.696720123291016,278.5217590332031,863.2467041015625
2025-06-23 04:00:00,213.3869171142578,103.768310546875,54.814231872558594,283.01531982421875,870.188720703125
2025-06-24 04:00:00,215.58212280273438,104.73693084716797,54.4479866027832,283.82183837890625,886.3414306640625
2025-06-25 04:00:00,212.0293731689453,101.49205780029297,53.60281753540039,277.90728759765625,805.9791870117188
2025-06-26 04:00:00,209.42977905273438,101.11428833007812,53.71549987792969,277.0719909667969,728.9510498046875
2025-06-27 04:00:00,209.68011474609375,102.30570220947266,53.55585861206055,278.32977294921875,767.65087890625
2025-06-30 04:00:00,212.79962158203125,101.8213882446289,54.10052490234375,281.7287292480469,777.780517578125
2025-07-01 04:00:00,216.12130737304688,103.23556518554688,54.533592224121094,286.212646484375,777.6925659179688
2025-07-02 04:00:00,214.54229736328125,104.91128540039062,54.48641586303711,285.2620849609375,777.4675903320312
2025-07-03 04:00:00,213.50244140625,104.63037872314453,54.42037582397461,284.5131530761719,769.4988403320312
2025-07-07 04:00:00,211.8367919921875,102.99341583251953,54.27885055541992,280.3172607421875,759.8385620117188
2025-07-08 04:00:00,212.49151611328125,103.4970932006836,54.24110794067383,279.2323303222656,750.324951171875
2025-07-09 04:00:00,213.57948303222656,103.05152893066406,53.70332336425781,277.4752197265625,747.70458984375
2025-07-10 04:00:00,212.78997802734375,105.00814819335938,53.71274948120117,277.3311767578125,742.0139770507812
2025-07-11 04:00:00,211.08583068847656,105.74430084228516,53.92975616455078,277.6096496582031,739.8726196289062
2025-07-14 04:00:00,213.53135681152344,105.91864776611328,55.38273239135742,277.12957763671875,743.2948608398438
2025-07-15 04:00:00,210.77772521972656,105.21156311035156,53.45801544189453,272.59765625,743.0601806640625
2025-07-16 04:00:00,215.05258178710938,106.71292114257812,53.580665588378906,274.1722717285156,748.6138305664062
2025-07-17 04:00:00,214.74447631835938,103.09028625488281,53.17496871948242,272.2424011230469,758.3231201171875
2025-07-18 04:00:00,216.41014099121094,103.4292984008789,53.278751373291016,272.7416687011719,760.48388671875
2025-07-21 04:00:00,218.07579040527344,104.47540283203125,53.203269958496094,273.2409362792969,771.64013671875
2025-07-22 04:00:00,223.70823669433594,105.76367950439453,54.571327209472656,279.44354248046875,782.7474975585938
2025-07-23 04:00:00,221.61892700195312,106.54825592041016,54.60905838012695,278.0801086425781,778.5040893554688
2025-07-24 04:00:00,222.63949584960938,106.27705383300781,54.74115753173828,275.8621520996094,771.9823608398438
2025-07-25 04:00:00,221.3204345703125,106.82915496826172,54.6279411315918,276.29425048828125,783.6080322265625
2025-07-28 04:00:00,215.8709716796875,103.75862884521484,53.6467170715332,274.5947265625,775.9716186523438
2025-07-29 04:00:00,206.7243194580078,106.27705383300781,54.11845779418945,280.91259765625,793.09228515625
2025-07-30 04:00:00,200.97634887695312,105.08563232421875,53.580665588378906,277.14874267578125,779.3156127929688
2025-07-31 04:00:00,200.63934326171875,103.4292984008789,52.95796585083008,261.1045837402344,767.7095336914062
2025-08-01 04:00:00,204.21136474609375,101.61798095703125,53.63011169433594,267.7776794433594,754.5879516601562
2025-08-04 04:00:00,205.0586395263672,101.90856170654297,54.46438980102539,269.4002990722656,761.0803833007812
2025-08-05 04:00:00,202.2376251220703,103.6811294555664,54.227378845214844,270.5909118652344,761.6180419921875
2025-08-06 04:00:00,201.13038635253906,102.4122543334961,53.952449798583984,270.20684814453125,755.8102416992188
2025-08-07 04:00:00,202.19911193847656,102.95467376708984,54.12310028076172,272.57843017578125,762.0091552734375
2025-08-08 04:00:00,198.82928466796875,102.36380767822266,54.45490646362305,270.51409912109375,758.9390258789062
2025-08-11 04:00:00,198.415283203125,100.81402587890625,54.40750503540039,268.6033935546875,759.476806640625
2025-08-12 04:00:00,197.0095672607422,101.52111053466797,54.66346740722656,269.3043212890625,769.811767578125
2025-08-13 04:00:00,196.5570526123047,102.85781860351562,54.88151550292969,271.896728515625,766.5656127929688
2025-08-14 04:00:00,195.89271545410156,102.52847290039062,54.815155029296875,269.6979675292969,758.1275024414062
2025-08-15 04:00:00,198.4537811279297,103.24525451660156,55.44086456298828,271.6662902832031,763.9353637695312
2025-08-18 04:00:00,195.57501220703125,102.13134765625,54.86256408691406,269.3811340332031,752.5347290039062
2025-08-19 04:00:00,198.9640655517578,107.28440856933594,55.94330978393555,275.90057373046875,756.260009765625
2025-08-20 04:00:00,201.7080841064453,106.72261047363281,56.78706359863281,275.5068664550781,763.6575317382812
2025-08-21 04:00:00,201.9295196533203,104.98877716064453,56.48369598388672,275.3340759277344,759.624267578125
2025-08-22 04:00:00,203.9995574951172,108.75670623779297,55.85799026489258,282.0071716308594,773.671875
2025-08-25 04:00:00,203.267822265625,108.11741638183594,55.18488311767578,278.2913513183594,769.6484375
2025-08-26 04:00:00,199.73431396484375,107.85588836669922,55.10904312133789,277.3695983886719,769.0680541992188
2025-08-27 04:00:00,195.70977783203125,109.14415740966797,55.507225036621094,279.58758544921875,777.6953735351562
2025-08-28 04:00:00,195.0261993408203,109.10541534423828,55.10904312133789,280.0484619140625,773.5538940429688
2025-08-29 04:00:00,196.26821899414062,110.20963287353516,55.7063102722168,282.85211181640625,773.396484375
2025-09-02 04:00:00,193.03318786621094,107.80745697021484,54.99106216430664,276.6974792480469,759.0045776367188
2025-09-03 04:00:00,188.96051025390625,107.46843719482422,55.191062927246094,280.1348876953125,749.8164672851562
2025-09-04 04:00:00,187.83401489257812,109.07634735107422,55.505348205566406,280.5765380859375,755.43359375
2025-09-05 04:00:00,190.9438934326172,110.08372497558594,56.46726608276367,285.9341735839844,761.090087890625
2025-09-08 04:00:00,186.43795776367188,109.99654388427734,56.28630828857422,282.9768981933594,753.0530395507812
2025-09-09 04:00:00,187.36224365234375,108.45643615722656,56.657745361328125,278.5409851074219,766.8546752929688
2025-09-10 04:00:00,186.55348205566406,107.49750518798828,56.61964797973633,277.1871643066406,767.8974609375
2025-09-11 04:00:00,189.23971557617188,111.21700286865234,57.29584503173828,283.1689758300781,784.5027465820312
2025-09-12 04:00:00,187.82440185546875,111.7303695678711,57.533939361572266,280.67254638671875,775.777099609375
2025-09-15 04:00:00,185.34034729003906,110.68424987792969,57.35299301147461,277.9950256347656,778.7970581054688
2025-09-16 04:00:00,187.48741149902344,111.43675231933594,57.124420166015625,276.2973327636719,766.62841796875
2025-09-17 04:00:00,189.88479614257812,111.29993438720703,56.86726760864258,275.6376647949219,766.1070556640625
2025-09-18 04:00:00,185.85064697265625,112.54106140136719,56.29583740234375,275.3078308105469,772.52099609375
2025-09-19 04:00:00,186.1202392578125,110.92858123779297,56.34345245361328,270.6609802246094,778.3741455078125
2025-09-22 04:00:00,186.0239715576172,111.33902740478516,56.24821090698242,271.31097412109375,785.0831298828125
2025-09-23 04:00:00,187.0541534423828,111.83743286132812,56.714881896972656,273.8623352050781,790.2083740234375
2025-09-24 04:00:00,185.7543487548828,110.29336547851562,57.124420166015625,272.31988525390625,776.9378662109375
2025-09-25 04:00:00,186.50535583496094,110.63539123535156,56.94345474243164,271.8833312988281,770.1403198242188
2025-09-26 04:00:00,187.0445098876953,111.59310913085938,57.44823455810547,277.73309326171875,777.4789428710938
2025-09-29 04:00:00,187.3141326904297,111.64197540283203,57.66727828979492,279.9061584472656,768.9991455078125
2025-09-30 04:00:00,186.79933166503906,111.91560363769531,57.89585494995117,280.2165832519531,770.4945068359375
2025-10-01 04:00:00,187.77061462402344,113.83103942871094,57.83845138549805,281.99188232421875,761.3556518554688
2025-10-02 04:00:00,185.6823272705078,113.4792251586914,57.474937438964844,280.517333984375,760.027587890625
2025-10-03 04:00:00,184.74989318847656,114.39784240722656,57.781063079833984,284.76641845703125,766.0676879882812
2025-10-06 04:00:00,180.2430877685547,114.46625518798828,57.302738189697266,282.11798095703125,776.9871215820312
2025-10-07 04:00:00,181.6029052734375,113.33262634277344,57.04444885253906,284.7567138671875,774.27197265625
2025-10-08 04:00:00,180.2624969482422,113.3521728515625,56.45132064819336,284.3783874511719,790.5428466796875
2025-10-09 04:00:00,180.00027465820312,111.84719848632812,56.11650085449219,285.2223815917969,795.17626953125
2025-10-10 04:00:00,181.3212127685547,108.70043182373047,55.73385238647461,285.6200866699219,787.5719604492188
2025-10-13 04:00:00,177.9411163330078,110.15653991699219,56.1834716796875,290.67437744140625,793.1693725585938
2025-10-14 04:00:00,181.1560821533203,112.82445526123047,56.2886962890625,293.11907958984375,804.1182250976562
2025-10-15 04:00:00,184.57504272460938,119.96821594238281,56.88180923461914,292.0034484863281,808.8598022460938
2025-10-16 04:00:00,185.97373962402344,118.41437530517578,56.71918487548828,297.56219482421875,799.5440063476562
2025-10-17 04:00:00,185.7988739013672,121.2582015991211,57.34099578857422,298.41583251953125,800.68505859375
2025-10-20 04:00:00,187.53750610351562,124.2876968383789,58.01064682006836,302.48065185546875,811.712646484375
2025-10-21 04:00:00,186.84786987304688,123.12476348876953,57.42709732055664,299.0561218261719,808.6237182617188
2025-10-22 04:00:00,185.70176696777344,123.08566284179688,57.65669631958008,301.5881652832031,815.5590209960938
2025-10-23 04:00:00,184.8373260498047,122.90975952148438,57.608863830566406,297.1256103515625,818.3922119140625
2025-10-24 04:00:00,186.0222930908203,123.55475616455078,57.38883590698242,293.20635986328125,825.8291015625
2025-10-27 04:00:00,184.28366088867188,124.18997192382812,57.781063079833984,291.3631591796875,829.0557861328125
2025-10-28 04:00:00,177.4748992919922,122.86090087890625,56.64265060424805,289.1319274902344,802.8493041992188
2025-10-29 04:00:00,173.93939208984375,120.66207122802734,55.82951354980469,280.5367431640625,784.7486572265625
2025-10-30 04:00:00,174.2987518310547,121.40479278564453,55.399024963378906,272.46539306640625,819.6021728515625
2025-10-31 04:00:00,173.84225463867188,121.2679672241211,55.725799560546875,270.2341613769531,832.2430419921875
2025-11-03 05:00:00,171.56944274902344,121.39501190185547,55.93724822998047,269.3222351074219,819.287353515625
2025-11-04 05:00:00,175.17294311523438,121.18000793457031,53.95734405517578,267.7700500488281,816.405029296875
2025-11-05 05:00:00,174.27932739257812,121.00411224365234,53.93811798095703,270.5833740234375,808.7417602539062
2025-11-06 05:00:00,172.97779846191406,121.18000793457031,54.13995361328125,265.7716064453125,805.9971923828125
2025-11-07 05:00:00,172.84181213378906,122.7436294555664,54.658958435058594,269.7393798828125,811.3289794921875
2025-11-10 05:00:00,174.56100463867188,122.0595474243164,54.18800354003906,264.62689208984375,814.6539306640625
2025-11-11 05:00:00,179.48545837402344,123.38861846923828,54.93768310546875,269.5550537109375,807.6793212890625
2025-11-12 05:00:00,178.08682250976562,122.00090789794922,54.71662139892578,266.9260559082031,800.0062866210938
2025-11-13 05:00:00,175.9305419921875,121.18000793457031,54.38984298706055,266.0820617675781,773.7407836914062
2025-11-14 05:00:00,178.3199005126953,120.03662109375,54.5916748046875,266.06268310546875,772.7865600585938
2025-11-17 05:00:00,175.28948974609375,120.71092224121094,54.783905029296875,262.19189453125,764.2379760742188
2025-11-18 05:00:00,176.33848571777344,120.98456573486328,55.11068344116211,263.3851623535156,766.4906616210938
2025-11-19 05:00:00,175.31863403320312,119.61640167236328,54.50517654418945,258.2048034667969,757.1876831054688
2025-11-20 05:00:00,173.9782257080078,120.32003784179688,54.11111831665039,257.5159912109375,745.0442504882812
2025-11-21 05:00:00,174.4055938720703,122.92930603027344,54.466732025146484,261.45465087890625,746.8949584960938
2025-11-24 05:00:00,174.4153289794922,123.57429504394531,54.29372787475586,261.12481689453125,752.773681640625
2025-11-25 05:00:00,174.599853515625,124.492919921875,54.51478958129883,264.1903381347656,740.4323120117188
2025-11-26 05:00:00,176.03738403320312,125.24541473388672,54.918460845947266,266.01416015625,742.6689453125
2025-11-28 05:00:00,176.06651306152344,125.60699462890625,55.63306427001953,266.33428955078125,745.5390625
2025-12-01 05:00:00,171.21005249023438,125.99788665771484,55.45924377441406,263.0456237792969,725.7156982421875
2025-12-02 05:00:00,170.7632598876953,125.99788665771484,55.52683639526367,264.9955749511719,719.8765869140625
2025-12-03 05:00:00,171.12261962890625,126.25199127197266,56.096595764160156,269.9333801269531,725.1614990234375
2025-12-04 05:00:00,173.69656372070312,125.26494598388672,56.21247863769531,268.36181640625,718.5999145507812
2025-12-05 05:00:00,173.7257080078125,125.06951141357422,56.473209381103516,263.92840576171875,733.9301147460938
2025-12-08 05:00:00,177.9411163330078,123.78929138183594,55.35301971435547,261.4934387207031,732.297119140625
2025-12-09 05:00:00,174.39590454101562,124.55155181884766,55.09227752685547,256.798095703125,733.0294799804688
2025-12-10 05:00:00,175.0854949951172,126.76016998291016,54.725318908691406,259.6211242675781,726.8241577148438
2025-12-11 05:00:00,176.493896484375,127.59082794189453,55.256446838378906,265.52911376953125,746.3506469726562
2025-12-12 05:00:00,175.5128631591797,127.2194595336914,55.73929214477539,266.7514343261719,742.5798950195312
2025-12-15 05:00:00,175.0854949951172,127.68855285644531,56.08694076538086,267.1535949707031,753.5357666015625
2025-12-16 05:00:00,173.9879608154297,125.6794204711914,55.46889877319336,262.3476257324219,750.3291625976562
2025-12-17 05:00:00,173.36631774902344,126.1324691772461,55.777915954589844,262.0435485839844,740.1651000976562
2025-12-18 05:00:00,169.28688049316406,125.72866821289062,54.82189178466797,256.3548278808594,736.4043579101562
2025-12-19 05:00:00,167.4608612060547,125.30516815185547,54.3969841003418,254.17742919921875,750.6854858398438
2025-12-22 05:00:00,167.57740783691406,125.65972137451172,54.725318908691406,256.3940734863281,750.1015625
2025-12-23 05:00:00,169.5005645751953,125.83699798583984,54.010719299316406,254.4520721435547,752.2886962890625
2025-12-24 05:00:00,169.78225708007812,127.19611358642578,54.725318908691406,257.0511779785156,750.8932495117188
2025-12-26 05:00:00,171.34603881835938,126.76278686523438,54.744632720947266,255.65847778320312,755.426025390625
2025-12-29 05:00:00,172.44447326660156,126.5362548828125,54.86051559448242,254.3441925048828,757.1085205078125
2025-12-30 05:00:00,173.31732177734375,127.05823516845703,55.07297134399414,256.11944580078125,761.7699584960938
2025-12-31 05:00:00,172.18948364257812,125.72866821289062,54.69456100463867,254.5207061767578,758.2565307617188
2026-01-02 05:00:00,171.43429565429688,127.0976333618164,55.606624603271484,253.48106384277344,756.2276611328125
2026-01-05 05:00:00,172.85638427734375,127.72795867919922,56.13057327270508,255.8938446044922,764.05615234375
2026-01-06 05:00:00,172.43466186523438,125.53169250488281,55.713348388671875,265.13311767578125,779.9306030273438
2026-01-07 05:00:00,166.177490234375,124.98016357421875,55.64543151855469,260.5821228027344,768.539306640625
2026-01-08 05:00:00,167.0503692626953,126.44761657714844,56.5574951171875,265.9177551269531,773.8143920898438
2026-01-09 05:00:00,165.26541137695312,127.44232940673828,56.44105911254883,272.8128662109375,792.0938110351562
2026-01-12 05:00:00,168.2272491455078,127.10748291015625,57.1396598815918,273.8427429199219,775.77392578125
2026-01-13 05:00:00,170.61048889160156,128.2499237060547,57.46955871582031,274.46063232421875,793.0439453125
2026-01-14 05:00:00,174.06268310546875,130.2098388671875,58.517459869384766,282.2482604980469,790.777587890625
2026-01-15 05:00:00,178.0543212890625,130.7416534423828,58.9152717590332,287.4073486328125,793.5487060546875
2026-01-16 05:00:00,180.0354461669922,131.1947021484375,59.594459533691406,288.2508544921875,793.5091552734375
2026-01-20 05:00:00,174.32749938964844,128.8310089111328,59.788516998291016,279.70794677734375,776.1104125976562
2026-01-21 05:00:00,174.73941040039062,129.156005859375,59.953468322753906,283.16046142578125,787.2740478515625
2026-01-22 05:00:00,173.5428924560547,124.7536392211914,59.04139709472656,281.0810852050781,784.5821533203125
2026-01-23 05:00:00,175.3082275390625,125.22637939453125,58.93467712402344,277.2069091796875,783.1074829101562
2026-01-26 05:00:00,176.0045623779297,124.51727294921875,58.60478210449219,273.4013671875,798.0319213867188
2026-01-27 05:00:00,176.6028289794922,126.7529296875,59.10932159423828,272.3714904785156,801.1989135742188
2026-01-28 05:00:00,174.0921173095703,125.20668029785156,58.28459167480469,268.60516357421875,807.7308959960938
2026-01-29 05:00:00,177.84835815429688,128.4370574951172,58.973487854003906,272.1263122558594,817.5287475585938
2026-01-30 05:00:00,175.82803344726562,128.5847930908203,59.60698318481445,270.8904724121094,812.4615478515625
2026-02-02 05:00:00,170.35548400878906,127.71810150146484,58.99297332763672,266.5945129394531,802.0203857421875
2026-02-03 05:00:00,169.7964630126953,129.88482666015625,59.89936065673828,274.1761779785156,793.55859375
2026-02-04 05:00:00,173.15060424804688,132.80003356933594,60.87397384643555,282.9642639160156,793.8555297851562
2026-02-05 05:00:00,168.1880340576172,134.0803680419922,61.75111770629883,277.39324951171875,799.2294921875
2026-02-06 05:00:00,167.97225952148438,134.87811279296875,61.62441635131836,281.4930419921875,839.3710327148438
2026-02-09 05:00:00,170.3652801513672,135.203125,61.487972259521484,283.3468017578125,848.8917846679688
2026-02-10 05:00:00,175.07286071777344,138.35470581054688,62.27740478515625,286.72076416015625,847.902099609375
2026-02-11 05:00:00,177.00491333007812,137.7637939453125,62.86216735839844,288.2017822265625,858.5709838867188
2026-02-12 05:00:00,184.5664825439453,134.31674194335938,63.13505554199219,286.760009765625,947.9888916015625
2026-02-13 05:00:00,188.4011993408203,136.86756896972656,63.99271011352539,294.5868835449219,946.3262329101562
2026-02-17 05:00:00,189.3721160888672,139.6251983642578,64.80164337158203,296.2052307128906,942.1497192382812
2026-02-18 05:00:00,183.02670288085938,137.517578125,63.417686462402344,293.2627868652344,914.705810546875
2026-02-19 05:00:00,181.23194885253906,136.93649291992188,63.83678436279297,292.77239990234375,908.5599365234375
2026-02-20 05:00:00,183.7034149169922,139.36912536621094,64.46051788330078,299.1476745605469,918.535888671875
2026-02-23 05:00:00,186.3906707763672,138.61077880859375,64.98680877685547,299.4026794433594,935.8851318359375
2026-02-24 05:00:00,186.52796936035156,138.1774444580078,64.83087921142578,298.27471923828125,942.08056640625
2026-02-25 05:00:00,178.96641540527344,137.91151428222656,64.31432342529297,293.6061096191406,955.792724609375
2026-02-26 05:00:00,181.44769287109375,140.50173950195312,64.9088363647461,298.1178283691406,943.354248046875
2026-02-27 05:00:00,188.1658172607422,140.41310119628906,65.56449127197266,301.1681213378906,969.465087890625
2026-03-02 05:00:00,186.5377655029297,140.56082153320312,66.11248779296875,304.97369384765625,961.34521484375
2026-03-03 05:00:00,186.58680725097656,138.86685180664062,65.13391876220703,300.26580810546875,967.2261352539062
2026-03-04 05:00:00,187.126220703125,137.3107452392578,64.5859146118164,304.7971496582031,964.270751953125
2026-03-05 05:00:00,184.02706909179688,135.76451110839844,63.411624908447266,301.0504150390625,948.3096923828125
2026-03-06 05:00:00,184.95877075195312,132.50457763671875,63.60734558105469,302.2176208496094,932.5874633789062
2026-03-09 04:00:00,183.0463104248047,133.1053466796875,63.548622131347656,300.5992736816406,940.2594604492188
2026-03-10 04:00:00,182.53631591796875,134.10008239746094,63.48991012573242,300.11865234375,951.3646240234375
2026-03-11 04:00:00,179.3292999267578,132.36668395996094,63.32355880737305,294.15533447265625,968.63916015625
2026-03-12 04:00:00,176.39688110351562,129.90451049804688,63.636695861816406,292.0269470214844,966.6887817382812
2026-03-13 04:00:00,180.85926818847656,129.7567901611328,63.05934143066406,292.0073547363281,965.1265258789062
2026-03-16 04:00:00,181.1534881591797,132.0417022705078,63.529056549072266,287.13262939453125,979.6148681640625
2026-03-17 04:00:00,181.50656127929688,132.25018310546875,62.716835021972656,283.4964294433594,972.0722045898438
2026-03-18 04:00:00,177.2108917236328,130.25465393066406,61.68933868408203,275.0350036621094,968.7684936523438
2026-03-19 04:00:00,179.2410125732422,130.14544677734375,61.297908782958984,274.77740478515625,969.962646484375
2026-03-20 04:00:00,173.38597106933594,127.08763885498047,59.64411926269531,263.3337097167969,954.4393310546875
2026-03-23 04:00:00,173.1015625,129.37106323242188,59.54625701904297,268.8227233886719,962.2009887695312
2026-03-24 04:00:00,167.0797882080078,129.41078186035156,59.16461181640625,265.4738464355469,959.782958984375
2026-03-25 04:00:00,164.04928588867188,129.42071533203125,58.77318572998047,265.16668701171875,961.1959838867188
2026-03-26 04:00:00,165.66751098632812,128.80517578125,58.97868728637695,265.543212890625,958.6485595703125
2026-03-27 04:00:00,166.25596618652344,127.97122192382812,59.38968276977539,263.5616149902344,958.260498046875
2026-03-30 04:00:00,167.0797882080078,127.85208892822266,59.83982849121094,262.689697265625,959.3052978515625
2026-03-31 04:00:00,169.25704956054688,131.2275848388672,60.13569259643555,268.38677978515625,975.4156494140625
2026-04-01 04:00:00,167.72708129882812,132.3693084716797,60.82374572753906,273.69744873046875,991.078125
2026-04-02 04:00:00,170.3848876953125,132.80613708496094,61.148109436035156,277.7696228027344,995.446533203125
2026-04-06 04:00:00,172.74850463867188,131.39637756347656,60.774600982666016,278.3046569824219,1011.0792846679688
2026-04-07 04:00:00,170.72816467285156,132.26010131835938,61.16777038574219,276.6698303222656,1002.3324584960938
2026-04-08 04:00:00,172.7877197265625,136.41990661621094,61.71820831298828,287.330810546875,1012.6514282226562
2026-04-09 04:00:00,176.46551513671875,137.0255126953125,62.121212005615234,290.5706787109375,1026.492919921875
2026-04-10 04:00:00,175.8378448486328,136.2014923095703,62.661827087402344,292.2847900390625,1025.1695556640625
2026-04-13 04:00:00,177.45606994628906,136.16177368164062,62.23916244506836,293.50347900390625,1051.6385498046875
2026-04-14 04:00:00,174.74197387695312,137.36306762695312,62.72079849243164,301.2019348144531,1052.166015625
2026-04-15 04:00:00,175.31649780273438,138.76290893554688,62.86823654174805,297.0703125,1047.797607421875
2026-04-16 04:00:00,176.91127014160156,141.14561462402344,63.53662872314453,298.9627380371094,1065.6295166015625
2026-04-17 04:00:00,180.63571166992188,144.05450439453125,63.97894287109375,306.3739013671875,1083.26220703125
2026-04-20 04:00:00,179.9423370361328,143.98500061035156,63.81185531616211,309.2967529296875,1098.53662109375
2026-04-21 04:00:00,173.10757446289062,140.8974151611328,62.90755844116211,305.4920654296875,1088.9541015625
2026-04-22 04:00:00,174.64291381835938,140.40101623535156,62.25882339477539,302.0044860839844,1096.85498046875
2026-04-23 04:00:00,177.3173828125,141.3143768310547,62.98619079589844,307.95916748046875,1109.801025390625
2026-04-24 04:00:00,176.52496337890625,141.0761260986328,62.24899673461914,305.45245361328125,1103.3031005859375
2026-04-27 04:00:00,173.64247131347656,139.0111083984375,61.67889404296875,302.6683349609375,1084.4862060546875
2026-04-28 04:00:00,176.71315002441406,140.51022338867188,62.46523666381836,294.40509033203125,1071.1024169921875
2026-04-29 04:00:00,176.50514221191406,137.81976318359375,62.20967483520508,291.3831481933594,1083.7099609375
2026-04-30 04:00:00,180.98240661621094,140.9967041015625,63.41499710083008,299.6662292480469,1077.500732421875
2026-05-01 04:00:00,179.89280700683594,140.39109802246094,62.99052047729492,298.77447509765625,1079.68994140625
2026-05-04 04:00:00,179.16970825195312,137.7601776123047,62.63513946533203,292.6414489746094,1077.868896484375
2026-05-05 04:00:00,176.43580627441406,139.25930786132812,62.753597259521484,296.0696105957031,1073.1522216796875
2026-05-06 04:00:00,178.45652770996094,141.87034606933594,63.187950134277344,306.1361083984375,1082.60546875
2026-05-07 04:00:00,178.07020568847656,141.26473999023438,60.9964599609375,306.4828796386719,1061.5098876953125
2026-05-08 04:00:00,174.86083984375,143.05177307128906,61.12479019165039,308.1771545410156,1066.8035888671875
2026-05-11 04:00:00,175.79196166992188,143.0319366455078,61.55914306640625,308.68243408203125,1080.8740234375
2026-05-12 04:00:00,177.1291961669922,142.72415161132812,61.72695541381836,308.4149169921875,1075.3115234375
2026-05-13 04:00:00,172.22598266601562,140.97683715820312,60.72992706298828,300.90472412109375,1071.97802734375
2026-05-14 04:00:00,168.8878631591797,141.632080078125,61.164276123046875,300.2408752441406,1074.3663330078125
2026-05-15 04:00:00,169.01663208007812,139.51742553710938,60.33506393432617,289.778076171875,1054.225830078125
2026-05-18 04:00:00,175.60374450683594,141.28460693359375,60.917484283447266,293.4241943359375,1057.39013671875
2026-05-19 04:00:00,181.26966857910156,141.41366577148438,61.29261016845703,294.7320556640625,1043.2701416015625
2026-05-20 04:00:00,182.280029296875,143.6375274658203,61.44068145751953,300.08233642578125,1065.06005859375
2026-05-21 04:00:00,182.0422821044922,143.587890625,61.430809020996094,302.1828308105469,1078.4200439453125
2026-05-22 04:00:00,182.11163330078125,144.84872436523438,61.22350311279297,302.4404296875,1079.7900390625
2026-05-26 04:00:00,183.2012176513672,145.88124084472656,61.64798355102539,301.6676025390625,1077.6300048828125
2026-05-27 04:00:00,183.23094177246094,145.4642791748047,61.391319274902344,303.9662780761719,1070.219970703125
2026-05-28 04:00:00,184.91485595703125,144.59060668945312,60.897743225097656,306.40362548828125,1069.43994140625
2026-05-29 04:00:00,185.19223022460938,142.43624877929688,60.75992202758789,300.8948059082031,1068.0400390625
2026-06-01 04:00:00,185.7568359375,138.018310546875,59.04460525512695,293.077392578125,1050.77001953125
2026-06-02 04:00:00,183.77574157714844,139.39830017089844,59.40155029296875,296.3866882324219,1071.800048828125
2026-06-03 04:00:00,180.51686096191406,140.7981414794922,59.21316146850586,299.19061279296875,1077.0
2026-06-04 04:00:00,192.07650756835938,142.75393676757812,59.24290466308594,303.83746337890625,1089.1500244140625
2026-06-05 04:00:00,192.28451538085938,143.49853515625,60.32365798950195,306.82965087890625,1080.949951171875
2026-06-08 04:00:00,187.31199645996094,141.751220703125,59.50069808959961,308.2167663574219,1062.739990234375
2026-06-09 04:00:00,189.025634765625,146.45706176757812,60.73017501831055,319.8883361816406,1059.8399658203125
2026-06-10 04:00:00,190.67984008789062,144.7196807861328,61.58287811279297,320.8890380859375,1038.3299560546875
2026-06-11 04:00:00,187.52000427246094,146.1294403076172,61.38457489013672,321.7213134765625,1043.1800537109375
2026-06-12 04:00:00,187.17999267578125,147.66827392578125,62.18770217895508,322.94000244140625,1055.8499755859375
2026-06-15 04:00:00,185.75999450683594,147.4300079345703,61.61262130737305,320.9800109863281,1064.3800048828125
2026-06-16 04:00:00,184.47000122070312,146.1199951171875,61.642364501953125,320.1700134277344,1094.6800537109375
2026-06-17 04:00:00,181.08999633789062,140.94000244140625,60.055946350097656,312.5799865722656,1088.52001953125
2026-06-18 04:00:00,176.0500030517578,140.5399932861328,59.7287483215332,318.1199951171875,1092.18994140625
2026-06-22 04:00:00,176.42999267578125,143.8300018310547,60.06586456298828,320.2200012207031,1115.93994140625
2026-06-23 04:00:00,179.3800048828125,145.25,61.00779724121094,321.2900085449219,1115.9300537109375
2026-06-24 04:00:00,174.4600067138672,140.8699951171875,61.463897705078125,317.9200134277344,1095.0
2026-06-25 04:00:00,168.72000122070312,140.52999877929688,61.51347351074219,320.739990234375,1087.6099853515625
2026-06-26 04:00:00,175.58999633789062,139.97000122070312,62.58430480957031,324.3900146484375,1091.300048828125
2026-06-29 04:00:00,168.6699981689453,138.88999938964844,62.50498580932617,324.45001220703125,1085.1700439453125
2026-06-30 04:00:00,163.57000732421875,135.47000122070312,61.69938659667969,318.30999755859375,1042.3900146484375
2026-07-01 04:00:00,166.0800018310547,136.8000030517578,61.55997848510742,323.0400085449219,1013.6199951171875
2026-07-02 04:00:00,166.02999877929688,139.42999267578125,63.57147979736328,329.6400146484375,1002.02001953125
2026-07-06 04:00:00,162.11000061035156,140.1999969482422,62.92421340942383,324.0,998.8400268554688
2026-07-07 04:00:00,165.25,143.61000061035156,63.74076843261719,328.69000244140625,1022.9299926757812
2026-07-08 04:00:00,165.0399932861328,141.0,62.964046478271484,320.7699890136719,1015.969970703125
2026-07-09 04:00:00,165.0,141.36000061035156,62.904296875,319.3500061035156,1034.8699951171875
2026-07-10 04:00:00,168.58999633789062,140.8699951171875,63.0437126159668,320.55999755859375,1051.2099609375
2026-07-13 04:00:00,169.5,142.16000366210938,63.90009307861328,321.8599853515625,1039.530029296875
2026-07-14 04:00:00,168.8300018310547,142.49000549316406,63.50177764892578,318.92999267578125,1023.5399780273438
2026-07-15 04:00:00,168.6300048828125,143.4199981689453,62.993919372558594,314.67999267578125,1022.5999755859375
2026-07-16 04:00:00,168.9199981689453,150.05999755859375,65.47344970703125,324.5,1009.1400146484375
2026-07-17 04:00:00,170.05999755859375,149.7899932861328,65.4336166381836,318.0400085449219,1020.0
2026-07-20 04:00:00,167.05999755859375,147.47999572753906,64.90584564208984,315.5299987792969,1017.3099975585938
2026-07-21 04:00:00,163.38999938964844,149.94000244140625,64.71664428710938,309.75,1027.8800048828125
2026-07-22 04:00:00,166.05999755859375,144.6999969482422,64.75647735595703,311.70001220703125,1028.739990234375
2026-07-23 04:00:00,164.64999389648438,145.1199951171875,64.44778442382812,315.010009765625,1033.550048828125
2026-07-24 04:00:00,166.6699981689453,147.6300048828125,65.3240737915039,322.4800109863281,1084.239990234375
2026-07-27 04:00:00,166.74000549316406,147.25999450683594,65.22450256347656,324.0199890136719,1046.7900390625
2026-07-28 04:00:00,171.5,147.1199951171875,65.45353698730469,330.4700012207031,1034.8599853515625
2026-07-29 04:00:00,179.25999450683594,145.47000122070312,65.26432800292969,329.44000244140625,1008.02001953125
2026-07-30 04:00:00,174.4600067138672,146.19000244140625,64.15899658203125,317.45001220703125,1047.530029296875
2026-07-31 04:00:00,173.36000061035156,144.61000061035156,63.869998931884766,324.1700134277344,1019.280029296875
2026-08-03 04:00:00,173.0,144.14999389648438,63.47999954223633,325.8999938964844,1031.43994140625
2026-08-04 04:00:00,175.25,139.0500030517578,62.900001525878906,326.489990234375,1051.530029296875
2026-08-05 04:00:00,168.07000732421875,140.75999450683594,62.70000076293945,327.3399963378906,1056.199951171875
2026-08-06 04:00:00,171.1999969482422,139.13999938964844,62.36000061035156,327.0,1052.8599853515625
2026-08-07 04:00:00,172.5399932861328,140.16000366210938,62.5099983215332,328.3999938964844,1042.6199951171875
2026-08-10 04:00:00,169.11000061035156,138.75999450683594,61.88999938964844,325.7099914550781,1043.3800048828125
2026-08-11 04:00:00,169.5500030517578,139.5,61.88999938964844,325.1000061035156,1032.4000244140625
2026-08-12 04:00:00,170.42999267578125,140.72999572753906,62.59000015258789,323.5799865722656,1069.1700439453125
2026-08-13 04:00:00,174.19000244140625,141.2100067138672,62.95000076293945,328.7200012207031,1073.780029296875
