Date,AAPL,MSFT,NVDA,GOOGL,META
2014-01-02 05:00:00,17.110132217407227,30.694435119628906,0.37340855598449707,27.611021041870117,54.23374557495117
2014-01-03 05:00:00,16.734289169311523,30.487945556640625,0.36893513798713684,27.409605026245117,54.085044860839844
2014-01-06 05:00:00,16.825542449951172,29.843650817871094,0.37387943267822266,27.7152042388916,56.70207214355469
2014-01-07 05:00:00,16.705211639404297,30.07493782043457,0.3800010085105896,28.2495059967041,57.41579818725586
2014-01-08 05:00:00,16.81100845336914,29.53803253173828,0.38518059253692627,28.30829429626465,57.72309875488281
2014-01-09 05:00:00,16.596328735351562,29.348031997680664,0.3708186447620392,28.035686492919922,56.72188949584961
2014-01-10 05:00:00,16.485586166381836,29.769302368164062,0.3703477680683136,28.034198760986328,57.43562316894531
2014-01-13 05:00:00,16.57188606262207,28.89375114440918,0.3616364300251007,27.855602264404297,55.42329788208008
2014-01-14 05:00:00,16.90164566040039,29.554550170898438,0.3729376494884491,28.51095199584961,57.237369537353516
2014-01-15 05:00:00,17.240976333618164,30.36404037475586,0.3769402801990509,28.49160385131836,57.09858322143555
2014-01-16 05:00:00,17.144771575927734,30.471412658691406,0.37811732292175293,28.68012046813965,56.6921501159668
2014-01-17 05:00:00,16.724702835083008,30.050155639648438,0.37646928429603577,28.538982391357422,55.80989456176758
2014-01-21 05:00:00,16.98453712463379,29.876686096191406,0.37788188457489014,28.86566925048828,58.00066375732422
2014-01-22 05:00:00,17.060012817382812,29.678443908691406,0.3774110972881317,28.898406982421875,57.00936508178711
2014-01-23 05:00:00,17.204471588134766,29.78583335876465,0.3759983479976654,28.7763671875,56.137027740478516
2014-01-24 05:00:00,16.891742706298828,30.40534210205078,0.3663453459739685,27.876684188842773,53.976016998291016
2014-01-27 05:00:00,17.02877426147461,29.761049270629883,0.3639908730983734,27.316091537475586,53.083839416503906
2014-01-28 05:00:00,15.66771411895752,29.95929718017578,0.3675225079059601,27.85634422302246,54.659996032714844
2014-01-29 05:00:00,15.48984432220459,30.281444549560547,0.3639908730983734,27.457231521606445,53.06401824951172
2014-01-30 05:00:00,15.459833145141602,30.446645736694336,0.3701123595237732,28.163433074951172,60.54829788208008
2014-01-31 05:00:00,15.485204696655273,31.25611686706543,0.3696414828300476,29.294048309326172,62.02531814575195
2014-02-03 05:00:00,15.5139741897583,30.132761001586914,0.3646971583366394,28.11481475830078,60.94481658935547
2014-02-04 05:00:00,15.738543510437012,30.025379180908203,0.36681631207466125,28.232141494750977,62.20375442504883
2014-02-05 05:00:00,15.856095314025879,29.58759880065918,0.3635201156139374,28.357160568237305,61.64862823486328
2014-02-06 05:00:00,15.948518753051758,29.884950637817383,0.36822885274887085,28.772891998291016,61.61888885498047
2014-02-07 05:00:00,16.171630859375,30.198837280273438,0.3736439645290375,29.20648765563965,63.76008224487305
2014-02-10 05:00:00,16.461349487304688,30.397075653076172,0.3748212158679962,29.094615936279297,62.99679183959961
2014-02-11 05:00:00,16.678241729736328,30.702693939208984,0.38259056210517883,29.52250099182129,64.28549194335938
2014-02-12 05:00:00,16.677000045776367,30.950498580932617,0.3962463140487671,29.43593406677246,63.888954162597656
2014-02-13 05:00:00,16.94182014465332,31.066143035888672,0.4087246358394623,29.763607025146484,66.7438735961914
2014-02-14 05:00:00,16.928129196166992,31.07440757751465,0.42167380452156067,29.835540771484375,66.50596618652344
2014-02-18 05:00:00,16.9903621673584,31.140981674194336,0.4214383661746979,30.035966873168945,66.71415710449219
2014-02-19 05:00:00,16.722116470336914,31.215869903564453,0.42708897590637207,29.82413101196289,67.46752166748047
2014-02-20 05:00:00,16.528560638427734,31.41560935974121,0.4421570897102356,29.868040084838867,69.02386474609375
2014-02-21 05:00:00,16.34496307373047,31.607011795043945,0.4388609826564789,29.860097885131836,67.99291229248047
2014-02-24 05:00:00,16.416534423828125,31.36566162109375,0.4452178180217743,30.076396942138672,70.16385650634766
2014-02-25 05:00:00,16.24569320678711,31.2408504486084,0.44320768117904663,30.262191772460938,69.24193572998047
2014-02-26 05:00:00,16.099132537841797,31.182594299316406,0.442498117685318,30.266407012939453,68.6570816040039
2014-02-27 05:00:00,16.420270919799805,31.507156372070312,0.43753156065940857,30.242589950561523,68.3398666381836
2014-02-28 05:00:00,16.375770568847656,31.881641387939453,0.43469351530075073,30.1542911529541,67.86404418945312
2014-03-03 05:00:00,16.423067092895508,31.44057273864746,0.4325648844242096,29.83281135559082,66.82318115234375
2014-03-04 05:00:00,16.531356811523438,31.964855194091797,0.43705835938453674,30.135929107666016,68.20108795166016
2014-03-05 05:00:00,16.566213607788086,31.7152042388916,0.44084250926971436,30.219026565551758,70.94697570800781
2014-03-06 05:00:00,16.516122817993164,31.74847984313965,0.43469351530075073,30.252511978149414,70.22332000732422
2014-03-07 05:00:00,16.506473541259766,31.540441513061523,0.43422049283981323,30.13295555114746,69.1923828125
2014-03-10 04:00:00,16.52140235900879,31.473861694335938,0.4278349280357361,30.053081512451172,71.4029769897461
2014-03-11 04:00:00,16.682289123535156,31.640300750732422,0.4320918917655945,29.765840530395508,69.4897689819336
2014-03-12 04:00:00,16.698467254638672,31.848356246948242,0.4332744777202606,29.947166442871094,70.2629623413086
2014-03-13 04:00:00,16.51300048828125,31.532108306884766,0.41955721378326416,29.494722366333008,68.2308349609375
2014-03-14 04:00:00,16.327537536621094,31.374000549316406,0.4214492738246918,29.091388702392578,67.13048553466797
2014-03-17 04:00:00,16.391326904296875,31.665264129638672,0.4214492738246918,29.570127487182617,68.1416015625
2014-03-18 04:00:00,16.536346435546875,32.913570404052734,0.4313823878765106,30.045391082763672,68.58769989013672
2014-03-19 04:00:00,16.53199005126953,32.68056106567383,0.4389505088329315,29.74748420715332,67.64595794677734
2014-03-20 04:00:00,16.45232582092285,33.562686920166016,0.4391869902610779,29.695640563964844,66.38702392578125
2014-03-21 04:00:00,16.58208465576172,33.421207427978516,0.4384775161743164,29.34539222717285,66.6546630859375
2014-03-24 04:00:00,16.778757095336914,33.70416259765625,0.4363490343093872,28.722537994384766,63.5419921875
2014-03-25 04:00:00,16.959247589111328,33.57100296020508,0.4363490343093872,28.74213409423828,64.32512664794922
2014-03-26 04:00:00,16.7971134185791,33.11329650878906,0.42641589045524597,28.078598022460938,59.86429977416992
2014-03-27 04:00:00,16.724916458129883,32.75545120239258,0.4207397401332855,27.63979721069336,60.43924331665039
2014-03-28 04:00:00,16.70625114440918,33.537715911865234,0.4233413338661194,27.785404205322266,59.48760223388672
2014-03-31 04:00:00,16.702510833740234,34.111934661865234,0.42357775568962097,27.645503997802734,59.71560287475586
2014-04-01 04:00:00,16.85530662536621,34.46978759765625,0.4410790801048279,28.151031494140625,62.07488250732422
2014-04-02 04:00:00,16.883316040039062,34.411529541015625,0.43824097514152527,28.15623664855957,62.17401123046875
2014-04-03 04:00:00,16.766305923461914,34.12858581542969,0.44297105073928833,28.3238468170166,58.972137451171875
2014-04-04 04:00:00,16.549409866333008,33.179874420166016,0.42925384640693665,27.02288055419922,56.255985260009766
2014-04-07 04:00:00,16.289569854736328,33.12163162231445,0.43067288398742676,26.79391098022461,56.45424270629883
2014-04-08 04:00:00,16.288639068603516,33.138267517089844,0.4460456073284149,27.630495071411133,57.683448791503906
2014-04-09 04:00:00,16.502742767333984,33.67919158935547,0.4455726444721222,28.10280418395996,61.8667106628418
2014-04-10 04:00:00,16.289886474609375,32.75545120239258,0.43469351530075073,27.094247817993164,58.64500045776367
2014-04-11 04:00:00,16.169458389282227,32.630619049072266,0.4285443425178528,26.651676177978516,58.02048873901367
2014-04-14 04:00:00,16.233869552612305,32.60566329956055,0.4332744777202606,27.020402908325195,58.377357482910156
2014-04-15 04:00:00,16.11811065673828,33.08000946044922,0.4363490343093872,27.193862915039062,58.57561492919922
2014-04-16 04:00:00,16.15078353881836,33.62094497680664,0.43729496002197266,27.94718360900879,59.200130462646484
2014-04-17 04:00:00,16.33531379699707,33.296382904052734,0.4389505088329315,26.92822265625,58.42691421508789
2014-04-21 04:00:00,16.529186248779297,33.238128662109375,0.442498117685318,26.731468200683594,60.7068977355957
2014-04-22 04:00:00,16.54568099975586,33.279727935791016,0.44628211855888367,27.0352725982666,62.481319427490234
2014-04-23 04:00:00,16.329408645629883,33.030059814453125,0.45148521661758423,26.639284133911133,60.82585906982422
2014-04-24 04:00:00,17.668121337890625,33.171566009521484,0.45550569891929626,26.487133026123047,60.34012222290039
2014-04-25 04:00:00,17.797889709472656,33.213157653808594,0.44297105073928833,25.92511558532715,57.20762634277344
2014-04-28 04:00:00,18.487163543701172,34.012081146240234,0.4410790801048279,25.919170379638672,55.65129089355469
2014-04-29 04:00:00,18.432392120361328,33.712486267089844,0.44202497601509094,26.580801010131836,57.64379119873047
2014-04-30 04:00:00,18.362686157226562,33.62094497680664,0.43682196736335754,26.50893783569336,59.259605407714844
2014-05-01 04:00:00,18.405942916870117,33.28805160522461,0.4391869902610779,26.689834594726562,60.61768341064453
2014-05-02 04:00:00,18.440168380737305,33.030059814453125,0.4358760118484497,26.45888328552246,59.93368911743164
2014-05-05 04:00:00,18.700946807861328,32.813697814941406,0.4406059980392456,26.5312442779541,60.68707275390625
2014-05-06 04:00:00,18.49712371826172,32.50578308105469,0.43161892890930176,25.898849487304688,58.02048873901367
2014-05-07 04:00:00,18.432392120361328,32.80537796020508,0.4320918917655945,25.6723575592041,56.89041519165039
2014-05-08 04:00:00,18.399539947509766,32.98847198486328,0.43753156065940857,25.7799015045166,56.26590347290039
2014-05-09 04:00:00,18.322866439819336,32.90523910522461,0.4268888235092163,26.099573135375977,56.74171829223633
2014-05-12 04:00:00,18.550994873046875,33.263084411621094,0.4394235610961914,26.68487548828125,59.30917739868164
2014-05-13 04:00:00,18.580087661743164,33.874881744384766,0.432328462600708,26.839014053344727,59.30917739868164
2014-05-14 04:00:00,18.583532333374023,33.724037170410156,0.42807140946388245,26.485647201538086,58.71439743041992
2014-05-15 04:00:00,18.425500869750977,33.18766403198242,0.4257063567638397,26.223468780517578,57.41579818725586
2014-05-16 04:00:00,18.697437286376953,33.38043975830078,0.4247603416442871,26.182832717895508,57.51492691040039
2014-05-19 04:00:00,18.918977737426758,33.313377380371094,0.4384775161743164,26.704702377319336,58.69456481933594
2014-05-20 04:00:00,18.9227352142334,33.254703521728516,0.4333692193031311,26.782018661499023,58.05023193359375
2014-05-21 04:00:00,18.972810745239258,33.816219329833984,0.4333692193031311,27.243425369262695,59.96342849731445
2014-05-22 04:00:00,19.00284767150879,33.60669708251953,0.4352700114250183,27.528398513793945,59.99317169189453
2014-05-23 04:00:00,19.217512130737305,33.62346267700195,0.43930914998054504,27.942228317260742,60.81594467163086
2014-05-27 04:00:00,19.57737159729004,33.68213653564453,0.4471496045589447,28.490861892700195,62.927398681640625
2014-05-28 04:00:00,19.526681900024414,33.531272888183594,0.45095115900039673,28.271808624267578,62.95713806152344
2014-05-29 04:00:00,19.882469177246094,33.80783462524414,0.45023834705352783,28.27726173400879,63.27435302734375
2014-05-30 04:00:00,19.808006286621094,34.31069564819336,0.45142626762390137,28.331279754638672,62.748966217041016
2014-06-02 04:00:00,19.67188262939453,34.18497848510742,0.4500007629394531,27.968992233276367,62.5308837890625
2014-06-03 04:00:00,19.9500675201416,33.76594924926758,0.4481000304222107,27.481813430786133,62.32270812988281
2014-06-04 04:00:00,20.177871704101562,33.791080474853516,0.4485752582550049,27.444644927978516,62.78861999511719
2014-06-05 04:00:00,20.25704002380371,34.53696823120117,0.45047593116760254,27.998231887817383,62.639915466308594
2014-06-06 04:00:00,20.201335906982422,34.76324462890625,0.4521390497684479,28.052753448486328,61.955928802490234
2014-06-09 04:00:00,20.52459144592285,34.58725357055664,0.45261427760124207,28.285688400268555,62.33262252807617
2014-06-10 04:00:00,20.645069122314453,34.453155517578125,0.4549901783466339,28.165254592895508,65.19745635986328
2014-06-11 04:00:00,20.559642791748047,34.24363708496094,0.4609300196170807,28.1256046295166,65.2073745727539
2014-06-12 04:00:00,20.215736389160156,34.008968353271484,0.46378105878829956,27.72911834716797,63.7303466796875
2014-06-13 04:00:00,19.994504928588867,34.55373001098633,0.4642563760280609,27.7712459564209,63.93851089477539
2014-06-16 04:00:00,20.196020126342773,34.779998779296875,0.4628308117389679,27.372282028198242,63.63121795654297
2014-06-17 04:00:00,20.169736862182617,34.93085479736328,0.46591952443122864,27.289020538330078,63.839393615722656
2014-06-18 04:00:00,20.19163703918457,34.90571975708008,0.4654441773891449,27.78661346435547,65.02894592285156
2014-06-19 04:00:00,20.121545791625977,34.788394927978516,0.4547525644302368,28.00120735168457,63.7799072265625
2014-06-20 04:00:00,19.9134521484375,34.93085479736328,0.44976311922073364,28.077035903930664,63.93851089477539
2014-06-23 04:00:00,19.895933151245117,35.19065475463867,0.4445360600948334,28.462120056152344,64.80094909667969
2014-06-24 04:00:00,19.775455474853516,34.98951721191406,0.4376458525657654,28.375391006469727,65.14791107177734
2014-06-25 04:00:00,19.79297637939453,35.22417068481445,0.44216012954711914,29.039003372192383,66.85293579101562
2014-06-26 04:00:00,19.91126823425293,34.96438217163086,0.43622034788131714,28.981515884399414,66.54562377929688
2014-06-27 04:00:00,20.147829055786133,35.40856170654297,0.43669557571411133,29.02710723876953,67.01152801513672
2014-06-30 04:00:00,20.355918884277344,34.94761276245117,0.4404970705509186,28.9765567779541,66.70423126220703
2014-07-01 04:00:00,20.485164642333984,35.090091705322266,0.44548651576042175,29.314563751220703,67.46752166748047
2014-07-02 04:00:00,20.47640037536621,35.115238189697266,0.44382336735725403,29.279373168945312,65.87153625488281
2014-07-03 04:00:00,20.596874237060547,35.03144073486328,0.4478624165058136,29.393360137939453,65.71293640136719
2014-07-07 04:00:00,21.021820068359375,35.19065475463867,0.44429853558540344,29.278383255004883,64.72164154052734
2014-07-08 04:00:00,20.886016845703125,35.0146598815918,0.44073471426963806,28.665813446044922,62.213661193847656
2014-07-09 04:00:00,20.894779205322266,34.9224739074707,0.45403987169265747,28.911632537841797,64.4044418334961
2014-07-10 04:00:00,20.818105697631836,34.93926239013672,0.45166394114494324,28.747095108032227,64.30530548095703
2014-07-11 04:00:00,20.857540130615234,35.27446746826172,0.45261427760124207,29.074689865112305,65.76249694824219
2014-07-14 04:00:00,21.12696647644043,35.316368103027344,0.4583165943622589,29.451845169067383,67.30892944335938
2014-07-15 04:00:00,20.87944221496582,35.57616424560547,0.4602172374725342,29.39237403869629,66.58526611328125
2014-07-16 04:00:00,20.761159896850586,36.942230224609375,0.4597420394420624,29.271442413330078,67.07100677490234
2014-07-17 04:00:00,20.390975952148438,37.319374084472656,0.45855405926704407,28.785749435424805,65.8318862915039
2014-07-18 04:00:00,20.68448829650879,37.45344924926758,0.43812111020088196,29.989574432373047,67.82438659667969
2014-07-21 04:00:00,20.577159881591797,37.579158782958984,0.44073471426963806,29.659006118774414,68.7958755493164
2014-07-22 04:00:00,20.74802017211914,37.570777893066406,0.43883389234542847,29.91324806213379,68.6669921875
2014-07-23 04:00:00,21.2890625,37.60430145263672,0.42956778407096863,29.993539810180664,70.6694107055664
2014-07-24 04:00:00,21.254011154174805,37.210418701171875,0.4302804470062256,29.885496139526367,74.3272933959961
2014-07-25 04:00:00,21.39419937133789,37.29422378540039,0.42267748713493347,29.641164779663086,74.53547668457031
2014-07-28 04:00:00,21.689912796020508,36.85005569458008,0.4210144579410553,29.687753677368164,74.26780700683594
2014-07-29 04:00:00,21.54973030090332,36.78300094604492,0.4224400222301483,29.436479568481445,73.06834411621094
2014-07-30 04:00:00,21.49934196472168,36.52320098876953,0.42956778407096863,29.510324478149414,74.0299072265625
2014-07-31 04:00:00,20.940786361694336,36.171207427978516,0.41578736901283264,28.722808837890625,72.017578125
2014-08-01 04:00:00,21.05687141418457,35.91979217529297,0.4203017055988312,28.42792320251465,71.73009490966797
2014-08-04 04:00:00,20.93858528137207,36.34721374511719,0.41935133934020996,28.85761260986328,72.87008666992188
2014-08-05 04:00:00,20.835634231567383,36.10417556762695,0.4195888936519623,28.405126571655273,72.0572280883789
2014-08-06 04:00:00,20.800588607788086,35.8192138671875,0.41911381483078003,28.47203254699707,71.83914184570312
2014-08-07 04:00:00,20.79838752746582,36.22986602783203,0.4148370325565338,28.339204788208008,72.53304290771484
2014-08-08 04:00:00,20.855621337890625,36.20473098754883,0.45142626762390137,28.643014907836914,72.42399597167969
2014-08-11 04:00:00,21.130796432495117,36.20473098754883,0.44905033707618713,28.60881805419922,72.80070495605469
2014-08-12 04:00:00,21.126386642456055,36.472900390625,0.44905033707618713,28.354578018188477,72.19601440429688
2014-08-13 04:00:00,21.405956268310547,36.942230224609375,0.45166394114494324,28.971107482910156,73.12782287597656
2014-08-14 04:00:00,21.463197708129883,37.1014518737793,0.4466744661331177,28.975568771362305,73.65320587158203
2014-08-15 04:00:00,21.568864822387695,37.53727340698242,0.45237675309181213,28.928979873657227,72.9890365600586
2014-08-18 04:00:00,21.828622817993164,37.805442810058594,0.45855405926704407,29.374526977539062,73.94068908691406
2014-08-19 04:00:00,22.13020896911621,38.22710418701172,0.4622531235218048,29.593088150024414,74.63460540771484
2014-08-20 04:00:00,22.139013290405273,37.90665054321289,0.45938947796821594,29.508838653564453,74.15876007080078
2014-08-21 04:00:00,22.141206741333008,38.13434982299805,0.45509377121925354,29.360654830932617,73.92085266113281
2014-08-22 04:00:00,22.30411148071289,38.0753059387207,0.4553324580192566,29.36659812927246,73.92085266113281
2014-08-25 04:00:00,22.352535247802734,38.092166900634766,0.45604825019836426,29.268962860107422,74.366943359375
2014-08-26 04:00:00,22.209453582763672,37.95724105834961,0.4641621708869934,29.14754295349121,75.29876708984375
2014-08-27 04:00:00,22.482418060302734,37.83919143676758,0.45891210436820984,28.8937931060791,73.98033142089844
2014-08-28 04:00:00,22.508834838867188,37.847618103027344,0.462730348110199,28.760971069335938,73.21703338623047
2014-08-29 04:00:00,22.563867568969727,38.31143569946289,0.4641621708869934,28.86207389831543,74.16868591308594
2014-09-02 04:00:00,22.73998260498047,38.02470016479492,0.46535545587539673,29.172815322875977,76.01248931884766
2014-09-03 04:00:00,21.78019142150879,37.91507339477539,0.4696509838104248,29.21692657470703,75.16988372802734
2014-09-04 04:00:00,21.59967803955078,38.16807174682617,0.47800347208976746,29.396331787109375,75.28884887695312
2014-09-05 04:00:00,21.786794662475586,38.71620559692383,0.4765717089176178,29.626296997070312,76.58744812011719
2014-09-08 04:00:00,21.652511596679688,39.1884651184082,0.47227612137794495,29.81710433959961,77.21195983886719
2014-09-09 04:00:00,21.571056365966797,39.433013916015625,0.4663099944591522,29.338350296020508,76.0025863647461
2014-09-10 04:00:00,22.233665466308594,39.500492095947266,0.4679804742336273,29.410213470458984,76.75596618652344
2014-09-11 04:00:00,22.32832145690918,39.63542938232422,0.4632077217102051,29.29572868347168,77.24169158935547
2014-09-12 04:00:00,22.37896156311035,39.38243103027344,0.4562869668006897,28.987957000732422,76.80552673339844
2014-09-15 04:00:00,22.372356414794922,38.994510650634766,0.4500822126865387,28.82638931274414,73.93077850341797
2014-09-16 04:00:00,22.202848434448242,39.433013916015625,0.45676425099372864,29.180252075195312,75.41771697998047
2014-09-17 04:00:00,22.361351013183594,39.23063659667969,0.4570028781890869,29.403772354125977,75.7646713256836
2014-09-18 04:00:00,22.407583236694336,39.365562438964844,0.4639236330986023,29.601016998291016,76.3297119140625
2014-09-19 04:00:00,22.2248592376709,40.07394027709961,0.4553324580192566,30.003952026367188,77.23178100585938
2014-09-22 04:00:00,22.246875762939453,39.6860237121582,0.4507980942726135,29.601016998291016,76.1314468383789
2014-09-23 04:00:00,22.59469223022461,39.26435852050781,0.44888898730278015,29.299196243286133,77.60848236083984
2014-09-24 04:00:00,22.398767471313477,39.70289611816406,0.45151400566101074,29.65801429748535,77.85630798339844
2014-09-25 04:00:00,21.544645309448242,38.82585525512695,0.4417296051979065,29.005306243896484,76.54779052734375
2014-09-26 04:00:00,22.17863655090332,39.13787078857422,0.4426843523979187,29.136642456054688,78.1041259765625
2014-09-29 04:00:00,22.03774642944336,39.16317367553711,0.4419683814048767,29.132177352905273,78.31229400634766
2014-09-30 04:00:00,22.17863655090332,39.095706939697266,0.4402979016304016,29.16191291809082,78.35195922851562
2014-10-01 04:00:00,21.83302116394043,38.70779037475586,0.436002254486084,28.726774215698242,75.88362884521484
2014-10-02 04:00:00,21.99151611328125,38.589725494384766,0.43409299850463867,28.788724899291992,76.40901184082031
2014-10-03 04:00:00,21.929882049560547,38.86801528930664,0.43504759669303894,29.05486488342285,76.76588439941406
2014-10-06 04:00:00,21.929882049560547,38.86801528930664,0.4324224889278412,29.130693435668945,76.88482666015625
2014-10-07 04:00:00,21.738365173339844,38.3957633972168,0.4278883635997772,28.45270347595215,75.62589263916016
2014-10-08 04:00:00,22.189647674560547,39.449913024902344,0.4357635974884033,28.930465698242188,76.84518432617188
2014-10-09 04:00:00,22.23807144165039,38.66561508178711,0.4274110496044159,28.289648056030273,75.24919891357422
2014-10-10 04:00:00,22.174240112304688,37.13080596923828,0.40211471915245056,27.515512466430664,72.27532196044922
2014-10-13 04:00:00,21.971710205078125,36.81035232543945,0.4006829559803009,26.99810218811035,72.3546142578125
2014-10-14 04:00:00,21.738365173339844,36.8778076171875,0.40999001264572144,27.193370819091797,72.94938659667969
2014-10-15 04:00:00,21.47200584411621,36.44772720336914,0.4161948561668396,26.798871994018555,72.57270050048828
2014-10-16 04:00:00,21.190221786499023,36.04294204711914,0.41643354296684265,26.61004638671875,71.99774169921875
2014-10-17 04:00:00,21.5006160736084,36.79347229003906,0.4157175123691559,25.918672561645508,75.28884887695312
2014-10-20 04:00:00,21.960697174072266,37.17295455932617,0.4192972481250763,26.38503646850586,76.28013610839844
2014-10-21 04:00:00,22.557268142700195,37.847618103027344,0.4371955394744873,26.665056228637695,78.00498962402344
2014-10-22 04:00:00,22.67173957824707,37.425960540771484,0.42693376541137695,26.89600944519043,77.68778991699219
2014-10-23 04:00:00,23.076780319213867,37.96567153930664,0.4364796280860901,27.439193725585938,79.34326171875
2014-10-24 04:00:00,23.16264533996582,38.90175247192383,0.44101372361183167,27.203777313232422,79.96775817871094
2014-10-27 04:00:00,23.138429641723633,38.71620559692383,0.4412522614002228,27.252347946166992,79.5811538696289
2014-10-28 04:00:00,23.49724578857422,39.205345153808594,0.4517527222633362,27.701364517211914,80.0668716430664
2014-10-29 04:00:00,23.629329681396484,39.3149528503418,0.44888898730278015,27.67708396911621,75.19963836669922
2014-10-30 04:00:00,23.550081253051758,38.83427810668945,0.4460252821445465,27.767282485961914,73.46485900878906
2014-10-31 04:00:00,23.774614334106445,39.5932502746582,0.4663099944591522,28.143939971923828,74.33719635009766
2014-11-03 05:00:00,24.08280372619629,40.0064582824707,0.4741852879524231,27.940738677978516,73.23686218261719
2014-11-04 05:00:00,23.906696319580078,40.116111755371094,0.4803900122642517,27.96156120300293,75.10050201416016
2014-11-05 05:00:00,23.96393394470215,40.360660552978516,0.4803900122642517,27.553180694580078,74.17860412597656
2014-11-06 05:00:00,24.032472610473633,41.069053649902344,0.48253777623176575,27.342050552368164,74.60485076904297
2014-11-07 05:00:00,24.101009368896484,41.05217361450195,0.47227612137794495,27.348491668701172,74.94190216064453
2014-11-10 05:00:00,24.06121253967285,41.22927474975586,0.47776490449905396,27.666175842285156,74.34712982177734
2014-11-11 05:00:00,24.253557205200195,41.21240997314453,0.4720374345779419,27.817834854125977,73.96050262451172
2014-11-12 05:00:00,24.596250534057617,41.13650894165039,0.4689350128173828,27.66716957092285,74.0695571899414
2014-11-13 05:00:00,24.943359375,41.836463928222656,0.4665485918521881,27.577465057373047,73.60365295410156
2014-11-14 05:00:00,25.24403953552246,41.81116485595703,0.47227612137794495,27.515512466430664,74.2281494140625
2014-11-17 05:00:00,25.202035903930664,41.7099609375,0.4701284170150757,27.091772079467773,73.59373474121094
2014-11-18 05:00:00,25.52924346923828,41.362022399902344,0.4813444912433624,26.986207962036133,73.69285583496094
2014-11-19 05:00:00,25.352378845214844,40.920738220214844,0.4795471429824829,27.119522094726562,72.691650390625
2014-11-20 05:00:00,25.714969635009766,41.32807159423828,0.48745569586753845,26.949039459228516,72.95930480957031
2014-11-21 05:00:00,25.750337600708008,40.717071533203125,0.49009212851524353,27.054601669311523,73.10799407958984
2014-11-24 05:00:00,26.227890014648438,40.3860969543457,0.49320754408836365,27.13340187072754,73.36573791503906
2014-11-25 05:00:00,26.000164031982422,40.284271240234375,0.49296748638153076,27.220134735107422,74.97162628173828
2014-11-26 05:00:00,26.309696197509766,40.521881103515625,0.5013558268547058,27.14579200744629,76.94432067871094
2014-11-28 05:00:00,26.294219970703125,40.57279586791992,0.5025539994239807,27.21269989013672,77.02362060546875
2014-12-01 05:00:00,25.440813064575195,41.26017379760742,0.49320754408836365,26.745344161987305,74.44625091552734
2014-12-02 05:00:00,25.34353256225586,41.12440872192383,0.493926465511322,26.69281005859375,74.80311584472656
2014-12-03 05:00:00,25.630950927734375,40.801937103271484,0.5066279172897339,26.612520217895508,74.2281494140625
2014-12-04 05:00:00,25.533672332763672,41.446895599365234,0.5020744204521179,26.89055633544922,74.58502960205078
2014-12-05 05:00:00,25.425342559814453,41.0904655456543,0.5049506425857544,26.171926498413086,75.69527435302734
2014-12-08 05:00:00,24.850500106811523,40.479454040527344,0.4984797239303589,26.30326271057129,75.85387420654297
2014-12-09 05:00:00,25.230775833129883,40.3860969543457,0.49680203199386597,26.569900512695312,76.17110443115234
2014-12-10 05:00:00,24.75101089477539,39.800533294677734,0.4857781231403351,26.169944763183594,75.516845703125
2014-12-11 05:00:00,24.678050994873047,40.02967834472656,0.4855384826660156,26.37165641784668,77.05335235595703
2014-12-12 05:00:00,24.260194778442383,39.84297180175781,0.47044023871421814,25.846317291259766,77.1524887084961
2014-12-15 05:00:00,23.928556442260742,39.60536575317383,0.4690024256706238,25.565305709838867,76.31979370117188
2014-12-16 05:00:00,23.60134506225586,38.323936462402344,0.4637300372123718,24.689075469970703,74.0398178100586
2014-12-17 05:00:00,24.189441680908203,38.81614685058594,0.4826626479625702,25.099933624267578,75.44746398925781
2014-12-18 05:00:00,24.90577507019043,40.326698303222656,0.4845799505710602,25.504844665527344,77.71752166748047
2014-12-19 05:00:00,24.71342658996582,40.44550323486328,0.48937302827835083,25.773462295532227,79.18463897705078
2014-12-22 05:00:00,24.96988296508789,40.717071533203125,0.4980003237724304,26.381071090698242,80.74095916748047
2014-12-23 05:00:00,24.88145637512207,41.11592102050781,0.4948849081993103,26.701730728149414,79.90826416015625
2014-12-24 05:00:00,24.7642765045166,40.85284423828125,0.49296748638153076,26.610538482666016,80.0668716430664
2014-12-26 05:00:00,25.202035903930664,40.632198333740234,0.49344706535339355,26.838024139404297,80.07678985595703
2014-12-29 05:00:00,25.184350967407227,40.26728820800781,0.4927281141281128,26.629371643066406,79.32341766357422
2014-12-30 05:00:00,24.877033233642578,39.90238571166992,0.48817476630210876,26.528762817382812,78.53038787841797
2014-12-31 05:00:00,24.40390396118164,39.418678283691406,0.4805058538913727,26.299795150756836,77.34083557128906
2015-01-02 05:00:00,24.171754837036133,39.68172836303711,0.4824230372905731,26.244783401489258,77.76707458496094
2015-01-05 05:00:00,23.490800857543945,39.316837310791016,0.4742748439311981,25.74471664428711,76.51806640625
2015-01-06 05:00:00,23.493011474609375,38.73976516723633,0.45989561080932617,25.109352111816406,75.48709869384766
2015-01-07 05:00:00,23.822437286376953,39.23197555541992,0.4586973190307617,25.035503387451172,75.48709869384766
2015-01-08 05:00:00,24.737735748291016,40.3860969543457,0.4759523272514343,25.122732162475586,77.49943542480469
2015-01-09 05:00:00,24.7642765045166,40.046653747558594,0.47786954045295715,24.81595230102539,77.0632553100586
2015-01-12 05:00:00,24.15406608581543,39.545955657958984,0.47187840938568115,24.63456153869629,76.05213928222656
2015-01-13 05:00:00,24.368528366088867,39.34229278564453,0.4711592197418213,24.869478225708008,75.78450012207031
2015-01-14 05:00:00,24.275663375854492,39.002838134765625,0.4730764627456665,25.07416343688965,75.61598205566406
2015-01-15 05:00:00,23.616819381713867,38.59550857543945,0.4697214365005493,24.979005813598633,73.40538787841797
2015-01-16 05:00:00,23.433313369750977,39.240455627441406,0.4783489406108856,25.298673629760742,74.52555084228516
2015-01-20 05:00:00,24.036895751953125,39.367759704589844,0.47978687286376953,25.272897720336914,75.57632446289062
2015-01-21 05:00:00,24.220399856567383,38.968902587890625,0.4864969849586487,25.79080581665039,76.07197570800781
2015-01-22 05:00:00,24.850500106811523,39.9957275390625,0.4948849081993103,26.628873825073242,76.97403717041016
2015-01-23 05:00:00,24.978740692138672,40.03816604614258,0.4963231384754181,26.859331130981445,77.1524887084961
2015-01-26 05:00:00,25.0052547454834,39.89389419555664,0.49416592717170715,26.60013198852539,76.82535552978516
2015-01-27 05:00:00,24.129751205444336,36.20236587524414,0.47044023871421814,25.830455780029297,75.12033081054688
2015-01-28 05:00:00,25.493873596191406,34.95489501953125,0.4627714455127716,25.396305084228516,75.57632446289062
2015-01-29 05:00:00,26.28758430480957,35.6507682800293,0.4740351736545563,25.435955047607422,77.32100677490234
2015-01-30 05:00:00,25.90290069580078,34.28449630737305,0.46013525128364563,26.641265869140625,75.24919891357422
2015-02-02 05:00:00,26.227890014648438,35.03127670288086,0.47020068764686584,26.376115798950195,74.33719635009766
2015-02-03 05:00:00,26.232318878173828,35.302833557128906,0.48194369673728943,26.430633544921875,74.7436294555664
2015-02-04 05:00:00,26.43349838256836,35.506492614746094,0.48314201831817627,26.07379722595215,74.97162628173828
2015-02-05 05:00:00,26.622175216674805,36.02418518066406,0.4910504221916199,26.258655548095703,74.95182037353516
2015-02-06 05:00:00,26.397994995117188,35.99022674560547,0.48889368772506714,26.459381103515625,73.82172393798828
2015-02-09 05:00:00,26.57335090637207,35.94780349731445,0.48841434717178345,26.231399536132812,73.7919921875
2015-02-10 05:00:00,27.083858489990234,36.15146255493164,0.5020744204521179,26.770620346069336,74.53547668457031
2015-02-11 05:00:00,27.71868133544922,35.96475601196289,0.49871957302093506,26.663564682006836,75.84396362304688
2015-02-12 05:00:00,28.069364547729492,36.56727981567383,0.5344278812408447,27.060548782348633,75.56641387939453
2015-02-13 05:00:00,28.206985473632812,37.229209899902344,0.5346676111221313,27.31578826904297,75.08067321777344
2015-02-17 05:00:00,28.373458862304688,37.246307373046875,0.5363450646400452,27.010988235473633,74.94190216064453
2015-02-18 05:00:00,28.571008682250977,37.20356369018555,0.5301141142845154,26.894023895263672,76.04222869873047
2015-02-19 05:00:00,28.511075973510742,37.17792510986328,0.5315520763397217,27.082355499267578,78.72865295410156
2015-02-20 05:00:00,28.744144439697266,37.485618591308594,0.5353866219520569,26.851900100708008,79.20446014404297
2015-02-23 05:00:00,29.521005630493164,37.73347091674805,0.531072735786438,26.51488494873047,78.1536865234375
2015-02-24 05:00:00,29.33677101135254,37.68217849731445,0.5367262959480286,26.695781707763672,77.76707458496094
2015-02-25 05:00:00,28.586544036865234,37.596717834472656,0.5326364040374756,27.125967025756836,78.86741638183594
2015-02-26 05:00:00,28.94833755493164,37.656558990478516,0.5340800881385803,27.718713760375977,79.71001434326172
2015-02-27 05:00:00,28.5132999420166,37.47706604003906,0.5307119488716125,27.884244918823242,78.28256225585938
2015-03-02 05:00:00,28.653125762939453,37.50271987915039,0.5437029004096985,28.498300552368164,79.05577087402344
2015-03-03 05:00:00,28.71306037902832,36.989898681640625,0.5335988998413086,28.685144424438477,78.90707397460938
2015-03-04 05:00:00,28.53105354309082,36.80188751220703,0.5396131873130798,28.6623477935791,80.19575500488281
2015-03-05 05:00:00,28.058269500732422,36.84459686279297,0.5499580502510071,28.815982818603516,80.50305938720703
2015-03-06 05:00:00,28.10044288635254,36.20362091064453,0.5425001978874207,28.393230438232422,79.31350708007812
2015-03-09 04:00:00,28.220312118530273,36.622413635253906,0.5439434051513672,28.45270347595215,78.74847412109375
2015-03-10 04:00:00,27.63654136657715,35.92158126831055,0.5533260703086853,27.74646759033203,76.87492370605469
2015-03-11 04:00:00,27.1326847076416,35.87883758544922,0.5504391193389893,27.540294647216797,76.89472961425781
2015-03-12 04:00:00,27.62322235107422,35.05836486816406,0.5453869700431824,27.811885833740234,78.24290466308594
2015-03-13 04:00:00,27.432336807250977,35.36604309082031,0.5461088418960571,27.40697479248047,77.37057495117188
2015-03-16 04:00:00,27.734209060668945,35.5198860168457,0.5526042580604553,27.835180282592773,77.39039611816406
2015-03-17 04:00:00,28.198110580444336,35.639549255371094,0.5593404769897461,27.635454177856445,78.66915893554688
2015-03-18 04:00:00,28.515522003173828,36.32326889038086,0.5501986742019653,28.059194564819336,80.2056655883789
2015-03-19 04:00:00,28.30021095275879,36.143798828125,0.5586187243461609,27.9357852935791,82.02964782714844
2015-03-20 04:00:00,27.945072174072266,36.64804458618164,0.5646330118179321,27.999225616455078,83.07051849365234
2015-03-23 04:00:00,28.23583984375,36.630950927734375,0.5463493466377258,28.020038604736328,83.69502258300781
2015-03-24 04:00:00,28.120424270629883,36.665130615234375,0.538891613483429,28.623191833496094,84.56736755371094
2015-03-25 04:00:00,27.385726928710938,35.434417724609375,0.5061731338500977,28.1008243560791,82.19817352294922
2015-03-26 04:00:00,27.576616287231445,35.22075271606445,0.5044889450073242,27.934297561645508,82.28738403320312
2015-03-27 04:00:00,27.35687255859375,35.015628814697266,0.5143526196479797,27.632478713989258,82.57486724853516
2015-03-30 04:00:00,28.049394607543945,35.00707244873047,0.5165178775787354,27.810396194458008,82.4757308959961
2015-03-31 04:00:00,27.618783950805664,34.75069808959961,0.5035267472267151,27.491228103637695,81.5042724609375
2015-04-01 04:00:00,27.578832626342773,34.80195999145508,0.5054513216018677,27.233020782470703,80.95904541015625
2015-04-02 04:00:00,27.81633186340332,34.4344596862793,0.5066540241241455,26.827613830566406,80.8499984741211
2015-04-06 04:00:00,28.26691246032715,35.5113410949707,0.5213293433189392,26.958450317382812,81.72235107421875
2015-04-07 04:00:00,27.969493865966797,35.49424362182617,0.5259003639221191,27.003557205200195,81.6033935546875
2015-04-08 04:00:00,27.878482818603516,35.40023422241211,0.5297496318817139,27.200801849365234,81.56373596191406
2015-04-09 04:00:00,28.091567993164062,35.45150375366211,0.5420188307762146,27.1601619720459,81.45469665527344
2015-04-10 04:00:00,28.211427688598633,35.6566276550293,0.547552227973938,27.185935974121094,81.32583618164062
2015-04-13 04:00:00,28.15593910217285,35.69081115722656,0.5425001978874207,27.190893173217773,82.28738403320312
2015-04-14 04:00:00,28.033859252929688,35.5967903137207,0.537929117679596,26.751787185668945,82.7929458618164
2015-04-15 04:00:00,28.14039421081543,36.11814498901367,0.544424831867218,26.814231872558594,81.99000549316406
2015-04-16 04:00:00,28.004995346069336,36.032684326171875,0.541056752204895,26.93714141845703,81.59347534179688
2015-04-17 04:00:00,27.689815521240234,35.571163177490234,0.5340800881385803,26.402877807617188,80.07678985595703
2015-04-20 04:00:00,28.322406768798828,36.673667907714844,0.531433641910553,26.987199783325195,82.36669158935547
2015-04-21 04:00:00,28.169252395629883,36.44291687011719,0.5307119488716125,26.907405853271484,82.89205932617188
2015-04-22 04:00:00,28.548803329467773,36.74205017089844,0.5367262959480286,27.217655181884766,83.89328002929688
2015-04-23 04:00:00,28.781869888305664,37.041175842285156,0.5345610976219177,27.628015518188477,81.6926040649414
2015-04-24 04:00:00,28.917268753051758,40.91282272338867,0.5299900770187378,28.430898666381836,80.82025909423828
2015-04-27 04:00:00,29.44331169128418,41.049556732177734,0.5340800881385803,28.05721092224121,81.19696807861328
2015-04-28 04:00:00,28.979415893554688,42.015342712402344,0.5367262959480286,27.970478057861328,79.97766876220703
2015-04-29 04:00:00,28.55324935913086,41.92987060546875,0.5326364040374756,27.822792053222656,79.76949310302734
2015-04-30 04:00:00,27.778594970703125,41.570919036865234,0.5340800881385803,27.19733428955078,78.08430480957031
2015-05-01 04:00:00,28.622058868408203,41.58800506591797,0.5473117232322693,27.31578826904297,78.30237579345703
2015-05-04 04:00:00,28.566566467285156,41.22904968261719,0.5439434051513672,27.3990478515625,78.12395477294922
2015-05-05 04:00:00,27.922874450683594,40.68206787109375,0.5299900770187378,26.913354873657227,76.88482666015625
2015-05-06 04:00:00,27.747528076171875,39.553897857666016,0.5316742658615112,26.51885223388672,77.42012786865234
2015-05-07 04:00:00,27.919147491455078,39.91285705566406,0.541056752204895,26.863792419433594,77.74725341796875
2015-05-08 04:00:00,28.445173263549805,40.810264587402344,0.5011207461357117,27.206253051757812,77.82655334472656
2015-05-11 04:00:00,28.15540885925293,40.48548126220703,0.4963092803955078,27.04914665222168,77.3309097290039
2015-05-12 04:00:00,28.055112838745117,40.468387603759766,0.5011207461357117,26.69974708557129,76.78569793701172
2015-05-13 04:00:00,28.086322784423828,40.707698822021484,0.5040076375007629,26.737415313720703,77.75718688964844
2015-05-14 04:00:00,28.74161148071289,41.6392822265625,0.5121872425079346,27.218647003173828,80.66165924072266
2015-05-15 04:00:00,28.701494216918945,41.28031539916992,0.5124281048774719,27.084335327148438,79.71992492675781
2015-05-18 04:00:00,29.01799964904785,41.032470703125,0.5117064118385315,27.093257904052734,80.17591857910156
2015-05-19 04:00:00,28.991247177124023,40.92924880981445,0.5085160732269287,27.222614288330078,79.9281005859375
2015-05-20 04:00:00,28.989023208618164,40.92924880981445,0.5085160732269287,27.382692337036133,79.84881591796875
2015-05-21 04:00:00,29.285463333129883,40.791603088378906,0.5048907399177551,27.595802307128906,79.77941131591797
2015-05-22 04:00:00,29.541784286499023,40.34431076049805,0.5041654706001282,27.482311248779297,79.83889770507812
2015-05-26 04:00:00,28.890945434570312,40.07762908935547,0.5010234117507935,27.11903190612793,78.6394271850586
2015-05-27 04:00:00,29.430343627929688,40.95504379272461,0.5278512835502625,27.468929290771484,79.84881591796875
2015-05-28 04:00:00,29.37238883972168,40.81742477416992,0.5351018309593201,27.465456008911133,79.45228576660156
2015-05-29 04:00:00,29.038055419921875,40.30989074707031,0.5348603129386902,27.026351928710938,78.50064849853516
2015-06-01 04:00:00,29.096010208129883,40.628170013427734,0.5409023761749268,27.219141006469727,79.59107208251953
2015-06-02 04:00:00,28.96672248840332,40.36149978637695,0.530268132686615,27.45406150817871,79.73973846435547
2015-06-03 04:00:00,29.002389907836914,40.30128479003906,0.5244675874710083,27.52046775817871,81.72235107421875
2015-06-04 04:00:00,28.832990646362305,39.8797721862793,0.5338935256004333,27.342050552368164,81.33575439453125
2015-06-05 04:00:00,28.674745559692383,39.690528869628906,0.5380022525787354,27.235002517700195,81.42497253417969
2015-06-08 04:00:00,28.485288619995117,39.33782958984375,0.5256761312484741,26.935157775878906,79.96775817871094
2015-06-09 04:00:00,28.400592803955078,39.26901626586914,0.5283346176147461,26.869739532470703,79.96775817871094
2015-06-10 04:00:00,28.72601318359375,40.09482192993164,0.5189087390899658,27.387149810791016,81.44478607177734
2015-06-11 04:00:00,28.661373138427734,39.94858169555664,0.5244675874710083,27.260276794433594,81.1176528930664
2015-06-12 04:00:00,28.34486961364746,39.544288635253906,0.5102079510688782,27.132905960083008,80.82025909423828
2015-06-15 04:00:00,28.289148330688477,39.122779846191406,0.5092413425445557,26.9113712310791,80.00740814208984
2015-06-16 04:00:00,28.440710067749023,39.42385482788086,0.5155250430107117,27.00404930114746,80.35435485839844
2015-06-17 04:00:00,28.373842239379883,39.544288635253906,0.5215672850608826,27.08978843688965,81.07801055908203
2015-06-18 04:00:00,28.50312614440918,40.189456939697266,0.530268132686615,27.564577102661133,82.18826293945312
2015-06-19 04:00:00,28.21782112121582,39.6561164855957,0.5285764336585999,27.6309871673584,81.79174041748047
2015-06-22 04:00:00,28.44294548034668,39.767940521240234,0.5264011025428772,27.7380428314209,84.00232696533203
2015-06-23 04:00:00,28.31366729736328,39.49268341064453,0.5128665566444397,27.921911239624023,87.114990234375
2015-06-24 04:00:00,28.554384231567383,39.260414123535156,0.5077909231185913,27.683027267456055,88.08647155761719
2015-06-25 04:00:00,28.41841697692871,39.26901626586914,0.5116579532623291,27.652301788330078,87.21412658691406
2015-06-26 04:00:00,28.25125503540039,38.93351745605469,0.5012652277946472,27.409948348999023,87.2438735961914
2015-06-29 04:00:00,27.756439208984375,38.16793441772461,0.4862805902957916,26.82464027404785,85.05309295654297
2015-06-30 04:00:00,27.957040786743164,37.97869110107422,0.48603880405426025,26.764671325683594,85.02335357666016
2015-07-01 04:00:00,28.21782112121582,38.23676300048828,0.4930478632450104,26.926239013671875,86.15343475341797
2015-07-02 04:00:00,28.182165145874023,38.193748474121094,0.4935312569141388,27.12646484375,86.5301284790039
2015-07-06 04:00:00,28.084089279174805,38.18513488769531,0.4874889850616455,27.04121971130371,86.7878646850586
2015-07-07 04:00:00,28.01498794555664,38.10773468017578,0.47830477356910706,27.259780883789062,86.46073150634766
2015-07-08 04:00:00,27.3195743560791,38.05609893798828,0.4749208688735962,26.846942901611328,84.90440368652344
2015-07-09 04:00:00,26.76235580444336,38.29696273803711,0.4691205322742462,26.99314308166504,85.13239288330078
2015-07-10 04:00:00,27.47783088684082,38.374393463134766,0.4773380160331726,27.561107635498047,87.18437957763672
2015-07-13 04:00:00,28.008310317993164,39.174400329589844,0.4804799556732178,28.335248947143555,89.31568145751953
2015-07-14 04:00:00,27.99715805053711,39.24320983886719,0.4807215929031372,28.952272415161133,88.89933013916016
2015-07-15 04:00:00,28.266857147216797,39.36365509033203,0.4773380160331726,28.941370010375977,88.9786376953125
2015-07-16 04:00:00,28.64354133605957,40.13783264160156,0.4879724383354187,29.82453727722168,90.05915069580078
2015-07-17 04:00:00,28.890945434570312,40.10343551635742,0.48507195711135864,34.67354202270508,94.14328002929688
2015-07-20 04:00:00,29.43703269958496,40.36149978637695,0.47612956166267395,34.337528228759766,97.05769348144531
2015-07-21 04:00:00,29.14281463623047,40.671180725097656,0.47830477356910706,34.461917877197266,97.53349304199219
2015-07-22 04:00:00,27.910228729248047,39.174400329589844,0.4691205322742462,34.449527740478516,96.19525146484375
2015-07-23 04:00:00,27.89685821533203,39.664737701416016,0.4749208688735962,33.43998336791992,94.60917663574219
2015-07-24 04:00:00,27.749753952026367,39.51848602294922,0.46936219930648804,32.450748443603516,96.10604095458984
2015-07-27 04:00:00,27.364152908325195,39.01095199584961,0.4667036235332489,32.62421798706055,93.35023498535156
2015-07-28 04:00:00,27.5001220703125,39.00234603881836,0.4768545925617218,32.6931037902832,94.46049499511719
2015-07-29 04:00:00,27.413190841674805,39.81957244873047,0.4826551675796509,32.78082275390625,96.14568328857422
2015-07-30 04:00:00,27.27500343322754,40.327083587646484,0.48386362195014954,32.935943603515625,94.38117980957031
2015-07-31 04:00:00,27.036508560180664,40.17226028442383,0.48217177391052246,32.586055755615234,93.19163513183594
2015-08-03 04:00:00,26.3990478515625,40.26688766479492,0.4903893768787384,32.943878173828125,93.32050323486328
2015-08-04 04:00:00,25.552059173583984,40.89484786987305,0.4923228323459625,32.77339172363281,93.24119567871094
2015-08-05 04:00:00,25.721460342407227,40.92924880981445,0.49739837646484375,33.368614196777344,95.6004867553711
2015-08-06 04:00:00,25.777435302734375,40.10343551635742,0.49425646662712097,33.21299743652344,94.29197692871094
2015-08-07 04:00:00,25.864755630493164,40.2066535949707,0.5554037690162659,32.927520751953125,93.47909545898438
2015-08-10 04:00:00,26.80512809753418,40.714210510253906,0.5747390985488892,32.865577697753906,93.33041381835938
2015-08-11 04:00:00,25.41024398803711,39.92278289794922,0.5718386173248291,34.21163558959961,92.80504608154297
2015-08-12 04:00:00,25.802061080932617,40.2066535949707,0.5732890367507935,34.269622802734375,93.37007904052734
2015-08-13 04:00:00,25.78191375732422,40.198055267333984,0.5684552192687988,34.023807525634766,92.6166763305664
2015-08-14 04:00:00,25.963268280029297,40.43033218383789,0.5689384937286377,34.16554260253906,93.59806823730469
2015-08-17 04:00:00,26.231948852539062,40.7055778503418,0.5653131008148193,34.40046691894531,93.1123275756836
2015-08-18 04:00:00,26.08417320251465,40.93073272705078,0.560167670249939,34.133827209472656,94.3415298461914
2015-08-19 04:00:00,25.750560760498047,40.359222412109375,0.5579833984375,34.39699172973633,94.48031616210938
2015-08-20 04:00:00,25.222158432006836,39.53664016723633,0.5378386378288269,33.675392150878906,89.77165985107422
2015-08-21 04:00:00,23.679506301879883,37.29396438598633,0.5210919976234436,31.918472290039062,85.31085205078125
2015-08-24 04:00:00,23.088415145874023,36.090389251708984,0.5026463270187378,30.633861541748047,81.3753890991211
2015-08-25 04:00:00,23.22722816467285,35.04264831542969,0.4922100305557251,30.354339599609375,82.27747344970703
2015-08-26 04:00:00,24.55942726135254,36.98225402832031,0.5293440222740173,32.69706726074219,86.43099975585938
2015-08-27 04:00:00,25.28261947631836,38.012664794921875,0.5492460131645203,33.10445785522461,88.94889068603516
2015-08-28 04:00:00,25.365453720092773,38.03864669799805,0.5516731142997742,32.69458770751953,90.2177505493164
2015-08-31 04:00:00,25.246793746948242,37.683631896972656,0.5456053614616394,32.10630416870117,88.65150451660156
2015-09-01 04:00:00,24.11834144592285,36.21160888671875,0.5232762694358826,31.201332092285156,86.47065734863281
2015-09-02 04:00:00,25.152755737304688,37.54507827758789,0.5390523076057434,31.962080001831055,89.10749053955078
2015-09-03 04:00:00,24.711671829223633,37.66630935668945,0.5405085682868958,31.572542190551758,87.38264465332031
2015-09-04 04:00:00,24.46538543701172,36.89566421508789,0.5278879404067993,31.17159652709961,87.49169921875
2015-09-08 04:00:00,25.14603614807129,38.00400924682617,0.5504595041275024,31.911035537719727,88.75064086914062
2015-09-09 04:00:00,24.662410736083984,37.29396438598633,0.5395376086235046,31.887741088867188,89.65271759033203
2015-09-10 04:00:00,25.204254150390625,37.48447036743164,0.5480323433876038,32.26787567138672,91.17930603027344
2015-09-11 04:00:00,25.571453094482422,37.648983001708984,0.5497313737869263,32.47701644897461,91.24869537353516
2015-09-14 04:00:00,25.817731857299805,37.26799392700195,0.5507022142410278,32.336769104003906,91.50642395019531
2015-09-15 04:00:00,26.034914016723633,38.08192825317383,0.556769847869873,32.96123123168945,92.09130096435547
2015-09-16 04:00:00,26.064022064208984,38.35902786254883,0.5606532692909241,32.9835319519043,92.63651275634766
2015-09-17 04:00:00,25.50650978088379,38.315731048583984,0.5657500624656677,33.28832244873047,93.51875305175781
2015-09-18 04:00:00,25.401287078857422,37.648983001708984,0.5652645230293274,32.75554656982422,93.57823944091797
2015-09-21 04:00:00,25.79534339904785,38.19450378417969,0.5710895657539368,33.05588150024414,94.71822357177734
2015-09-22 04:00:00,25.39008903503418,38.012664794921875,0.5555563569068909,32.372947692871094,92.1507797241211
2015-09-23 04:00:00,25.596073150634766,37.986690521240234,0.5582262873649597,32.37739562988281,93.1519775390625
2015-09-24 04:00:00,25.748332977294922,38.02132034301758,0.5689052939414978,32.45768737792969,93.5881576538086
2015-09-25 04:00:00,25.683393478393555,38.04730224609375,0.5730314254760742,31.726177215576172,91.96244049072266
2015-09-28 04:00:00,25.175146102905273,37.48447036743164,0.5655072927474976,30.93816566467285,88.43341827392578
2015-09-29 04:00:00,24.418367385864258,37.614349365234375,0.5754583477973938,30.85688591003418,85.91552734375
2015-09-30 04:00:00,24.696002960205078,38.324371337890625,0.5982728600502014,31.637962341308594,89.11741638183594
2015-10-01 04:00:00,24.5347900390625,38.62744903564453,0.5866228938102722,31.81786346435547,90.15827941894531
2015-10-02 04:00:00,24.713916778564453,39.45870590209961,0.6019133925437927,32.56077575683594,91.26853942871094
2015-10-05 04:00:00,24.8034725189209,40.376556396484375,0.6169609427452087,33.288822174072266,93.19163513183594
2015-10-06 04:00:00,24.922134399414062,40.480445861816406,0.624970555305481,33.28683853149414,91.99217224121094
2015-10-07 04:00:00,24.8034725189209,40.52375030517578,0.6315236687660217,33.205562591552734,91.59564971923828
2015-10-08 04:00:00,24.51688575744629,41.08658981323242,0.6351643800735474,33.0568733215332,91.66503143310547
2015-10-09 04:00:00,25.103496551513672,40.792179107666016,0.6327371597290039,33.26700973510742,92.42832946777344
2015-10-12 04:00:00,24.987075805664062,40.69694519042969,0.6395329236984253,33.52423095703125,93.43946075439453
2015-10-13 04:00:00,25.029613494873047,40.6016845703125,0.6407464146614075,33.8582763671875,93.3006820678711
2015-10-14 04:00:00,24.675853729248047,40.41984558105469,0.6640464067459106,33.72148513793945,93.25110626220703
2015-10-15 04:00:00,25.0452880859375,40.70558547973633,0.6657453775405884,34.3464469909668,95.1246566772461
2015-10-16 04:00:00,24.86168670654297,41.13853454589844,0.6761817336082458,34.46043014526367,96.6908950805664
2015-10-19 04:00:00,25.01618194580078,41.233795166015625,0.6749682426452637,34.68989944458008,97.6128158569336
2015-10-20 04:00:00,25.472932815551758,41.3636589050293,0.6739975214004517,33.70116424560547,96.15560150146484
2015-10-21 04:00:00,25.47068977355957,40.8701057434082,0.6652600169181824,33.29476547241211,96.2646484375
2015-10-22 04:00:00,25.860271453857422,41.58879089355469,0.6892880201339722,33.757659912109375,98.80236053466797
2015-10-23 04:00:00,26.661827087402344,45.77972412109375,0.6938995122909546,35.65038299560547,101.30042266845703
2015-10-26 04:00:00,25.811017990112305,46.97464370727539,0.6907442212104797,36.23469543457031,102.86666870117188
2015-10-27 04:00:00,25.64756965637207,46.489749908447266,0.6902587413787842,36.31895065307617,102.79727935791016
2015-10-28 04:00:00,26.704374313354492,46.74085998535156,0.6958411335945129,36.522151947021484,103.29292297363281
2015-10-29 04:00:00,26.986480712890625,46.204002380371094,0.6718132495880127,36.9151611328125,103.96699523925781
2015-10-30 04:00:00,26.75586700439453,45.5805549621582,0.6885598301887512,36.54544448852539,101.08234405517578
2015-11-02 05:00:00,27.132022857666016,46.100093841552734,0.6965689063072205,37.05839157104492,102.41065979003906
2015-11-03 05:00:00,27.4432373046875,46.888057708740234,0.6917152404785156,37.11192321777344,101.6870346069336
2015-11-04 05:00:00,27.315616607666016,47.10452651977539,0.6803078055381775,37.433563232421875,103.03518676757812
2015-11-05 05:00:00,27.189693450927734,47.087215423583984,0.672541081905365,37.69921875,107.81324005126953
2015-11-06 05:00:00,27.22116470336914,47.5547981262207,0.7657406330108643,37.74530792236328,106.16767883300781
2015-11-09 05:00:00,27.110998153686523,46.89672088623047,0.7623426914215088,37.40680694580078,105.56298828125
2015-11-10 05:00:00,26.256534576416016,46.33388900756836,0.747780442237854,37.57976531982422,106.97062683105469
2015-11-11 05:00:00,26.108135223388672,46.45512008666992,0.7404991388320923,37.92620086669922,108.06105041503906
2015-11-12 05:00:00,26.02043342590332,46.16936492919922,0.737829327583313,37.49402618408203,107.07967376708984
2015-11-13 05:00:00,25.260421752929688,45.75373458862305,0.7232668995857239,36.67827224731445,103.04509735107422
2015-11-16 05:00:00,25.674158096313477,46.559024810791016,0.737829327583313,37.191219329833984,103.13433074951172
2015-11-17 05:00:00,25.563983917236328,46.17546844482422,0.737829327583313,36.97116470336914,104.2148208618164
2015-11-18 05:00:00,26.37346839904785,46.942562103271484,0.755979597568512,37.66649627685547,106.83184814453125
2015-11-19 05:00:00,26.7085018157959,47.02103805541992,0.7581720948219299,37.66303253173828,105.33500671386719
2015-11-20 05:00:00,26.825429916381836,47.23896408081055,0.7647503614425659,38.5085334777832,106.3857650756836
2015-11-23 05:00:00,26.476903915405273,47.23896408081055,0.7532997131347656,38.49366760253906,106.01898193359375
2015-11-24 05:00:00,26.730985641479492,47.291263580322266,0.7593904733657837,38.143280029296875,104.81951904296875
2015-11-25 05:00:00,26.53985595703125,46.8031005859375,0.7584160566329956,38.124935150146484,104.49239349365234
2015-11-27 05:00:00,26.490388870239258,47.0123176574707,0.7647503614425659,38.25924301147461,104.53204345703125
2015-11-30 05:00:00,26.600566864013672,47.378440856933594,0.7727900743484497,37.807254791259766,103.33257293701172
2015-12-01 05:00:00,26.384708404541016,48.1368522644043,0.7978838086128235,38.84505081176758,106.18750762939453
2015-12-02 05:00:00,26.146358489990234,48.12812423706055,0.791793167591095,38.550662994384766,105.14665222167969
2015-12-03 05:00:00,25.903507232666016,47.24768829345703,0.7900876998901367,38.07240676879883,103.47135925292969
2015-12-04 05:00:00,26.764711380004883,48.73833465576172,0.8222465515136719,38.618064880371094,105.25569152832031
2015-12-07 05:00:00,26.5960693359375,48.65116882324219,0.8066544532775879,38.3098030090332,104.69065856933594
2015-12-08 05:00:00,26.58483123779297,48.633731842041016,0.8176177740097046,38.416358947753906,105.56298828125
2015-12-09 05:00:00,25.997953414916992,47.92763900756836,0.7969093918800354,37.79239273071289,103.68944549560547
2015-12-10 05:00:00,26.12161636352539,48.180419921875,0.8034873008728027,37.667991638183594,104.50230407714844
2015-12-11 05:00:00,25.44930076599121,47.12565612792969,0.7915495038032532,37.191219329833984,101.23104095458984
2015-12-14 05:00:00,25.291906356811523,48.067115783691406,0.7934983968734741,37.791893005371094,103.74893188476562
2015-12-15 05:00:00,24.84444236755371,48.11941146850586,0.8032436966896057,37.67047119140625,103.63988494873047
2015-12-16 05:00:00,25.035564422607422,48.93013000488281,0.8081162571907043,38.48821258544922,105.86038208007812
2015-12-17 05:00:00,24.50490379333496,48.55528259277344,0.7959348559379578,38.15319061279297,105.29534912109375
2015-12-18 05:00:00,23.84157943725586,47.186668395996094,0.783022403717041,37.509891510009766,103.13433074951172
2015-12-21 05:00:00,24.13389015197754,47.79688262939453,0.8015381693840027,37.705657958984375,103.85795593261719
2015-12-22 05:00:00,24.11140251159668,48.25016784667969,0.8022691607475281,38.019371032714844,104.59152221679688
2015-12-23 05:00:00,24.421703338623047,48.65987777709961,0.8054362535476685,38.087764739990234,103.71918487548828
2015-12-24 05:00:00,24.291290283203125,48.529136657714844,0.8081162571907043,37.95543670654297,104.10579681396484
2015-12-28 05:00:00,24.01921272277832,48.77321243286133,0.8073853254318237,38.76823043823242,105.00787353515625
2015-12-29 05:00:00,24.450939178466797,49.2962532043457,0.820541501045227,39.349090576171875,106.3262939453125
2015-12-30 05:00:00,24.131649017333984,49.08702850341797,0.8134759068489075,39.16769027709961,105.29534912109375
2015-12-31 05:00:00,23.668434143066406,48.363494873046875,0.8030000329017639,38.558597564697266,103.74893188476562
2016-01-04 05:00:00,23.688674926757812,47.77073669433594,0.7886257767677307,37.63825225830078,101.33016204833984
2016-01-05 05:00:00,23.09504508972168,47.9886589050293,0.8012946844100952,37.7418327331543,101.83572387695312
2016-01-06 05:00:00,22.643089294433594,47.116920471191406,0.7681612372398376,37.6328010559082,102.0736312866211
2016-01-07 05:00:00,21.687448501586914,45.47808074951172,0.7377074956893921,36.72435760498047,97.06758117675781
2016-01-08 05:00:00,21.802125930786133,45.617557525634766,0.7218716144561768,36.22429275512695,96.48273468017578
2016-01-11 05:00:00,22.1551456451416,45.59141540527344,0.7230896353721619,36.331336975097656,96.6611557006836
2016-01-12 05:00:00,22.476694107055664,46.00981903076172,0.7352710366249084,36.939449310302734,98.50495910644531
2016-01-13 05:00:00,21.89881134033203,45.01605987548828,0.7128574848175049,35.662269592285156,94.60917663574219
2016-01-14 05:00:00,22.377756118774414,46.29750442504883,0.6984831094741821,36.24808120727539,97.51367950439453
2016-01-15 05:00:00,21.840349197387695,44.44942855834961,0.6604771018028259,35.2122688293457,94.14328002929688
2016-01-19 05:00:00,21.734668731689453,44.07459259033203,0.6658371686935425,35.63799285888672,94.43074035644531
2016-01-20 05:00:00,21.763893127441406,44.275089263916016,0.6694914698600769,35.612220764160156,93.52867126464844
2016-01-21 05:00:00,21.65372085571289,44.00485610961914,0.6772875189781189,36.01415252685547,93.34033966064453
2016-01-22 05:00:00,22.804983139038086,45.58268737792969,0.6931235790252686,36.94539260864258,97.0874252319336
2016-01-25 05:00:00,22.359773635864258,45.14682388305664,0.6923927068710327,36.358604431152344,96.16551971435547
2016-01-26 05:00:00,22.483444213867188,45.47808074951172,0.6992142796516418,36.36702346801758,96.49263000488281
2016-01-27 05:00:00,21.006134033203125,44.649932861328125,0.6909306645393372,35.56364822387695,93.6278076171875
2016-01-28 05:00:00,21.15677833557129,45.3822021484375,0.6833783388137817,37.086151123046875,108.16018676757812
2016-01-29 05:00:00,21.88756561279297,48.02351760864258,0.7135883569717407,37.73291778564453,111.23320007324219
2016-02-01 05:00:00,21.682947158813477,47.6922721862793,0.713831901550293,38.19977569580078,114.08811950683594
2016-02-02 05:00:00,21.244478225708008,46.20161819458008,0.6836219429969788,38.70231628417969,113.61231231689453
2016-02-03 05:00:00,21.664962768554688,45.46934509277344,0.6870328187942505,37.139678955078125,111.70901489257812
2016-02-04 05:00:00,21.839035034179688,45.32988357543945,0.6872766017913818,36.18067169189453,109.52816772460938
2016-02-05 05:00:00,21.25576400756836,43.725894927978516,0.6439107060432434,34.878726959228516,103.16404724121094
2016-02-08 05:00:00,21.479578018188477,43.072105407714844,0.6144314408302307,34.89854431152344,98.88166046142578
2016-02-09 05:00:00,21.47504997253418,42.958778381347656,0.6210092902183533,34.74292755126953,98.67350006103516
2016-02-10 05:00:00,21.312280654907227,43.333621978759766,0.6195476651191711,35.03186798095703,100.12078857421875
2016-02-11 05:00:00,21.183420181274414,43.316184997558594,0.6163804531097412,35.00758361816406,101.02285766601562
2016-02-12 05:00:00,21.248977661132812,44.02229309082031,0.6268566250801086,35.033843994140625,101.12200164794922
2016-02-16 05:00:00,21.848079681396484,44.85638427734375,0.6575534343719482,35.56662368774414,100.72547912597656
2016-02-17 05:00:00,22.182674407958984,46.02409362792969,0.6738768219947815,36.276817321777344,104.28421783447266
2016-02-18 05:00:00,21.762178421020508,45.822166442871094,0.7318602800369263,35.560176849365234,102.56928253173828
2016-02-19 05:00:00,21.71243667602539,45.497314453125,0.7416056394577026,35.78815460205078,103.65969848632812
2016-02-22 05:00:00,21.902345657348633,46.226036071777344,0.7679174542427063,36.132110595703125,106.22716522216797
2016-02-23 05:00:00,21.40723419189453,44.93539810180664,0.7698664665222168,35.54927444458008,104.5419692993164
2016-02-24 05:00:00,21.72600746154785,45.09342956542969,0.7752262949943542,35.728187561035156,105.9496078491211
2016-02-25 05:00:00,21.875211715698242,45.743133544921875,0.7769321203231812,36.135581970214844,107.12922668457031
2016-02-26 05:00:00,21.90912437438965,45.040748596191406,0.7718154788017273,35.92444610595703,106.98054504394531
2016-02-29 05:00:00,21.859392166137695,44.67198944091797,0.7668029069900513,35.54580307006836,105.98924255371094
2016-03-01 05:00:00,22.727521896362305,46.164588928222656,0.8007906675338745,36.782344818115234,108.86399841308594
2016-03-02 05:00:00,22.777257919311523,46.48944091796875,0.8054365515708923,36.64902114868164,108.99285888671875
2016-03-03 05:00:00,22.946819305419922,45.9626350402832,0.7983458042144775,36.257991790771484,108.62609100341797
2016-03-04 05:00:00,23.28819465637207,45.68169021606445,0.7959004044532776,36.19009780883789,107.44646453857422
2016-03-07 05:00:00,23.03046417236328,44.8036994934082,0.7907655239105225,35.326751708984375,104.80960845947266
2016-03-08 05:00:00,22.84056282043457,45.34804916381836,0.7763393521308899,35.36293029785156,105.00787353515625
2016-03-09 05:00:00,22.860904693603516,46.392852783203125,0.7758501172065735,35.95171356201172,106.5741195678711
2016-03-10 05:00:00,22.872211456298828,45.699241638183594,0.7746275067329407,36.2867317199707,106.3857650756836
2016-03-11 05:00:00,23.118637084960938,46.59479522705078,0.7878315448760986,36.91615295410156,108.45758819580078
2016-03-14 04:00:00,23.177413940429688,46.68259048461914,0.7897875905036926,37.18229675292969,108.93338775634766
2016-03-15 04:00:00,23.64313316345215,47.05134963989258,0.785875141620636,37.19865417480469,109.70659637451172
2016-03-16 04:00:00,23.957382202148438,47.71861267089844,0.8093485832214355,37.5351676940918,111.20345306396484
2016-03-17 04:00:00,23.918949127197266,47.99079895019531,0.8025023341178894,37.59067153930664,110.05355072021484
2016-03-18 04:00:00,23.946077346801758,46.96355438232422,0.8267095685005188,37.43852615356445,110.47980499267578
2016-03-21 04:00:00,23.943809509277344,47.28840637207031,0.8291544318199158,37.7730598449707,110.8763198852539
2016-03-22 04:00:00,24.126941680908203,47.4727783203125,0.8276875615119934,37.66848373413086,111.2728500366211
2016-03-23 04:00:00,23.99355125427246,47.38498306274414,0.8418692946434021,37.54507827758789,111.56031799316406
2016-03-24 04:00:00,23.88956069946289,47.595699310302734,0.843092143535614,37.410274505615234,112.06587982177734
2016-03-28 04:00:00,23.78104019165039,47.0074462890625,0.851650059223175,37.33296585083008,112.70032501220703
2016-03-29 04:00:00,24.343976974487305,48.034698486328125,0.8653430938720703,37.95792007446289,115.12898254394531
2016-03-30 04:00:00,24.769001007080078,48.33320999145508,0.8743900060653687,38.079341888427734,113.7015151977539
2016-03-31 04:00:00,24.640132904052734,48.491241455078125,0.8712114095687866,37.809730529785156,113.10673522949219
2016-04-01 04:00:00,24.866212844848633,48.78975296020508,0.8839262127876282,38.14525604248047,115.04967498779297
2016-04-04 04:00:00,25.12167739868164,48.666847229003906,0.8753679990768433,37.919761657714844,111.57022857666016
2016-04-05 04:00:00,24.82552146911621,47.90299987792969,0.8741453886032104,37.59513473510742,111.24311065673828
2016-04-06 04:00:00,25.085506439208984,48.3946647644043,0.8753679990768433,38.06596374511719,112.72013092041016
2016-04-07 04:00:00,24.538394927978516,47.81519317626953,0.8663210272789001,37.67195129394531,112.65074157714844
2016-04-08 04:00:00,24.565528869628906,47.78007507324219,0.8719449043273926,37.63973617553711,109.66695404052734
2016-04-11 04:00:00,24.646915435791016,47.683502197265625,0.8773242831230164,37.54408264160156,108.04122161865234
2016-04-12 04:00:00,24.967945098876953,47.98200988769531,0.876346230506897,37.88011169433594,109.6471176147461
2016-04-13 04:00:00,25.329669952392578,48.59659957885742,0.8983526825904846,38.25626754760742,109.5479965209961
2016-04-14 04:00:00,25.34322738647461,48.60538101196289,0.9007977247238159,38.42874526977539,109.8751220703125
2016-04-15 04:00:00,24.834564208984375,48.8599967956543,0.9078889489173889,38.6572151184082,108.6855697631836
2016-04-18 04:00:00,24.298757553100586,49.5711669921875,0.9039765000343323,39.037845611572266,109.48851013183594
2016-04-19 04:00:00,24.169897079467773,49.509700775146484,0.8878383636474609,38.47136306762695,111.31249237060547
2016-04-20 04:00:00,24.219629287719727,48.80731964111328,0.891261875629425,38.405452728271484,111.44136047363281
2016-04-21 04:00:00,23.957382202148438,48.974143981933594,0.8902836441993713,38.6572151184082,112.45248413085938
2016-04-22 04:00:00,23.89182472229004,45.462181091308594,0.8868602514266968,36.56427764892578,109.59754943847656
2016-04-25 04:00:00,23.75617218017578,45.75191879272461,0.891261875629425,36.784324645996094,109.14155578613281
2016-04-26 04:00:00,23.591140747070312,45.16366958618164,0.8919950127601624,35.94972229003906,107.81324005126953
2016-04-27 04:00:00,22.114856719970703,44.72468566894531,0.9122901558876038,35.755943298339844,107.94210815429688
2016-04-28 04:00:00,21.438884735107422,43.81157302856445,0.885148823261261,34.94315719604492,115.71385955810547
2016-04-29 04:00:00,21.19245719909668,43.78523635864258,0.8687661290168762,35.082916259765625,116.55645751953125
2016-05-02 04:00:00,21.169849395751953,44.434940338134766,0.8802585601806641,35.40654373168945,117.53783416748047
2016-05-03 04:00:00,21.518016815185547,43.706214904785156,0.8697443008422852,35.110660552978516,116.40776062011719
2016-05-04 04:00:00,21.294193267822266,43.78523635864258,0.8499382734298706,35.255882263183594,117.03226470947266
2016-05-05 04:00:00,21.207759857177734,43.84669876098633,0.8550732731819153,35.42141342163086,116.78443908691406
2016-05-06 04:00:00,21.089488983154297,44.24177551269531,0.8638757467269897,35.94031524658203,118.44983673095703
2016-05-09 04:00:00,21.10540008544922,43.9608268737793,0.8626530766487122,36.136070251464844,118.2020034790039
2016-05-10 04:00:00,21.24870491027832,44.794918060302734,0.8792803287506104,36.64406967163086,119.45103454589844
2016-05-11 04:00:00,21.041723251342773,44.821266174316406,0.8817257285118103,36.20645523071289,118.47956848144531
2016-05-12 04:00:00,20.54814338684082,45.22513198852539,0.8697443008422852,36.08354187011719,119.23295593261719
2016-05-13 04:00:00,20.589086532592773,44.847599029541016,1.0020273923873901,35.92296600341797,118.76704406738281
2016-05-16 04:00:00,21.35332679748535,45.506080627441406,1.0316139459609985,36.19405746459961,117.63697052001953
2016-05-17 04:00:00,21.264625549316406,44.65732192993164,1.0338146686553955,35.69300079345703,116.32844543457031
2016-05-18 04:00:00,21.507997512817383,44.92256164550781,1.0602223873138428,35.77180099487305,116.62583923339844
2016-05-19 04:00:00,21.42610740661621,44.489341735839844,1.0648683309555054,35.45114517211914,115.79315948486328
2016-05-20 04:00:00,21.658123016357422,44.754581451416016,1.0839405059814453,35.76832962036133,116.32844543457031
2016-05-23 04:00:00,21.9333438873291,44.23294448852539,1.085652470588684,35.54729461669922,114.96045684814453
2016-05-24 04:00:00,22.267696380615234,45.6121826171875,1.112005591392517,36.32936477661133,116.67540740966797
2016-05-25 04:00:00,22.65891456604004,46.080780029296875,1.107348084449768,36.580631256103516,116.86375427246094
2016-05-26 04:00:00,22.838603973388672,45.8774299621582,1.1191153526306152,36.522640228271484,118.43000030517578
2016-05-27 04:00:00,22.824954986572266,46.257598876953125,1.1252440214157104,37.051456451416016,118.34078216552734
2016-05-31 04:00:00,22.7135066986084,46.85880661010742,1.1453465223312378,37.113407135009766,117.77574157714844
2016-06-01 04:00:00,22.395065307617188,46.7261848449707,1.147552728652954,37.094078063964844,117.74600982666016
2016-06-02 04:00:00,22.226757049560547,46.39906311035156,1.1556429862976074,36.88641357421875,117.89469146728516
2016-06-03 04:00:00,22.272241592407227,45.789024353027344,1.1394627094268799,36.4696159362793,117.4386978149414
2016-06-06 04:00:00,22.43373680114746,46.08961486816406,1.1335792541503906,36.182167053222656,117.75592041015625
2016-06-07 04:00:00,22.524715423583984,46.063079833984375,1.1357852220535278,36.233211517333984,116.73489379882812
2016-06-08 04:00:00,22.504241943359375,46.010040283203125,1.1321083307266235,36.820011138916016,117.3593978881836
2016-06-09 04:00:00,22.665735244750977,45.638710021972656,1.1615264415740967,36.799686431884766,117.52790832519531
2016-06-10 04:00:00,22.479236602783203,45.51492691040039,1.132598638534546,36.337284088134766,115.60482025146484
2016-06-13 04:00:00,22.14032554626465,44.3302001953125,1.147062063217163,36.27237319946289,112.95804595947266
2016-06-14 04:00:00,22.16761589050293,44.05611801147461,1.1492688655853271,36.34025573730469,113.93943786621094
2016-06-15 04:00:00,22.094833374023438,43.93233871459961,1.1610360145568848,36.28772735595703,113.60240173339844
2016-06-16 04:00:00,22.18808937072754,44.55122756958008,1.1656947135925293,35.89421844482422,113.39421844482422
2016-06-17 04:00:00,21.683141708374023,44.32135772705078,1.1453465223312378,34.903011322021484,112.03614044189453
2016-06-20 04:00:00,21.630823135375977,44.268310546875,1.1659389734268188,34.99618148803711,112.38310241699219
2016-06-21 04:00:00,21.815061569213867,45.25852966308594,1.1588298082351685,35.13247299194336,113.3843002319336
2016-06-22 04:00:00,21.733179092407227,45.08170700073242,1.157848834991455,35.21127700805664,112.91840362548828
2016-06-23 04:00:00,21.8582763671875,45.895103454589844,1.1887383460998535,35.42934036254883,114.0782241821289
2016-06-24 04:00:00,21.244152069091797,44.05611801147461,1.1210763454437256,33.95888137817383,111.10433197021484
2016-06-27 04:00:00,20.9348201751709,42.81834030151367,1.1090643405914307,33.757659912109375,108.02140808105469
2016-06-28 04:00:00,21.28737449645996,43.71131896972656,1.1252440214157104,34.25921630859375,111.71893310546875
2016-06-29 04:00:00,21.47160530090332,44.68385696411133,1.143630027770996,34.4539909362793,113.1662368774414
2016-06-30 04:00:00,21.744552612304688,45.2408561706543,1.152456283569336,34.86732482910156,113.28517150878906
2016-07-01 04:00:00,21.810510635375977,45.23200607299805,1.1438753604888916,35.20037078857422,113.19596099853516
2016-07-05 04:00:00,21.605806350708008,45.2408561706543,1.1607911586761475,34.934730529785156,113.20587921142578
2016-07-06 04:00:00,21.728628158569336,45.42652130126953,1.1681451797485352,35.13692855834961,115.68411254882812
2016-07-07 04:00:00,21.821887969970703,45.42652130126953,1.1985443830490112,35.052188873291016,114.84152221679688
2016-07-08 04:00:00,21.990201950073242,46.23992156982422,1.2465938329696655,35.57356262207031,116.21940612792969
2016-07-11 04:00:00,22.058443069458008,46.49631881713867,1.2752766609191895,36.04042434692383,116.84393310546875
2016-07-12 04:00:00,22.15851402282715,47.044471740722656,1.294398546218872,36.303585052490234,116.90341186523438
2016-07-13 04:00:00,22.033422470092773,47.30971145629883,1.2939083576202393,36.153419494628906,115.76341247558594
2016-07-14 04:00:00,22.470130920410156,47.513065338134766,1.307146430015564,36.46664047241211,116.26897430419922
2016-07-15 04:00:00,22.467851638793945,47.477691650390625,1.2919468879699707,36.458213806152344,115.84272003173828
2016-07-18 04:00:00,22.70667839050293,47.70757293701172,1.2985656261444092,37.32899475097656,118.33087921142578
2016-07-19 04:00:00,22.715778350830078,46.93838119506836,1.3120490312576294,37.33940887451172,119.56008911132812
2016-07-20 04:00:00,22.736251831054688,49.431610107421875,1.329209566116333,37.52128982543945,120.85867309570312
2016-07-21 04:00:00,22.61570167541504,49.33436584472656,1.3046947717666626,37.38896942138672,119.56008911132812
2016-07-22 04:00:00,22.440563201904297,50.015140533447266,1.34024178981781,37.63032913208008,119.9466781616211
2016-07-25 04:00:00,22.14032554626465,50.1566047668457,1.365001916885376,37.5431022644043,120.57119750976562
2016-07-26 04:00:00,21.987930297851562,50.18312454223633,1.3882912397384644,37.54954147338867,120.16476440429688
2016-07-27 04:00:00,23.416330337524414,49.679195404052734,1.3743178844451904,37.76363754272461,122.26631164550781
2016-07-28 04:00:00,23.732494354248047,49.69684982299805,1.3772594928741455,37.95543670654297,123.91185760498047
2016-07-29 04:00:00,23.70292854309082,50.11239242553711,1.3998132944107056,39.21923065185547,122.86109161376953
2016-08-01 04:00:00,24.12143898010254,50.02397918701172,1.3907426595687866,39.69501495361328,123.22785949707031
2016-08-02 04:00:00,23.764341354370117,50.02397918701172,1.3738270998001099,39.65437316894531,122.01849365234375
2016-08-03 04:00:00,24.06230354309082,50.368804931640625,1.3775047063827515,39.59490203857422,121.44354248046875
2016-08-04 04:00:00,24.210952758789062,50.740142822265625,1.4030002355575562,39.51213455200195,123.27743530273438
2016-08-05 04:00:00,24.579130172729492,51.244083404541016,1.426780104637146,39.991878509521484,124.060546875
2016-08-08 04:00:00,24.782663345336914,51.33248519897461,1.4400180578231812,39.90763473510742,124.16959381103516
2016-08-09 04:00:00,24.88327980041504,51.45627212524414,1.4436954259872437,40.01914596557617,123.9713363647461
2016-08-10 04:00:00,24.69805145263672,51.29713439941406,1.4343798160552979,40.06919860839844,123.79290771484375
2016-08-11 04:00:00,24.68204116821289,51.54468536376953,1.463552474975586,40.0548210144043,123.81271362304688
2016-08-12 04:00:00,24.73921012878418,51.22639083862305,1.5454329252243042,39.997825622558594,123.79290771484375
2016-08-15 04:00:00,25.036500930786133,51.385555267333984,1.5439623594284058,39.94381332397461,122.82144165039062
2016-08-16 04:00:00,25.013628005981445,51.10084915161133,1.5346461534500122,39.70740509033203,122.22667694091797
2016-08-17 04:00:00,24.977039337158203,51.20760726928711,1.499099850654602,39.91704559326172,123.2873306274414
2016-08-18 04:00:00,24.945035934448242,51.243194580078125,1.5223889350891113,39.784725189208984,122.83136749267578
2016-08-19 04:00:00,25.009061813354492,51.260990142822266,1.5263113975524902,39.63107681274414,122.4843978881836
2016-08-22 04:00:00,24.81467628479004,51.30546188354492,1.5326852798461914,39.497276306152344,123.06926727294922
2016-08-23 04:00:00,24.89242935180664,51.50120162963867,1.5450884103775024,39.47941970825195,123.2873306274414
2016-08-24 04:00:00,24.704906463623047,51.554569244384766,1.5212645530700684,39.33124923706055,122.40509796142578
2016-08-25 04:00:00,24.59971809387207,51.750282287597656,1.511195182800293,39.21725082397461,122.81153106689453
2016-08-26 04:00:00,24.455636978149414,51.62574768066406,1.5234752893447876,39.31241226196289,123.87220001220703
2016-08-29 04:00:00,24.42819595336914,51.68800735473633,1.5224930047988892,39.44126892089844,125.43844604492188
2016-08-30 04:00:00,24.240673065185547,51.50120162963867,1.5136513710021973,39.24797821044922,124.7445297241211
2016-08-31 04:00:00,24.263547897338867,51.11865997314453,1.5065282583236694,39.14539337158203,125.0221176147461
2016-09-01 04:00:00,24.407617568969727,51.23429870605469,1.55098295211792,39.222206115722656,125.07167053222656
2016-09-02 04:00:00,24.636302947998047,51.30546188354492,1.5357551574707031,39.49330139160156,125.4087142944336
2016-09-06 04:00:00,24.629446029663086,51.252098083496094,1.5502456426620483,40.04590606689453,128.60067749023438
2016-09-07 04:00:00,24.780376434326172,51.296592712402344,1.52740478515625,40.04441833496094,129.90919494628906
2016-09-08 04:00:00,24.130908966064453,51.09196472167969,1.5384572744369507,39.789180755615234,129.135986328125
2016-09-09 04:00:00,23.58434295654297,50.00659942626953,1.461828589439392,39.07749557495117,125.99358367919922
2016-09-12 04:00:00,24.11261558532715,50.7538948059082,1.4920382499694824,39.5899543762207,127.56976318359375
2016-09-13 04:00:00,24.686616897583008,50.291290283203125,1.470424771308899,39.08938217163086,126.10261535644531
2016-09-14 04:00:00,25.560190200805664,50.051082611083984,1.4834414720535278,39.17561340332031,126.6577377319336
2016-09-15 04:00:00,26.42919921875,50.87843704223633,1.5396848917007446,39.70939254760742,127.23271942138672
2016-09-16 04:00:00,26.280553817749023,50.93181228637695,1.5433688163757324,39.547813415527344,127.94641876220703
2016-09-19 04:00:00,25.97410774230957,50.64713668823242,1.5637538433074951,39.41995620727539,127.53009033203125
2016-09-20 04:00:00,25.971830368041992,50.5403938293457,1.5495091676712036,39.63751983642578,127.5201644897461
2016-09-21 04:00:00,25.967252731323242,51.38555145263672,1.5929808616638184,39.89772033691406,128.8088836669922
2016-09-22 04:00:00,26.211944580078125,51.43892288208008,1.5969101190567017,40.43891525268555,128.94766235351562
2016-09-23 04:00:00,25.7751522064209,51.09196472167969,1.595191478729248,40.389854431152344,126.84608459472656
2016-09-26 04:00:00,25.81403350830078,50.620460510253906,1.5802093744277954,39.77975845336914,126.20174407958984
2016-09-27 04:00:00,25.862058639526367,51.554569244384766,1.6342421770095825,40.18021011352539,127.56976318359375
2016-09-28 04:00:00,26.058734893798828,51.62574768066406,1.6401365995407104,40.147003173828125,128.1050262451172
2016-09-29 04:00:00,25.65395736694336,51.065269470214844,1.65536367893219,39.779266357421875,126.9749526977539
2016-09-30 04:00:00,25.85291290283203,51.243194580078125,1.6828714609146118,39.849639892578125,127.15338897705078
2016-10-03 04:00:00,25.731714248657227,51.08305358886719,1.681152582168579,39.667259216308594,127.64903259277344
2016-10-04 04:00:00,25.84147834777832,50.92292785644531,1.6774678230285645,39.78670120239258,127.07408905029297
2016-10-05 04:00:00,25.85291290283203,51.278778076171875,1.6757490634918213,39.70939254760742,127.35164642333984
2016-10-06 04:00:00,26.04500389099121,51.367759704589844,1.653889775276184,39.80107116699219,127.61930847167969
2016-10-07 04:00:00,26.083877563476562,51.42112350463867,1.6418551206588745,39.68361282348633,127.8671646118164
2016-10-10 04:00:00,26.538972854614258,51.634639739990234,1.6479960680007935,40.35070037841797,129.10626220703125
2016-10-11 04:00:00,26.596139907836914,50.87843704223633,1.6241720914840698,40.12273025512695,127.75810241699219
2016-10-12 04:00:00,26.833974838256836,50.807281494140625,1.6315401792526245,40.23175811767578,127.92662048339844
2016-10-13 04:00:00,26.75164794921875,50.638240814208984,1.6050153970718384,39.85063552856445,126.70731353759766
2016-10-14 04:00:00,26.90029525756836,51.08305358886719,1.6207339763641357,39.87640380859375,126.76678466796875
2016-10-17 04:00:00,26.881994247436523,50.90513229370117,1.6114012002944946,39.987422943115234,126.42974853515625
2016-10-18 04:00:00,26.863704681396484,51.296592712402344,1.6359611749649048,40.7134895324707,127.45079040527344
2016-10-19 04:00:00,26.783660888671875,51.18092346191406,1.6325230598449707,40.97863006591797,128.9773712158203
2016-10-20 04:00:00,26.769939422607422,50.93181228637695,1.663468599319458,40.720420837402344,128.86831665039062
2016-10-21 04:00:00,26.66473960876465,53.07585525512695,1.6588023900985718,40.840858459472656,130.92031860351562
2016-10-24 04:00:00,26.90487289428711,54.26797103881836,1.7366586923599243,41.41972351074219,132.11976623535156
2016-10-25 04:00:00,27.042083740234375,54.259063720703125,1.765148639678955,41.063385009765625,131.13839721679688
2016-10-26 04:00:00,26.43376922607422,53.93880081176758,1.7722711563110352,40.743717193603516,129.8992919921875
2016-10-27 04:00:00,26.1799373626709,53.4672966003418,1.7359212636947632,40.508304595947266,128.56103515625
2016-10-28 04:00:00,26.006134033203125,53.26266860961914,1.732974648475647,40.617835998535156,130.14707946777344
2016-10-31 04:00:00,25.964967727661133,53.307159423828125,1.7477105855941772,40.139076232910156,129.84971618652344
2016-11-01 04:00:00,25.49616050720215,53.20040512084961,1.6958887577056885,39.92001724243164,128.3726806640625
2016-11-02 04:00:00,25.51903533935547,52.87122344970703,1.6887661218643188,39.07452392578125,126.0629653930664
2016-11-03 04:00:00,25.24549674987793,52.67551803588867,1.6691176891326904,38.7657585144043,118.95539855957031
2016-11-04 04:00:00,25.01793670654297,52.23070526123047,1.6595392227172852,38.71173858642578,119.69886016845703
2016-11-07 05:00:00,25.37881851196289,53.751991271972656,1.750412106513977,39.74903869628906,121.08667755126953
2016-11-08 05:00:00,25.528223037719727,53.79646301269531,1.7477105855941772,40.24216079711914,123.1386489868164
2016-11-09 05:00:00,25.486848831176758,53.52956771850586,1.7182378768920898,39.92547607421875,122.10769653320312
2016-11-10 05:00:00,24.77658462524414,52.22179412841797,1.6644513607025146,38.67158889770508,119.7484359741211
2016-11-11 05:00:00,24.923694610595703,52.50648880004883,2.160569190979004,38.24834442138672,117.98392486572266
2016-11-14 05:00:00,24.298471450805664,51.705810546875,2.054222822189331,37.32999038696289,114.0782241821289
2016-11-15 05:00:00,24.62027359008789,52.72684860229492,2.116852283477783,38.4173469543457,116.17976379394531
2016-11-16 05:00:00,25.282268524169922,53.425453186035156,2.250459671020508,38.65623092651367,115.3272476196289
2016-11-17 05:00:00,25.27307891845703,54.31214141845703,2.2691261768341064,38.9625129699707,116.76463317871094
2016-11-18 05:00:00,25.298362731933594,54.052406311035156,2.2929487228393555,38.45748519897461,116.00132751464844
2016-11-21 05:00:00,25.682235717773438,54.50918197631836,2.283616781234741,38.89511489868164,120.70996856689453
2016-11-22 05:00:00,25.69832420349121,54.74205780029297,2.3000714778900146,38.90502166748047,120.41258239746094
2016-11-23 05:00:00,25.567306518554688,54.097190856933594,2.311387538909912,38.60765838623047,119.78807067871094
2016-11-25 05:00:00,25.696029663085938,54.21363067626953,2.3160595893859863,38.668617248535156,119.33208465576172
2016-11-28 05:00:00,25.645450592041016,54.2852783203125,2.3148305416107178,38.94417190551758,119.36181640625
2016-11-29 05:00:00,25.620166778564453,54.715187072753906,2.2936763763427734,39.12506866455078,119.81782531738281
2016-11-30 05:00:00,25.404098510742188,53.97179412841797,2.267850399017334,38.45302963256836,117.38912963867188
2016-12-01 05:00:00,25.16734504699707,53.022396087646484,2.1556859016418457,37.88060760498047,114.0980453491211
2016-12-02 05:00:00,25.261587142944336,53.06718826293945,2.1756105422973633,37.88705062866211,114.39543151855469
2016-12-05 05:00:00,25.07999610900879,53.93598175048828,2.259978771209717,38.569000244140625,116.40776062011719
2016-12-06 05:00:00,25.27307891845703,53.69415283203125,2.2971200942993164,38.467891693115234,116.2887954711914
2016-12-07 05:00:00,25.52132225036621,54.96596145629883,2.338442802429199,39.225677490234375,116.92323303222656
2016-12-08 05:00:00,25.77187728881836,54.6435432434082,2.2993338108062744,39.40904235839844,117.87487030029297
2016-12-09 05:00:00,26.19251823425293,55.503360748291016,2.25850248336792,40.11677169799805,118.63817596435547
2016-12-12 05:00:00,26.043113708496094,55.68248748779297,2.203651189804077,40.03996276855469,116.74480438232422
2016-12-13 05:00:00,26.477550506591797,56.4079704284668,2.242514133453369,40.408687591552734,119.26268005371094
2016-12-14 05:00:00,26.477550506591797,56.13926696777344,2.372386932373047,40.53506851196289,119.1635513305664
2016-12-15 05:00:00,26.62235450744629,56.04970169067383,2.427976608276367,40.424049377441406,119.52043151855469
2016-12-16 05:00:00,26.656845092773438,55.79893112182617,2.4697914123535156,40.1361083984375,118.8265151977539
2016-12-19 05:00:00,26.81084442138672,56.98118591308594,2.4997997283935547,40.267940521240234,118.2020034790039
2016-12-20 05:00:00,26.882097244262695,56.909515380859375,2.5868735313415527,40.4017448425293,118.05329132080078
2016-12-21 05:00:00,26.907386779785156,56.909515380859375,2.603107452392578,40.2530632019043,118.00375366210938
2016-12-22 05:00:00,26.730396270751953,56.91848373413086,2.634591579437256,40.12818145751953,116.3780288696289
2016-12-23 05:00:00,26.78325843811035,56.64083480834961,2.700265407562256,40.03499984741211,116.24916076660156
2016-12-27 05:00:00,26.953357696533203,56.676658630371094,2.885727882385254,40.140560150146484,116.98271179199219
2016-12-28 05:00:00,26.83842658996582,56.41691970825195,2.6872293949127197,39.87491989135742,115.90218353271484
2016-12-29 05:00:00,26.83153533935547,56.33631896972656,2.7408504486083984,39.79116439819336,115.337158203125
2016-12-30 05:00:00,26.62235450744629,55.65562057495117,2.625490665435791,39.27425003051758,114.04847717285156
2017-01-03 05:00:00,26.698211669921875,56.04970169067383,2.509146213531494,40.04541015625,115.84272003173828
2017-01-04 05:00:00,26.668333053588867,55.79893112182617,2.567688226699829,40.033512115478516,117.65679931640625
2017-01-05 05:00:00,26.803945541381836,55.79893112182617,2.5025062561035156,40.2937126159668,119.61954498291016
2017-01-06 05:00:00,27.10276222229004,56.2825813293457,2.5359585285186768,40.897850036621094,122.33570098876953
2017-01-09 05:00:00,27.35100746154785,56.10343933105469,2.63877272605896,40.995479583740234,123.81271362304688
2017-01-10 05:00:00,27.378599166870117,56.085540771484375,2.6188502311706543,40.93749237060547,123.26751708984375
2017-01-11 05:00:00,27.52570915222168,56.5960578918457,2.586627244949341,41.1283073425293,124.99237060546875
2017-01-12 05:00:00,27.410781860351562,56.076576232910156,2.5443203449249268,41.11195373535156,125.51775360107422
2017-01-13 05:00:00,27.362504959106445,56.15720748901367,2.5440752506256104,41.18183135986328,127.22278594970703
2017-01-17 05:00:00,27.583173751831055,56.004920959472656,2.487008571624756,41.00936508178711,126.75687408447266
2017-01-18 05:00:00,27.58087158203125,55.97806167602539,2.5322682857513428,41.08667755126953,126.80642700195312
2017-01-19 05:00:00,27.532602310180664,55.79893112182617,2.586627244949341,40.85622024536133,126.43966674804688
2017-01-20 05:00:00,27.583173751831055,56.193016052246094,2.5583412647247314,41.044551849365234,125.93409729003906
2017-01-23 05:00:00,27.6015567779541,56.39006423950195,2.5849056243896484,41.85041046142578,127.80762481689453
2017-01-24 05:00:00,27.576278686523438,56.89162826538086,2.640003204345703,42.10316467285156,128.2438201904297
2017-01-25 05:00:00,28.015308380126953,57.0349235534668,2.651317834854126,42.54523849487305,130.33544921875
2017-01-26 05:00:00,28.02910614013672,57.56336212158203,2.697068691253662,42.47238540649414,131.62413024902344
2017-01-27 05:00:00,28.031400680541992,58.9157829284668,2.749213695526123,41.8801383972168,131.0293426513672
2017-01-30 05:00:00,27.957843780517578,58.333621978759766,2.706169605255127,40.82946014404297,129.83982849121094
2017-01-31 05:00:00,27.893489837646484,57.90371322631836,2.6855077743530273,40.64905548095703,129.185546875
2017-02-01 05:00:00,29.594440460205078,56.94536209106445,2.8028361797332764,40.40373611450195,132.07022094726562
2017-02-02 05:00:00,29.54387855529785,56.578147888183594,2.8382551670074463,40.55339813232422,129.70101928710938
2017-02-03 05:00:00,29.67029571533203,57.0349235534668,2.81341290473938,40.646080017089844,129.83982849121094
2017-02-06 05:00:00,29.94843101501465,56.99910354614258,2.8854827880859375,40.719932556152344,130.91041564941406
2017-02-07 05:00:00,30.233449935913086,56.81101608276367,2.9302494525909424,41.09708023071289,130.6923065185547
2017-02-08 05:00:00,30.350685119628906,56.730411529541016,2.9174582958221436,41.129295349121094,133.03176879882812
2017-02-09 05:00:00,30.569992065429688,57.37527084350586,2.8626067638397217,41.138221740722656,132.97230529785156
2017-02-10 05:00:00,30.5007381439209,57.3215217590332,2.7947192192077637,41.375614166259766,133.0218505859375
2017-02-13 05:00:00,30.770843505859375,57.96639633178711,2.665830135345459,41.579307556152344,132.88308715820312
2017-02-14 05:00:00,31.170228958129883,58.182640075683594,2.675668954849243,41.6323356628418,132.684814453125
2017-02-15 05:00:00,31.28334617614746,58.146610260009766,2.6810810565948486,41.49803161621094,132.27838134765625
2017-02-16 05:00:00,31.24640464782715,58.137596130371094,2.638035774230957,41.7384033203125,132.67489624023438
2017-02-17 05:00:00,31.33182716369629,58.22771453857422,2.6375434398651123,41.95547866821289,132.36758422851562
2017-02-21 05:00:00,31.558055877685547,58.11056900024414,2.7319977283477783,42.09027862548828,132.5559539794922
2017-02-22 05:00:00,31.652713775634766,57.993431091308594,2.7278096675872803,42.19386672973633,134.93504333496094
2017-02-23 05:00:00,31.518814086914062,58.22771453857422,2.4748785495758057,42.17601776123047,134.18165588378906
2017-02-24 05:00:00,31.548830032348633,58.22771453857422,2.498767614364624,42.01791763305664,134.26097106933594
2017-02-27 05:00:00,31.611154556274414,57.87628936767578,2.5714213848114014,42.11009979248047,135.22254943847656
2017-02-28 05:00:00,31.625015258789062,57.65102767944336,2.499260187149048,41.875179290771484,134.36012268066406
2017-03-01 05:00:00,32.271400451660156,58.51606750488281,2.531522274017334,42.46099090576172,136.22373962402344
2017-03-02 05:00:00,32.07979965209961,57.67805862426758,2.4381825923919678,42.1190185546875,135.56948852539062
2017-03-03 05:00:00,32.269100189208984,57.894309997558594,2.4241445064544678,42.08085632324219,135.97593688964844
2017-03-06 05:00:00,32.16753005981445,57.912330627441406,2.4054276943206787,41.991146087646484,136.22373962402344
2017-03-07 05:00:00,32.209083557128906,58.02948760986328,2.4317800998687744,42.18345260620117,136.1048126220703
2017-03-08 05:00:00,32.08903121948242,58.56111145019531,2.427346706390381,42.306854248046875,136.52113342285156
2017-03-09 05:00:00,32.0151481628418,58.32684326171875,2.4268534183502197,42.5150146484375,137.03659057617188
2017-03-10 05:00:00,32.12136459350586,58.50704574584961,2.441138982772827,42.69194030761719,137.58180236816406
2017-03-13 04:00:00,32.135196685791016,58.30880355834961,2.5083723068237305,42.84904479980469,138.384765625
2017-03-14 04:00:00,32.08671951293945,58.03848648071289,2.5066492557525635,42.91496658325195,138.10719299316406
2017-03-15 04:00:00,32.42607116699219,58.34486389160156,2.525613784790039,43.03786849975586,138.50372314453125
2017-03-16 04:00:00,32.47917938232422,58.24574279785156,2.5566437244415283,43.11766815185547,138.77137756347656
2017-03-17 04:00:00,32.31758499145508,58.4529914855957,2.6123039722442627,43.23512268066406,138.62266540527344
2017-03-20 04:00:00,32.656944274902344,58.50704574584961,2.6955463886260986,43.01408386230469,138.72181701660156
2017-03-21 04:00:00,32.2829475402832,57.858272552490234,2.6083624362945557,42.133399963378906,137.3042755126953
2017-03-22 04:00:00,32.647708892822266,58.59715270996094,2.66156005859375,42.116546630859375,138.37484741210938
2017-03-23 04:00:00,32.53228759765625,58.4529914855957,2.6374237537384033,41.61349868774414,138.3153839111328
2017-03-24 04:00:00,32.46764373779297,58.552101135253906,2.6467831134796143,41.389984130859375,139.1183319091797
2017-03-27 04:00:00,32.52303695678711,58.66022491455078,2.6659927368164062,41.557003021240234,139.09849548339844
2017-03-28 04:00:00,33.197147369384766,58.83143615722656,2.6522011756896973,41.66207504272461,140.5259246826172
2017-03-29 04:00:00,33.271026611328125,58.99364471435547,2.6435813903808594,42.12001037597656,141.40821838378906
2017-03-30 04:00:00,33.227149963378906,59.209877014160156,2.694315195083618,42.100685119628906,141.17031860351562
2017-03-31 04:00:00,33.16482162475586,59.34504318237305,2.682739734649658,42.01742172241211,140.81344604492188
2017-04-03 04:00:00,33.17405319213867,59.065711975097656,2.6691949367523193,42.46099090576172,141.0414276123047
2017-04-04 04:00:00,33.421085357666016,59.2279167175293,2.482020616531372,42.25382614135742,140.4962158203125
2017-04-05 04:00:00,33.24793243408203,59.074710845947266,2.463550329208374,42.072425842285156,140.61517333984375
2017-04-06 04:00:00,33.16482162475586,59.2279167175293,2.4815287590026855,41.883609771728516,139.9410858154297
2017-04-07 04:00:00,33.0909538269043,59.18285369873047,2.470938205718994,41.734928131103516,139.5544891357422
2017-04-10 04:00:00,33.051692962646484,59.04769515991211,2.4078915119171143,41.71510314941406,139.8122100830078
2017-04-11 04:00:00,32.69618606567383,59.00263214111328,2.416510581970215,41.624900817871094,138.70196533203125
2017-04-12 04:00:00,32.735435485839844,58.77736282348633,2.39656138420105,41.703208923339844,138.36492919921875
2017-04-13 04:00:00,32.56228256225586,58.525062561035156,2.3517379760742188,41.639766693115234,138.17660522460938
2017-04-17 04:00:00,32.74236297607422,59.00263214111328,2.443847417831421,42.380699157714844,140.18890380859375
2017-04-18 04:00:00,32.59690856933594,58.921539306640625,2.4453248977661133,42.32419967651367,139.73294067382812
2017-04-19 04:00:00,32.47687530517578,58.60617446899414,2.454930067062378,42.449092864990234,141.03155517578125
2017-04-20 04:00:00,32.883182525634766,59.02065658569336,2.493842601776123,42.62602996826172,142.5482177734375
2017-04-21 04:00:00,32.84391784667969,59.83163070678711,2.5041863918304443,42.57001876831055,142.42922973632812
2017-04-24 04:00:00,33.16020965576172,60.849849700927734,2.53546404838562,43.56023406982422,144.2036590576172
2017-04-25 04:00:00,33.36566162109375,61.20125961303711,2.579547882080078,44.0513916015625,145.21478271484375
2017-04-26 04:00:00,33.16943359375,61.120182037353516,2.5618157386779785,44.066253662109375,145.2841796875
2017-04-27 04:00:00,33.19482421875,61.51664733886719,2.6017138957977295,44.18024444580078,146.4142303466797
2017-04-28 04:00:00,33.16250228881836,61.687843322753906,2.5687122344970703,45.81970977783203,148.9420623779297
2017-05-01 04:00:00,33.838932037353516,62.54387664794922,2.6263413429260254,46.231056213378906,151.13282775878906
2017-05-02 04:00:00,34.053611755371094,62.44477081298828,2.5485167503356934,46.44268035888672,151.45001220703125
2017-05-03 04:00:00,33.94972610473633,62.24653244018555,2.5674805641174316,47.00569534301758,150.4785614013672
2017-05-04 04:00:00,33.82737731933594,62.003204345703125,2.5576295852661133,47.31643295288086,149.53683471679688
2017-05-05 04:00:00,34.388362884521484,62.174442291259766,2.557875633239746,47.09638595581055,148.93212890625
2017-05-08 04:00:00,35.32332992553711,62.12037658691406,2.531031847000122,47.513187408447266,149.74501037597656
2017-05-09 04:00:00,35.54956817626953,62.210479736328125,2.5352180004119873,47.41506576538086,149.17005920410156
2017-05-10 04:00:00,35.38104248046875,62.453792572021484,2.98714280128479,47.322383880615234,148.98171997070312
2017-05-11 04:00:00,35.68702697753906,61.687843322753906,3.1154561042785645,47.374420166015625,148.73388671875
2017-05-12 04:00:00,36.1854248046875,61.61576843261719,3.149688482284546,47.337249755859375,149.02134704589844
2017-05-15 04:00:00,36.09269332885742,61.66081619262695,3.307800769805908,47.539451599121094,148.882568359375
2017-05-16 04:00:00,36.039390563964844,62.902381896972656,3.3693714141845703,47.80659103393555,148.47613525390625
2017-05-17 04:00:00,34.82933807373047,61.15332794189453,3.1455016136169434,46.694454193115234,143.5890655517578
2017-05-18 04:00:00,35.36017608642578,61.36177444458008,3.277261972427368,47.10729217529297,146.37461853027344
2017-05-19 04:00:00,35.48072814941406,61.3436393737793,3.3529510498046875,47.31296157836914,146.77110290527344
2017-05-22 04:00:00,35.6963005065918,62.03239059448242,3.4244468212127686,47.77982711791992,146.94956970214844
2017-05-23 04:00:00,35.65225601196289,62.240821838378906,3.3783445358276367,48.10097885131836,146.7810516357422
2017-05-24 04:00:00,35.545631408691406,62.32238006591797,3.416311264038086,48.45087432861328,148.73388671875
2017-05-25 04:00:00,35.6684684753418,63.09269714355469,3.408668279647827,49.15711212158203,150.63719177246094
2017-05-26 04:00:00,35.60820388793945,63.40080642700195,3.4969303607940674,49.226993560791016,150.80569458007812
2017-05-30 04:00:00,35.62213897705078,63.80862045288086,3.5716326236724854,49.37071990966797,151.0535125732422
2017-05-31 04:00:00,35.41117477416992,63.292049407958984,3.558812141418457,48.92070770263672,150.1415252685547
2017-06-01 04:00:00,35.508541107177734,63.52767562866211,3.559058666229248,48.980186462402344,150.21090698242188
2017-06-02 04:00:00,36.03474807739258,65.03203582763672,3.541306972503662,49.36823654174805,152.2728271484375
2017-06-05 04:00:00,35.682395935058594,65.50330352783203,3.6490464210510254,49.75283432006836,152.29263305664062
2017-06-06 04:00:00,35.80293655395508,65.72077178955078,3.6325271129608154,49.395992279052734,151.47975158691406
2017-06-07 04:00:00,36.016197204589844,65.60298919677734,3.6764121055603027,49.6348762512207,151.78707885742188
2017-06-08 04:00:00,35.92810821533203,65.20423889160156,3.9431684017181396,49.77265548706055,153.36322021484375
2017-06-09 04:00:00,34.534942626953125,63.7270622253418,3.6882455348968506,48.07966613769531,148.29771423339844
2017-06-12 04:00:00,33.709693908691406,63.2376708984375,3.6973671913146973,47.66781997680664,147.14781188964844
2017-06-13 04:00:00,33.98090744018555,64.02613067626953,3.7326226234436035,48.09850311279297,149.3683319091797
2017-06-14 04:00:00,33.64942169189453,63.681739807128906,3.7405121326446533,47.97113037109375,148.9420623779297
2017-06-15 04:00:00,33.447750091552734,63.34641647338867,3.7565364837646484,47.5870361328125,148.49598693847656
2017-06-16 04:00:00,32.9794921875,63.43706512451172,3.7380475997924805,47.50971984863281,149.3286590576172
2017-06-19 04:00:00,33.9229621887207,64.22550201416016,3.878575325012207,48.332427978515625,151.53924560546875
2017-06-20 04:00:00,33.61465072631836,63.35550308227539,3.8729047775268555,48.02366256713867,150.9246368408203
2017-06-21 04:00:00,33.814002990722656,63.681739807128906,3.9315807819366455,48.49944305419922,152.5701904296875
2017-06-22 04:00:00,33.75838088989258,63.67267990112305,3.9044625759124756,48.40181350708008,152.0646209716797
2017-06-23 04:00:00,33.909053802490234,64.53362274169922,3.7925329208374023,48.87115478515625,153.72007751464844
2017-06-26 04:00:00,33.80240249633789,63.9173698425293,3.7511141300201416,48.17730712890625,152.25296020507812
2017-06-27 04:00:00,33.317935943603516,62.721153259277344,3.6137895584106445,46.98784637451172,149.2692108154297
2017-06-28 04:00:00,33.804744720458984,63.25580978393555,3.7412517070770264,47.628170013427734,151.90603637695312
2017-06-29 04:00:00,33.30634689331055,62.068634033203125,3.616255521774292,46.478858947753906,149.7251739501953
2017-06-30 04:00:00,33.385162353515625,62.46737289428711,3.5639894008636475,46.075443267822266,149.6656951904297
2017-07-03 04:00:00,33.264625549316406,61.77862548828125,3.4350485801696777,45.56892776489258,147.13787841796875
2017-07-05 04:00:00,33.401397705078125,62.60333251953125,3.5267608165740967,46.203304290771484,149.03128051757812
2017-07-06 04:00:00,33.08613204956055,62.14112854003906,3.537363290786743,45.9768180847168,147.52452087402344
2017-07-07 04:00:00,33.42224884033203,62.947696685791016,3.618227958679199,46.62704849243164,150.12168884277344
2017-07-10 04:00:00,33.62623977661133,63.418941497802734,3.78932785987854,47.1320686340332,152.16378784179688
2017-07-11 04:00:00,33.735198974609375,63.42799758911133,3.8430728912353516,47.2574577331543,153.91836547851562
2017-07-12 04:00:00,33.783878326416016,64.47924041748047,4.006529331207275,47.9577522277832,157.51678466796875
2017-07-13 04:00:00,34.25444412231445,65.0411148071289,3.960179567337036,48.016727447509766,157.8736114501953
2017-07-14 04:00:00,34.54884338378906,65.95641326904297,4.066684722900391,48.41618728637695,158.57745361328125
2017-07-17 04:00:00,34.66938400268555,66.47296905517578,4.0494279861450195,48.369102478027344,158.3395233154297
2017-07-18 04:00:00,34.7899284362793,66.42764282226562,4.091587066650391,48.91376876831055,161.44229125976562
2017-07-19 04:00:00,35.00783157348633,66.93515014648438,4.070383548736572,49.20220947265625,162.71112060546875
2017-07-20 04:00:00,34.85020065307617,67.26141357421875,4.12955379486084,49.173465728759766,163.09774780273438
2017-07-21 04:00:00,34.8339729309082,66.8717269897461,4.144344329833984,49.2552490234375,162.99859619140625
2017-07-24 04:00:00,35.25586700439453,66.69954681396484,4.0962700843811035,49.47677993774414,164.55494689941406
2017-07-25 04:00:00,35.40654373168945,67.23423767089844,4.076547622680664,48.02564239501953,163.84121704101562
2017-07-26 04:00:00,35.573448181152344,67.10736846923828,4.123637676239014,47.841278076171875,164.1683349609375
2017-07-27 04:00:00,34.90119171142578,66.30081176757812,3.9875454902648926,47.2069091796875,168.956298828125
2017-07-28 04:00:00,34.65546417236328,66.19202423095703,4.052878379821777,47.4953498840332,170.9488067626953
2017-07-31 04:00:00,34.476985931396484,65.8839111328125,4.006529331207275,46.85948944091797,167.77667236328125
2017-08-01 04:00:00,34.78296661376953,65.775146484375,4.05534553527832,46.912025451660156,168.38134765625
2017-08-02 04:00:00,36.4265022277832,65.48517608642578,4.052878379821777,46.965545654296875,167.82626342773438
2017-08-03 04:00:00,36.062564849853516,65.38549041748047,4.104405403137207,46.601776123046875,167.12240600585938
2017-08-04 04:00:00,36.25263977050781,65.86580657958984,4.122403144836426,46.87386703491211,168.14344787597656
2017-08-07 04:00:00,36.813636779785156,65.61205291748047,4.24912691116333,46.87187194824219,170.48289489746094
2017-08-08 04:00:00,37.108009338378906,65.9654769897461,4.198583602905273,46.79456329345703,169.73944091796875
2017-08-09 04:00:00,37.335201263427734,65.67546081542969,4.243208885192871,46.59086990356445,169.6898651123047
2017-08-10 04:00:00,36.145992279052734,64.71488189697266,4.0615081787109375,45.773616790771484,165.94276428222656
2017-08-11 04:00:00,36.6486701965332,65.70265197753906,3.845045328140259,46.09576416015625,166.61685180664062
2017-08-14 04:00:00,37.200218200683594,66.69046783447266,4.151741981506348,46.533870697021484,169.2636260986328
2017-08-15 04:00:00,37.60749435424805,66.7087173461914,4.116734981536865,46.49174499511719,169.51141357421875
2017-08-16 04:00:00,37.45621871948242,67.1004638671875,4.071616172790527,46.79852294921875,168.52012634277344
2017-08-17 04:00:00,36.73710632324219,65.96162414550781,3.980888843536377,45.97532653808594,165.45703125
2017-08-18 04:00:00,36.65333557128906,66.04362487792969,3.9816293716430664,45.90196990966797,165.9526824951172
2017-08-21 04:00:00,36.58583068847656,65.73383331298828,3.923692464828491,45.63881301879883,166.3194580078125
2017-08-22 04:00:00,37.183921813964844,66.65406036376953,4.011043071746826,46.606727600097656,168.1632537841797
2017-08-23 04:00:00,37.23046875,66.25316619873047,4.0912394523620605,46.714778900146484,167.2413787841797
2017-08-24 04:00:00,37.06524658203125,66.22582244873047,4.0761871337890625,46.43277359008789,166.27981567382812
2017-08-25 04:00:00,37.202545166015625,66.34424591064453,4.042135238647461,46.11608123779297,164.87216186523438
2017-08-28 04:00:00,37.57721710205078,66.35338592529297,4.070759296417236,45.99862289428711,165.78411865234375
2017-08-29 04:00:00,37.9123420715332,66.5538101196289,4.064095973968506,46.37627410888672,166.5871124267578
2017-08-30 04:00:00,38.01473617553711,67.4284439086914,4.088280200958252,46.766807556152344,168.44082641601562
2017-08-31 04:00:00,38.16600799560547,68.120849609375,4.181060314178467,47.34220504760742,170.4729766845703
2017-09-01 04:00:00,38.17763900756836,67.36465454101562,4.206229209899902,47.181129455566406,170.52255249023438
2017-09-05 04:00:00,37.71917724609375,67.06400299072266,4.093954086303711,46.66025161743164,169.2338409423828
2017-09-06 04:00:00,37.679603576660156,66.87267303466797,4.091485977172852,46.68701934814453,170.59193420410156
2017-09-07 04:00:00,37.52835464477539,67.72908020019531,4.11048698425293,47.07706069946289,171.70220947265625
2017-09-08 04:00:00,36.916297912597656,67.40110778808594,4.039174556732178,46.65678405761719,169.4618682861328
2017-09-11 04:00:00,37.584190368652344,68.11173248291016,4.170201778411865,46.74995803833008,171.99957275390625
2017-09-12 04:00:00,37.43526077270508,68.03889465332031,4.1852545738220215,46.916481018066406,171.45437622070312
2017-09-13 04:00:00,37.15367126464844,68.521728515625,4.204009532928467,47.104312896728516,171.5435791015625
2017-09-14 04:00:00,36.8348388671875,68.120849609375,4.18007230758667,46.593345642089844,169.4718017578125
2017-09-15 04:00:00,37.207191467285156,68.6128158569336,4.444349765777588,46.35347366333008,170.14584350585938
2017-09-18 04:00:00,36.92560577392578,68.47618865966797,4.627938270568848,46.07890701293945,168.530029296875
2017-09-19 04:00:00,36.93956756591797,68.73128509521484,4.623003005981445,46.431278228759766,171.01817321777344
2017-09-20 04:00:00,36.32054901123047,68.2757568359375,4.585743427276611,46.96059036254883,170.6712646484375
2017-09-21 04:00:00,35.69684600830078,67.61063385009766,4.460391044616699,46.961082458496094,169.62046813964844
2017-09-22 04:00:00,35.3477668762207,67.79290008544922,4.416959762573242,46.74846649169922,169.055419921875
2017-09-25 04:00:00,35.03593063354492,66.74513244628906,4.219554424285889,46.30341720581055,161.45216369628906
2017-09-26 04:00:00,35.6386833190918,66.74513244628906,4.243242263793945,46.459529876708984,162.78053283691406
2017-09-27 04:00:00,35.892330169677734,67.2826919555664,4.336268424987793,47.573158264160156,166.2203369140625
2017-09-28 04:00:00,35.67124938964844,67.3009033203125,4.335037708282471,47.81650161743164,167.2611846923828
2017-09-29 04:00:00,35.866737365722656,67.86576080322266,4.411285400390625,48.25808334350586,169.382568359375
2017-10-02 04:00:00,35.79459762573242,67.97509002685547,4.416959762573242,47.948326110839844,167.99476623535156
2017-10-03 04:00:00,35.95050811767578,67.65619659423828,4.426089286804199,48.17680740356445,168.4805145263672
2017-10-04 04:00:00,35.71779251098633,68.04796600341797,4.463102340698242,47.91413879394531,166.95388793945312
2017-10-05 04:00:00,36.162288665771484,69.21416473388672,4.46063756942749,48.8265380859375,169.74932861328125
2017-10-06 04:00:00,36.14133071899414,69.24146270751953,4.4737138748168945,49.24532699584961,170.73072814941406
2017-10-09 04:00:00,36.26702880859375,69.5057144165039,4.574638843536377,49.179420471191406,170.9983673095703
2017-10-10 04:00:00,36.28097152709961,69.5057144165039,4.661990165710449,48.955894470214844,170.09629821777344
2017-10-11 04:00:00,36.43224334716797,69.6241226196289,4.711589336395264,49.84055709838867,171.23629760742188
2017-10-12 04:00:00,36.30424118041992,70.26189422607422,4.713810443878174,49.84055709838867,171.04794311523438
2017-10-13 04:00:00,36.534645080566406,70.59896850585938,4.801655292510986,49.95057678222656,172.22756958007812
2017-10-16 04:00:00,37.207191467285156,70.7447509765625,4.884072303771973,50.023921966552734,173.00079345703125
2017-10-17 04:00:00,37.3444938659668,70.69007873535156,4.879629611968994,50.10570526123047,174.57693481445312
2017-10-18 04:00:00,37.17926788330078,70.70832824707031,4.875435829162598,50.19194030761719,174.4976043701172
2017-10-19 04:00:00,36.29958724975586,70.98162841796875,4.880865573883057,49.65172576904297,173.04043579101562
2017-10-20 04:00:00,36.3624267578125,71.80159759521484,4.8586554527282715,49.81180953979492,173.456787109375
2017-10-23 04:00:00,36.343807220458984,71.81979370117188,4.85174560546875,48.84389114379883,169.77908325195312
2017-10-24 04:00:00,36.560245513916016,71.84713745117188,4.902578830718994,48.99009323120117,170.304443359375
2017-10-25 04:00:00,36.39966583251953,71.63758087158203,4.7787065505981445,49.13728713989258,169.11489868164062
2017-10-26 04:00:00,36.632381439208984,71.75604248046875,4.828798770904541,49.13530349731445,169.14463806152344
2017-10-27 04:00:00,37.944923400878906,76.35694885253906,4.981048583984375,51.2292366027832,176.33152770996094
2017-10-30 04:00:00,38.79899978637695,76.42984771728516,5.029905796051025,51.202484130859375,178.30419921875
2017-10-31 04:00:00,39.33890151977539,75.78297424316406,5.1031928062438965,51.198020935058594,178.49256896972656
2017-11-01 04:00:00,38.83856964111328,75.78297424316406,5.112815856933594,51.671810150146484,181.06991577148438
2017-11-02 04:00:00,39.12248229980469,76.57560729980469,5.081724166870117,51.69015121459961,177.3624725341797
2017-11-03 04:00:00,40.14411544799805,76.65760040283203,5.14958381652832,52.03806686401367,177.3624725341797
2017-11-06 05:00:00,40.5513801574707,76.95825958251953,5.17277717590332,51.67578125,178.60159301757812
2017-11-07 05:00:00,40.681697845458984,76.77603912353516,5.231999397277832,52.157005310058594,178.68089294433594
2017-11-08 05:00:00,41.01450729370117,77.04024505615234,5.161181449890137,52.44942092895508,177.9969024658203
2017-11-09 05:00:00,40.930702209472656,76.612060546875,5.066427230834961,51.92556381225586,177.73916625976562
2017-11-10 05:00:00,40.79524612426758,76.41161346435547,5.333417892456055,51.74863052368164,176.90650939941406
2017-11-13 05:00:00,40.63176727294922,76.46627044677734,5.2468061447143555,51.60242462158203,177.2137908935547
2017-11-14 05:00:00,40.01751708984375,76.57560729980469,5.28505277633667,51.62424087524414,176.51986694335938
2017-11-15 05:00:00,39.48966979980469,75.98043823242188,5.1814141273498535,51.36503601074219,176.4009246826172
2017-11-16 05:00:00,39.961448669433594,76.181884765625,5.221637725830078,51.962730407714844,178.0266571044922
2017-11-17 05:00:00,39.739566802978516,75.44935607910156,5.21546745300293,51.33926010131836,177.44178771972656
2017-11-20 05:00:00,39.699867248535156,75.56841278076172,5.282585144042969,51.27830505371094,177.18405151367188
2017-11-21 05:00:00,40.43790054321289,76.65799713134766,5.331198215484619,52.053436279296875,180.2769012451172
2017-11-22 05:00:00,40.86297607421875,76.0994644165039,5.307243347167969,52.13372039794922,179.29547119140625
2017-11-24 05:00:00,40.865318298339844,76.23682403564453,5.357371807098389,52.3616943359375,181.1888885498047
2017-11-27 05:00:00,40.659793853759766,76.79537200927734,5.287736892700195,53.1293830871582,181.43670654296875
2017-11-28 05:00:00,40.42156219482422,77.72016143798828,5.20304012298584,52.697227478027344,180.83201599121094
2017-11-29 05:00:00,39.583091735839844,76.3100357055664,4.850179195404053,51.413108825683594,173.60548400878906
2017-11-30 05:00:00,40.13662338256836,77.0700454711914,4.956112861633301,51.35313415527344,175.63763427734375
2017-12-01 05:00:00,39.94977569580078,77.15245056152344,4.881290435791016,50.80302047729492,173.5757293701172
2017-12-04 05:00:00,39.657833099365234,74.2406997680664,4.609175682067871,50.14881896972656,169.9773406982422
2017-12-05 05:00:00,39.62046813964844,74.7076644897461,4.635844707489014,50.53192138671875,171.32553100585938
2017-12-06 05:00:00,39.47332763671875,75.79731750488281,4.673378944396973,51.182159423828125,174.52737426757812
2017-12-07 05:00:00,39.545719146728516,75.53176879882812,4.74078893661499,51.76945114135742,178.5718536376953
2017-12-08 05:00:00,39.55739212036133,77.06089782714844,4.7284440994262695,52.00783920288086,177.44178771972656
2017-12-11 05:00:00,40.32814025878906,78.04063415527344,4.80672025680542,52.136199951171875,177.48143005371094
2017-12-12 05:00:00,40.101585388183594,78.36111450195312,4.712392807006836,51.977603912353516,175.41952514648438
2017-12-13 05:00:00,40.23470687866211,78.15052795410156,4.597322463989258,52.107452392578125,176.74789428710938
2017-12-14 05:00:00,40.2230339050293,77.54621124267578,4.604483604431152,52.408782958984375,176.83706665039062
2017-12-15 05:00:00,40.63176727294922,79.52400207519531,4.730170249938965,53.12888717651367,178.61151123046875
2017-12-18 05:00:00,41.20397186279297,79.0936279296875,4.886724472045898,53.77764129638672,179.24594116210938
2017-12-19 05:00:00,40.764892578125,78.59003448486328,4.842524528503418,53.51447296142578,177.9473419189453
2017-12-20 05:00:00,40.72050476074219,78.3061752319336,4.859562873840332,53.206207275390625,176.34146118164062
2017-12-21 05:00:00,40.87464904785156,78.2878646850586,4.837092399597168,53.0718994140625,175.90524291992188
2017-12-22 05:00:00,40.87464904785156,78.2970199584961,4.821782112121582,52.9732780456543,175.657470703125
2017-12-26 05:00:00,39.83767318725586,78.1962890625,4.875364303588867,52.824100494384766,174.45799255371094
2017-12-27 05:00:00,39.84468078613281,78.48014068603516,4.868697643280029,52.54407501220703,176.07379150390625
2017-12-28 05:00:00,39.956787109375,78.48931884765625,4.874378204345703,52.33345031738281,176.37118530273438
2017-12-29 05:00:00,39.524696350097656,78.32449340820312,4.778076171875,52.20706558227539,174.9238739013672
2018-01-02 05:00:00,40.23237609863281,78.69989776611328,4.922529220581055,53.18885803222656,179.84071350097656
2018-01-03 05:00:00,40.22536849975586,79.06617736816406,5.2465009689331055,54.096317291259766,183.0624237060547
2018-01-04 05:00:00,40.4122200012207,79.76207733154297,5.274155616760254,54.30644989013672,182.72537231445312
2018-01-05 05:00:00,40.87233352661133,80.75094604492188,5.318851470947266,55.02656936645508,185.2234649658203
2018-01-08 05:00:00,40.72050476074219,80.83336639404297,5.481823444366455,55.220848083496094,186.64100646972656
2018-01-09 05:00:00,40.715850830078125,80.77842712402344,5.48034143447876,55.15047073364258,186.23458862304688
2018-01-10 05:00:00,40.70648956298828,80.41216278076172,5.523306846618652,55.019126892089844,186.20481872558594
2018-01-11 05:00:00,40.937713623046875,80.65023040771484,5.533185005187988,55.113792419433594,186.13546752929688
2018-01-12 05:00:00,41.360450744628906,82.0420150756836,5.506021976470947,56.03562927246094,177.8085479736328
2018-01-16 05:00:00,41.1502685546875,80.89746856689453,5.435153961181641,56.0380973815918,176.83706665039062
2018-01-17 05:00:00,41.82990264892578,82.53645324707031,5.548986911773682,56.45440673828125,176.05397033691406
2018-01-18 05:00:00,41.86727523803711,82.49987030029297,5.542075157165527,56.299285888671875,178.23483276367188
2018-01-19 05:00:00,41.680423736572266,82.40827941894531,5.6820831298828125,56.672462463378906,179.7118377685547
2018-01-22 05:00:00,41.33942794799805,83.8824691772461,5.770483493804932,57.69639587402344,183.7563018798828
2018-01-23 05:00:00,41.34877014160156,84.14801025390625,5.899379730224609,58.2916145324707,187.70169067382812
2018-01-24 05:00:00,40.69015121459961,84.07476806640625,5.82258415222168,58.04975891113281,184.92604064941406
2018-01-25 05:00:00,39.963783264160156,84.54175567626953,5.836165904998779,58.587486267089844,185.84796142578125
2018-01-26 05:00:00,40.05720901489258,86.12582397460938,6.008524417877197,58.85610580444336,188.3460235595703
2018-01-29 05:00:00,39.228084564208984,85.99763488769531,6.095440864562988,58.80258560180664,184.3610076904297
2018-01-30 05:00:00,38.99687194824219,84.91715240478516,5.993459224700928,58.3510856628418,185.4910888671875
2018-01-31 05:00:00,39.10429763793945,86.99568939208984,6.06951379776001,58.59145736694336,185.26307678222656
2018-02-01 05:00:00,39.18603515625,86.30894470214844,5.9386420249938965,58.56023406982422,191.4091339111328
2018-02-02 05:00:00,37.48576354980469,84.03810119628906,5.766284942626953,55.468143463134766,188.6235809326172
2018-02-05 05:00:00,36.5492057800293,80.57698822021484,5.276871681213379,52.65262222290039,179.68209838867188
2018-02-06 05:00:00,38.076656341552734,83.62609100341797,5.570223808288574,53.744930267333984,183.6968536376953
2018-02-07 05:00:00,37.261539459228516,82.05117797851562,5.649733543395996,52.30668258666992,178.61151123046875
2018-02-08 05:00:00,36.23623275756836,77.83920288085938,5.371198654174805,49.94265365600586,170.08636474609375
2018-02-09 05:00:00,36.679439544677734,80.74180603027344,5.73072624206543,51.853702545166016,174.57693481445312
2018-02-12 05:00:00,38.1568603515625,81.61164855957031,5.630721092224121,52.26456069946289,174.8743438720703
2018-02-13 05:00:00,38.53911209106445,82.25261688232422,5.74431037902832,52.24374008178711,171.64271545410156
2018-02-14 05:00:00,39.249664306640625,83.54054260253906,5.961359977722168,53.1635856628418,177.957275390625
2018-02-15 05:00:00,40.56760025024414,85.24244689941406,6.086799621582031,54.088382720947266,178.3934326171875
2018-02-16 05:00:00,40.4362678527832,84.6352767944336,6.021115303039551,54.2935676574707,175.81607055664062
2018-02-20 05:00:00,40.300262451171875,85.29764556884766,6.150506973266602,54.694515228271484,174.47779846191406
2018-02-21 05:00:00,40.11734390258789,84.1661148071289,5.963581085205078,55.19804382324219,176.36126708984375
2018-02-22 05:00:00,40.452693939208984,84.38689422607422,5.983101844787598,55.007240295410156,177.43186950683594
2018-02-23 05:00:00,41.156227111816406,86.53040313720703,6.0764994621276855,55.908748626708984,181.69444274902344
2018-02-26 05:00:00,41.969974517822266,87.78152465820312,6.092559814453125,56.6823844909668,183.32015991210938
2018-02-27 05:00:00,41.83395767211914,86.6591567993164,6.079710960388184,55.384395599365234,179.88035583496094
2018-02-28 05:00:00,41.77062225341797,86.26358795166016,5.979395389556885,54.71086502075195,176.76771545410156
2018-03-01 05:00:00,41.038963317871094,85.4172592163086,5.737502098083496,53.09965133666992,174.40841674804688
2018-03-02 05:00:00,41.322723388671875,85.60124969482422,5.844488620758057,53.73055648803711,175.08248901367188
2018-03-05 05:00:00,41.465763092041016,86.14398193359375,5.822497367858887,54.256893157958984,178.82958984375
2018-03-06 05:00:00,41.43059539794922,85.8496322631836,5.983346939086914,54.561187744140625,178.21498107910156
2018-03-07 05:00:00,41.04600143432617,86.34642028808594,5.975441932678223,55.2619743347168,182.1107635498047
2018-03-08 05:00:00,41.493919372558594,86.87075805664062,5.959134101867676,55.97268295288086,180.752685546875
2018-03-09 05:00:00,42.20681381225586,88.8118667602539,6.061673164367676,57.53185272216797,183.6175537109375
2018-03-12 04:00:00,42.6148567199707,89.02345275878906,6.171130657196045,57.78411865234375,183.15164184570312
2018-03-13 04:00:00,42.204463958740234,86.85236358642578,6.120479106903076,56.494544982910156,180.29673767089844
2018-03-14 04:00:00,41.845672607421875,86.33722686767578,6.145927906036377,56.939605712890625,182.58660888671875
2018-03-15 04:00:00,41.89491271972656,86.6407699584961,6.160752773284912,57.024845123291016,182.25949096679688
2018-03-16 04:00:00,41.74717712402344,87.02714538574219,6.188920974731445,56.22246551513672,183.478759765625
2018-03-19 04:00:00,41.109310150146484,85.45401000976562,5.95468807220459,54.52006149291992,171.05783081054688
2018-03-20 04:00:00,41.09524154663086,85.6748275756836,6.166684150695801,54.30843734741211,166.68621826171875
2018-03-21 04:00:00,40.16425323486328,85.07684326171875,6.141481876373291,54.21922302246094,167.91546630859375
2018-03-22 04:00:00,39.596736907958984,82.60220336914062,5.975688457489014,52.19467544555664,163.45458984375
2018-03-23 04:00:00,38.679813385009766,80.20111846923828,5.7562785148620605,50.876373291015625,158.0024871826172
2018-03-26 04:00:00,40.51601028442383,86.27278900146484,6.040671348571777,52.24126434326172,158.6666717529297
2018-03-27 04:00:00,39.47713851928711,82.30781555175781,5.572202682495117,49.90448760986328,150.89492797851562
2018-03-28 04:00:00,39.04095458984375,82.23423767089844,5.469170093536377,49.817256927490234,151.69786071777344
2018-03-29 04:00:00,39.345802307128906,83.9637222290039,5.72218132019043,51.401214599609375,158.3990020751953
2018-04-02 04:00:00,39.08785629272461,81.43385314941406,5.461758613586426,50.186485290527344,154.03729248046875
2018-04-03 04:00:00,39.48885726928711,82.52860260009766,5.5680012702941895,50.486328125,154.7510528564453
2018-04-04 04:00:00,40.243980407714844,84.93888092041016,5.589992523193359,51.032981872558594,153.74984741210938
2018-04-05 04:00:00,40.523040771484375,84.98484802246094,5.469910621643066,51.17818832397461,157.9529266357422
2018-04-06 04:00:00,39.486507415771484,83.0069808959961,5.293739318847656,50.05366516113281,155.83155822753906
2018-04-09 04:00:00,39.878143310546875,83.50373077392578,5.322403907775879,50.55620574951172,156.55519104003906
2018-04-10 04:00:00,40.62857437133789,85.44481658935547,5.631256103515625,51.3694953918457,163.60330200195312
2018-04-11 04:00:00,40.43861389160156,84.50650787353516,5.589992523193359,50.80251693725586,164.87216186523438
2018-04-12 04:00:00,40.8372917175293,86.08879852294922,5.796553134918213,51.408653259277344,162.4434814453125
2018-04-13 04:00:00,40.97563934326172,85.62882995605469,5.719959735870361,51.3466911315918,163.08782958984375
2018-04-16 04:00:00,41.23125457763672,86.63156127929688,5.7197113037109375,51.84527587890625,163.39515686035156
2018-04-17 04:00:00,41.79878234863281,88.37948608398438,5.86919641494751,53.493656158447266,167.19178771972656
2018-04-18 04:00:00,41.70496368408203,88.71986389160156,5.840286731719971,53.29691696166992,164.9118194580078
2018-04-19 04:00:00,40.523040771484375,88.416259765625,5.659175395965576,53.99372482299805,166.63665771484375
2018-04-20 04:00:00,38.86272048950195,87.39513397216797,5.651022911071777,53.39255905151367,164.83251953125
2018-04-23 04:00:00,38.75016403198242,87.71710205078125,5.531682014465332,53.21859359741211,164.39634704589844
2018-04-24 04:00:00,38.210792541503906,85.66563415527344,5.465464115142822,50.68258285522461,158.29986572265625
2018-04-25 04:00:00,38.37730026245117,84.92047119140625,5.353287696838379,50.69993209838867,158.29986572265625
2018-04-26 04:00:00,38.51095962524414,86.71438598632812,5.564791679382324,51.70700454711914,172.64393615722656
2018-04-27 04:00:00,38.065399169921875,88.14952087402344,5.5922160148620605,51.11921310424805,172.07887268066406
2018-04-30 04:00:00,38.754852294921875,86.03359985351562,5.556883335113525,50.481380462646484,170.5027313232422
2018-05-01 04:00:00,39.655364990234375,87.39513397216797,5.61223030090332,51.58013153076172,172.34652709960938
2018-05-02 04:00:00,41.40714645385742,86.0244140625,5.591723442077637,50.85158920288086,174.5373077392578
2018-05-03 04:00:00,41.482181549072266,86.5395736694336,5.756773471832275,50.863975524902344,172.50514221191406
2018-05-04 04:00:00,43.10967254638672,87.54230499267578,5.906752109527588,52.08811950683594,175.0725860595703
2018-05-07 04:00:00,43.421566009521484,88.51746368408203,6.144445419311523,52.50740051269531,176.42076110839844
2018-05-08 04:00:00,43.630279541015625,88.14030456542969,6.18694543838501,52.46428298950195,177.3624725341797
2018-05-09 04:00:00,43.93749237060547,89.17982482910156,6.319874286651611,53.96894454956055,181.06991577148438
2018-05-10 04:00:00,44.56597900390625,90.07218933105469,6.427355766296387,54.787681579589844,183.9149169921875
2018-05-11 04:00:00,44.39646530151367,89.87899780273438,6.288987636566162,54.68410110473633,185.36224365234375
2018-05-14 04:00:00,44.292877197265625,90.18255615234375,6.309497356414795,54.84368896484375,185.0153045654297
2018-05-15 04:00:00,43.89032745361328,89.52942657470703,6.067355155944824,53.76673889160156,182.71548461914062
2018-05-16 04:00:00,44.29995346069336,89.7603988647461,6.078474998474121,53.72807693481445,181.60523986816406
2018-05-17 04:00:00,44.01982116699219,88.86418914794922,6.120479106903076,53.58782196044922,182.1603546142578
2018-05-18 04:00:00,43.85972213745117,89.0304946899414,6.076746463775635,53.01193618774414,181.0897216796875
2018-05-21 04:00:00,44.17048645019531,90.17616271972656,6.034740447998047,53.724117279052734,182.8839874267578
2018-05-22 04:00:00,44.05982208251953,90.08380126953125,5.99669075012207,53.29294204711914,182.20001220703125
2018-05-23 04:00:00,44.34233093261719,91.15553283691406,6.120059967041016,53.82075881958008,185.2730255126953
2018-05-24 04:00:00,44.292877197265625,90.83216857910156,6.1237688064575195,53.79548645019531,184.31143188476562
2018-05-25 04:00:00,44.39412307739258,90.87834167480469,6.163081169128418,53.72758483886719,183.31024169921875
2018-05-29 04:00:00,44.23402404785156,90.55499267578125,6.146020412445068,52.934120178222656,184.12313842773438
2018-05-30 04:00:00,44.13987350463867,91.42347717285156,6.25480318069458,53.399993896484375,186.03631591796875
2018-05-31 04:00:00,43.99156188964844,91.32186126708984,6.235024929046631,54.5165901184082,190.11050415039062
2018-06-01 04:00:00,44.78490447998047,93.12355041503906,6.369274139404297,56.2512092590332,192.30128479003906
2018-06-04 04:00:00,45.159202575683594,93.93658447265625,6.548025608062744,57.1452751159668,191.5974884033203
2018-06-05 04:00:00,45.50761032104492,94.41704559326172,6.553465843200684,57.045166015625,191.2604217529297
2018-06-06 04:00:00,45.665348052978516,94.69420623779297,6.555442810058594,56.84346008300781,189.67433166503906
2018-06-07 04:00:00,45.54292678833008,93.20668029785156,6.499815464019775,56.22246551513672,186.5418701171875
2018-06-08 04:00:00,45.12861251831055,93.8996353149414,6.4844865798950195,56.13771438598633,187.45388793945312
2018-06-11 04:00:00,45.0179443359375,93.36376953125,6.443445205688477,56.543617248535156,189.87258911132812
2018-06-12 04:00:00,45.26515197753906,93.60396575927734,6.491903305053711,56.90491485595703,190.72509765625
2018-06-13 04:00:00,44.893192291259766,93.17896270751953,6.487452507019043,56.70865249633789,190.73504638671875
2018-06-14 04:00:00,44.91672897338867,93.70561218261719,6.59895658493042,57.495670318603516,195.09671020507812
2018-06-15 04:00:00,44.45532989501953,92.51372528076172,6.558160781860352,57.454036712646484,194.14512634277344
2018-06-18 04:00:00,44.43178939819336,93.18819427490234,6.553958892822266,58.65886306762695,196.58367919921875
2018-06-19 04:00:00,43.713775634765625,93.18819427490234,6.432319164276123,58.41651153564453,195.7708282470703
2018-06-20 04:00:00,43.904449462890625,94.12141418457031,6.485227584838867,58.68313980102539,200.2415771484375
2018-06-21 04:00:00,43.65962219238281,93.4468994140625,6.356664657592773,57.958072662353516,199.74594116210938
2018-06-22 04:00:00,43.532508850097656,92.77243041992188,6.2043681144714355,57.95064163208008,199.9838409423828
2018-06-25 04:00:00,42.88511657714844,90.90609741210938,5.91188907623291,56.463321685791016,194.64076232910156
2018-06-26 04:00:00,43.41715621948242,91.54359436035156,5.982844829559326,56.13325881958008,197.26766967773438
2018-06-27 04:00:00,43.353580474853516,90.1207275390625,5.827829360961914,55.35614013671875,194.13516235351562
2018-06-28 04:00:00,43.66904830932617,91.12785339355469,5.954908847808838,55.84382247924805,194.5218048095703
2018-06-29 04:00:00,43.577232360839844,91.1093521118164,5.8570027351379395,55.963260650634766,192.62841796875
2018-07-02 04:00:00,44.06452560424805,92.40283966064453,5.9890265464782715,56.603580474853516,195.64195251464844
2018-07-03 04:00:00,43.297096252441406,91.51589965820312,5.855521202087402,55.32343673706055,191.05226135253906
2018-07-05 04:00:00,43.645511627197266,92.17188262939453,6.001140117645264,56.56293869018555,196.72247314453125
2018-07-06 04:00:00,44.250518798828125,93.46538543701172,6.114868640899658,57.24638366699219,201.4608612060547
2018-07-09 04:00:00,44.86494827270508,94.10289764404297,6.162338733673096,57.851016998291016,202.9577178955078
2018-07-10 04:00:00,44.81079864501953,94.35238647460938,6.261231899261475,57.84408187866211,201.76812744140625
2018-07-11 04:00:00,44.229339599609375,94.22301483154297,6.119814872741699,58.058189392089844,200.77685546875
2018-07-12 04:00:00,44.97087097167969,96.26492309570312,6.2112908363342285,59.53508758544922,205.1187286376953
2018-07-13 04:00:00,45.041500091552734,97.41058349609375,6.164068222045898,59.69169616699219,205.51524353027344
2018-07-16 04:00:00,44.942630767822266,96.93013000488281,6.136378288269043,59.299678802490234,205.42604064941406
2018-07-17 04:00:00,45.06975555419922,97.89102935791016,6.272110462188721,60.12089920043945,208.16200256347656
2018-07-18 04:00:00,44.822574615478516,97.12419128417969,6.222909450531006,60.112464904785156,207.5375518798828
2018-07-19 04:00:00,45.17097854614258,96.45893859863281,6.2310686111450195,59.428035736083984,206.27854919433594
2018-07-20 04:00:00,45.06740188598633,98.18670654296875,6.202885627746582,59.36757278442383,208.11245727539062
2018-07-23 04:00:00,45.10740661621094,99.75739288330078,6.166294097900391,60.017818450927734,209.07400512695312
2018-07-24 04:00:00,45.434635162353516,99.47098541259766,6.14898681640625,62.35458755493164,212.80128479003906
2018-07-25 04:00:00,45.863094329833984,102.39984130859375,6.227113723754883,63.23627471923828,215.6066436767578
2018-07-26 04:00:00,45.7194938659668,101.28189849853516,6.30054235458374,63.71006393432617,174.7256317138672
2018-07-27 04:00:00,44.9591064453125,99.48946380615234,6.230822563171387,62.09389877319336,173.36756896972656
2018-07-30 04:00:00,44.70721435546875,97.35517883300781,6.035755634307861,60.96144485473633,169.57089233398438
2018-07-31 04:00:00,44.796669006347656,98.01116180419922,6.053801536560059,60.82168197631836,171.07766723632812
2018-08-01 04:00:00,47.4356575012207,98.1959228515625,6.093606472015381,61.10764694213867,170.15577697753906
2018-08-02 04:00:00,48.82222366333008,99.38780975341797,6.196209907531738,61.51106643676758,174.83465576171875
2018-08-03 04:00:00,48.96348571777344,99.8220443725586,6.232799530029297,61.3638801574707,176.232421875
2018-08-06 04:00:00,49.21772384643555,99.90520477294922,6.280515193939209,61.33959197998047,184.0735626220703
2018-08-07 04:00:00,48.756317138671875,100.59815979003906,6.352707862854004,62.24010467529297,182.20989990234375
2018-08-08 04:00:00,48.789276123046875,101.1617660522461,6.389052391052246,62.5121955871582,183.56796264648438
2018-08-09 04:00:00,49.172996520996094,101.32808685302734,6.340596675872803,62.66731643676758,181.49615478515625
2018-08-10 04:00:00,49.02652359008789,100.70903015136719,6.299306392669678,62.07506561279297,178.69081115722656
2018-08-13 04:00:00,49.34308624267578,99.97915649414062,6.332188129425049,61.883262634277344,178.48263549804688
2018-08-14 04:00:00,49.55097579956055,101.22648620605469,6.463469982147217,62.354095458984375,179.53341674804688
2018-08-15 04:00:00,49.66672897338867,99.85377502441406,6.405370712280273,61.06947708129883,177.96714782714844
2018-08-16 04:00:00,50.39435958862305,99.835205078125,6.3648247718811035,60.665069580078125,173.17918395996094
2018-08-17 04:00:00,51.400733947753906,99.77957916259766,6.052812576293945,60.258182525634766,172.28707885742188
2018-08-20 04:00:00,50.899898529052734,99.12102508544922,6.127479076385498,60.56049728393555,170.9983673095703
2018-08-21 04:00:00,50.80067825317383,98.29556274414062,6.262962818145752,60.33549118041992,171.11729431152344
2018-08-22 04:00:00,50.80302810668945,99.2972640991211,6.497836112976074,60.55059051513672,172.12844848632812
2018-08-23 04:00:00,50.906982421875,99.7610092163086,6.597226142883301,60.52134704589844,171.3948516845703
2018-08-24 04:00:00,51.06526565551758,100.54010772705078,6.730238914489746,61.29399490356445,173.12965393066406
2018-08-27 04:00:00,51.48577880859375,101.6530990600586,6.821221351623535,62.26141357421875,175.9152069091797
2018-08-28 04:00:00,51.90155029296875,102.26524353027344,6.783641338348389,61.745487213134766,174.7256317138672
2018-08-29 04:00:00,52.67641067504883,103.89762878417969,6.889019966125488,62.676727294921875,174.36875915527344
2018-08-30 04:00:00,53.16069412231445,103.83268737792969,6.872198581695557,62.17071533203125,176.09361267089844
2018-08-31 04:00:00,53.77492141723633,104.1851577758789,6.9431939125061035,61.04867172241211,174.2002716064453
2018-09-04 04:00:00,53.94737243652344,103.61007690429688,7.017900466918945,60.033172607421875,169.6700439453125
2018-09-05 04:00:00,53.59537887573242,100.62358093261719,6.887289047241211,59.428035736083984,165.7246856689453
2018-09-06 04:00:00,52.70476531982422,100.85545349121094,6.746286869049072,58.67918014526367,161.1151580810547
2018-09-07 04:00:00,52.2795295715332,100.36389923095703,6.725013256072998,58.361995697021484,161.6206817626953
2018-09-10 04:00:00,51.57789993286133,101.44905853271484,6.796008110046387,58.23659896850586,162.7507781982422
2018-09-11 04:00:00,52.88193893432617,103.1741714477539,6.748266220092773,58.97654724121094,164.49546813964844
2018-09-12 04:00:00,52.22520065307617,103.61007690429688,6.6344757080078125,58.065128326416016,160.58978271484375
2018-09-13 04:00:00,53.486717224121094,104.72309875488281,6.712151527404785,58.587486267089844,159.95533752441406
2018-09-14 04:00:00,52.87957000732422,105.14973449707031,6.838061332702637,58.38132095336914,160.90699768066406
2018-09-17 04:00:00,51.471588134765625,104.00892639160156,6.776220321655273,57.48180389404297,159.18214416503906
2018-09-18 04:00:00,51.556636810302734,105.0013198852539,6.7042341232299805,57.842594146728516,158.90457153320312
2018-09-19 04:00:00,51.58735275268555,103.60082244873047,6.727982044219971,58.197452545166016,161.64051818847656
2018-09-20 04:00:00,51.97949981689453,105.3352279663086,6.58698034286499,59.05484390258789,164.57476806640625
2018-09-21 04:00:00,51.41960525512695,105.97521209716797,6.516973495483398,58.09089279174805,161.51165771484375
2018-09-24 04:00:00,52.15903854370117,106.3554916381836,6.572632789611816,58.45962905883789,163.97007751464844
2018-09-25 04:00:00,52.489784240722656,106.15142059326172,6.639669895172119,59.16982650756836,163.47442626953125
2018-09-26 04:00:00,52.0716438293457,105.71551513671875,6.602811813354492,59.17825698852539,165.4967041015625
2018-09-27 04:00:00,53.14179611206055,106.11434173583984,6.614687919616699,59.83740234375,167.37022399902344
2018-09-28 04:00:00,53.32843017578125,106.07722473144531,6.951603889465332,59.82353210449219,163.02833557128906
2018-10-01 04:00:00,53.68751525878906,107.22734069824219,7.15791130065918,59.8953971862793,161.02593994140625
2018-10-02 04:00:00,54.164703369140625,106.80068969726562,7.086669445037842,59.85129165649414,157.94302368164062
2018-10-03 04:00:00,54.82381820678711,106.81922149658203,7.092855453491211,60.04407501220703,161.01602172851562
2018-10-04 04:00:00,53.85997009277344,104.61178588867188,6.908810138702393,58.336219787597656,157.46717834472656
2018-10-05 04:00:00,52.98586654663086,103.99964141845703,6.675539493560791,57.87828063964844,155.96041870117188
2018-10-08 04:00:00,52.863037109375,102.81244659423828,6.574365139007568,57.28801345825195,155.88111877441406
2018-10-09 04:00:00,53.59537887573242,104.12023162841797,6.5686750411987305,56.75523376464844,156.52548217773438
2018-10-10 04:00:00,51.112510681152344,98.46255493164062,6.077645301818848,54.1280403137207,150.0622100830078
2018-10-11 04:00:00,50.661293029785156,98.23065185546875,5.816422462463379,54.057655334472656,152.01507568359375
2018-10-12 04:00:00,52.47087478637695,101.62528228759766,6.0986714363098145,55.53456497192383,152.4016876220703
2018-10-15 04:00:00,51.3487548828125,99.79810333251953,5.822605609893799,54.637516021728516,152.18360900878906
2018-10-16 04:00:00,52.48033142089844,102.95159912109375,6.081108093261719,56.156044006347656,157.3977813720703
2018-10-17 04:00:00,52.253536224365234,102.6826171875,6.012585639953613,55.883968353271484,158.03225708007812
2018-10-18 04:00:00,51.03219223022461,100.63285827636719,5.925265312194824,54.41300582885742,153.57139587402344
2018-10-19 04:00:00,51.80942153930664,100.78125762939453,5.668989181518555,54.77330780029297,152.70896911621094
2018-10-22 04:00:00,52.125972747802734,101.68091583251953,5.719699382781982,55.08009719848633,153.4326171875
2018-10-23 04:00:00,52.61733627319336,100.2618408203125,5.468372821807861,55.25553894042969,153.04598999023438
2018-10-24 04:00:00,50.81249237060547,94.90095520019531,4.932814121246338,52.39143371582031,144.76869201660156
2018-10-25 04:00:00,51.925174713134766,100.4473648071289,5.141348361968994,54.694515228271484,149.63595581054688
2018-10-26 04:00:00,51.09833908081055,99.20452117919922,4.905109405517578,53.71123123168945,144.10455322265625
2018-10-29 04:00:00,50.13920211791992,96.32003784179688,4.5916900634765625,51.281768798828125,140.8530731201172
2018-10-30 04:00:00,50.389625549316406,96.208740234375,5.02161979675293,52.014278411865234,144.94715881347656
2018-10-31 04:00:00,51.703094482421875,99.06539916992188,5.21531343460083,54.04972839355469,150.46865844726562
2018-11-01 04:00:00,52.49687194824219,98.23992156982422,5.395397186279297,53.821754455566406,150.42901611328125
2018-11-02 04:00:00,49.014713287353516,98.46255493164062,5.3164849281311035,53.10361862182617,149.0411834716797
2018-11-05 05:00:00,47.6232795715332,99.71464538574219,5.238565921783447,52.322540283203125,147.38571166992188
2018-11-06 05:00:00,48.138275146484375,99.909423828125,5.22100305557251,53.008460998535156,148.63475036621094
2018-11-07 05:00:00,49.59822463989258,103.84197998046875,5.2885332107543945,54.92496871948242,150.21090698242188
2018-11-08 05:00:00,49.42516326904297,103.64722442626953,5.095584392547607,54.250450134277344,146.58277893066406
2018-11-09 05:00:00,48.47217559814453,101.62528228759766,5.087667465209961,53.377689361572266,143.69810485839844
2018-11-12 05:00:00,46.03042984008789,99.12102508544922,4.688660144805908,52.00684356689453,140.3177947998047
2018-11-13 05:00:00,45.57052993774414,99.18595886230469,4.9303412437438965,51.93795394897461,140.9224853515625
2018-11-14 05:00:00,44.283287048339844,97.77938079833984,4.877899169921875,52.26555633544922,142.96453857421875
2018-11-15 05:00:00,45.37614440917969,99.93116760253906,5.006530284881592,53.08182144165039,142.5977783203125
2018-11-16 05:00:00,45.87870788574219,100.8719711303711,4.067511558532715,52.944034576416016,138.3153839111328
2018-11-19 05:00:00,44.060447692871094,97.45338439941406,3.579451084136963,50.91948318481445,130.4048614501953
2018-11-20 05:00:00,41.955326080322266,94.74272155761719,3.6877989768981934,51.06965637207031,131.2771759033203
2018-11-21 05:00:00,41.90791320800781,96.04680633544922,3.5796985626220703,51.71295166015625,133.6463623046875
2018-11-23 05:00:00,40.843505859375,96.00955963134766,3.5868725776672363,51.052310943603516,130.58328247070312
2018-11-26 05:00:00,41.3958625793457,99.1766357421875,3.7860050201416016,52.33295440673828,135.19277954101562
2018-11-27 05:00:00,41.3057861328125,99.80074310302734,3.8028271198272705,52.15155792236328,133.8247833251953
2018-11-28 05:00:00,42.89409637451172,103.50814056396484,3.959658622741699,54.109703063964844,135.56948852539062
2018-11-29 05:00:00,42.5645866394043,102.64183044433594,3.8965165615081787,54.24797058105469,137.47276306152344
2018-11-30 05:00:00,42.334632873535156,103.29387664794922,4.046821594238281,54.99484634399414,139.385986328125
2018-12-03 05:00:00,43.813907623291016,104.41166687011719,4.210495948791504,55.32740020751953,139.86180114746094
2018-12-04 05:00:00,41.88658142089844,101.08621978759766,3.890326499938965,52.656585693359375,136.7292938232422
2018-12-06 05:00:00,41.41958236694336,101.7103271484375,3.9195446968078613,53.43021774291992,138.41452026367188
2018-12-07 05:00:00,39.94266891479492,97.6396713256836,3.6550889015197754,51.86906051635742,136.22373962402344
2018-12-10 05:00:00,40.20580291748047,100.2199478149414,3.760327100753784,52.196170806884766,140.61517333984375
2018-12-11 05:00:00,39.97585678100586,101.15142059326172,3.6694507598876953,52.615943908691406,140.84317016601562
2018-12-12 05:00:00,40.0872802734375,101.60787200927734,3.6870319843292236,53.21463394165039,143.24209594726562
2018-12-13 05:00:00,40.52585220336914,101.9525146484375,3.686784029006958,53.2052116394043,143.74766540527344
2018-12-14 05:00:00,39.22911834716797,98.76680755615234,3.626366138458252,52.123313903808594,142.8059539794922
2018-12-17 05:00:00,38.864036560058594,95.84188842773438,3.555298328399658,50.83176803588867,138.9696502685547
2018-12-18 05:00:00,39.36897659301758,96.847900390625,3.6384990215301514,51.71195983886719,142.409423828125
2018-12-19 05:00:00,38.140995025634766,96.58708953857422,3.4297573566436768,51.31795120239258,132.08013916015625
2018-12-20 05:00:00,37.17852020263672,94.55644989013672,3.3453192710876465,50.72917556762695,132.2387237548828
2018-12-21 05:00:00,35.73244094848633,91.50110626220703,3.2083864212036133,49.12687683105469,123.8622817993164
2018-12-24 05:00:00,34.80789566040039,87.68197631835938,3.1467294692993164,48.80077362060547,122.98003387451172
2018-12-26 05:00:00,37.25910949707031,93.6714859008789,3.295795202255249,51.932010650634766,133.01193237304688
2018-12-27 05:00:00,37.017311096191406,94.24903106689453,3.2480051517486572,52.182289123535156,133.34898376464844
2018-12-28 05:00:00,37.036277770996094,93.51315307617188,3.3094136714935303,51.8740234375,132.04046630859375
2018-12-31 05:00:00,37.39423751831055,94.61231994628906,3.3057003021240234,51.78877639770508,129.94882202148438
2019-01-02 05:00:00,37.436920166015625,94.19313049316406,3.3730521202087402,52.2705078125,134.4988555908203
2019-01-03 05:00:00,33.70792007446289,90.72796630859375,3.169262170791626,50.822837829589844,130.5931854248047
2019-01-04 05:00:00,35.14688491821289,94.94763946533203,3.3723092079162598,53.429725646972656,136.7490997314453
2019-01-07 05:00:00,35.06864929199219,95.06874084472656,3.550841808319092,53.323177337646484,136.84825134277344
2019-01-08 05:00:00,35.73717498779297,95.75804901123047,3.46244215965271,53.79152297973633,141.28929138183594
2019-01-09 05:00:00,36.34406280517578,97.12735748291016,3.5305380821228027,53.60715103149414,142.97447204589844
2019-01-10 05:00:00,36.46022033691406,96.50324249267578,3.596155881881714,53.46738815307617,142.9447021484375
2019-01-11 05:00:00,36.10224914550781,95.75804901123047,3.685298204421997,52.755699157714844,142.5482177734375
2019-01-14 05:00:00,35.559383392333984,95.05944061279297,3.7251644134521484,52.1134033203125,144.12435913085938
2019-01-15 05:00:00,36.28716278076172,97.81665802001953,3.711050271987915,53.8480224609375,147.6533660888672
2019-01-16 05:00:00,36.730472564697266,98.16133117675781,3.6855461597442627,53.996700286865234,146.25564575195312
2019-01-17 05:00:00,36.948570251464844,98.85063171386719,3.75685977935791,54.47298049926758,147.00904846191406
2019-01-18 05:00:00,37.17615509033203,100.33174133300781,3.885869026184082,54.878387451171875,148.73388671875
2019-01-22 05:00:00,36.3416862487793,98.44076538085938,3.683812379837036,53.457481384277344,146.28536987304688
2019-01-23 05:00:00,36.48866653442383,99.40023803710938,3.6966893672943115,53.74394226074219,143.04385375976562
2019-01-24 05:00:00,36.199459075927734,98.9251708984375,3.908402681350708,53.72361755371094,144.56053161621094
2019-01-25 05:00:00,37.39897918701172,99.8287124633789,3.965602159500122,54.591426849365234,147.7128448486328
2019-01-28 05:00:00,37.0528678894043,97.88187408447266,3.4173755645751953,53.518436431884766,146.18624877929688
2019-01-29 05:00:00,36.6688232421875,95.88846588134766,3.258652925491333,53.032745361328125,142.93482971191406
2019-01-30 05:00:00,39.17457962036133,99.09284210205078,3.4020235538482666,54.41697692871094,149.11056518554688
2019-01-31 05:00:00,39.45668411254883,97.27638244628906,3.5595083236694336,55.799705505371094,165.23895263671875
2019-02-01 05:00:00,39.47565841674805,95.73944854736328,3.5837743282318115,55.43940353393555,164.26748657226562
2019-02-04 05:00:00,40.59695816040039,98.49665832519531,3.6939656734466553,56.56937789916992,167.77667236328125
2019-02-05 05:00:00,41.29154586791992,99.87528228759766,3.713031530380249,57.0872917175293,169.6700439453125
2019-02-06 05:00:00,41.3057861328125,98.76680755615234,3.788555145263672,55.65102767944336,169.005859375
2019-02-07 05:00:00,40.52346420288086,98.05884552001953,3.6503841876983643,54.80949401855469,164.931640625
2019-02-08 05:00:00,40.57108688354492,98.43146514892578,3.6689560413360596,54.63454055786133,165.8733673095703
2019-02-11 05:00:00,40.33776092529297,98.04024505615234,3.626366138458252,54.62165069580078,164.3467559814453
2019-02-12 05:00:00,40.685359954833984,99.56788635253906,3.7432405948638916,55.88347244262695,163.60330200195312
2019-02-13 05:00:00,40.51632308959961,99.49335479736328,3.78558349609375,55.935508728027344,162.64178466796875
2019-02-14 05:00:00,40.6639404296875,99.57719421386719,3.8264412879943848,55.96375274658203,162.52279663085938
2019-02-15 05:00:00,40.5734748840332,100.80677795410156,3.896022319793701,55.48945999145508,161.08541870117188
2019-02-19 05:00:00,40.694889068603516,100.76020050048828,3.878688335418701,55.830440521240234,160.8772430419922
2019-02-20 05:00:00,40.9567756652832,100.2363510131836,3.92598295211792,55.53703689575195,161.14486694335938
2019-02-21 05:00:00,40.72584533691406,102.35051727294922,3.857145071029663,54.72523880004883,158.64683532714844
2019-02-22 05:00:00,41.18056869506836,103.80986785888672,3.941830635070801,55.33730697631836,160.48074340820312
2019-02-25 05:00:00,41.48054504394531,104.38984680175781,3.9294497966766357,55.375465393066406,163.18695068359375
2019-02-26 05:00:00,41.504364013671875,105.11019897460938,3.8900794982910156,55.60741424560547,162.70123291015625
2019-02-27 05:00:00,41.6329231262207,104.93242645263672,3.848231554031372,55.65102767944336,161.39271545410156
2019-02-28 05:00:00,41.223426818847656,104.80146026611328,3.8236913681030273,55.83242416381836,160.04454040527344
2019-03-01 05:00:00,41.6567268371582,105.26921081542969,3.8779759407043457,56.9212646484375,160.8673095703125
2019-03-04 05:00:00,41.86623001098633,105.0166244506836,3.8861560821533203,57.16411209106445,165.91302490234375
2019-03-05 05:00:00,41.79005813598633,104.49276733398438,3.8797109127044678,57.945682525634766,169.76913452148438
2019-03-06 05:00:00,41.549591064453125,104.53953552246094,3.768911838531494,57.73505401611328,171.00827026367188
2019-03-07 05:00:00,41.06867599487305,103.26728820800781,3.6997549533843994,57.0367431640625,167.65773010253906
2019-03-08 05:00:00,41.16627502441406,103.3795166015625,3.733962059020996,56.99312973022461,168.12362670898438
2019-03-11 04:00:00,42.59237289428711,105.54984283447266,3.9942290782928467,58.444759368896484,170.5721435546875
2019-03-12 04:00:00,43.070919036865234,106.28888702392578,4.028434753417969,59.33634567260742,170.42340087890625
2019-03-13 04:00:00,43.26137924194336,107.11207580566406,4.179637432098389,59.42605972290039,171.8607940673828
2019-03-14 04:00:00,43.74230194091797,107.19625091552734,4.103786945343018,59.1024284362793,168.6886444091797
2019-03-15 04:00:00,44.311309814453125,108.43110656738281,4.209136009216309,58.991905212402344,164.53512573242188
2019-03-18 04:00:00,44.76365661621094,109.9840087890625,4.187819004058838,58.905174255371094,159.07310485839844
2019-03-19 04:00:00,44.408931732177734,110.05883026123047,4.355379581451416,59.59456253051758,160.1635284423828
2019-03-20 04:00:00,44.796993255615234,109.9372329711914,4.322907447814941,60.78253173828125,163.9998321533203
2019-03-21 04:00:00,46.44688415527344,112.46300506591797,4.559378147125244,61.263267517089844,164.63424682617188
2019-03-22 04:00:00,45.485050201416016,109.49754333496094,4.399749279022217,59.851783752441406,162.90939331054688
2019-03-25 04:00:00,44.93507766723633,110.06817626953125,4.307539463043213,59.34278869628906,164.84242248535156
2019-03-26 04:00:00,44.470821380615234,110.30207061767578,4.384133338928223,58.969112396240234,166.2203369140625
2019-03-27 04:00:00,44.87079620361328,109.23562622070312,4.3749613761901855,58.382808685302734,164.42608642578125
2019-03-28 04:00:00,44.93032455444336,109.38530731201172,4.393552780151367,58.098323822021484,164.10890197753906
2019-03-29 04:00:00,45.2231559753418,110.33013916015625,4.450810432434082,58.327301025390625,165.23895263671875
2019-04-01 04:00:00,45.5302734375,111.3404312133789,4.518232345581055,59.42209243774414,167.23143005371094
2019-04-02 04:00:00,46.1921501159668,111.49947357177734,4.5360798835754395,59.74720764160156,172.68356323242188
2019-04-03 04:00:00,46.5087776184082,112.2291488647461,4.675385475158691,60.008392333984375,172.02931213378906
2019-04-04 04:00:00,46.589725494384766,111.65851593017578,4.666460990905762,60.43659591674805,174.4877471923828
2019-04-05 04:00:00,46.9016227722168,112.15432739257812,4.733138084411621,60.04011154174805,174.19032287597656
2019-04-08 04:00:00,47.63966751098633,112.19174194335938,4.753959655761719,59.88301086425781,173.40721130371094
2019-04-09 04:00:00,47.49681091308594,111.58364868164062,4.691247940063477,59.605953216552734,176.0341339111328
2019-04-10 04:00:00,47.76344680786133,112.43495178222656,4.761643886566162,59.79230880737305,176.2720489501953
2019-04-11 04:00:00,47.365867614746094,112.56591796875,4.747762680053711,59.947933197021484,175.96475219726562
2019-04-12 04:00:00,47.34681701660156,113.14592742919922,4.709838390350342,60.59916305541992,177.54090881347656
2019-04-15 04:00:00,47.43253707885742,113.23947143554688,4.57821798324585,60.78748321533203,178.08612060546875
2019-04-16 04:00:00,47.437294006347656,112.97750091552734,4.665220737457275,61.05411911010742,177.31289672851562
2019-04-17 04:00:00,48.36104202270508,113.91301727294922,4.642416954040527,61.461997985839844,177.2237091064453
2019-04-18 04:00:00,48.53484344482422,115.40977478027344,4.617877006530762,61.52791976928711,176.72804260253906
2019-04-22 04:00:00,48.694358825683594,115.77461242675781,4.671665191650391,62.13701629638672,179.8605499267578
2019-04-23 04:00:00,49.396690368652344,117.34619140625,4.726198196411133,62.97112274169922,182.18020629882812
2019-04-24 04:00:00,49.320499420166016,116.94393157958984,4.738592147827148,62.448753356933594,180.99061584472656
2019-04-25 04:00:00,48.8729133605957,120.81680297851562,4.632997035980225,62.810054779052734,191.57763671875
2019-04-26 04:00:00,48.63959884643555,121.5090560913086,4.414374828338623,63.30961990356445,189.82305908203125
2019-04-29 04:00:00,48.71339797973633,121.39682006835938,4.445111274719238,64.24037170410156,193.08444213867188
2019-04-30 04:00:00,47.77535629272461,122.17328643798828,4.486505508422852,59.42110061645508,191.7164306640625
2019-05-01 04:00:00,50.12045669555664,119.62875366210938,4.473366737365723,58.15037155151367,191.3496551513672
2019-05-02 04:00:00,49.79427719116211,118.06651306152344,4.540787696838379,57.81285858154297,190.85401916503906
2019-05-03 04:00:00,50.41327667236328,120.58293914794922,4.536326885223389,58.954734802246094,193.76840209960938
2019-05-06 04:00:00,49.634765625,119.88133239746094,4.457998752593994,59.148521423339844,192.19224548339844
2019-05-07 04:00:00,48.2967643737793,117.4210433959961,4.290934085845947,58.4249382019043,188.11802673339844
2019-05-08 04:00:00,48.30629348754883,117.41168212890625,4.311009883880615,58.02448272705078,187.8900146484375
2019-05-09 04:00:00,47.78725814819336,117.40232849121094,4.218552589416504,57.885215759277344,187.0077667236328
2019-05-10 04:00:00,47.125240325927734,118.92716979980469,4.184594631195068,57.86886215209961,186.70046997070312
2019-05-13 04:00:00,44.386348724365234,115.39106750488281,3.9275500774383545,56.33000946044922,179.9596710205078
2019-05-14 04:00:00,45.08900451660156,116.68201446533203,4.016537189483643,55.74866485595703,179.15670776367188
2019-05-15 04:00:00,45.62912368774414,118.32515716552734,3.955559492111206,58.025474548339844,184.6484832763672
2019-05-16 04:00:00,45.42837905883789,121.0574722290039,3.9706804752349854,58.7044563293457,185.36224365234375
2019-05-17 04:00:00,45.170265197753906,120.24999237060547,3.8799586296081543,57.92536544799805,183.6869354248047
2019-05-20 04:00:00,43.75780487060547,118.512939453125,3.761475086212158,56.7299690246582,181.12942504882812
2019-05-21 04:00:00,44.596675872802734,119.15142822265625,3.8435218334198,57.21466064453125,183.2111053466797
2019-05-22 04:00:00,43.683712005615234,119.87442779541016,3.772629976272583,57.284549713134766,183.70677185058594
2019-05-23 04:00:00,42.938045501708984,118.4753646850586,3.651667594909668,56.7636604309082,179.29547119140625
2019-05-24 04:00:00,42.77313232421875,118.53172302246094,3.5978801250457764,56.430118560791016,179.4838409423828
2019-05-28 04:00:00,42.59627151489258,118.45661163330078,3.5527663230895996,56.477203369140625,182.70555114746094
2019-05-29 04:00:00,42.393131256103516,117.31112670898438,3.4786527156829834,55.504825592041016,180.60403442382812
2019-05-30 04:00:00,42.61301040649414,118.05286407470703,3.452099561691284,55.57767868041992,181.4168701171875
2019-05-31 04:00:00,41.8410530090332,116.1280288696289,3.361522912979126,54.8387336730957,175.9250946044922
2019-06-03 04:00:00,41.41802978515625,112.52250671386719,3.3198325634002686,51.48051071166992,162.72105407714844
2019-06-04 04:00:00,42.933265686035156,115.6397933959961,3.5486316680908203,52.261085510253906,166.04188537597656
2019-06-05 04:00:00,43.626346588134766,118.14676666259766,3.5059497356414795,51.772918701171875,166.7060546875
2019-06-06 04:00:00,44.26686477661133,120.01526641845703,3.567988395690918,51.92755126953125,166.8646697998047
2019-06-07 04:00:00,45.445106506347656,123.37665557861328,3.6106717586517334,52.9489860534668,171.84097290039062
2019-06-10 04:00:00,46.02587127685547,124.50340270996094,3.6833815574645996,53.662166595458984,173.29818725585938
2019-06-11 04:00:00,46.558841705322266,124.03389739990234,3.7409534454345703,53.57692337036133,176.54962158203125
2019-06-12 04:00:00,46.41065979003906,123.46117401123047,3.628042697906494,53.48077392578125,173.51625061035156
2019-06-13 04:00:00,46.40108871459961,124.240478515625,3.6791625022888184,54.071041107177734,175.9250946044922
2019-06-14 04:00:00,46.06410217285156,124.362548828125,3.589329719543457,53.837608337402344,179.75149536132812
2019-06-17 04:00:00,46.33894348144531,124.73814392089844,3.599008083343506,54.213775634765625,187.36463928222656
2019-06-18 04:00:00,47.42878341674805,126.90705871582031,3.7938103675842285,54.77629089355469,186.82933044433594
2019-06-19 04:00:00,47.290164947509766,127.4046859741211,3.7997665405273438,54.7401008605957,185.84796142578125
2019-06-20 04:00:00,47.670166015625,128.5877685546875,3.8240864276885986,55.1707878112793,187.880126953125
2019-06-21 04:00:00,47.50764465332031,128.60653686523438,3.766017436981201,55.77394104003906,189.47608947753906
2019-06-24 04:00:00,47.45984649658203,129.36712646484375,3.788350820541382,55.3442497253418,190.92340087890625
2019-06-25 04:00:00,46.740474700927734,125.28267669677734,3.7590689659118652,53.90105056762695,187.19613647460938
2019-06-26 04:00:00,47.75143051147461,125.75218200683594,3.952134847640991,53.54124069213867,186.0264129638672
2019-06-27 04:00:00,47.737091064453125,125.9587173461914,4.050652027130127,53.35835647583008,187.8503875732422
2019-06-28 04:00:00,47.30210494995117,125.78033447265625,4.075467586517334,53.664146423339844,191.31991577148438
2019-07-01 04:00:00,48.16965866088867,127.39531707763672,4.123610019683838,54.5165901184082,191.31991577148438
2019-07-02 04:00:00,48.451683044433594,128.24038696289062,4.02583646774292,55.14105224609375,193.30250549316406
2019-07-03 04:00:00,48.85319137573242,129.066650390625,4.0387396812438965,55.65599060058594,195.4833526611328
2019-07-05 04:00:00,48.810184478759766,128.69100952148438,3.9762043952941895,56.1357307434082,194.69029235839844
2019-07-08 04:00:00,47.80400085449219,128.5972137451172,3.9012622833251953,55.34871292114258,194.05587768554688
2019-07-09 04:00:00,48.09557342529297,128.12767028808594,3.9037435054779053,55.72041702270508,197.47589111328125
2019-07-10 04:00:00,48.57118225097656,129.4328155517578,3.9719862937927246,56.54411315917969,200.96524047851562
2019-07-11 04:00:00,48.217464447021484,129.94924926757812,4.126339912414551,56.70121765136719,199.47828674316406
2019-07-12 04:00:00,48.58790588378906,130.41867065429688,4.1593451499938965,56.7636604309082,203.08656311035156
2019-07-15 04:00:00,49.044395446777344,130.41867065429688,4.150907039642334,57.019893646240234,202.1349334716797
2019-07-16 04:00:00,48.874698638916016,128.7098388671875,4.1461920738220215,57.166099548339844,202.0655517578125
2019-07-17 04:00:00,48.599857330322266,127.94928741455078,4.211456775665283,56.833045959472656,200.04331970214844
2019-07-18 04:00:00,49.151939392089844,128.09011840820312,4.223121166229248,56.85783004760742,199.0321807861328
2019-07-19 04:00:00,48.4182243347168,128.27789306640625,4.179943084716797,56.08021926879883,196.6332550048828
2019-07-22 04:00:00,49.5247688293457,129.9774169921875,4.251410007476807,56.45985794067383,200.55877685546875
2019-07-23 04:00:00,49.91194152832031,130.78488159179688,4.359109401702881,56.897972106933594,200.5984344482422
2019-07-24 04:00:00,49.87132263183594,132.12754821777344,4.433557987213135,56.485633850097656,202.87844848632812
2019-07-25 04:00:00,49.47698211669922,131.62994384765625,4.302530765533447,56.297794342041016,198.9628143310547
2019-07-26 04:00:00,49.649044036865234,132.70973205566406,4.344470024108887,61.71377182006836,198.0111541748047
2019-07-29 04:00:00,50.11268997192383,132.4186248779297,4.338264465332031,61.54625701904297,194.2342987060547
2019-07-30 04:00:00,49.89759826660156,131.78016662597656,4.3538994789123535,60.8603401184082,195.32473754882812
2019-07-31 04:00:00,50.91573715209961,127.94928741455078,4.186890602111816,60.37464141845703,192.53921508789062
2019-08-01 04:00:00,49.81394958496094,129.62998962402344,4.09259033203125,60.05646514892578,191.05226135253906
2019-08-02 04:00:00,48.7599983215332,128.54086303710938,4.000027179718018,59.290260314941406,187.3745574951172
2019-08-05 04:00:00,46.20750045776367,124.13720703125,3.74194598197937,57.23003005981445,180.14801025390625
2019-08-06 04:00:00,47.08223342895508,126.46575164794922,3.780658721923828,58.03934860229492,182.90380859375
2019-08-07 04:00:00,47.56978225708008,127.01972961425781,3.8188741207122803,58.27873611450195,183.53823852539062
2019-08-08 04:00:00,48.61897277832031,130.40933227539062,3.9273183345794678,59.7794303894043,188.50462341308594
2019-08-09 04:00:00,48.21834182739258,129.3013916015625,3.826070547103882,58.92251968383789,186.21475219726562
2019-08-12 04:00:00,48.095985412597656,127.49855041503906,3.758324146270752,58.2088508605957,183.7563018798828
2019-08-13 04:00:00,50.132774353027344,130.13706970214844,3.8724756240844727,59.31058120727539,186.80950927734375
2019-08-14 04:00:00,48.640567779541016,126.21803283691406,3.724079132080078,57.70085144042969,178.14559936523438
2019-08-15 04:00:00,48.39827346801758,125.9354019165039,3.691818952560425,57.95212936401367,181.00051879882812
2019-08-16 04:00:00,49.540218353271484,128.24346923828125,3.9595787525177,58.44227600097656,182.1008758544922
2019-08-19 04:00:00,50.463844299316406,130.391357421875,4.238009452819824,59.49444580078125,184.54937744140625
2019-08-20 04:00:00,50.46624755859375,129.3079833984375,4.165796756744385,58.65637969970703,182.20989990234375
2019-08-21 04:00:00,51.01321792602539,130.74937438964844,4.2491774559021,59.05534362792969,181.9521942138672
2019-08-22 04:00:00,50.97004318237305,129.79791259765625,4.2553815841674805,59.052371978759766,180.455322265625
2019-08-23 04:00:00,48.61417007446289,125.66216278076172,4.031048774719238,57.17204666137695,176.20266723632812
2019-08-26 04:00:00,49.537818908691406,127.60283660888672,4.105742931365967,58.04430389404297,178.78997802734375
2019-08-27 04:00:00,48.97882843017578,127.87608337402344,4.015166759490967,58.026466369628906,179.72178649902344
2019-08-28 04:00:00,49.307498931884766,127.70648193359375,4.004732608795166,58.17168045043945,180.17774963378906
2019-08-29 04:00:00,50.142364501953125,130.11813354492188,4.14831018447876,59.18717575073242,183.95458984375
2019-08-30 04:00:00,50.077579498291016,129.87319946289062,4.160977840423584,59.00331115722656,184.05372619628906
2019-09-03 04:00:00,49.34828186035156,128.15863037109375,4.078011989593506,57.963523864746094,180.80227661132812
2019-09-04 04:00:00,50.1855583190918,129.65658569335938,4.192028522491455,58.593929290771484,185.5109405517578
2019-09-05 04:00:00,51.16675567626953,131.9364013671875,4.464773654937744,60.076786041259766,189.23818969726562
2019-09-06 04:00:00,51.161964416503906,131.04139709472656,4.437696933746338,59.78586959838867,185.85787963867188
2019-09-09 04:00:00,51.38026428222656,129.5529327392578,4.483651161193848,59.73382568359375,187.1168212890625
2019-09-10 04:00:00,51.987220764160156,128.19638061523438,4.550222396850586,59.75514221191406,184.54937744140625
2019-09-11 04:00:00,53.64016342163086,128.23402404785156,4.578790664672852,60.46385955810547,186.84918212890625
2019-09-12 04:00:00,53.520206451416016,129.5529327392578,4.57729959487915,61.205780029296875,185.8380584716797
2019-09-13 04:00:00,52.47904586791992,129.36451721191406,4.519421577453613,61.456546783447266,185.5605010986328
2019-09-16 04:00:00,52.754920959472656,128.43185424804688,4.4764485359191895,61.040245056152344,184.5989532470703
2019-09-17 04:00:00,52.946834564208984,129.43045043945312,4.497810363769531,60.95351028442383,186.44276428222656
2019-09-18 04:00:00,53.44344711303711,130.49502563476562,4.470734119415283,61.090789794921875,186.50221252441406
2019-09-19 04:00:00,53.00922393798828,132.89727783203125,4.39522123336792,61.39311218261719,188.4848175048828
2019-09-20 04:00:00,52.234336853027344,131.3616943359375,4.289649963378906,60.95153045654297,188.27662658691406
2019-09-23 04:00:00,52.471839904785156,131.0791015625,4.343055725097656,61.19190216064453,185.19374084472656
2019-09-24 04:00:00,52.22233581542969,129.42103576660156,4.285675048828125,60.3810920715332,179.70193481445312
2019-09-25 04:00:00,53.026023864746094,131.286376953125,4.427265644073486,61.749454498291016,181.20870971679688
2019-09-26 04:00:00,52.752525329589844,131.45591735839844,4.405157089233398,61.56855392456055,178.54212951660156
2019-09-27 04:00:00,52.49581527709961,129.75076293945312,4.266549587249756,60.75874328613281,175.558349609375
2019-09-30 04:00:00,53.73133087158203,130.97547912597656,4.323929309844971,60.52035140991211,176.52980041503906
2019-10-01 04:00:00,53.88006591796875,129.1290283203125,4.322189807891846,59.7700080871582,174.27955627441406
2019-10-02 04:00:00,52.5294075012207,126.84921264648438,4.29834508895874,58.37834548950195,173.08009338378906
2019-10-03 04:00:00,52.97563552856445,128.38478088378906,4.5037736892700195,58.94878387451172,177.8184814453125
2019-10-04 04:00:00,54.46064376831055,130.11813354492188,4.520166873931885,60.01582336425781,178.879150390625
2019-10-07 04:00:00,54.4726448059082,129.1760711669922,4.578790664672852,59.88151550292969,178.11587524414062
2019-10-08 04:00:00,53.8344841003418,127.81011199951172,4.402424335479736,58.983482360839844,176.20266723632812
2019-10-09 04:00:00,54.46543502807617,130.231201171875,4.488867282867432,59.591590881347656,178.28439331054688
2019-10-10 04:00:00,55.19953918457031,131.04139709472656,4.546497821807861,59.941986083984375,178.4628143310547
2019-10-11 04:00:00,56.66775894165039,131.5878143310547,4.620023250579834,60.25123596191406,182.58660888671875
2019-10-14 04:00:00,56.586185455322266,131.46539306640625,4.633437156677246,60.353328704833984,181.68450927734375
2019-10-15 04:00:00,56.454246520996094,133.36831665039062,4.877866268157959,61.566078186035156,187.24569702148438
2019-10-16 04:00:00,56.22633743286133,132.27548217773438,4.824211120605469,61.60374450683594,187.89993286132812
2019-10-17 04:00:00,56.44465637207031,131.5972137451172,4.826197147369385,62.089439392089844,188.7326202392578
2019-10-18 04:00:00,56.71574401855469,129.4492950439453,4.731805324554443,61.673622131347656,184.232177734375
2019-10-21 04:00:00,57.69934844970703,130.4102325439453,4.868922233581543,61.66718292236328,188.10812377929688
2019-10-22 04:00:00,57.5673942565918,128.4695587158203,4.858986854553223,61.51454162597656,180.752685546875
2019-10-23 04:00:00,58.33988571166992,129.2891387939453,4.846070766448975,62.328819274902344,184.52952575683594
2019-10-24 04:00:00,58.43585968017578,131.832763671875,4.890036582946777,62.40216827392578,184.75753784179688
2019-10-25 04:00:00,59.155574798583984,132.57693481445312,5.080809593200684,62.65938186645508,186.25439453125
2019-10-28 04:00:00,59.74812698364258,135.83648681640625,5.13670015335083,63.88253402709961,187.75128173828125
2019-10-29 04:00:00,58.366275787353516,134.55532836914062,5.040567874908447,62.47898483276367,187.6620330810547
2019-10-30 04:00:00,58.35908889770508,136.23220825195312,5.04255485534668,62.4809684753418,186.6112823486328
2019-10-31 04:00:00,59.67856216430664,135.06399536132812,4.993371963500977,62.38680648803711,189.9816436767578
2019-11-01 04:00:00,61.37227249145508,135.3937530517578,5.0323710441589355,63.05339431762695,191.93450927734375
2019-11-04 05:00:00,61.77531814575195,136.17564392089844,5.228857517242432,63.913761138916016,193.02493286132812
2019-11-05 05:00:00,61.68655014038086,136.09088134765625,5.206748962402344,64.00444030761719,192.62841796875
2019-11-06 05:00:00,61.71294403076172,135.71401977539062,5.157565593719482,63.98313903808594,189.88253784179688
2019-11-07 05:00:00,62.425201416015625,135.90248107910156,5.175202369689941,64.77265167236328,188.76235961914062
2019-11-08 05:00:00,62.596031188964844,137.5039825439453,5.1612935066223145,64.87474060058594,189.17868041992188
2019-11-11 05:00:00,63.09172439575195,137.64532470703125,5.171227931976318,64.34345245361328,187.9594268798828
2019-11-12 05:00:00,63.033966064453125,138.54966735839844,5.206748962402344,64.2904281616211,192.777099609375
2019-11-13 05:00:00,63.6379508972168,138.7757568359375,5.180914878845215,64.23937225341797,191.50827026367188
2019-11-14 05:00:00,63.197601318359375,139.48228454589844,5.211220741271973,64.88216400146484,191.46859741210938
2019-11-15 05:00:00,63.948360443115234,141.28167724609375,5.072116374969482,66.09095001220703,193.40164184570312
2019-11-18 05:00:00,64.27079010009766,141.63023376464844,5.273072242736816,65.41197967529297,195.6815948486328
2019-11-19 05:00:00,64.07587432861328,141.6773223876953,5.166508674621582,65.05265808105469,197.58489990234375
2019-11-20 05:00:00,63.32992935180664,141.43157958984375,5.245748043060303,64.52088928222656,195.7906494140625
2019-11-21 05:00:00,63.04600143432617,141.29925537109375,5.220907688140869,64.43563079833984,196.2069854736328
2019-11-22 05:00:00,62.99065017700195,141.40321350097656,5.238544940948486,64.11498260498047,197.08926391601562
2019-11-25 05:00:00,64.0951156616211,142.9534454345703,5.494894981384277,64.70821380615234,198.05079650878906
2019-11-26 05:00:00,63.594627380371094,143.70968627929688,5.390318870544434,65.07299041748047,197.23794555664062
2019-11-27 05:00:00,64.4488525390625,143.9838409423828,5.425119400024414,65.02986145019531,200.2415771484375
2019-11-29 05:00:00,64.30687713623047,143.0952606201172,5.387832164764404,64.63139343261719,199.8846893310547
2019-12-02 05:00:00,63.563331604003906,141.36538696289062,5.20164155960083,63.876590728759766,197.96157836914062
2019-12-03 05:00:00,62.430015563964844,141.13848876953125,5.162116050720215,64.16799926757812,197.08926391601562
2019-12-04 05:00:00,62.98102569580078,141.64898681640625,5.205867290496826,65.36737060546875,196.98020935058594
2019-12-05 05:00:00,63.90502166748047,141.72459411621094,5.188965320587158,65.76485443115234,197.62452697753906
2019-12-06 05:00:00,65.13943481445312,143.4449920654297,5.274229049682617,66.3808822631836,199.29983520507812
2019-12-09 05:00:00,64.22747802734375,143.07635498046875,5.274229049682617,66.55929565429688,199.5873260498047
2019-12-10 05:00:00,64.60285186767578,142.8589630126953,5.319223403930664,66.55435943603516,199.12139892578125
2019-12-11 05:00:00,65.15389251708984,143.39773559570312,5.4027485847473145,66.62175750732422,200.49929809570312
2019-12-12 05:00:00,65.31990051269531,144.8534393310547,5.570045471191406,66.8318862915039,195.0372772216797
2019-12-13 05:00:00,66.20780944824219,146.07284545898438,5.568055629730225,66.7515869140625,192.42022705078125
2019-12-16 05:00:00,67.34115600585938,147.0181121826172,5.5968918800354,67.4370346069336,196.1970672607422
2019-12-17 05:00:00,67.4734878540039,146.2240753173828,5.674948692321777,67.1490707397461,196.66302490234375
2019-12-18 05:00:00,67.31226348876953,145.92161560058594,5.705276012420654,67.00138854980469,200.73721313476562
2019-12-19 05:00:00,67.37963104248047,147.18826293945312,5.853184223175049,67.22589874267578,204.26625061035156
2019-12-20 05:00:00,67.24008178710938,148.79525756835938,5.950382232666016,66.9671859741211,204.50411987304688
2019-12-23 05:00:00,68.33731842041016,148.79525756835938,5.936706066131592,66.93794250488281,204.38519287109375
2019-12-24 05:00:00,68.40228271484375,148.7669219970703,5.931736946105957,66.63066864013672,203.3343963623047
2019-12-26 05:00:00,69.75944519042969,149.9862518310547,5.9459052085876465,67.52473449707031,205.9811553955078
2019-12-27 05:00:00,69.73297119140625,150.2604217529297,5.888233661651611,67.13668823242188,206.28846740722656
2019-12-30 05:00:00,70.14681243896484,148.9654083251953,5.77512788772583,66.39673614501953,202.630615234375
2019-12-31 05:00:00,70.65933990478516,149.0693359375,5.849205493927002,66.3808822631836,203.46327209472656
2020-01-02 05:00:00,72.27156066894531,151.8295135498047,5.963802814483643,67.83251190185547,207.95384216308594
2020-01-03 05:00:00,71.56890869140625,149.93898010253906,5.868347644805908,67.47765350341797,206.8534698486328
2020-01-06 05:00:00,72.13919830322266,150.32656860351562,5.892956733703613,69.27620697021484,210.74929809570312
2020-01-07 05:00:00,71.79991912841797,148.95591735839844,5.964301109313965,69.14241027832031,211.2052764892578
2020-01-08 05:00:00,72.95491027832031,151.3285675048828,5.975486755371094,69.634521484375,213.3464813232422
2020-01-09 05:00:00,74.50453186035156,153.2190704345703,6.041112899780273,70.36554718017578,216.39967346191406
2020-01-10 05:00:00,74.67295837402344,152.51014709472656,6.073430061340332,70.82003021240234,216.16175842285156
2020-01-13 05:00:00,76.268310546875,154.34397888183594,6.263845920562744,71.3686752319336,219.978271484375
2020-01-14 05:00:00,75.2384262084961,153.2568817138672,6.147010803222656,70.90081024169922,217.15304565429688
2020-01-15 05:00:00,74.9159927368164,154.24942016601562,6.104503154754639,71.32752227783203,219.224853515625
2020-01-16 05:00:00,75.85443115234375,157.07582092285156,6.188028335571289,71.87071228027344,219.83946228027344
2020-01-17 05:00:00,76.69420623779297,157.9549102783203,6.196727752685547,73.32579803466797,220.2062530517578
2020-01-21 05:00:00,76.17446899414062,157.3877410888672,6.163418292999268,73.46110534667969,219.5123291015625
2020-01-22 05:00:00,76.44640350341797,156.6315155029297,6.217360496520996,73.54138946533203,219.3933868408203
2020-01-23 05:00:00,76.81453704833984,157.59568786621094,6.2857208251953125,73.58203887939453,217.8469696044922
2020-01-24 05:00:00,76.59314727783203,156.0076446533203,6.226557731628418,72.66417694091797,216.04281616210938
2020-01-27 05:00:00,74.34091186523438,153.3987274169922,5.971012115478516,70.95731353759766,212.99951171875
2020-01-28 05:00:00,76.44396209716797,156.4047088623047,6.164163589477539,71.88755798339844,215.89405822753906
2020-01-29 05:00:00,78.04412078857422,158.8434600830078,6.103757381439209,72.1948471069336,221.28675842285156
2020-01-30 05:00:00,77.9310073852539,163.3240509033203,6.110468864440918,72.07341003417969,207.70602416992188
2020-01-31 05:00:00,74.47563934326172,160.91358947753906,5.877295970916748,71.00934600830078,200.15235900878906
2020-02-03 05:00:00,74.27112579345703,164.8364715576172,5.974245071411133,73.47844696044922,202.4125213623047
2020-02-04 05:00:00,76.72309112548828,170.26235961914062,6.143281936645508,71.63529205322266,208.00340270996094
2020-02-05 05:00:00,77.34871673583984,170.0543975830078,6.233518123626709,71.6670150756836,208.28097534179688
2020-02-06 05:00:00,78.25345611572266,173.5802764892578,6.320274353027344,73.14986419677734,209.01451110839844
2020-02-07 05:00:00,77.18977355957031,173.82603454589844,6.254150390625,73.30548095703125,210.48165893554688
2020-02-10 05:00:00,77.55641174316406,178.3727569580078,6.537041187286377,74.76998901367188,211.2052764892578
2020-02-11 05:00:00,77.08848571777344,174.34591674804688,6.659343242645264,74.83939361572266,205.38636779785156
2020-02-12 05:00:00,78.91918182373047,174.6011505126953,6.774936676025391,75.26412200927734,208.92530822753906
2020-02-13 05:00:00,78.35718536376953,173.65586853027344,6.731184959411621,75.00442504882812,211.28460693359375
2020-02-14 05:00:00,78.37646484375,175.20611572265625,7.203744888305664,75.26907348632812,212.31552124023438
2020-02-18 05:00:00,76.94135284423828,176.9832305908203,7.372286796569824,75.30427551269531,215.90406799316406
2020-02-19 05:00:00,78.05570220947266,177.51397705078125,7.822971343994141,75.57337188720703,215.59674072265625
2020-02-20 05:00:00,77.25489044189453,174.80319213867188,7.6738200187683105,75.1828384399414,212.71205139160156
2020-02-21 05:00:00,75.50627136230469,169.2771759033203,7.310140609741211,73.52106475830078,208.35035705566406
2020-02-24 05:00:00,71.919677734375,161.97872924804688,6.793332099914551,70.36902618408203,198.9727020263672
2020-02-25 05:00:00,69.48358154296875,159.3057403564453,6.514171123504639,68.7067642211914,195.05711364746094
2020-02-26 05:00:00,70.58587646484375,161.29627990722656,6.653378963470459,68.91243743896484,195.4833526611328
2020-02-27 05:00:00,65.9718017578125,149.93148803710938,6.283014297485352,65.16962432861328,188.09820556640625
2020-02-28 05:00:00,65.93318939208984,153.56178283691406,6.717550754547119,66.37394714355469,190.79452514648438
2020-03-02 05:00:00,72.0716323852539,163.77963256835938,6.8757452964782715,68.7067642211914,194.72998046875
2020-03-03 05:00:00,69.78266906738281,155.93145751953125,6.613580226898193,66.2981185913086,184.2717742919922
2020-03-04 05:00:00,73.0195083618164,161.6564483642578,7.076723098754883,68.47282409667969,190.0906982421875
2020-03-05 05:00:00,70.65099334716797,157.59959411621094,6.797643661499023,65.16020965576172,183.55807495117188
2020-03-06 05:00:00,69.71273040771484,153.1446990966797,6.617311954498291,64.21756744384766,179.5135955810547
2020-03-09 04:00:00,64.19902038574219,142.7657012939453,6.104922294616699,60.25520706176758,168.02447509765625
2020-03-10 04:00:00,68.8227310180664,152.52857971191406,6.493940353393555,63.1981086730957,176.63882446289062
2020-03-11 04:00:00,66.43246459960938,145.61878967285156,6.130539894104004,60.01284408569336,168.75804138183594
2020-03-12 04:00:00,59.871952056884766,131.80853271484375,5.380359172821045,55.089012145996094,153.12535095214844
2020-03-13 04:00:00,67.04510498046875,150.54763793945312,5.990502834320068,60.17987823486328,168.79769897460938
2020-03-16 04:00:00,58.419960021972656,128.3583526611328,4.885130882263184,53.17845916748047,144.7389678955078
2020-03-17 04:00:00,60.98869705200195,138.92691040039062,5.404236793518066,55.411651611328125,148.11929321289062
2020-03-18 04:00:00,59.49568557739258,133.07867431640625,5.044816970825195,54.079959869384766,145.68069458007812
2020-03-19 04:00:00,59.03982925415039,135.26820373535156,5.2972822189331055,55.09495544433594,151.7969970703125
2020-03-20 04:00:00,55.29165267944336,130.18771362304688,5.117697238922119,52.94106674194336,148.4265594482422
2020-03-23 04:00:00,54.11702346801758,128.88912963867188,5.290317058563232,52.243247985839844,146.81077575683594
2020-03-24 04:00:00,59.54634475708008,140.6046600341797,6.197947025299072,56.00389862060547,159.5786590576172
2020-03-25 04:00:00,59.218318939208984,139.25865173339844,6.1093974113464355,54.59688186645508,154.85018920898438
2020-03-26 04:00:00,62.33454895019531,147.9694366455078,6.3984270095825195,57.63493728637695,161.9180908203125
2020-03-27 04:00:00,59.75376892089844,141.89369201660156,6.286247253417969,55.02507781982422,155.42510986328125
2020-03-30 04:00:00,61.45903396606445,151.8745880126953,6.6061201095581055,56.81174087524414,164.50538635253906
2020-03-31 04:00:00,61.33359909057617,149.48602294921875,6.556621551513672,57.58686447143555,165.34799194335938
2020-04-01 04:00:00,58.10639953613281,144.17800903320312,6.045970916748047,54.620670318603516,158.210693359375
2020-04-02 04:00:00,59.076011657714844,147.1637420654297,6.354400157928467,55.36061096191406,156.81292724609375
2020-04-03 04:00:00,58.227012634277344,145.808349609375,6.066864013671875,54.154788970947266,152.83782958984375
2020-04-06 04:00:00,63.30658721923828,156.6517791748047,6.6760125160217285,58.6395263671875,164.10890197753906
2020-04-07 04:00:00,62.573341369628906,154.96461486816406,6.442948341369629,58.608306884765625,167.36032104492188
2020-04-08 04:00:00,64.17488861083984,156.51907348632812,6.639946937561035,59.81957244873047,172.76287841796875
2020-04-09 04:00:00,64.63798522949219,156.52854919433594,6.540453910827637,59.79825210571289,173.66493225097656
2020-04-13 04:00:00,65.90666961669922,156.8792724609375,6.7120795249938965,59.98857116699219,173.26844787597656
2020-04-14 04:00:00,69.23516082763672,164.64218139648438,7.062793731689453,62.70547103881836,176.6190185546875
2020-04-15 04:00:00,68.60321807861328,162.9171142578125,6.985437870025635,62.312461853027344,175.429443359375
2020-04-16 04:00:00,69.14832305908203,167.80804443359375,7.330183029174805,62.318904876708984,174.71572875976562
2020-04-17 04:00:00,68.21009063720703,169.28668212890625,7.270984649658203,63.38792419433594,177.67967224121094
2020-04-20 04:00:00,66.79426574707031,165.93125915527344,7.1399006843566895,62.503265380859375,176.68838500976562
2020-04-21 04:00:00,64.7296371459961,159.06883239746094,6.7036237716674805,60.07530212402344,169.31317138671875
2020-04-22 04:00:00,66.59407043457031,164.47157287597656,7.117516040802002,62.367469787597656,180.6932373046875
2020-04-23 04:00:00,66.33599090576172,162.48106384277344,7.064285755157471,62.99987030029297,183.51841735839844
2020-04-24 04:00:00,68.25108337402344,165.44786071777344,7.203079700469971,63.268985748291016,188.41539001464844
2020-04-27 04:00:00,68.2993392944336,164.973876953125,7.389380931854248,62.98450469970703,185.8677978515625
2020-04-28 04:00:00,67.19226837158203,160.9550018310547,7.247106075286865,61.08782196044922,181.3177490234375
2020-04-29 04:00:00,69.39918518066406,168.17764282226562,7.423706531524658,66.5191650390625,192.49957275390625
2020-04-30 04:00:00,70.86322784423828,169.86488342285156,7.269989967346191,66.7431640625,202.92796325683594
2020-05-01 04:00:00,69.72235870361328,165.46681213378906,7.033692359924316,65.28707885742188,200.50921630859375
2020-05-04 04:00:00,70.7088623046875,169.51414489746094,7.245364189147949,65.56362915039062,203.4731903076172
2020-05-05 04:00:00,71.77012634277344,171.33399963378906,7.306304454803467,66.85813903808594,205.2674102783203
2020-05-06 04:00:00,72.5105972290039,173.02117919921875,7.407041549682617,66.68023681640625,206.65524291992188
2020-05-07 04:00:00,73.26072692871094,174.02593994140625,7.583144187927246,67.86224365234375,209.4209747314453
2020-05-08 04:00:00,75.00446319580078,175.0496063232422,7.772928714752197,68.60863494873047,210.50148010253906
2020-05-11 04:00:00,76.1846694946289,177.002197265625,8.024646759033203,69.56266784667969,211.32423400878906
2020-05-12 04:00:00,75.31401062011719,172.99273681640625,7.762979984283447,68.15465545654297,208.2710723876953
2020-05-13 04:00:00,74.40464782714844,170.37667846679688,7.740593433380127,66.8239517211914,203.31459045410156
2020-05-14 04:00:00,74.86174774169922,171.11602783203125,7.9898247718811035,67.2467041015625,205.0096893310547
2020-05-15 04:00:00,74.4191665649414,173.6088409423828,8.447744369506836,68.0495834350586,209.0442657470703
2020-05-18 04:00:00,76.17256927490234,175.26766967773438,8.70592975616455,68.65027618408203,211.33413696289062
2020-05-19 04:00:00,75.7323989868164,174.0543975830078,8.760897636413574,68.11600494384766,214.99203491210938
2020-05-20 04:00:00,77.20526885986328,176.46864318847656,8.924567222595215,69.8387222290039,227.9680938720703
2020-05-21 04:00:00,76.62967681884766,174.3489990234375,8.730802536010742,69.71929168701172,229.37571716308594
2020-05-22 04:00:00,77.12303161621094,174.42507934570312,8.980530738830566,70.04093933105469,232.8650665283203
2020-05-26 04:00:00,76.60065460205078,172.58111572265625,8.673590660095215,70.44385528564453,230.1786651611328
2020-05-27 04:00:00,76.93438720703125,172.8092041015625,8.482068061828613,70.38983154296875,227.1453094482422
2020-05-28 04:00:00,76.96826934814453,172.4195098876953,8.444011688232422,70.28874206542969,223.49734497070312
2020-05-29 04:00:00,76.89328002929688,174.1779327392578,8.830544471740723,71.04601287841797,223.1305694580078
2020-06-01 04:00:00,77.83892059326172,173.7787322998047,8.76164722442627,71.11292266845703,229.89120483398438
2020-06-02 04:00:00,78.19926452636719,175.7557830810547,8.780549049377441,71.4816665649414,230.69415283203125
2020-06-03 04:00:00,78.6297607421875,176.18350219726562,8.725080490112305,71.33000946044922,228.1564483642578
2020-06-04 04:00:00,77.95259094238281,173.86424255371094,8.726078033447266,70.09346008300781,224.32008361816406
2020-06-05 04:00:00,80.1727523803711,177.93238830566406,8.878870964050293,71.36817169189453,228.76113891601562
2020-06-08 04:00:00,80.64675903320312,179.0349884033203,8.764399528503418,71.76564025878906,229.3856201171875
2020-06-09 04:00:00,83.19342803955078,180.40367126464844,9.004286766052246,71.96585845947266,236.5923309326172
2020-06-10 04:00:00,85.33379364013672,187.09515380859375,9.32355785369873,72.5913314819336,234.66921997070312
2020-06-11 04:00:00,81.23689270019531,177.04843139648438,8.755692481994629,69.47892761230469,222.476318359375
2020-06-12 04:00:00,81.938232421875,178.4456329345703,8.891314506530762,70.02508544921875,226.59017944335938
2020-06-15 04:00:00,82.95159149169922,179.58624267578125,9.131449699401855,70.41263580322266,230.47605895996094
2020-06-16 04:00:00,85.14997863769531,183.98703002929688,9.026683807373047,71.68782806396484,233.59861755371094
2020-06-17 04:00:00,85.03147888183594,184.62384033203125,9.193413734436035,71.98866271972656,233.4796600341797
2020-06-18 04:00:00,85.0653305053711,186.60081481933594,9.175497055053711,71.07575988769531,233.88612365722656
2020-06-19 04:00:00,84.57923126220703,185.48880004882812,9.218546867370605,70.60591888427734,236.7113037109375
2020-06-22 04:00:00,86.79215240478516,190.64048767089844,9.48282241821289,71.89547729492188,237.13755798339844
2020-06-23 04:00:00,88.6446762084961,191.91415405273438,9.406426429748535,72.55563354492188,240.13128662109375
2020-06-24 04:00:00,87.07992553710938,188.04559326171875,9.192914962768555,71.00537872314453,231.98281860351562
2020-06-25 04:00:00,88.2359619140625,190.42184448242188,9.446242332458496,71.42169189453125,233.62838745117188
2020-06-26 04:00:00,85.52484893798828,186.61041259765625,9.112785339355469,67.52820587158203,214.19900512695312
2020-06-29 04:00:00,87.49591064453125,188.6159210205078,9.157577514648438,69.24449920654297,218.7193145751953
2020-06-30 04:00:00,88.22628784179688,193.43495178222656,9.45395565032959,70.27931213378906,225.09335327148438
2020-07-01 04:00:00,88.05941772460938,194.5660400390625,9.486056327819824,71.4662857055664,235.48208618164062
2020-07-02 04:00:00,88.05941772460938,196.04881286621094,9.567928314208984,72.85051727294922,231.38803100585938
2020-07-06 04:00:00,90.41503143310547,200.26898193359375,9.793883323669434,74.32344818115234,238.18832397460938
2020-07-07 04:00:00,90.1344985961914,197.9402618408203,9.826231956481934,73.84123992919922,238.7633056640625
2020-07-08 04:00:00,92.23372650146484,202.29356384277344,10.16889476776123,74.51921844482422,241.45962524414062
2020-07-09 04:00:00,92.6303482055664,203.7097625732422,10.46054458618164,75.2656021118164,242.37159729003906
2020-07-10 04:00:00,92.79236602783203,203.0919952392578,10.430927276611328,76.274169921875,242.93663024902344
2020-07-13 04:00:00,92.36431884765625,196.8187255859375,10.005897521972656,74.94692993164062,236.9194793701172
2020-07-14 04:00:00,93.89282989501953,198.03530883789062,10.329150199890137,75.3746337890625,237.64309692382812
2020-07-15 04:00:00,94.5385513305664,197.7406463623047,10.180092811584473,75.17738342285156,238.18832397460938
2020-07-16 04:00:00,93.37525177001953,193.82461547851562,10.088020324707031,75.08023071289062,238.83265686035156
2020-07-17 04:00:00,93.1866226196289,192.8361053466797,10.154459953308105,75.17591094970703,239.92311096191406
2020-07-20 04:00:00,95.15042114257812,201.1244354248047,10.462285995483398,77.50474548339844,243.28359985351562
2020-07-21 04:00:00,93.83716583251953,198.41551208496094,10.280877113342285,77.11224365234375,239.64552307128906
2020-07-22 04:00:00,94.10078430175781,201.26698303222656,10.390616416931152,77.55480194091797,237.78189086914062
2020-07-23 04:00:00,89.81766510009766,192.5129852294922,10.083038330078125,75.17094421386719,230.57516479492188
2020-07-24 04:00:00,89.59514617919922,191.33436584472656,10.147492408752441,74.74768829345703,228.70162963867188
2020-07-27 04:00:00,91.71858215332031,193.75811767578125,10.373446464538574,75.79936218261719,231.4673614501953
2020-07-28 04:00:00,90.21186065673828,192.01870727539062,10.168395042419434,74.5217056274414,228.1167755126953
2020-07-29 04:00:00,91.94108581542969,193.95767211914062,10.417244911193848,75.50597381591797,231.25921630859375
2020-07-30 04:00:00,93.0535888671875,193.80560302734375,10.56506061553955,76.24243927001953,232.45867919921875
2020-07-31 04:00:00,102.79525756835938,194.86068725585938,10.565807342529297,73.74360656738281,251.4617462158203
2020-08-03 04:00:00,105.38542175292969,205.81983947753906,10.959480285644531,73.48637390136719,249.7666473388672
2020-08-04 04:00:00,106.08920288085938,202.73072814941406,11.175976753234863,73.01753234863281,247.6551971435547
2020-08-05 04:00:00,106.47374725341797,202.3980712890625,11.234707832336426,73.30448913574219,246.95135498046875
2020-08-06 04:00:00,110.18853759765625,205.6392822265625,11.283232688903809,74.58611297607422,262.9706726074219
2020-08-07 04:00:00,107.68333435058594,201.96084594726562,11.147857666015625,74.26001739501953,266.10321044921875
2020-08-10 04:00:00,109.24848175048828,197.9402618408203,11.113517761230469,74.1832046508789,260.7105712890625
2020-08-11 04:00:00,105.99942779541016,193.31137084960938,10.799970626831055,73.37635803222656,253.90037536621094
2020-08-12 04:00:00,109.52224731445312,198.83377075195312,11.387499809265137,74.69963073730469,257.62762451171875
2020-08-13 04:00:00,111.4605484008789,198.3679962158203,11.39023494720459,75.16598510742188,259.025390625
2020-08-14 04:00:00,111.36119079589844,198.55810546875,11.510679244995117,74.57026672363281,258.9659118652344
2020-08-17 04:00:00,111.07046508789062,199.86978149414062,12.28011417388916,75.14566040039062,258.8865661621094
2020-08-18 04:00:00,111.9959716796875,201.0198516845703,12.204215049743652,77.10529327392578,260.0563659667969
2020-08-19 04:00:00,112.13650512695312,199.80026245117188,12.082527160644531,76.55169677734375,260.3041076660156
2020-08-20 04:00:00,114.62476348876953,204.449951171875,12.085017204284668,78.11978912353516,266.668212890625
2020-08-21 04:00:00,120.53167724609375,202.9635772705078,12.625017166137695,78.08609771728516,264.6856689453125
2020-08-24 04:00:00,121.97327423095703,203.6019287109375,12.66159725189209,78.5608901977539,269.027587890625
2020-08-25 04:00:00,120.97260284423828,206.2506866455078,12.691207885742188,79.5867919921875,278.3754577636719
2020-08-26 04:00:00,122.61774444580078,210.70973205566406,12.714102745056152,81.48395538330078,301.264404296875
2020-08-27 04:00:00,121.15190124511719,215.8834228515625,12.57002067565918,80.71031951904297,290.66748046875
2020-08-28 04:00:00,120.9556884765625,218.10340881347656,13.087124824523926,81.25102233886719,291.1036376953125
2020-08-31 04:00:00,125.05753326416016,214.88299560546875,13.312827110290527,80.76038360595703,290.64764404296875
2020-09-01 04:00:00,130.03892517089844,216.54086303710938,13.761385917663574,82.02664947509766,292.8681335449219
2020-09-02 04:00:00,127.3447265625,220.7140655517578,14.284621238708496,85.1147689819336,299.86669921875
2020-09-03 04:00:00,117.14936828613281,207.04150390625,12.959360122680664,80.75938415527344,288.5857238769531
2020-09-04 04:00:00,117.2269058227539,204.135498046875,12.568058013916016,78.36561584472656,280.268798828125
2020-09-08 04:00:00,109.33811950683594,193.0926513671875,11.861616134643555,75.51042175292969,268.79949951171875
2020-09-09 04:00:00,113.69925689697266,201.3152313232422,12.660157203674316,76.68155670166016,271.33721923828125
2020-09-10 04:00:00,109.98745727539062,195.67469787597656,12.258647918701172,75.63185119628906,265.7562255859375
2020-09-11 04:00:00,108.54342651367188,194.39794921875,12.112031936645508,75.12188720703125,264.28912353515625
2020-09-14 04:00:00,111.79974365234375,195.71279907226562,12.816729545593262,74.77842712402344,263.8331604003906
2020-09-15 04:00:00,111.97420501708984,198.92376708984375,12.934966087341309,76.08135986328125,270.048583984375
2020-09-16 04:00:00,108.66942596435547,195.36985778808594,12.46052074432373,74.93999481201172,261.22601318359375
2020-09-17 04:00:00,106.93465423583984,193.33082580566406,12.40974235534668,73.698486328125,252.6017608642578
2020-09-18 04:00:00,103.54267883300781,190.9298095703125,12.136675834655762,71.91678619384766,250.33168029785156
2020-09-21 04:00:00,106.68268585205078,192.97830200195312,12.46325969696045,70.8785171508789,245.9898223876953
2020-09-22 04:00:00,108.35929107666016,197.62791442871094,12.583237648010254,72.34944915771484,252.53236389160156
2020-09-23 04:00:00,103.81404113769531,191.12037658691406,12.071456909179688,69.8501205444336,246.85226440429688
2020-09-24 04:00:00,104.88007354736328,193.59767150878906,12.294737815856934,70.5177001953125,247.35781860351562
2020-09-25 04:00:00,108.81478118896484,198.00904846191406,12.818222999572754,71.32059478759766,252.6017608642578
2020-09-28 04:00:00,111.41207122802734,199.5525665283203,12.978777885437012,72.29196166992188,254.5843505859375
2020-09-29 04:00:00,110.56895446777344,197.47549438476562,13.168704986572266,72.65674591064453,259.5110778808594
2020-09-30 04:00:00,112.23584747314453,200.4005584716797,13.472139358520508,72.63591766357422,259.6200866699219
2020-10-01 04:00:00,113.18559265136719,202.43002319335938,13.555777549743652,73.74112701416016,264.3089294433594
2020-10-02 04:00:00,109.53194427490234,196.45602416992188,13.00590991973877,72.14031982421875,257.6772155761719
2020-10-05 04:00:00,112.9045639038086,200.44821166992188,13.583656311035156,73.4898681640625,262.34619140625
2020-10-06 04:00:00,109.66764068603516,196.18922424316406,13.677251815795898,71.91333770751953,256.4083557128906
2020-10-07 04:00:00,111.52838897705078,199.92416381835938,13.903769493103027,72.31574249267578,255.87306213378906
2020-10-08 04:00:00,111.4217758178711,200.63876342773438,13.779059410095215,73.51957702636719,261.4638977050781
2020-10-09 04:00:00,113.36005401611328,205.62188720703125,13.703389167785645,74.85871124267578,262.1479187011719
2020-10-12 04:00:00,120.56074523925781,210.94793701171875,14.16463851928711,77.54192352294922,273.3495788574219
2020-10-13 04:00:00,117.36258697509766,212.3390350341797,14.186795234680176,77.66482543945312,273.7361755371094
2020-10-14 04:00:00,117.44982147216797,210.43348693847656,14.034454345703125,77.48492431640625,269.45379638671875
2020-10-15 04:00:00,116.9846420288086,209.29006958007812,13.909745216369629,77.08992767333984,264.3981628417969
2020-10-16 04:00:00,115.34678649902344,209.29006958007812,13.751927375793457,77.69605255126953,263.61505126953125
2020-10-19 04:00:00,112.40060424804688,204.10693359375,13.439531326293945,75.82512664794922,259.1244812011719
2020-10-20 04:00:00,113.8833999633789,204.51658630371094,13.586642265319824,76.87236022949219,265.2308349609375
2020-10-21 04:00:00,113.26312255859375,204.65957641601562,13.466414451599121,78.60250854492188,276.30364990234375
2020-10-22 04:00:00,112.17770385742188,204.7452850341797,13.30337142944336,79.6269302368164,275.69891357421875
2020-10-23 04:00:00,111.4896011352539,206.02200317382812,13.531631469726562,80.93136596679688,282.3108825683594
2020-10-26 04:00:00,111.49929809570312,200.16236877441406,13.084569931030273,78.51826477050781,274.69775390625
2020-10-27 04:00:00,113.00145721435547,203.18272399902344,13.338964462280273,79.24134063720703,280.82391357421875
2020-10-28 04:00:00,107.76812744140625,193.11172485351562,12.572534561157227,74.87605285644531,265.3398742675781
2020-10-29 04:00:00,111.7609634399414,195.05540466308594,12.96782398223877,77.15980529785156,278.38531494140625
2020-10-30 04:00:00,105.5003433227539,192.91165161132812,12.479939460754395,80.09526824951172,260.819580078125
2020-11-02 05:00:00,105.41312408447266,192.77821350097656,12.526488304138184,80.50218963623047,259.0848083496094
2020-11-03 05:00:00,107.03158569335938,196.68466186523438,12.963343620300293,81.55978393554688,262.9905090332031
2020-11-04 05:00:00,111.40237426757812,206.17449951171875,13.734753608703613,86.52526092529297,284.8783264160156
2020-11-05 05:00:00,115.35648345947266,212.7487030029297,14.09892463684082,87.3504409790039,292.1147155761719
2020-11-06 05:00:00,115.22541809082031,213.15841674804688,14.499188423156738,87.2131576538086,290.8558654785156
2020-11-09 05:00:00,112.92459869384766,208.0800323486328,13.5719575881958,87.29691314697266,276.34326171875
2020-11-10 05:00:00,112.58483123779297,201.04844665527344,12.714920997619629,86.12234497070312,270.0585021972656
2020-11-11 05:00:00,116.00205993652344,206.32693481445312,13.360126495361328,86.59366607666016,274.07318115234375
2020-11-12 05:00:00,115.73023986816406,205.26930236816406,13.39870834350586,86.3750991821289,272.68536376953125
2020-11-13 05:00:00,115.77877807617188,206.28880310058594,13.239648818969727,87.83415222167969,274.5391845703125
2020-11-16 05:00:00,116.78839874267578,206.97476196289062,13.456952095031738,87.921875,276.5316467285156
2020-11-17 05:00:00,115.90497589111328,204.3356170654297,13.364354133605957,87.3088150024414,272.6060791015625
2020-11-18 05:00:00,114.58467864990234,201.6416778564453,13.370827674865723,86.26704406738281,269.60247802734375
2020-11-19 05:00:00,115.17686462402344,202.92176818847656,13.382279396057129,87.15567779541016,270.56402587890625
2020-11-20 05:00:00,113.91481018066406,200.98252868652344,13.031299591064453,86.0559310913086,267.3522033691406
2020-11-23 05:00:00,110.52667236328125,200.71511840820312,13.083324432373047,85.61878204345703,266.0932922363281
2020-11-24 05:00:00,111.80817413330078,204.29737854003906,12.901862144470215,87.4198226928711,274.5093688964844
2020-11-25 05:00:00,112.64305877685547,204.30694580078125,13.177664756774902,87.43122863769531,273.1910095214844
2020-11-27 05:00:00,113.18672180175781,205.60614013671875,13.204049110412598,88.56566619873047,275.39166259765625
2020-11-30 05:00:00,115.57491302490234,204.4980010986328,13.343697547912598,86.94900512695312,274.5589294433594
2020-12-01 05:00:00,119.1377944946289,206.5423126220703,13.332245826721191,88.97899627685547,284.0555419921875
2020-12-02 05:00:00,119.4872817993164,205.73988342285156,13.486080169677734,90.44649505615234,285.01708984375
2020-12-03 05:00:00,119.35134887695312,204.66041564941406,13.342157363891602,90.2913589477539,279.3964538574219
2020-12-04 05:00:00,118.68150329589844,204.77499389648438,13.503759384155273,90.38652801513672,277.2652282714844
2020-12-07 05:00:00,120.13770294189453,204.70819091796875,13.5520601272583,90.05297088623047,283.093994140625
2020-12-08 05:00:00,120.74932861328125,206.35122680664062,13.296346664428711,89.77049255371094,280.9329528808594
2020-12-09 05:00:00,118.22522735595703,202.32949829101562,12.878780364990234,88.1116943359375,275.5007019042969
2020-12-10 05:00:00,119.64258575439453,201.1067352294922,12.920111656188965,87.6056900024414,274.7076110839844
2020-12-11 05:00:00,118.83682250976562,203.72421264648438,12.96094799041748,87.96003723144531,271.1687316894531
2020-12-14 05:00:00,118.22522735595703,204.62217712402344,13.255261421203613,86.84294128417969,271.80316162109375
2020-12-15 05:00:00,124.14715576171875,204.55528259277344,13.306805610656738,87.28006744384766,273.1513366699219
2020-12-16 05:00:00,124.0792007446289,209.47503662109375,13.189277648925781,87.08726501464844,273.270263671875
2020-12-17 05:00:00,124.94322204589844,209.6087646484375,13.287630081176758,86.26061248779297,272.090576171875
2020-12-18 05:00:00,122.96278381347656,208.81590270996094,13.218657493591309,85.5523681640625,273.993896484375
2020-12-21 05:00:00,124.48694610595703,212.63702392578125,13.278665542602539,85.96571350097656,270.4154052734375
2020-12-22 05:00:00,128.03038024902344,213.9266815185547,13.224884033203125,85.25501251220703,264.76495361328125
2020-12-23 05:00:00,127.13724517822266,211.13717651367188,12.956965446472168,85.65198516845703,265.7760925292969
2020-12-24 05:00:00,128.11776733398438,212.78985595703125,12.94152545928955,85.9458999633789,265.07220458984375
2020-12-28 05:00:00,132.6999969482422,214.9010772705078,12.848153114318848,87.91840362548828,274.588623046875
2020-12-29 05:00:00,130.93309020996094,214.1272735595703,12.891228675842285,87.11553192138672,274.37060546875
2020-12-30 05:00:00,129.8166961669922,211.76766967773438,13.092914581298828,86.04948425292969,269.50335693359375
2020-12-31 05:00:00,128.8167266845703,212.4746551513672,13.002530097961426,86.86178588867188,270.7821044921875
2021-01-04 05:00:00,125.63249206542969,207.95611572265625,13.060794830322266,85.54793548583984,266.5987854003906
2021-01-05 05:00:00,127.1857681274414,208.15672302246094,13.35087776184082,86.2378158569336,268.6111755371094
2021-01-06 05:00:00,122.9045181274414,202.75938415527344,12.563799858093262,85.38685607910156,261.0178527832031
2021-01-07 05:00:00,127.0984115600586,208.52928161621094,13.29036808013916,87.93724822998047,266.400634765625
2021-01-08 05:00:00,128.19549560546875,209.79986572265625,13.223388671875,89.10142517089844,265.24078369140625
2021-01-11 05:00:00,125.21504974365234,207.76504516601562,13.566754341125488,87.04267120361328,254.6041717529297
2021-01-12 05:00:00,125.04032897949219,205.31951904296875,13.430553436279297,86.10795593261719,248.90420532226562
2021-01-13 05:00:00,127.06930541992188,206.66648864746094,13.477364540100098,86.59465026855469,249.44944763183594
2021-01-14 05:00:00,125.14708709716797,203.49493408203125,13.147194862365723,85.78532409667969,243.50167846679688
2021-01-15 05:00:00,123.42874145507812,203.1414794921875,12.807816505432129,85.62177276611328,249.17189025878906
2021-01-19 05:00:00,124.0986328125,206.76202392578125,12.97290325164795,88.43928527832031,258.82708740234375
2021-01-20 05:00:00,128.17601013183594,214.3087921142578,13.312032699584961,93.17727661132812,265.1515808105469
2021-01-21 05:00:00,132.874755859375,214.91062927246094,13.811765670776367,93.37947082519531,270.49462890625
2021-01-22 05:00:00,135.010498046875,215.84678649902344,13.657388687133789,93.7962875366211,272.1104736328125
2021-01-25 05:00:00,138.7481231689453,219.26669311523438,13.598376274108887,93.88153076171875,275.5898742675781
2021-01-26 05:00:00,138.9811248779297,221.94146728515625,13.381253242492676,94.55902862548828,279.5946960449219
2021-01-27 05:00:00,137.91323852539062,222.48599243164062,12.865833282470703,90.14763641357422,269.7710266113281
2021-01-28 05:00:00,133.08828735351562,228.2464141845703,12.99854564666748,91.84559631347656,262.693115234375
2021-01-29 05:00:00,128.10806274414062,221.58804321289062,12.937543869018555,90.56494140625,256.0811767578125
2021-02-01 05:00:00,130.22442626953125,228.9341583251953,13.18380069732666,93.82156372070312,259.72918701171875
2021-02-02 05:00:00,131.0496063232422,228.80047607421875,13.502265930175781,95.11261749267578,264.7550048828125
2021-02-03 05:00:00,130.03024291992188,232.13441467285156,13.476119041442871,102.03919982910156,264.32879638671875
2021-02-04 05:00:00,133.37953186035156,231.1886749267578,13.609332084655762,101.77901458740234,264.170166015625
2021-02-05 05:00:00,132.96632385253906,231.3701934814453,13.536376953125,103.5235366821289,265.76617431640625
2021-02-08 05:00:00,133.1121826171875,231.62808227539062,14.380718231201172,103.30992126464844,264.2593994140625
2021-02-09 05:00:00,132.23715209960938,232.86996459960938,14.205925941467285,102.8574447631836,267.10443115234375
2021-02-10 05:00:00,131.6343536376953,231.9624481201172,14.704911231994629,103.40705871582031,269.50335693359375
2021-02-11 05:00:00,131.38156127929688,233.5577850341797,15.189454078674316,103.51956176757812,268.0362548828125
2021-02-12 05:00:00,131.6149139404297,234.03543090820312,14.901119232177734,103.830810546875,268.145263671875
2021-02-16 05:00:00,129.49534606933594,232.8031005859375,15.268635749816895,104.60741424560547,271.5850524902344
2021-02-17 05:00:00,127.21057891845703,233.8180389404297,14.846091270446777,104.99995422363281,271.18853759765625
2021-02-18 05:00:00,126.11193084716797,233.4254608154297,14.769401550292969,104.36507415771484,267.044921875
2021-02-19 05:00:00,126.2674789428711,230.72532653808594,14.866509437561035,103.52253723144531,259.28314208984375
2021-02-22 05:00:00,122.50483703613281,224.5399627685547,14.298054695129395,101.81022644042969,258.0637512207031
2021-02-23 05:00:00,122.36869812011719,223.3527069091797,14.085162162780762,102.10063934326172,263.545654296875
2021-02-24 05:00:00,121.87284088134766,224.5782928466797,14.440728187561035,103.27473449707031,262.0091857910156
2021-02-25 05:00:00,117.6337890625,219.25469970703125,13.254016876220703,99.91156768798828,252.47288513183594
2021-02-26 05:00:00,117.89630126953125,222.5005645751953,13.659381866455078,100.20693969726562,255.37738037109375
2021-03-01 05:00:00,124.24516296386719,226.86669921875,13.786117553710938,102.5734634399414,262.60394287109375
2021-03-02 05:00:00,121.64923858642578,223.92726135253906,13.352371215820312,102.31674194335938,256.745361328125
2021-03-03 05:00:00,118.6740951538086,217.88548278808594,12.753287315368652,99.68655395507812,253.18663024902344
2021-03-04 05:00:00,116.79765319824219,217.09075927734375,12.32052993774414,100.80267333984375,255.39724731445312
2021-03-05 05:00:00,118.05187225341797,221.7537384033203,12.411417007446289,103.9319076538086,261.9793395996094
2021-03-08 05:00:00,113.13224029541016,217.72267150878906,11.546658515930176,99.4927749633789,253.08749389648438
2021-03-09 05:00:00,117.73101806640625,223.84103393554688,12.474233627319336,101.121337890625,263.4266662597656
2021-03-10 05:00:00,116.65181732177734,222.53884887695312,12.4224271774292,100.91466522216797,262.593994140625
2021-03-11 05:00:00,118.57688903808594,227.048583984375,12.945743560791016,104.1038818359375,271.4958190917969
2021-03-12 05:00:00,117.67269897460938,225.7272491455078,12.808749198913574,101.5990982055664,266.06353759765625
2021-03-15 04:00:00,120.55057525634766,224.8272247314453,13.142766952514648,101.81914520263672,271.36700439453125
2021-03-16 04:00:00,122.0867691040039,227.60398864746094,13.242400169372559,103.2787094116211,276.8488464355469
2021-03-17 04:00:00,121.29923248291016,226.96243286132812,13.292216300964355,103.19593811035156,281.5376892089844
2021-03-18 04:00:00,117.18655395507812,220.91111755371094,12.675740242004395,100.17868041992188,276.194580078125
2021-03-19 04:00:00,116.66153717041016,220.55686950683594,12.798538208007812,100.45722198486328,287.5845642089844
2021-03-22 04:00:00,119.96722412109375,225.9570770263672,13.137786865234375,100.64208984375,290.9847106933594
2021-03-23 04:00:00,119.14080047607422,227.47943115234375,13.022711753845215,101.16940307617188,288.10003662109375
2021-03-24 04:00:00,116.75877380371094,225.44961547851562,12.596532821655273,100.73328399658203,279.6839599609375
2021-03-25 04:00:00,117.2448959350586,222.46226501464844,12.489178657531738,100.72980499267578,276.31353759765625
2021-03-26 04:00:00,117.84769439697266,226.42625427246094,12.792061805725098,100.34671020507812,280.5562744140625
2021-03-29 04:00:00,118.02271270751953,225.23898315429688,12.900662422180176,101.39044189453125,288.28839111328125
2021-03-30 04:00:00,116.57403564453125,221.9930877685547,12.824443817138672,101.42414855957031,285.4929504394531
2021-03-31 04:00:00,118.76162719726562,225.74639892578125,13.29919147491455,102.2195816040039,291.9660949707031
2021-04-01 04:00:00,119.58804321289062,232.04666137695312,13.760988235473633,105.55302429199219,296.06005859375
2021-04-05 04:00:00,122.40760040283203,238.48097229003906,13.9360933303833,109.97283935546875,306.22088623046875
2021-04-06 04:00:00,122.70899200439453,237.32244873046875,13.810555458068848,109.49211120605469,303.593994140625
2021-04-07 04:00:00,124.35213470458984,239.27569580078125,14.091517448425293,110.96752166748047,310.3644714355469
2021-04-08 04:00:00,126.74388122558594,242.48324584960938,14.264379501342773,111.53251647949219,310.29510498046875
2021-04-09 04:00:00,129.31063842773438,244.97276306152344,14.347076416015625,112.53563690185547,309.7399597167969
2021-04-12 04:00:00,127.5994873046875,245.03016662597656,15.15310001373291,111.24457550048828,308.8280029296875
2021-04-13 04:00:00,130.70095825195312,247.5005340576172,15.621870040893555,111.73075103759766,307.06353759765625
2021-04-14 04:00:00,128.36756896972656,244.72381591796875,15.220850944519043,111.1102523803711,300.1838684082031
2021-04-15 04:00:00,130.76904296875,248.46755981445312,16.077939987182617,113.2582015991211,305.140380859375
2021-04-16 04:00:00,130.43846130371094,249.65484619140625,15.854018211364746,113.13431549072266,303.5146484375
2021-04-19 04:00:00,131.09962463378906,247.73985290527344,15.305291175842285,113.48173522949219,299.6089172363281
2021-04-20 04:00:00,129.41758728027344,247.28024291992188,15.11549186706543,112.9489517211914,300.015380859375
2021-04-21 04:00:00,129.79678344726562,249.5016632080078,15.304046630859375,112.91625213623047,298.8456726074219
2021-04-22 04:00:00,128.2800750732422,246.23666381835938,14.795669555664062,111.6361083984375,293.938720703125
2021-04-23 04:00:00,130.5940399169922,250.04737854003906,15.20914363861084,113.98576354980469,298.5086975097656
2021-04-26 04:00:00,130.9829559326172,250.430419921875,15.421112060546875,114.48136138916016,300.4020080566406
2021-04-27 04:00:00,130.66204833984375,250.83253479003906,15.325218200683594,113.54219818115234,300.92742919921875
2021-04-28 04:00:00,129.8745574951172,243.7375946044922,15.220602989196777,116.915283203125,304.4266662597656
2021-04-29 04:00:00,129.77735900878906,241.77474975585938,15.268428802490234,118.58646392822266,326.6416015625
2021-04-30 04:00:00,127.81336975097656,241.458740234375,14.95433521270752,116.64071655273438,322.2500915527344
2021-05-03 04:00:00,128.86337280273438,241.15235900878906,14.782222747802734,116.12429809570312,319.7718811035156
2021-05-04 04:00:00,124.30350494384766,237.25540161132812,14.298502922058105,114.32772064208984,315.5886535644531
2021-05-05 04:00:00,124.54657745361328,235.99151611328125,14.405359268188477,114.72123718261719,312.2776794433594
2021-05-06 04:00:00,126.14108276367188,239.11294555664062,14.469624519348145,115.8403091430664,317.23419189453125
2021-05-07 04:00:00,126.81309509277344,241.72683715820312,14.757810592651367,116.56290435791016,316.30230712890625
2021-05-10 04:00:00,123.54074096679688,236.67135620117188,14.213319778442383,113.58036041259766,303.3065185546875
2021-05-11 04:00:00,122.62528991699219,235.76173400878906,14.25367259979248,112.50538635253906,303.8616027832031
2021-05-12 04:00:00,119.56716918945312,228.83909606933594,13.707932472229004,109.04557037353516,299.916259765625
2021-05-13 04:00:00,121.70978546142578,232.69775390625,13.615025520324707,110.47241973876953,302.6026916503906
2021-05-14 04:00:00,124.12508392333984,237.60011291503906,14.190652847290039,112.91773986816406,313.1897277832031
2021-05-17 04:00:00,122.97586059570312,234.75636291503906,14.11343765258789,113.44010162353516,312.7138977050781
2021-05-18 04:00:00,121.5928955078125,232.7456512451172,13.964238166809082,112.12923431396484,307.26177978515625
2021-05-19 04:00:00,121.43709564208984,233.3214569091797,14.014054298400879,112.57674407958984,310.8601379394531
2021-05-20 04:00:00,123.98873901367188,236.5460205078125,14.558793067932129,114.33367919921875,315.8364562988281
2021-05-21 04:00:00,122.15777587890625,235.2888641357422,14.936651229858398,113.69831848144531,313.4771728515625
2021-05-24 04:00:00,123.78424072265625,240.67269897460938,15.554621696472168,117.01441192626953,321.80401611328125
2021-05-25 04:00:00,123.58941650390625,241.57485961914062,15.590239524841309,117.10511016845703,324.9365539550781
2021-05-26 04:00:00,123.54074096679688,241.35414123535156,15.642297744750977,117.96944427490234,324.80767822265625
2021-05-27 04:00:00,122.01170349121094,239.261962890625,15.431078910827637,117.09569549560547,329.8533630371094
2021-05-28 04:00:00,121.35916137695312,239.61709594726562,16.18479347229004,116.80674743652344,325.8683776855469
2021-06-01 04:00:00,121.03777313232422,237.428955078125,16.204723358154297,118.01256561279297,326.264892578125
2021-06-02 04:00:00,121.79741668701172,237.3330078125,16.716583251953125,117.48770904541016,326.2846984863281
2021-06-03 04:00:00,120.31709289550781,235.80706787109375,16.907384872436523,116.3473129272461,323.2017517089844
2021-06-04 04:00:00,122.60578918457031,240.682373046875,17.51364517211914,118.6266098022461,327.47430419921875
2021-06-07 04:00:00,122.61550903320312,243.5806427001953,17.554250717163086,119.05926513671875,333.6500244140625
2021-06-08 04:00:00,123.43360137939453,242.390625,17.392839431762695,118.86795806884766,330.7752380371094
2021-06-09 04:00:00,123.81342315673828,243.36947631835938,17.298418045043945,119.33879089355469,327.3751525878906
2021-06-10 04:00:00,122.82003784179688,246.87237548828125,17.36493492126465,120.68634796142578,329.5659484863281
2021-06-11 04:00:00,124.0276870727539,247.49618530273438,17.763805389404297,120.44202423095703,328.3763122558594
2021-06-14 04:00:00,127.07604217529297,249.4156036376953,17.956642150878906,121.36929321289062,333.83837890625
2021-06-15 04:00:00,126.2579345703125,247.9471893310547,17.727184295654297,120.35231018066406,333.8185119628906
2021-06-16 04:00:00,126.75464630126953,247.00677490234375,17.748855590820312,119.71099853515625,328.1978454589844
2021-06-17 04:00:00,128.35186767578125,250.3848419189453,18.592937469482422,120.6734619140625,333.58062744140625
2021-06-18 04:00:00,127.05656433105469,248.97410583496094,18.57450294494629,119.05531311035156,326.7903137207031
2021-06-21 04:00:00,128.8485565185547,252.04515075683594,18.363725662231445,120.74185943603516,329.39739990234375
2021-06-22 04:00:00,130.48472595214844,254.8090362548828,18.8216495513916,121.25529479980469,336.0787048339844
2021-06-23 04:00:00,130.2119903564453,254.57872009277344,18.991559982299805,121.05359649658203,337.6251220703125
2021-06-24 04:00:00,129.9296112060547,255.94149780273438,19.139301300048828,121.4233169555664,340.1925964355469
2021-06-25 04:00:00,129.63743591308594,254.33883666992188,18.965402603149414,121.4317398071289,338.39837646484375
2021-06-28 04:00:00,131.26382446289062,257.8896484375,19.916112899780273,121.45899200439453,352.5440979003906
2021-06-29 04:00:00,132.77342224121094,260.4617004394531,19.957719802856445,121.19782257080078,348.8268127441406
2021-06-30 04:00:00,133.38697814941406,259.9818420410156,19.933551788330078,121.01642608642578,344.68310546875
2021-07-01 04:00:00,133.68890380859375,260.653564453125,20.14232635498047,121.36829376220703,351.3050231933594
2021-07-02 04:00:00,136.30873107910156,266.45977783203125,20.4163818359375,124.15657806396484,351.6123046875
2021-07-06 04:00:00,138.31495666503906,266.4694519042969,20.627147674560547,125.08088684082031,349.708984375
2021-07-07 04:00:00,140.79847717285156,268.6479187011719,20.301525115966797,125.3624038696289,347.4389343261719
2021-07-08 04:00:00,139.50314331054688,266.239013671875,19.834142684936523,123.94493865966797,342.64105224609375
2021-07-09 04:00:00,141.32437133789062,266.7381591796875,19.981136322021484,124.41529083251953,347.3695373535156
2021-07-12 04:00:00,140.73025512695312,266.14312744140625,20.441791534423828,125.8594741821289,350.085693359375
2021-07-13 04:00:00,141.8405303955078,269.6556396484375,20.18019676208496,126.22225952148438,349.0249938964844
2021-07-14 04:00:00,145.2589569091797,271.12396240234375,19.77310562133789,127.1098861694336,344.6038818359375
2021-07-15 04:00:00,144.60643005371094,269.7035217285156,18.9008731842041,125.88871002197266,341.4614562988281
2021-07-16 04:00:00,142.57095336914062,269.434814453125,18.09840202331543,125.85401916503906,338.190185546875
2021-07-19 04:00:00,138.73373413085938,265.8456115722656,18.715015411376953,123.4830551147461,334.016845703125
2021-07-20 04:00:00,142.33724975585938,268.0625,18.54784393310547,125.10021209716797,338.6858215332031
2021-07-21 04:00:00,141.60679626464844,270.05865478515625,19.343095779418945,126.42792510986328,343.2160339355469
2021-07-22 04:00:00,142.97027587890625,274.607666015625,19.526458740234375,127.29277038574219,348.1328125
2021-07-23 04:00:00,144.68434143066406,277.99530029296875,19.490583419799805,131.84591674804688,366.5709533691406
2021-07-26 04:00:00,145.1031494140625,277.4002990722656,19.227497100830078,132.85691833496094,369.2176513671875
2021-07-27 04:00:00,142.94107055664062,274.99151611328125,19.141788482666016,130.7406768798828,364.608154296875
2021-07-28 04:00:00,141.19775390625,274.68438720703125,19.435771942138672,134.89781188964844,370.0306091308594
2021-07-29 04:00:00,141.8405303955078,274.953125,19.59422492980957,134.58413696289062,355.2007751464844
2021-07-30 04:00:00,142.05484008789062,273.4272155761719,19.431785583496094,133.54234313964844,353.1983642578125
2021-08-02 04:00:00,141.7236785888672,273.3408203125,19.681921005249023,133.66925048828125,348.8862609863281
2021-08-03 04:00:00,143.51565551757812,275.5481262207031,19.74669647216797,134.4379119873047,348.1824035644531
2021-08-04 04:00:00,143.11634826660156,274.962646484375,20.204113006591797,133.93783569335938,355.7955627441406
2021-08-05 04:00:00,143.22348022460938,277.8513488769531,20.565868377685547,135.05392456054688,359.8103332519531
2021-08-06 04:00:00,142.54074096679688,277.7938232421875,20.295801162719727,134.5454559326172,360.3456115722656
2021-08-09 04:00:00,142.491943359375,276.7093200683594,20.22504234313965,135.70962524414062,358.462158203125
2021-08-10 04:00:00,142.01400756835938,274.89556884765625,19.867280960083008,135.60458374023438,357.986328125
2021-08-11 04:00:00,142.26763916015625,275.38494873046875,19.6310977935791,135.08119201660156,356.8265075683594
2021-08-12 04:00:00,145.22299194335938,278.1297302246094,19.836389541625977,135.9881591796875,359.4930725097656
2021-08-13 04:00:00,145.42782592773438,281.0472717285156,20.11841583251953,136.51695251464844,360.0184020996094
2021-08-16 04:00:00,147.39808654785156,282.7266845703125,19.88123893737793,137.0938720703125,363.3690185546875
2021-08-17 04:00:00,146.490966796875,281.2679443359375,19.39093017578125,135.46034240722656,355.32965087890625
2021-08-18 04:00:00,142.7553253173828,279.5467529296875,18.974369049072266,134.2584991455078,352.3558044433594
2021-08-19 04:00:00,143.0869598388672,285.3544006347656,19.729755401611328,134.48745727539062,352.02862548828125
2021-08-20 04:00:00,144.5402374267578,292.6524658203125,20.744247436523438,136.22161865234375,356.24163818359375
2021-08-23 04:00:00,146.0228271484375,292.9313049316406,21.882308959960938,138.81063842773438,360.1869812011719
2021-08-24 04:00:00,145.9350128173828,290.97943115234375,21.717880249023438,140.0198974609375,362.3282165527344
2021-08-25 04:00:00,144.70608520507812,290.39288330078125,22.136432647705078,140.8302001953125,365.18316650390625
2021-08-26 04:00:00,143.90625,287.5851135253906,21.99193572998047,140.19735717773438,361.20806884765625
2021-08-27 04:00:00,144.94015502929688,288.1910095214844,22.557971954345703,142.73831176757812,369.3862609863281
2021-08-30 04:00:00,149.34881591796875,291.912109375,22.60979461669922,143.31967163085938,377.3462829589844
2021-08-31 04:00:00,148.09059143066406,290.2678527832031,22.311771392822266,143.42572021484375,376.07745361328125
2021-09-01 04:00:00,148.7538299560547,290.2198181152344,22.367589950561523,143.9391632080078,378.7241516113281
2021-09-02 04:00:00,149.8657989501953,289.56591796875,22.322736740112305,142.02760314941406,372.01318359375
2021-09-03 04:00:00,150.49974060058594,289.55633544921875,22.768278121948242,142.4761199951172,372.9845886230469
2021-09-07 04:00:00,152.83090209960938,288.6332092285156,22.587867736816406,143.01239013671875,378.8530578613281
2021-09-08 04:00:00,151.28981018066406,288.66204833984375,22.26592254638672,142.42807006835938,374.2832336425781
2021-09-09 04:00:00,150.2754364013672,285.81597900390625,22.104454040527344,142.2793731689453,374.70947265625
2021-09-10 04:00:00,145.301025390625,284.3352355957031,22.404470443725586,139.6378173828125,375.3934631347656
2021-09-13 04:00:00,145.86671447753906,285.5659484863281,22.079538345336914,141.08151245117188,373.232421875
2021-09-14 04:00:00,144.47198486328125,288.2583312988281,22.16924285888672,141.29161071777344,373.2522888183594
2021-09-15 04:00:00,145.3595428466797,293.0947570800781,22.267915725708008,143.1600799560547,370.6650390625
2021-09-16 04:00:00,145.12547302246094,293.4794006347656,22.16924285888672,142.34776306152344,369.8124694824219
2021-09-17 04:00:00,142.4626922607422,288.3351745605469,21.828357696533203,139.56248474121094,361.54510498046875
2021-09-20 04:00:00,139.4195556640625,282.9794006347656,21.043935775756836,137.50027465820312,352.6036071777344
2021-09-21 04:00:00,139.89749145507812,283.4602355957031,21.176502227783203,137.8109893798828,354.36810302734375
2021-09-22 04:00:00,142.25791931152344,287.09478759765625,21.86922836303711,139.05052185058594,340.2223205566406
2021-09-23 04:00:00,143.21372985839844,288.037109375,22.40846061706543,139.97482299804688,342.9483337402344
2021-09-24 04:00:00,143.3015594482422,287.8351745605469,22.008764266967773,140.9650421142578,349.8874206542969
2021-09-27 04:00:00,141.78968811035156,282.8544921875,21.589147567749023,139.8320770263672,350.5019836425781
2021-09-28 04:00:00,138.4149169921875,272.6140441894531,20.631284713745117,134.6361846923828,337.6846008300781
2021-09-29 04:00:00,139.312255859375,273.0756530761719,20.44988250732422,133.17263793945312,336.6536560058594
2021-09-30 04:00:00,138.01504516601562,271.0756530761719,20.648235321044922,132.50106811523438,336.43560791015625
2021-10-01 04:00:00,139.1366729736328,277.97943115234375,20.674152374267578,135.34288024902344,340.02410888671875
2021-10-04 04:00:00,135.71311950683594,272.2198791503906,19.667455673217773,132.4847412109375,323.3901062011719
2021-10-05 04:00:00,137.6346435546875,277.65252685546875,20.384098052978516,134.8274383544922,330.0614929199219
2021-10-06 04:00:00,138.502685546875,281.835205078125,20.63228416442871,136.3559112548828,330.7356262207031
2021-10-07 04:00:00,139.7609405517578,283.5082702636719,21.006061553955078,138.00132751464844,326.3540954589844
2021-10-08 04:00:00,139.3805389404297,283.5082702636719,20.762859344482422,138.556884765625,327.1768493652344
2021-10-11 04:00:00,139.29275512695312,282.91217041015625,20.627300262451172,137.6930389404297,322.616943359375
2021-10-12 04:00:00,138.0247802734375,281.6141662597656,20.60338020324707,135.24969482421875,320.9515075683594
2021-10-13 04:00:00,137.4395751953125,284.912109375,20.87050437927246,136.37274169921875,321.71484375
2021-10-14 04:00:00,140.21934509277344,291.10443115234375,21.674863815307617,139.910400390625,325.6700439453125
2021-10-15 04:00:00,141.2727508544922,292.50830078125,21.790483474731445,140.12548828125,321.932861328125
2021-10-18 04:00:00,142.94064331054688,295.4698181152344,22.149307250976562,141.52310180664062,332.4207763671875
2021-10-19 04:00:00,145.09620666503906,296.3736572265625,22.217086791992188,141.97805786132812,337.0303039550781
2021-10-20 04:00:00,145.58389282226562,295.5851745605469,22.030696868896484,140.52293395996094,337.8135070800781
2021-10-21 04:00:00,145.7984619140625,298.8062744140625,22.617769241333008,140.63893127441406,338.90386962890625
2021-10-22 04:00:00,145.0279083251953,297.267822265625,22.651657104492188,136.3573760986328,321.78424072265625
2021-10-25 04:00:00,144.9791717529297,296.2774353027344,23.09021759033203,136.23892211914062,325.8287353515625
2021-10-26 04:00:00,145.64239501953125,298.1813049316406,24.63614845275879,138.08407592773438,313.060791015625
2021-10-27 04:00:00,145.18399047851562,310.7389221191406,24.37101173400879,144.93235778808594,309.5021057128906
2021-10-28 04:00:00,148.81236267089844,311.87359619140625,24.85940933227539,144.56707763671875,314.16119384765625
2021-10-29 04:00:00,146.110595703125,318.8638610839844,25.483366012573242,146.74481201171875,320.7532958984375
2021-11-01 04:00:00,145.291259765625,316.700439453125,25.74251365661621,142.2357635498047,327.10748291015625
2021-11-02 04:00:00,146.3251953125,320.3157653808594,26.314632415771484,144.15423583984375,325.22393798828125
2021-11-03 04:00:00,147.75901794433594,321.15234375,26.510990142822266,145.30950927734375,328.73321533203125
2021-11-04 04:00:00,147.24205017089844,323.49847412109375,29.70351219177246,146.96434020996094,332.9264221191406
2021-11-05 04:00:00,147.7694854736328,323.1331481933594,29.654674530029297,147.543701171875,338.16046142578125
2021-11-08 05:00:00,146.9490203857422,324.0273132324219,30.70323371887207,147.7211456298828,335.6722717285156
2021-11-09 05:00:00,147.31040954589844,323.0273132324219,30.556711196899414,147.609619140625,332.4505615234375
2021-11-10 05:00:00,144.48744201660156,318.075439453125,29.362628936767578,144.61119079589844,324.7878723144531
2021-11-11 05:00:00,144.43861389160156,319.642822265625,30.290584564208984,144.48529052734375,324.886962890625
2021-11-12 05:00:00,146.50941467285156,323.7676696777344,30.290584564208984,147.3712158203125,337.9225158691406
2021-11-15 05:00:00,146.5192108154297,323.1427001953125,29.92677879333496,147.14718627929688,344.5344543457031
2021-11-16 05:00:00,147.49600219726562,326.4503479003906,30.104196548461914,146.57627868652344,339.9744567871094
2021-11-17 05:00:00,149.92820739746094,326.67193603515625,29.165283203125,146.7457733154297,337.80352783203125
2021-11-18 05:00:00,154.20657348632812,328.7430419921875,31.571386337280273,148.52151489257812,335.74169921875
2021-11-19 05:00:00,156.8243865966797,330.51544189453125,32.87709045410156,147.6175537109375,342.2940979003906
2021-11-22 05:00:00,157.28346252441406,327.35589599609375,31.851463317871094,145.01609802246094,338.04144287109375
2021-11-23 05:00:00,157.6644287109375,325.2848205566406,31.64214324951172,144.50067138671875,334.3141174316406
2021-11-24 05:00:00,158.18212890625,325.50640869140625,32.56711959838867,144.835693359375,338.091064453125
2021-11-26 05:00:00,153.17117309570312,317.57843017578125,31.399946212768555,140.93328857421875,330.2201232910156
2021-11-29 05:00:00,156.52157592773438,324.2733459472656,33.26681900024414,144.25140380859375,335.0873718261719
2021-11-30 05:00:00,161.46414184570312,318.455078125,32.569114685058594,140.65032958984375,321.6355285644531
2021-12-01 05:00:00,160.9464569091797,317.9637451171875,31.336000442504883,139.81175231933594,307.8961486816406
2021-12-02 05:00:00,159.9599151611328,317.3954772949219,32.02482604980469,141.70944213867188,307.6881103515625
2021-12-03 05:00:00,158.08445739746094,311.1533203125,30.59634017944336,140.75338745117188,304.1689147949219
2021-12-06 05:00:00,161.4836883544922,314.216552734375,29.942407608032227,141.8967742919922,315.1029052734375
2021-12-07 05:00:00,167.2076873779297,322.62615966796875,32.32487487792969,145.97511291503906,319.9998779296875
2021-12-08 05:00:00,171.01719665527344,322.67431640625,31.72577476501465,146.884033203125,327.68243408203125
2021-12-09 05:00:00,170.50927734375,320.8729553222656,30.393983840942383,146.34088134765625,326.9488525390625
2021-12-10 05:00:00,175.2858123779297,329.9664611816406,30.10289764404297,146.70065307617188,326.8794860839844
2021-12-13 05:00:00,171.66189575195312,326.941650390625,28.072311401367188,144.54478454589844,331.5782165527344
2021-12-14 05:00:00,170.28460693359375,316.2877197265625,28.24776268005371,142.6421661376953,330.83477783203125
2021-12-15 05:00:00,175.1392822265625,322.3659973144531,30.36307716369629,145.1538848876953,338.6858215332031
2021-12-16 05:00:00,168.2626495361328,312.9739685058594,28.297605514526367,143.17544555664062,331.9846496582031
2021-12-17 05:00:00,167.16864013671875,311.9143371582031,27.713449478149414,140.4793243408203,330.8843078613281
2021-12-20 05:00:00,165.8108673095703,308.1671142578125,27.631704330444336,140.36236572265625,322.616943359375
2021-12-21 05:00:00,168.97572326660156,315.2762451171875,28.98343849182129,142.2114715576172,331.290771484375
2021-12-22 05:00:00,171.564208984375,320.9692687988281,29.307411193847656,145.12811279296875,327.57342529296875
2021-12-23 05:00:00,172.18936157226562,322.4046325683594,29.54665756225586,145.62521362304688,332.3216552734375
2021-12-27 05:00:00,176.14535522460938,329.8797302246094,30.84754753112793,146.6065216064453,343.1664733886719
2021-12-28 05:00:00,175.12950134277344,328.7237548828125,30.22650909423828,145.397705078125,343.20611572265625
2021-12-29 05:00:00,175.2174530029297,329.3980407714844,29.90652084350586,145.36602783203125,339.9546813964844
2021-12-30 05:00:00,174.06478881835938,326.8645935058594,29.492830276489258,144.91551208496094,341.3622741699219
2021-12-31 05:00:00,173.4494171142578,323.9747314453125,29.318384170532227,143.578857421875,333.4219970703125
2022-01-03 05:00:00,177.78639221191406,322.46234130859375,30.026140213012695,143.71713256835938,335.59295654296875
2022-01-04 05:00:00,175.5299835205078,316.93310546875,29.1977596282959,143.13034057617188,333.6004638671875
2022-01-05 05:00:00,170.86090087890625,304.7666931152344,27.517072677612305,136.5640411376953,321.34808349609375
2022-01-06 05:00:00,168.00868225097656,302.3584899902344,28.089263916015625,136.5367889404297,329.5659484863281
2022-01-07 05:00:00,168.17469787597656,302.5125732421875,27.161197662353516,135.81271362304688,328.9017333984375
2022-01-10 05:00:00,168.19424438476562,302.73406982421875,27.313711166381836,137.45069885253906,325.21417236328125
2022-01-11 05:00:00,171.01719665527344,303.4180908203125,27.729398727416992,138.5078125,331.4592590332031
2022-01-12 05:00:00,171.4567413330078,306.5872802734375,27.910829544067383,140.1874237060547,330.35894775390625
2022-01-13 05:00:00,168.19424438476562,293.61175537109375,26.49131202697754,137.3689422607422,323.63800048828125
2022-01-14 05:00:00,169.05386352539062,298.8135986328125,26.85715675354004,138.2545623779297,329.0107727050781
2022-01-18 05:00:00,165.85972595214844,291.5406494140625,25.821428298950195,134.80267333984375,315.3804931640625
2022-01-19 05:00:00,162.37257385253906,292.1957092285156,24.98805809020996,133.92889404296875,316.8079528808594
2022-01-20 05:00:00,160.6925048828125,290.5292053222656,24.073945999145508,132.1358184814453,313.8043212890625
2022-01-21 05:00:00,158.64122009277344,285.1636657714844,23.300395965576172,129.20579528808594,300.5308837890625
2022-01-24 05:00:00,157.86956787109375,285.4911193847656,23.298397064208984,129.6543426513672,306.02264404296875
2022-01-25 05:00:00,156.07225036621094,277.9004211425781,22.253690719604492,125.81932067871094,297.53717041015625
2022-01-26 05:00:00,155.984375,285.81866455078125,22.700284957885742,128.0971221923828,292.06524658203125
2022-01-27 05:00:00,155.5252227783203,288.8338317871094,21.874895095825195,127.87113189697266,292.07513427734375
2022-01-28 05:00:00,166.37742614746094,296.9447326660156,22.76807403564453,132.178955078125,299.0835876464844
2022-01-31 05:00:00,170.72415161132812,299.56494140625,24.408884048461914,134.1142578125,310.5330505371094
2022-02-01 05:00:00,170.55812072753906,297.4263916015625,24.56041145324707,136.43421936035156,316.22308349609375
2022-02-02 05:00:00,171.7595672607422,301.95379638671875,25.16250991821289,146.69918823242188,320.188232421875
2022-02-03 05:00:00,168.88775634765625,290.1919860839844,23.872581481933594,141.8323211669922,235.69027709960938
2022-02-04 05:00:00,168.6041717529297,294.7099304199219,24.242414474487305,142.03355407714844,235.0260772705078
2022-02-07 05:00:00,167.89016723632812,289.9031066894531,24.65012550354004,137.97752380371094,222.9521484375
2022-02-08 05:00:00,170.9906005859375,293.3805236816406,25.028926849365234,138.17376708984375,218.26327514648438
2022-02-09 05:00:00,172.40875244140625,299.78643798828125,26.620899200439453,140.34750366210938,229.98043823242188
2022-02-10 05:00:00,168.34005737304688,291.2805480957031,25.742673873901367,137.401611328125,226.08462524414062
2022-02-11 05:00:00,164.93650817871094,284.2099914550781,23.873579025268555,133.10226440429688,217.6387939453125
2022-02-14 05:00:00,165.1712646484375,284.17144775390625,24.190580368041992,134.3348388671875,215.80490112304688
2022-02-15 05:00:00,168.99537658691406,289.440673828125,26.411561965942383,135.4078369140625,219.076171875
2022-02-16 05:00:00,168.76065063476562,289.1028747558594,26.427509307861328,136.52740478515625,214.6549835205078
2022-02-17 05:00:00,165.1712646484375,280.6372985839844,24.42982292175293,131.37405395507812,205.90187072753906
2022-02-18 05:00:00,163.6259765625,277.9344482421875,23.567546844482422,129.25685119628906,204.36538696289062
2022-02-22 05:00:00,160.71142578125,277.7317810058594,23.31633758544922,128.6725311279297,200.3208770751953
2022-02-23 05:00:00,156.5546875,270.5403747558594,22.316497802734375,126.46659088134766,196.72247314453125
2022-02-24 05:00:00,159.16612243652344,284.3632507324219,23.673213958740234,131.5247344970703,205.79283142089844
2022-02-25 05:00:00,161.22976684570312,286.9888610839844,24.080928802490234,133.2777099609375,208.64773559570312
2022-02-28 05:00:00,161.49380493164062,288.4175720214844,24.308204650878906,133.86997985839844,209.19293212890625
2022-03-01 05:00:00,159.61598205566406,284.7108154296875,23.403066635131836,132.8831787109375,201.71859741210938
2022-03-02 05:00:00,162.90220642089844,289.7688903808594,24.147838592529297,133.3887176513672,206.2983856201172
2022-03-03 05:00:00,162.57943725585938,285.64715576171875,23.643348693847656,132.72262573242188,201.203125
2022-03-04 05:00:00,159.58663940429688,279.7975158691406,22.8676700592041,130.7471160888672,198.31845092773438
2022-03-07 05:00:00,155.8016357421875,269.2275695800781,21.28838348388672,125.26773071289062,185.8380584716797
2022-03-08 05:00:00,153.9824981689453,266.2738342285156,21.449901580810547,125.98735046386719,188.63351440429688
2022-03-09 05:00:00,159.37144470214844,278.4847412109375,22.945432662963867,132.24734497070312,196.77203369140625
2022-03-10 05:00:00,155.03880310058594,275.67572021484375,22.59049415588379,131.2655487060547,193.51071166992188
2022-03-11 05:00:00,151.33200073242188,270.3473205566406,22.034154891967773,128.72903442382812,185.97682189941406
2022-03-14 04:00:00,147.31224060058594,266.8433837890625,21.266448974609375,124.84397888183594,185.00537109375
2022-03-15 04:00:00,151.68409729003906,277.18157958984375,22.90455436706543,128.06243896484375,190.35836791992188
2022-03-16 04:00:00,156.0852813720703,284.1701965332031,24.423019409179688,132.1090850830078,201.8573760986328
2022-03-17 04:00:00,157.09262084960938,284.971435546875,24.692214965820312,132.6626434326172,206.03073120117188
2022-03-18 04:00:00,160.37884521484375,290.00054931640625,26.37418556213379,134.9290313720703,214.60545349121094
2022-03-21 04:00:00,161.74810791015625,288.774658203125,26.654354095458984,134.9052734375,209.64895629882812
2022-03-22 04:00:00,165.11257934570312,293.5044860839844,26.444974899291992,138.638671875,214.76400756835938
2022-03-23 04:00:00,166.47201538085938,289.0931701660156,25.557628631591797,137.06016540527344,211.60183715820312
2022-03-24 04:00:00,170.24729919433594,293.54315185546875,28.066129684448242,140.32769775390625,217.6586151123047
2022-03-25 04:00:00,170.88299560546875,293.1376647949219,27.609493255615234,140.4278106689453,219.88902282714844
2022-03-28 04:00:00,171.74366760253906,299.9140319824219,28.134925842285156,140.21221923828125,221.6436309814453
2022-03-29 04:00:00,175.02989196777344,304.4605407714844,28.570627212524414,141.2529754638672,227.8590545654297
2022-03-30 04:00:00,173.86602783203125,302.96429443359375,27.60750389099121,140.69097900390625,225.86654663085938
2022-03-31 04:00:00,170.77542114257812,297.6069641113281,27.2047061920166,137.84519958496094,220.42431640625
2022-04-01 04:00:00,170.48199462890625,298.678466796875,26.632415771484375,138.91867065429688,222.89266967773438
2022-04-04 04:00:00,174.52130126953125,304.0357971191406,27.278488159179688,141.7148895263672,231.85394287109375
2022-04-05 04:00:00,171.21551513671875,300.0877685546875,25.85373878479004,139.3553009033203,229.82179260253906
2022-04-06 04:00:00,168.0564727783203,289.1028747558594,24.33428382873535,135.3478546142578,221.3561248779297
2022-04-07 04:00:00,168.3596649169922,290.9079284667969,24.135873794555664,134.6941375732422,221.00918579101562
2022-04-08 04:00:00,166.35470581054688,286.66064453125,23.050119400024414,132.11598205566406,220.3945770263672
2022-04-11 04:00:00,162.10997009277344,275.3571472167969,21.851703643798828,127.69123077392578,214.57571411132812
2022-04-12 04:00:00,163.97805786132812,272.2682189941406,21.43993377685547,126.59197998046875,212.27587890625
2022-04-13 04:00:00,166.6578826904297,277.6352233886719,22.136850357055664,128.75233459472656,213.11849975585938
2022-04-14 04:00:00,161.66009521484375,270.1156921386719,21.194664001464844,125.61612701416016,208.35035705566406
2022-04-18 04:00:00,161.44491577148438,270.7817077636719,21.71809959411621,126.5542984008789,208.9352264404297
2022-04-19 04:00:00,163.72377014160156,275.3957824707031,22.131866455078125,128.8663330078125,215.4182891845703
2022-04-20 04:00:00,163.55746459960938,276.41900634765625,21.418001174926758,126.91461944580078,198.67532348632812
2022-04-21 04:00:00,162.76531982421875,271.0616760253906,20.122867584228516,123.71746826171875,186.43283081054688
2022-04-22 04:00:00,158.23695373535156,264.5169982910156,19.45685577392578,118.583984375,182.50732421875
2022-04-25 04:00:00,159.30307006835938,270.97479248046875,19.84270477294922,121.99227142333984,185.36224365234375
2022-04-26 04:00:00,153.35653686523438,260.83929443359375,18.732023239135742,117.6071548461914,179.37478637695312
2022-04-27 04:00:00,153.13160705566406,273.3879699707031,18.360139846801758,113.28993225097656,173.42703247070312
2022-04-28 04:00:00,160.04632568359375,279.57550048828125,19.723066329956055,117.48077392578125,203.93910217285156
2022-04-29 04:00:00,154.18789672851562,267.8858337402344,18.491741180419922,113.1065444946289,198.72488403320312
2022-05-02 04:00:00,154.49107360839844,274.5946044921875,19.47480583190918,115.55831909179688,209.29209899902344
2022-05-03 04:00:00,155.9776611328125,271.9979553222656,19.543596267700195,116.30271911621094,210.1842803955078
2022-05-04 04:00:00,162.37411499023438,279.9133605957031,20.27341651916504,121.1864242553711,221.4652099609375
2022-05-05 04:00:00,153.3271942138672,267.7217712402344,18.787857055664062,115.48149871826172,206.4669189453125
2022-05-06 04:00:00,154.05203247070312,265.1927185058594,18.61935806274414,114.72917938232422,201.99615478515625
2022-05-09 04:00:00,148.93917846679688,255.3950958251953,16.899499893188477,111.52210998535156,194.5019989013672
2022-05-10 04:00:00,151.33883666992188,260.1442565917969,17.54257583618164,113.38954162597656,195.92942810058594
2022-05-11 04:00:00,143.49327087402344,251.50497436523438,16.580453872680664,112.60401916503906,187.09701538085938
2022-05-12 04:00:00,139.6341094970703,246.48553466796875,16.126811981201172,111.85218811035156,189.5752410888672
2022-05-13 04:00:00,144.09072875976562,252.05523681640625,17.65324592590332,115.03050231933594,196.8909912109375
2022-05-16 04:00:00,142.55294799804688,252.42201232910156,17.21256446838379,113.4391098022461,198.29861450195312
2022-05-17 04:00:00,146.17698669433594,257.55731201171875,18.12284278869629,115.44929504394531,200.8561553955078
2022-05-18 04:00:00,137.92979431152344,245.830810546875,16.887537002563477,110.91598510742188,190.56654357910156
2022-05-19 04:00:00,134.53109741210938,244.9213409423828,17.072978973388672,109.41380310058594,189.62478637695312
2022-05-20 04:00:00,134.76614379882812,244.36019897460938,16.64426040649414,107.95077514648438,191.85519409179688
2022-05-23 04:00:00,140.17282104492188,252.18751525878906,16.847658157348633,110.50809478759766,194.5218048095703
2022-05-24 04:00:00,137.47927856445312,251.1909637451172,16.105876922607422,105.0385971069336,179.70193481445312
2022-05-25 04:00:00,137.63597106933594,253.996826171875,16.92442512512207,104.87505340576172,182.22975158691406
2022-05-26 04:00:00,140.82908630371094,257.26708984375,17.79781723022461,106.8450927734375,189.96182250976562
2022-05-27 04:00:00,146.56883239746094,264.36871337890625,18.754953384399414,111.32931518554688,193.43136596679688
2022-05-31 04:00:00,145.7852325439453,263.0432434082031,18.61636734008789,112.7621078491211,191.954345703125
2022-06-01 04:00:00,145.65789794921875,263.57537841796875,18.265419006347656,112.8909683227539,186.9978790283203
2022-06-02 04:00:00,148.10658264160156,265.665283203125,19.533626556396484,116.58867645263672,197.12887573242188
2022-06-03 04:00:00,142.39622497558594,261.2533264160156,18.664228439331055,113.53427124023438,189.1192169189453
2022-06-06 04:00:00,143.14064025878906,260.0245666503906,18.730031967163086,115.79373931884766,192.5590362548828
2022-06-07 04:00:00,145.65789794921875,263.6527404785156,18.869613647460938,116.11984252929688,193.9468231201172
2022-06-08 04:00:00,144.9232940673828,261.6306457519531,18.59636878967285,116.16394805908203,194.92822265625
2022-06-09 04:00:00,139.71249389648438,256.193115234375,17.998031616210938,113.82617950439453,182.39825439453125
2022-06-10 04:00:00,134.3155975341797,244.77621459960938,16.927011489868164,110.1844711303711,174.04164123535156
2022-06-13 04:00:00,129.17332458496094,234.3945770263672,15.603680610656738,105.45738220214844,162.83010864257812
2022-06-14 04:00:00,130.03526306152344,236.5522003173828,15.792158126831055,105.77754211425781,162.30471801757812
2022-06-15 04:00:00,132.6504669189453,243.58616638183594,16.481246948242188,108.79975128173828,167.87579345703125
2022-06-16 04:00:00,127.39067077636719,237.01658630371094,15.557806968688965,105.1015396118164,159.46961975097656
2022-06-17 04:00:00,128.8599090576172,239.60960388183594,15.83603572845459,106.20178985595703,162.31463623046875
2022-06-21 04:00:00,133.08139038085938,245.5018768310547,16.520137786865234,110.56360626220703,155.68287658691406
2022-06-22 04:00:00,132.57211303710938,244.9116973876953,16.31471061706543,110.50760650634766,154.49331665039062
2022-06-23 04:00:00,135.43214416503906,250.4556884765625,16.18008041381836,111.25546264648438,157.3680419921875
2022-06-24 04:00:00,138.7526092529297,259.0086975097656,17.078584671020508,116.93807983398438,168.67874145507812
2022-06-27 04:00:00,138.7526092529297,256.28985595703125,16.82229995727539,114.8154067993164,168.01455688476562
2022-06-28 04:00:00,134.6192169189453,248.1529083251953,15.937751770019531,111.02303314208984,159.28125
2022-06-29 04:00:00,136.3724822998047,251.81016540527344,15.498970031738281,110.7197265625,162.5128936767578
2022-06-30 04:00:00,133.91400146484375,248.49156188964844,15.117032051086426,108.00527954101562,159.84629821777344
2022-07-01 04:00:00,136.07861328125,251.15225219726562,14.48279094696045,107.78177642822266,158.6369171142578
2022-07-05 04:00:00,138.65464782714844,254.316162109375,14.92257308959961,112.26749420166016,166.72589111328125
2022-07-06 04:00:00,139.98672485351562,257.5670166015625,15.088113784790039,113.56499481201172,168.29214477539062
2022-07-07 04:00:00,143.34632873535156,259.6858825683594,15.814095497131348,117.73897552490234,170.69105529785156
2022-07-08 04:00:00,144.0221710205078,258.96990966796875,15.79415225982666,118.3044662475586,169.3924560546875
2022-07-11 04:00:00,141.89671325683594,255.92218017578125,15.110051155090332,114.65977478027344,161.46212768554688
2022-07-12 04:00:00,142.86642456054688,245.4341278076172,15.040244102478027,113.01834869384766,161.8487091064453
2022-07-13 04:00:00,142.50396728515625,244.51498413085938,15.122016906738281,110.3747787475586,162.06678771972656
2022-07-14 04:00:00,145.4228057861328,245.830810546875,15.32944107055664,109.3974380493164,156.67417907714844
2022-07-15 04:00:00,147.08792114257812,248.38511657714844,15.718360900878906,110.79505157470703,163.26625061035156
2022-07-18 04:00:00,144.05154418945312,245.99533081054688,16.056419372558594,108.07169342041016,165.77426147460938
2022-07-19 04:00:00,147.90093994140625,251.1038818359375,16.944955825805664,112.80968475341797,174.2498016357422
2022-07-20 04:00:00,149.89903259277344,253.75489807128906,17.757699966430664,112.8989028930664,181.49615478515625
2022-07-21 04:00:00,152.16160583496094,256.241455078125,18.000024795532227,113.33502960205078,181.5754852294922
2022-07-22 04:00:00,150.92747497558594,251.9069061279297,17.27104949951172,106.9516372680664,167.79647827148438
2022-07-25 04:00:00,149.81085205078125,250.42657470703125,16.97686767578125,106.5650634765625,165.19924926757812
2022-07-26 04:00:00,148.48858642578125,243.72161865234375,16.487226486206055,104.0969467163086,157.7645721435547
2022-07-27 04:00:00,153.57205200195312,260.014892578125,17.740747451782227,112.06626892089844,168.10379028320312
2022-07-28 04:00:00,154.12060546875,267.43585205078125,17.934207916259766,113.21609497070312,159.32093811035156
2022-07-29 04:00:00,159.17466735839844,271.625244140625,18.112712860107422,115.29762268066406,157.71502685546875
2022-08-01 04:00:00,158.1951904296875,268.9838562011719,18.38994598388672,113.85045623779297,158.5377655029297
2022-08-02 04:00:00,156.72598266601562,265.89752197265625,18.47471046447754,114.11808013916016,158.7955322265625
2022-08-03 04:00:00,162.7204132080078,273.2991027832031,18.84069061279297,117.04216003417969,167.33056640625
2022-08-04 04:00:00,162.40695190429688,274.4407958984375,19.161800384521484,117.15119934082031,169.08518981933594
2022-08-05 04:00:00,162.1813507080078,273.72479248046875,18.93642807006836,116.43753051757812,165.6552734375
2022-08-08 04:00:00,161.71054077148438,271.2188415527344,17.743736267089844,116.26902770996094,168.76797485351562
2022-08-09 04:00:00,161.7595977783203,273.13458251953125,17.038694381713867,115.60490417480469,167.0629119873047
2022-08-10 04:00:00,165.99681091308594,279.7718200683594,18.04689598083496,118.64793395996094,176.78753662109375
2022-08-11 04:00:00,165.2611846923828,277.7013244628906,17.892324447631836,117.79548645019531,175.9449462890625
2022-08-12 04:00:00,168.802001953125,282.4326171875,18.65719985961914,120.61051940917969,178.9287109375
2022-08-15 04:00:00,169.87112426757812,283.9419860839844,18.97930908203125,121.00700378417969,179.3153076171875
2022-08-16 04:00:00,169.7141876220703,283.20660400390625,18.826732635498047,120.63033294677734,177.9076690673828
2022-08-17 04:00:00,171.20506286621094,282.4601135253906,18.28423309326172,118.49923706054688,173.32791137695312
2022-08-18 04:00:00,170.8126983642578,281.34503173828125,18.721023559570312,119.11378479003906,173.13958740234375
2022-08-19 04:00:00,168.23309326171875,277.44732666015625,17.799585342407227,116.1798095703125,166.4978790283203
2022-08-22 04:00:00,164.3588104248047,269.302734375,16.986841201782227,113.23590850830078,161.6306610107422
2022-08-23 04:00:00,164.02529907226562,268.0326232910156,17.133432388305664,112.85924530029297,159.70750427246094
2022-08-24 04:00:00,164.31956481933594,267.40240478515625,17.17431640625,112.69076538085938,161.83880615234375
2022-08-25 04:00:00,166.77163696289062,270.36932373046875,17.863407135009766,115.6247329711914,167.31076049804688
2022-08-26 04:00:00,160.48451232910156,259.9365539550781,16.214981079101562,109.37018585205078,160.37167358398438
2022-08-29 04:00:00,158.2873992919922,257.16357421875,15.757253646850586,108.4582748413086,157.78439331054688
2022-08-30 04:00:00,155.86474609375,254.97222900390625,15.425174713134766,107.98250579833984,155.7919158935547
2022-08-31 04:00:00,154.20713806152344,253.5178680419922,15.05221176147461,107.26882934570312,161.51165771484375
2022-09-01 04:00:00,154.93299865722656,252.48040771484375,13.89841365814209,108.77545166015625,163.92051696777344
2022-09-02 04:00:00,152.8241424560547,248.27236938476562,13.60921573638916,106.90206909179688,158.92440795898438
2022-09-06 04:00:00,151.5686798095703,245.5478515625,13.42772102355957,105.8712158203125,157.159912109375
2022-09-07 04:00:00,152.9713134765625,250.2406768798828,13.680095672607422,108.4880142211914,158.9937744140625
2022-09-08 04:00:00,151.5000457763672,250.65760803222656,13.955412864685059,107.42740631103516,160.6492462158203
2022-09-09 04:00:00,154.35421752929688,256.41693115234375,14.351432800292969,109.6774673461914,167.6775360107422
2022-09-12 04:00:00,160.2981414794922,258.5403137207031,14.46914005279541,109.88560485839844,167.48919677734375
2022-09-13 04:00:00,150.89190673828125,244.3262176513672,13.098535537719727,103.4030990600586,151.7969970703125
2022-09-14 04:00:00,152.33375549316406,244.54917907714844,13.09554672241211,104.07711791992188,150.15142822265625
2022-09-15 04:00:00,149.4500732421875,237.917236328125,12.8970365524292,102.00550079345703,148.24813842773438
2022-09-16 04:00:00,147.8120880126953,237.2967071533203,13.16537094116211,101.89647674560547,145.01651000976562
2022-09-19 04:00:00,151.5196533203125,237.08335876464844,13.348915100097656,102.16409301757812,146.73147583007812
2022-09-20 04:00:00,153.89324951171875,235.07632446289062,13.143425941467285,100.25106048583984,144.8182830810547
2022-09-21 04:00:00,150.7742156982422,231.68276977539062,13.228215217590332,98.40740203857422,140.88282775878906
2022-09-22 04:00:00,149.81301879882812,233.65103149414062,12.529945373535156,99.25984191894531,141.5767364501953
2022-09-23 04:00:00,147.54725646972656,230.68406677246094,12.485058784484863,97.87213897705078,139.18772888183594
2022-09-26 04:00:00,147.8807373046875,230.22836303710938,12.197770118713379,97.30715942382812,135.182861328125
2022-09-27 04:00:00,148.8517608642578,229.2200469970703,12.382312774658203,96.6430435180664,133.23004150390625
2022-09-28 04:00:00,146.9685516357422,233.7383270263672,12.704513549804688,99.1706314086914,140.37728881835938
2022-09-29 04:00:00,139.7496337890625,230.27687072753906,12.189788818359375,96.56372833251953,135.22254943847656
2022-09-30 04:00:00,135.55162048339844,225.81678771972656,12.108987808227539,94.8093032836914,134.4988555908203
2022-10-03 04:00:00,139.72018432617188,233.41836547851562,12.481067657470703,97.77301025390625,137.40338134765625
2022-10-04 04:00:00,143.30023193359375,241.310791015625,13.134448051452637,100.74665832519531,139.05885314941406
2022-10-05 04:00:00,143.594482421875,241.62103271484375,13.17634391784668,100.53850555419922,137.77015686035156
2022-10-06 04:00:00,142.64303588867188,239.28431701660156,13.097539901733398,100.52859497070312,137.85939025878906
2022-10-07 04:00:00,137.4053955078125,227.11607360839844,12.046146392822266,97.81266021728516,132.2882843017578
2022-10-10 04:00:00,137.7290802001953,222.2777862548828,11.641148567199707,96.99988555908203,132.62533569335938
2022-10-11 04:00:00,136.3166961669922,218.5545654296875,11.557357788085938,96.32585906982422,127.42102813720703
2022-10-12 04:00:00,135.68896484375,218.88421630859375,11.47157096862793,96.70250701904297,126.39009094238281
2022-10-13 04:00:00,140.24984741210938,227.11607360839844,11.930431365966797,98.18933868408203,129.1558074951172
2022-10-14 04:00:00,135.7281951904297,221.60874938964844,11.199244499206543,95.7113037109375,125.65654754638672
2022-10-17 04:00:00,139.6809539794922,230.3059844970703,11.858609199523926,99.0913314819336,132.87315368652344
2022-10-18 04:00:00,140.99530029296875,231.24647521972656,11.93741512298584,99.88430786132812,131.6439666748047
2022-10-19 04:00:00,141.1031951904297,229.28790283203125,12.021206855773926,98.75432586669922,132.07022094726562
2022-10-20 04:00:00,140.64218139648438,228.9679412841797,12.163854598999023,99.0913314819336,130.38504028320312
2022-10-21 04:00:00,144.4477996826172,234.75637817382812,12.435179710388184,100.24114227294922,128.8782501220703
2022-10-24 04:00:00,146.58602905273438,239.73037719726562,12.567853927612305,101.61891174316406,128.59075927734375
2022-10-25 04:00:00,149.42066955566406,243.03662109375,13.228215217590332,103.56169891357422,136.31295776367188
2022-10-26 04:00:00,146.48794555664062,224.2848358154297,12.864117622375488,94.09563446044922,128.68991088867188
2022-10-27 04:00:00,142.02516174316406,219.85382080078125,13.143425941467285,91.4094467163086,97.0874252319336
2022-10-28 04:00:00,152.75550842285156,228.6964111328125,13.799798011779785,95.44368743896484,98.33644104003906
2022-10-31 04:00:00,150.4015350341797,225.07020568847656,13.463631629943848,93.67933654785156,92.34903717041016
2022-11-01 04:00:00,147.76304626464844,221.23065185546875,13.509517669677734,89.6748275756836,94.37127685546875
2022-11-02 04:00:00,142.25071716308594,213.4060821533203,13.186317443847656,86.20560455322266,89.75183868408203
2022-11-03 04:00:00,136.21859741210938,207.73399353027344,13.38782024383545,82.69672393798828,88.13602447509766
2022-11-04 04:00:00,135.9533233642578,214.6568145751953,14.121003150939941,85.81902313232422,89.99967193603516
2022-11-07 05:00:00,136.48385620117188,220.93975830078125,14.265644073486328,87.71222686767578,95.87803649902344
2022-11-08 05:00:00,137.05372619628906,221.9093780517578,14.565900802612305,88.1186294555664,95.63021087646484
2022-11-09 05:00:00,132.5048828125,217.68194580078125,13.741942405700684,86.55252075195312,100.58670043945312
2022-11-10 05:00:00,144.29444885253906,235.59022521972656,15.711061477661133,93.11432647705078,110.89616394042969
2022-11-11 05:00:00,147.07481384277344,239.59463500976562,16.286630630493164,95.56263732910156,112.03614044189453
2022-11-14 05:00:00,145.6797332763672,234.20370483398438,16.254714965820312,94.85887145996094,113.22570037841797
2022-11-15 05:00:00,147.40884399414062,234.61093139648438,16.624797821044922,97.57477569580078,116.0608139038086
2022-11-16 05:00:00,146.18075561523438,235.0387420654297,15.87066650390625,97.9811782836914,112.24431610107422
2022-11-17 05:00:00,148.0769500732422,234.99014282226562,15.638242721557617,97.4954833984375,110.47980499267578
2022-11-18 05:00:00,148.63694763183594,234.54286193847656,15.370906829833984,96.57366180419922,111.07459259033203
2022-11-21 05:00:00,145.4144744873047,235.34988403320312,15.279131889343262,94.75973510742188,108.90364837646484
2022-11-22 05:00:00,147.54640197753906,238.2473907470703,15.9983491897583,96.19700622558594,110.46990203857422
2022-11-23 05:00:00,148.4208221435547,240.7268524169922,16.47816276550293,97.5946044921875,111.262939453125
2022-11-25 05:00:00,145.51268005371094,240.63931274414062,16.22977638244629,96.6033935546875,110.4401626586914
2022-11-28 05:00:00,141.69091796875,235.0679168701172,15.787870407104492,95.20579528808594,107.83305358886719
2022-11-29 05:00:00,138.69439697265625,233.67750549316406,15.600334167480469,94.35335540771484,108.50714111328125
2022-11-30 05:00:00,145.43409729003906,248.0775604248047,16.885480880737305,100.10237884521484,117.07193756103516
2022-12-01 05:00:00,145.7091827392578,247.6400146484375,17.09701156616211,100.10237884521484,119.39157104492188
2022-12-02 05:00:00,145.21798706054688,247.9608917236328,16.838586807250977,99.55719757080078,122.41499328613281
2022-12-05 05:00:00,144.0586395263672,243.27430725097656,16.57317352294922,98.60564422607422,121.36422729492188
2022-12-06 05:00:00,140.40391540527344,238.3349151611328,15.951557159423828,96.12762451171875,113.12657928466797
2022-12-07 05:00:00,138.4684295654297,237.60562133789062,16.084260940551758,94.10554504394531,112.93822479248047
2022-12-08 05:00:00,140.1484375,240.55178833007812,17.130937576293945,92.8863525390625,114.32604217529297
2022-12-09 05:00:00,139.66705322265625,238.62655639648438,16.963306427001953,92.01409149169922,114.89107513427734
2022-12-12 05:00:00,141.95620727539062,245.52035522460938,17.496126174926758,92.48987579345703,113.71142578125
2022-12-13 05:00:00,142.9189910888672,249.8082733154297,18.031932830810547,94.78947448730469,119.10407257080078
2022-12-14 05:00:00,140.6986541748047,250.10000610351562,17.634817123413086,94.2343978881836,120.53153228759766
2022-12-15 05:00:00,134.1063232421875,242.11720275878906,16.91441535949707,90.0614013671875,115.13890075683594
2022-12-16 05:00:00,132.15118408203125,237.91683959960938,16.53426170349121,89.46669006347656,118.39034271240234
2022-12-19 05:00:00,130.04872131347656,233.79415893554688,16.217960357666016,87.66267395019531,113.48343658447266
2022-12-20 05:00:00,129.97994995117188,235.10682678222656,16.049335479736328,88.2375717163086,116.07071685791016
2022-12-21 05:00:00,133.07469177246094,237.66397094726562,16.46441650390625,88.79266357421875,118.71747589111328
2022-12-22 05:00:00,129.91119384765625,231.5967559814453,15.30499267578125,86.98865509033203,116.1004638671875
2022-12-23 05:00:00,129.54769897460938,232.12181091308594,15.172287940979004,88.44573974609375,117.01244354248047
2022-12-27 05:00:00,127.74976348876953,230.40078735351562,14.089695930480957,86.62190246582031,115.86254119873047
2022-12-28 05:00:00,123.82974243164062,228.03805541992188,14.0048828125,85.2639389038086,114.61351776123047
2022-12-29 05:00:00,127.33716583251953,234.3386688232422,14.570625305175781,87.67257690429688,119.21311950683594
2022-12-30 05:00:00,127.6515121459961,233.18161010742188,14.5816011428833,87.45452880859375,119.29241180419922
2023-01-03 05:00:00,122.87674713134766,232.94825744628906,14.283262252807617,88.33670806884766,123.65412139892578
2023-01-04 05:00:00,124.14412689208984,222.75836181640625,14.716299057006836,87.30583953857422,126.26123046875
2023-01-05 05:00:00,122.82762145996094,216.1562957763672,14.233373641967773,85.44236755371094,125.83497619628906
2023-01-06 05:00:00,127.34696197509766,218.7037811279297,14.826057434082031,86.57233428955078,128.88815307617188
2023-01-09 05:00:00,127.86766052246094,220.83316040039062,15.593353271484375,87.2463607788086,128.3429412841797
2023-01-10 05:00:00,128.43748474121094,222.5152587890625,15.87372875213623,87.6428451538086,131.83229064941406
2023-01-11 05:00:00,131.14910888671875,229.2437286376953,15.965523719787598,90.71560668945312,131.73316955566406
2023-01-12 05:00:00,131.0705108642578,231.90785217285156,16.47439193725586,90.32903289794922,135.51992797851562
2023-01-13 05:00:00,132.39682006835938,232.6079559326172,16.861534118652344,91.3103256225586,135.78756713867188
2023-01-17 05:00:00,133.55613708496094,233.69696044921875,17.662755966186523,90.48762512207031,134.18165588378906
2023-01-18 05:00:00,132.8389129638672,229.28262329101562,17.338472366333008,90.31912231445312,131.86203002929688
2023-01-19 05:00:00,132.89788818359375,225.510009765625,16.727827072143555,92.23216247558594,134.96478271484375
2023-01-20 05:00:00,135.45230102539062,233.57054138183594,17.799449920654297,97.1584701538086,138.15676879882812
2023-01-23 05:00:00,138.63546752929688,235.865234375,19.15045166015625,98.91291809082031,142.02284240722656
2023-01-24 05:00:00,140.0305633544922,235.3401641845703,19.222286224365234,96.84127807617188,141.89395141601562
2023-01-25 05:00:00,139.37229919433594,233.94972229003906,19.280162811279297,94.38308715820312,140.26821899414062
2023-01-26 05:00:00,141.43548583984375,241.13519287109375,19.758100509643555,96.6628646850586,146.0177459716797
2023-01-27 05:00:00,143.37094116210938,241.29074096679688,20.319847106933594,98.49661254882812,150.41909790039062
2023-01-30 05:00:00,140.49232482910156,235.99163818359375,19.119518280029297,96.08797454833984,145.7798309326172
2023-01-31 05:00:00,141.7597198486328,240.950439453125,19.493684768676758,97.97125244140625,147.67315673828125
2023-02-01 05:00:00,142.87969970703125,245.75372314453125,20.896568298339844,99.54729461669922,151.78707885742188
2023-02-02 05:00:00,148.17520141601562,257.27569580078125,21.660871505737305,106.79304504394531,187.12673950195312
2023-02-03 05:00:00,151.79063415527344,251.1986846923828,21.0532169342041,103.85905456542969,184.90623474121094
2023-02-06 05:00:00,149.06924438476562,249.6624298095703,21.04224395751953,101.9955825805664,184.44032287597656
2023-02-07 05:00:00,151.93801879882812,260.1537170410156,22.123842239379883,106.69391632080078,189.95193481445312
2023-02-08 05:00:00,149.25588989257812,259.34674072265625,22.155771255493164,98.49661254882812,181.83322143554688
2023-02-09 05:00:00,148.22430419921875,256.3227844238281,22.2874755859375,94.17491912841797,176.37118530273438
2023-02-10 05:00:00,148.58834838867188,255.81724548339844,21.21785545349121,93.7387924194336,172.6339874267578
2023-02-13 05:00:00,151.38282775878906,263.8096923828125,21.73969268798828,93.77845001220703,177.86802673339844
2023-02-14 05:00:00,150.74325561523438,264.63616943359375,22.920072555541992,93.84783172607422,177.91758728027344
2023-02-15 05:00:00,152.839111328125,262.52093505859375,22.713529586791992,96.08797454833984,175.61781311035156
2023-02-16 05:00:00,151.2450714111328,255.53196716308594,21.95322036743164,94.67053985595703,170.9388885498047
2023-02-17 05:00:00,150.1036834716797,251.54522705078125,21.34058380126953,93.5207290649414,171.3750457763672
2023-02-21 05:00:00,146.09893798828125,246.291259765625,20.609207153320312,90.98323822021484,170.58203125
2023-02-22 05:00:00,146.5220489501953,245.1605682373047,20.707988739013672,90.84446716308594,169.63038635253906
2023-02-23 05:00:00,147.0041961669922,248.3382568359375,23.61153221130371,90.09114074707031,170.54237365722656
2023-02-24 05:00:00,144.35733032226562,242.92837524414062,23.234376907348633,88.34661102294922,168.90675354003906
2023-02-27 05:00:00,145.5479278564453,243.84463500976562,23.448894500732422,89.08011627197266,168.0641326904297
2023-02-28 05:00:00,145.04611206054688,243.1233367919922,23.164527893066406,89.2684326171875,173.41714477539062
2023-03-01 05:00:00,142.97979736328125,240.05284118652344,22.647676467895508,89.56580352783203,171.9103546142578
2023-03-02 05:00:00,143.57017517089844,244.77066040039062,23.262311935424805,91.1913833618164,173.01068115234375
2023-03-03 05:00:00,148.60804748535156,248.84510803222656,23.837032318115234,92.82689666748047,183.6373748779297
2023-03-06 05:00:00,151.36314392089844,250.38523864746094,23.501781463623047,94.29387664794922,183.2904510498047
2023-03-07 05:00:00,149.1688995361328,247.73387145996094,23.240312576293945,93.0350341796875,182.90380859375
2023-03-08 05:00:00,150.41854858398438,247.2952423095703,24.131484985351562,93.42161560058594,183.3598175048828
2023-03-09 05:00:00,148.17510986328125,245.95010375976562,23.388011932373047,91.50857543945312,180.10836791992188
2023-03-10 05:00:00,146.1186065673828,242.3142547607422,22.917972564697266,89.83341979980469,177.9473419189453
2023-03-13 04:00:00,148.0570526123047,247.5096893310547,22.91897201538086,90.30921173095703,179.3252410888672
2023-03-14 04:00:00,150.14303588867188,254.20628356933594,24.013731002807617,93.1440658569336,192.33103942871094
2023-03-15 04:00:00,150.53663635253906,258.7388610839844,24.17839241027832,95.2652587890625,196.028564453125
2023-03-16 04:00:00,153.3507843017578,269.22723388671875,25.488704681396484,99.43824768066406,203.14605712890625
2023-03-17 04:00:00,152.514404296875,272.3757019042969,25.672327041625977,100.72684478759766,193.90719604492188
2023-03-20 04:00:00,154.87591552734375,265.35748291015625,25.846969604492188,100.3303451538086,196.08804321289062
2023-03-21 04:00:00,156.72576904296875,266.86834716796875,26.145355224609375,103.9978256225586,200.40016174316406
2023-03-22 04:00:00,155.29898071289062,265.4159240722656,26.41380500793457,102.46144104003906,198.0706329345703
2023-03-23 04:00:00,156.38136291503906,270.6504211425781,27.135326385498047,104.67184448242188,202.50172424316406
2023-03-24 04:00:00,157.68023681640625,273.4869689941406,26.724166870117188,104.51325225830078,204.2166290283203
2023-03-27 04:00:00,155.74179077148438,269.4027099609375,26.47667694091797,101.5594482421875,201.07424926757812
2023-03-28 04:00:00,155.1219024658203,268.2817077636719,26.35592269897461,100.14201354980469,198.9330596923828
2023-03-29 04:00:00,158.19186401367188,273.4284362792969,26.92874526977539,100.49885559082031,203.56240844726562
2023-03-30 04:00:00,159.75634765625,276.87908935546875,27.326932907104492,100.00325775146484,206.03073120117188
2023-03-31 04:00:00,162.255615234375,281.0217590332031,27.720123291015625,102.81828308105469,210.09503173828125
2023-04-03 04:00:00,163.50526428222656,279.9787292480469,27.907743453979492,103.4427490234375,211.21522521972656
2023-04-04 04:00:00,162.97393798828125,279.92999267578125,27.396787643432617,103.7995834350586,212.85084533691406
2023-04-05 04:00:00,161.1339111328125,277.16168212890625,26.825960159301758,103.55178833007812,209.6390380859375
2023-04-06 04:00:00,162.0194854736328,284.2384948730469,26.981637954711914,107.4670639038086,214.21884155273438
2023-04-10 04:00:00,159.43165588378906,282.08428955078125,27.52252960205078,105.50446319580078,212.8805694580078
2023-04-11 04:00:00,158.22137451171875,275.6899108886719,27.113370895385742,104.4240493774414,211.9884033203125
2023-04-12 04:00:00,157.53262329101562,276.3332214355469,26.440752029418945,103.72028350830078,212.13710021972656
2023-04-13 04:00:00,162.905029296875,282.52288818359375,26.4088134765625,106.48577117919922,218.4318389892578
2023-04-14 04:00:00,162.56065368652344,278.916259765625,26.703210830688477,107.9131088256836,219.56190490722656
2023-04-17 04:00:00,162.580322265625,281.5091552734375,26.94671058654785,105.0385971069336,216.95480346679688
2023-04-18 04:00:00,163.80044555664062,281.09002685546875,27.610347747802734,103.58151245117188,215.9932403564453
2023-04-19 04:00:00,164.94189453125,281.16796875,27.873809814453125,103.26432800292969,213.8223114013672
2023-04-20 04:00:00,163.97756958007812,278.8870544433594,27.04850196838379,104.36457824707031,211.21522521972656
2023-04-21 04:00:00,162.3737335205078,278.5458679199219,27.063472747802734,104.48352813720703,211.03675842285156
2023-04-24 04:00:00,162.67874145507812,274.6566467285156,26.98662567138672,105.0385971069336,210.9376220703125
2023-04-25 04:00:00,161.14373779296875,268.4669494628906,26.187267303466797,102.93722534179688,205.74322509765625
2023-04-26 04:00:00,161.1339111328125,287.9133605957031,26.90080451965332,102.79845428466797,207.57713317871094
2023-04-27 04:00:00,165.70933532714844,297.13446044921875,27.170251846313477,106.64436340332031,236.48330688476562
2023-04-28 04:00:00,166.95896911621094,299.50311279296875,27.692184448242188,106.39655303955078,238.22799682617188
2023-05-01 04:00:00,166.8704376220703,297.8460388183594,28.85080337524414,106.25777435302734,241.0630645751953
2023-05-02 04:00:00,165.8372802734375,297.69976806640625,28.152238845825195,104.39430236816406,237.15740966796875
2023-05-03 04:00:00,164.76473999023438,296.71533203125,27.74507713317871,104.48352813720703,234.9665985107422
2023-05-04 04:00:00,163.13133239746094,297.69976806640625,27.50556182861328,103.76985931396484,231.48719787597656
2023-05-05 04:00:00,170.78660583496094,302.8075256347656,28.62127685546875,104.64212036132812,230.75360107421875
2023-05-08 04:00:00,170.71771240234375,300.8580017089844,29.09130859375,106.8227767944336,231.2393798828125
2023-05-09 04:00:00,169.01547241210938,299.249755859375,28.51249885559082,106.40647888183594,231.33848571777344
2023-05-10 04:00:00,170.77674865722656,304.4256591796875,28.825857162475586,110.7677993774414,231.05101013183594
2023-05-11 04:00:00,170.9636993408203,302.2811584472656,28.51948356628418,115.5454330444336,233.73739624023438
2023-05-12 04:00:00,170.03750610351562,301.16998291015625,28.28196907043457,116.47718048095703,231.774658203125
2023-05-15 04:00:00,169.54481506347656,301.64752197265625,28.893714904785156,115.48596954345703,236.7806854248047
2023-05-16 04:00:00,169.54481506347656,303.87005615234375,29.153182983398438,118.45960235595703,236.7410430908203
2023-05-17 04:00:00,170.15574645996094,306.7420959472656,30.116207122802734,119.77791595458984,240.3791046142578
2023-05-18 04:00:00,172.48109436035156,311.1575622558594,31.613136291503906,121.75040435791016,244.70114135742188
2023-05-19 04:00:00,172.58949279785156,310.9817810058594,31.199987411499023,121.68102264404297,243.50167846679688
2023-05-22 04:00:00,171.64358520507812,313.7560729980469,31.112165451049805,123.95091247558594,246.15835571289062
2023-05-23 04:00:00,169.04232788085938,307.9729309082031,30.62516212463379,121.48278045654297,244.5921173095703
2023-05-24 04:00:00,169.31822204589844,306.595458984375,30.4754695892334,119.83738708496094,247.04061889648438
2023-05-25 04:00:00,170.45135498046875,318.3865051269531,37.90223693847656,122.39470672607422,250.4903106689453
2023-05-26 04:00:00,172.8555450439453,325.1954345703125,38.86625671386719,123.51476287841797,259.7589111328125
2023-05-30 04:00:00,174.69808959960938,323.5542297363281,40.028865814208984,122.5830307006836,260.2347106933594
2023-05-31 04:00:00,174.64881896972656,320.79949951171875,37.756534576416016,121.7900619506836,262.41558837890625
2023-06-01 04:00:00,177.44712829589844,324.892578125,39.68856430053711,122.63258361816406,270.23687744140625
2023-06-02 04:00:00,178.29452514648438,327.6473693847656,39.2464714050293,123.57424926757812,270.23687744140625
2023-06-05 04:00:00,176.9446258544922,328.1749267578125,39.090789794921875,124.9024658203125,269.027587890625
2023-06-06 04:00:00,176.580078125,325.9671630859375,38.57486343383789,126.19102478027344,268.7597961425781
2023-06-07 04:00:00,175.21047973632812,315.9052429199219,37.40213394165039,121.4233169555664,261.3052978515625
2023-06-08 04:00:00,177.9200897216797,317.74176025390625,38.435123443603516,121.06649017333984,262.27679443359375
2023-06-09 04:00:00,178.3043975830078,319.2364196777344,38.69461441040039,121.15567779541016,262.6435852050781
2023-06-12 04:00:00,181.09283447265625,324.17950439453125,39.405235290527344,122.55329132080078,268.6904602050781
2023-06-13 04:00:00,180.619873046875,326.5631408691406,40.942237854003906,122.74162292480469,268.9580993652344
2023-06-14 04:00:00,181.25051879882812,329.5425720214844,42.91340637207031,122.5830307006836,270.970458984375
2023-06-15 04:00:00,183.2802734375,340.0538635253906,42.570072174072266,123.99053955078125,279.3766784667969
2023-06-16 04:00:00,182.20626831054688,334.4172668457031,42.60898971557617,122.44425964355469,278.5538635253906
2023-06-20 04:00:00,182.29493713378906,330.2361755371094,43.72282409667969,122.01803588867188,281.8548583984375
2023-06-21 04:00:00,181.2603759765625,325.84991455078125,42.961299896240234,119.4904556274414,279.1883239746094
2023-06-22 04:00:00,184.2557373046875,331.8577880859375,42.941349029541016,122.0676040649414,282.4000549316406
2023-06-23 04:00:00,183.94044494628906,327.2761535644531,42.12693405151367,121.26471710205078,286.21661376953125
2023-06-26 04:00:00,182.55113220214844,321.00457763671875,40.553001403808594,117.29987335205078,276.0458984375
2023-06-27 04:00:00,185.30020141601562,326.8365783691406,41.794586181640625,117.28997039794922,284.5511779785156
2023-06-28 04:00:00,186.4727325439453,328.0870056152344,41.03705596923828,119.12371063232422,282.8064880371094
2023-06-29 04:00:00,186.8077392578125,327.3055114746094,40.74263000488281,118.05320739746094,279.0792541503906
2023-06-30 04:00:00,191.12344360351562,332.6685791015625,42.219749450683594,118.64793395996094,284.4818420410156
2023-07-03 04:00:00,189.6356201171875,330.1775817871094,42.33053207397461,118.84618377685547,283.5301818847656
2023-07-05 04:00:00,188.52218627929688,330.3338317871094,42.23472595214844,120.67990112304688,291.8074645996094
2023-07-06 04:00:00,188.9951629638672,333.3816833496094,42.02114486694336,119.05431365966797,289.44818115234375
2023-07-07 04:00:00,187.88169860839844,329.4254150390625,42.42035675048828,118.42986297607422,288.0008850097656
2023-07-10 04:00:00,185.84213256835938,324.15997314453125,42.09798812866211,115.42648315429688,291.539794921875
2023-07-11 04:00:00,185.31991577148438,324.7851257324219,42.322540283203125,116.11042022705078,295.6933898925781
2023-07-12 04:00:00,186.985107421875,329.4057922363281,43.8166389465332,117.88468933105469,306.6471252441406
2023-07-13 04:00:00,187.74375915527344,334.7396240234375,45.88761520385742,123.44538116455078,310.68170166015625
2023-07-14 04:00:00,187.89158630371094,337.2599792480469,45.380592346191406,124.3176498413086,306.1812744140625
2023-07-17 04:00:00,191.1431884765625,337.7386474609375,46.370670318603516,123.5544204711914,307.9159851074219
2023-07-18 04:00:00,190.88697814941406,351.1805725097656,47.40165710449219,122.67223358154297,309.33349609375
2023-07-19 04:00:00,192.2368621826172,346.8724670410156,46.98546600341797,120.95743560791016,313.2590637207031
2023-07-20 04:00:00,190.2957763671875,338.852294921875,45.43149185180664,118.15231323242188,299.8865051269531
2023-07-21 04:00:00,189.1232452392578,335.8239440917969,44.222843170166016,118.9651107788086,291.69842529296875
2023-07-24 04:00:00,189.92137145996094,337.1329650878906,44.5252571105957,120.46183013916016,289.071533203125
2023-07-25 04:00:00,190.778564453125,342.8673400878906,45.590187072753906,121.13584899902344,291.9065856933594
2023-07-26 04:00:00,191.6456756591797,329.962646484375,45.36362838745117,128.13381958007812,295.970947265625
2023-07-27 04:00:00,190.3844451904297,323.0755920410156,45.81076431274414,128.2626495361328,308.99652099609375
2023-07-28 04:00:00,192.95616149902344,330.548828125,46.65910339355469,131.41470336914062,322.6466369628906
2023-07-31 04:00:00,193.56704711914062,328.1553955078125,46.63814163208008,131.55348205566406,315.8265686035156
2023-08-01 04:00:00,192.7393798828125,328.5657043457031,46.41657638549805,130.393798828125,319.90081787109375
2023-08-02 04:00:00,189.75384521484375,319.92999267578125,44.18292999267578,127.25164031982422,311.57391357421875
2023-08-03 04:00:00,188.3645477294922,319.10943603515625,44.42845153808594,127.32099914550781,310.4636535644531
2023-08-04 04:00:00,179.31924438476562,320.2035827636719,44.5931282043457,126.9840087890625,308.0250549316406
2023-08-07 04:00:00,176.225341796875,322.47967529296875,45.328697204589844,130.3739471435547,313.8043212890625
2023-08-08 04:00:00,177.16139221191406,318.5135498046875,44.57715606689453,130.24510192871094,309.91845703125
2023-08-09 04:00:00,175.57501220703125,314.78179931640625,42.47126007080078,128.52037048339844,302.5531311035156
2023-08-10 04:00:00,175.35824584960938,315.4656677246094,42.30558395385742,128.5501251220703,303.0784912109375
2023-08-11 04:00:00,175.41746520996094,313.59002685546875,40.77556610107422,128.42124938964844,299.0141906738281
2023-08-14 04:00:00,177.06515502929688,316.5500183105469,43.66792678833008,130.17568969726562,303.5245361328125
2023-08-15 04:00:00,175.08200073242188,314.42034912109375,43.85456848144531,128.63929748535156,299.32147216796875
2023-08-16 04:00:00,174.2137451171875,313.65673828125,43.401451110839844,127.5688247680664,291.72821044921875
2023-08-17 04:00:00,171.67803955078125,310.2109069824219,43.25972366333008,128.77809143066406,282.6083068847656
2023-08-18 04:00:00,172.16151428222656,309.8193054199219,43.214813232421875,126.33972930908203,280.7842712402344
2023-08-21 04:00:00,173.49346923828125,315.10565185546875,46.87568664550781,127.24171447753906,287.37640380859375
2023-08-22 04:00:00,174.86492919921875,315.67340087890625,45.57920455932617,127.94547271728516,285.096435546875
2023-08-23 04:00:00,178.7030029296875,320.1179504394531,47.02439498901367,131.20655822753906,291.6785583496094
2023-08-24 04:00:00,174.02627563476562,313.2358703613281,47.07129669189453,128.63929748535156,284.2537841796875
2023-08-25 04:00:00,176.2265167236328,316.1824951171875,45.928524017333984,128.73846435546875,283.01470947265625
2023-08-28 04:00:00,177.78546142578125,316.8873291015625,46.74394226074219,129.85850524902344,287.7332458496094
2023-08-29 04:00:00,181.66299438476562,321.49822998046875,48.68914794921875,133.38723754882812,295.39599609375
2023-08-30 04:00:00,185.14588928222656,321.8702697753906,49.168212890625,134.68572998046875,292.53106689453125
2023-08-31 04:00:00,185.36293029785156,320.8619384765625,49.259037017822266,134.9731903076172,293.314208984375
2023-09-01 04:00:00,186.93174743652344,321.74298095703125,48.4146842956543,134.4676513671875,293.79998779296875
2023-09-05 04:00:00,187.1685333251953,326.53009033203125,48.453609466552734,134.57666015625,297.53717041015625
2023-09-06 04:00:00,180.46914672851562,325.8741149902344,46.97336959838867,133.2781982421875,296.56573486328125
2023-09-07 04:00:00,175.19053649902344,322.9666442871094,46.15489959716797,134.07115173339844,296.070068359375
2023-09-08 04:00:00,175.80224609375,327.23492431640625,45.487144470214844,135.1813201904297,295.296875
2023-09-11 04:00:00,176.9664764404297,330.8276672363281,45.0938720703125,135.71656799316406,304.8826599121094
2023-09-12 04:00:00,173.94737243652344,324.7874450683594,44.78644561767578,134.1504364013672,299.03399658203125
2023-09-13 04:00:00,171.88522338867188,328.9872131347656,45.400306701660156,135.50843811035156,302.4043884277344
2023-09-14 04:00:00,173.39483642578125,331.5716552734375,45.496124267578125,136.88621520996094,309.0064392089844
2023-09-15 04:00:00,172.67454528808594,323.2701416015625,43.81825256347656,136.1923370361328,297.69573974609375
2023-09-18 04:00:00,175.5950469970703,322.1345520019531,43.88412857055664,136.9952392578125,299.916259765625
2023-09-19 04:00:00,176.68038940429688,321.7331237792969,43.43896484375,136.8267059326172,302.4143371582031
2023-09-20 04:00:00,173.1481170654297,314.0190124511719,42.16034698486328,132.5645294189453,297.06134033203125
2023-09-21 04:00:00,171.6089630126953,312.80511474609375,40.94062042236328,129.29354858398438,293.1556701660156
2023-09-22 04:00:00,172.45748901367188,310.33819580078125,41.53251647949219,129.10520935058594,296.4764709472656
2023-09-25 04:00:00,173.7302703857422,310.85699462890625,42.14337921142578,129.95765686035156,298.21124267578125
2023-09-26 04:00:00,169.66526794433594,305.5706481933594,41.83295822143555,127.43997192382812,296.3574523925781
2023-09-27 04:00:00,168.15567016601562,306.20697021484375,42.388919830322266,129.39263916015625,295.14813232421875
2023-09-28 04:00:00,168.41221618652344,307.03912353515625,43.00876235961914,131.1470947265625,301.31396484375
2023-09-29 04:00:00,168.92527770996094,309.10467529296875,43.41799545288086,129.70980834960938,297.59661865234375
2023-10-02 04:00:00,171.4313507080078,315.02728271484375,44.6986083984375,132.99075317382812,304.1490783691406
2023-10-03 04:00:00,170.099365234375,306.7944030761719,43.43596649169922,131.2660369873047,298.32025146484375
2023-10-04 04:00:00,171.34259033203125,312.2471618652344,43.958988189697266,134.0513458251953,302.9198913574219
2023-10-05 04:00:00,172.57589721679688,312.638671875,44.60478973388672,133.8828582763672,302.1367492675781
2023-10-06 04:00:00,175.1214599609375,320.3724060058594,45.676788330078125,136.3707733154297,312.6841735839844
2023-10-09 04:00:00,176.60145568847656,322.8785400390625,45.188690185546875,137.203369140625,315.5886535644531
2023-10-10 04:00:00,176.00946044921875,321.4786682128906,45.71272277832031,136.84654235839844,319.0383605957031
2023-10-11 04:00:00,177.40065002441406,325.4237976074219,46.718841552734375,139.31468200683594,324.96624755859375
2023-10-12 04:00:00,178.29847717285156,324.19036865234375,46.85757827758789,137.74855041503906,321.338134765625
2023-10-13 04:00:00,176.46331787109375,320.8325500488281,45.376346588134766,136.15269470214844,311.9505310058594
2023-10-16 04:00:00,176.33502197265625,325.6392517089844,46.0091667175293,137.87741088867188,318.3543395996094
2023-10-17 04:00:00,174.7860107421875,325.0714111328125,43.85618591308594,138.49195861816406,321.1795654296875
2023-10-18 04:00:00,173.49346923828125,323.16241455078125,42.11742401123047,136.7474365234375,314.2107849121094
2023-10-19 04:00:00,173.11859130859375,324.3469543457031,42.02260971069336,136.5392608642578,310.0869445800781
2023-10-20 04:00:00,170.572998046875,319.79486083984375,41.30992889404297,134.40818786621094,305.96319580078125
2023-10-23 04:00:00,170.6913604736328,322.38909912109375,42.89497375488281,135.30027770996094,311.2764892578125
2023-10-24 04:00:00,171.12551879882812,323.5735778808594,43.58169174194336,137.58993530273438,309.8292236328125
2023-10-25 04:00:00,168.81674194335938,333.500244140625,41.701202392578125,124.50597381591797,296.92254638671875
2023-10-26 04:00:00,164.66293334960938,320.98919677734375,40.250911712646484,121.20524597167969,285.83990478515625
2023-10-27 04:00:00,165.9751739501953,322.8687744140625,40.42457962036133,121.09620666503906,294.14697265625
2023-10-30 04:00:00,168.01754760742188,330.2109375,41.0843620300293,123.36608123779297,300.0252990722656
2023-10-31 04:00:00,168.49114990234375,330.9940490722656,40.70405578613281,122.98942565917969,298.6473693847656
2023-11-01 04:00:00,171.64842224121094,338.7865295410156,42.246192932128906,125.33859252929688,309.13531494140625
2023-11-02 04:00:00,175.20040893554688,340.9892578125,43.424983978271484,126.36944580078125,308.1638488769531
2023-11-03 04:00:00,174.2926788330078,345.3748474121094,44.92119598388672,127.96530151367188,311.86138916015625
2023-11-06 05:00:00,176.83824157714844,349.0264587402344,45.66580581665039,129.10520935058594,313.05096435546875
2023-11-07 05:00:00,179.39369201660156,352.9422302246094,45.86942672729492,129.81886291503906,316.04461669921875
2023-11-08 05:00:00,180.4494171142578,355.5560607910156,46.48727035522461,130.6812286376953,316.9963073730469
2023-11-09 05:00:00,179.97579956054688,353.0988464355469,46.86257553100586,129.09530639648438,317.7595520019531
2023-11-10 05:00:00,184.1548309326172,361.8898620605469,48.244998931884766,131.42462158203125,325.9079895019531
2023-11-13 05:00:00,182.57412719726562,358.9627685546875,48.52946472167969,130.9290313720703,326.32440185546875
2023-11-14 05:00:00,185.18235778808594,362.4772644042969,49.56352996826172,132.445556640625,333.38232421875
2023-11-15 05:00:00,185.74546813964844,362.6243591308594,48.79697799682617,133.436767578125,329.8136901855469
2023-11-16 05:00:00,187.42503356933594,369.00048828125,49.38786315917969,135.72645568847656,331.2808837890625
2023-11-17 05:00:00,187.40521240234375,362.80096435546875,49.206207275390625,134.12074279785156,332.1234436035156
2023-11-20 05:00:00,189.14404296875,370.2463684082031,50.31513214111328,135.0524444580078,337.010498046875
2023-11-21 05:00:00,188.34378051757812,365.9595947265625,49.85099792480469,135.76612854003906,334.0466003417969
2023-11-22 05:00:00,189.00572204589844,370.64849853515625,48.62528610229492,137.27279663085938,338.51727294921875
2023-11-24 05:00:00,187.68186950683594,370.2364196777344,47.68703842163086,135.4885711669922,335.2856750488281
2023-11-27 05:00:00,187.50401306152344,371.3940124511719,48.15217590332031,135.2110595703125,331.78643798828125
2023-11-28 05:00:00,188.10665893554688,375.4060363769531,47.73194885253906,135.994140625,336.0390319824219
2023-11-29 05:00:00,187.08908081054688,371.62945556640625,48.05036163330078,133.80355834960938,329.3082275390625
2023-11-30 05:00:00,187.66209411621094,371.6882629394531,46.68291091918945,131.36517333984375,324.3021545410156
2023-12-01 05:00:00,188.9365692138672,367.3721923828125,46.677921295166016,130.70103454589844,321.99237060546875
2023-12-04 05:00:00,187.1483917236328,362.1045227050781,45.42525100708008,128.13381958007812,317.23419189453125
2023-12-05 05:00:00,191.09031677246094,365.4200744628906,46.483375549316406,129.83871459960938,315.5192565917969
2023-12-06 05:00:00,190.0035858154297,361.7709655761719,45.42226028442383,128.87721252441406,314.6865539550781
2023-12-07 05:00:00,191.9300537109375,363.8800048828125,46.51332092285156,135.72645568847656,323.7470397949219
2023-12-08 05:00:00,193.35275268554688,367.0975036621094,47.42171096801758,133.80355834960938,329.8533630371094
2023-12-11 05:00:00,190.8531951904297,364.2232666015625,46.544273376464844,132.11846923828125,322.4483337402344
2023-12-12 05:00:00,192.36477661132812,367.2445983886719,47.572444915771484,131.35525512695312,331.310546875
2023-12-13 05:00:00,195.57562255859375,367.2347717285156,48.0026741027832,131.40481567382812,331.8260498046875
2023-12-14 05:00:00,195.72381591796875,358.9556579589844,48.26420211791992,130.7803497314453,330.2697448730469
2023-12-15 05:00:00,195.19032287597656,363.6641845703125,48.80325698852539,131.4345245361328,332.00445556640625
2023-12-18 05:00:00,193.5305633544922,365.5475769042969,49.98814392089844,134.60641479492188,341.6200866699219
2023-12-19 05:00:00,194.5679168701172,366.14593505859375,49.5159797668457,135.44894409179688,347.31005859375
2023-12-20 05:00:00,192.48333740234375,363.5562438964844,48.025634765625,137.12408447265625,346.2394714355469
2023-12-21 05:00:00,192.33511352539062,366.42059326171875,48.903076171875,139.18580627441406,351.0075988769531
2023-12-22 05:00:00,191.2681427001953,367.4408264160156,48.74336242675781,140.24639892578125,350.3136901855469
2023-12-26 05:00:00,190.72474670410156,367.519287109375,49.19156265258789,140.2761688232422,351.7411193847656
2023-12-27 05:00:00,190.8235321044922,366.9405517578125,49.32931900024414,139.13624572753906,354.71502685546875
2023-12-28 05:00:00,191.24838256835938,368.1274719238281,49.43413162231445,138.99746704101562,355.2007751464844
2023-12-29 05:00:00,190.21102905273438,368.8730163574219,49.43413162231445,138.4622344970703,350.8786926269531
2024-01-02 05:00:00,183.40399169921875,363.8014831542969,48.08253860473633,136.95558166503906,343.27545166015625
2024-01-03 05:00:00,182.03077697753906,363.5366516113281,47.484596252441406,137.69900512695312,341.4713439941406
2024-01-04 05:00:00,179.71893310546875,360.9273376464844,47.912841796875,135.1912384033203,344.0982360839844
2024-01-05 05:00:00,178.99774169921875,360.74102783203125,49.0098876953125,134.53701782226562,348.8862609863281
2024-01-08 05:00:00,183.32496643066406,367.5487365722656,52.1602783203125,137.6197052001953,355.53778076171875
2024-01-09 05:00:00,182.91001892089844,368.6277770996094,53.045711517333984,139.7111358642578,354.31854248046875
2024-01-10 05:00:00,183.9473876953125,375.47467041015625,54.253562927246094,141.0294647216797,367.2450256347656
2024-01-11 05:00:00,183.3546142578125,377.2992858886719,54.7247314453125,140.83120727539062,366.4520263671875
2024-01-12 05:00:00,183.6806182861328,381.0660705566406,54.6129264831543,141.39620971679688,371.2299499511719
2024-01-16 05:00:00,181.41822814941406,382.8317565917969,56.281959533691406,141.23760986328125,364.26116943359375
2024-01-17 05:00:00,180.4796600341797,382.0469970703125,55.95354461669922,140.22657775878906,365.1632385253906
2024-01-18 05:00:00,186.35801696777344,386.3631286621094,57.005672454833984,142.2189178466797,372.8556823730469
2024-01-19 05:00:00,189.252685546875,391.0716857910156,59.385440826416016,145.09339904785156,380.112060546875
2024-01-22 05:00:00,191.5546417236328,388.9527893066406,59.548152923583984,144.70687866210938,378.4565734863281
2024-01-23 05:00:00,192.82908630371094,391.29730224609375,59.76676940917969,145.74758911132812,381.8468017578125
2024-01-24 05:00:00,192.1572723388672,394.88751220703125,61.25313186645508,147.39303588867188,387.2989807128906
2024-01-25 05:00:00,191.83126831054688,397.15350341796875,61.50767517089844,150.53515625,389.7573547363281
2024-01-26 05:00:00,190.1023406982422,396.2314453125,60.92271423339844,150.8523406982422,390.708984375
2024-01-29 05:00:00,189.42066955566406,401.91107177734375,62.35416030883789,152.1607666015625,397.5290222167969
2024-01-30 05:00:00,185.7751007080078,400.8026123046875,62.662620544433594,150.12876892089844,396.57745361328125
2024-01-31 05:00:00,182.17893981933594,390.00244140625,61.4178352355957,138.86862182617188,386.7437744140625
2024-02-01 05:00:00,184.6093292236328,396.084228515625,62.91516876220703,139.9193115234375,391.34344482421875
2024-02-02 05:00:00,183.6114959716797,403.3824462890625,66.04261016845703,141.1285858154297,470.85516357421875
2024-02-05 05:00:00,185.41943359375,397.91864013671875,69.20897674560547,142.41714477539062,455.41082763671875
2024-02-06 05:00:00,187.01991271972656,397.76165771484375,68.1019515991211,142.8334503173828,450.7616271972656
2024-02-07 05:00:00,187.1286163330078,406.15850830078125,69.9746322631836,144.26077270507812,465.50213623046875
2024-02-08 05:00:00,186.05174255371094,406.21734619140625,69.5174331665039,144.6275634765625,465.90863037109375
2024-02-09 05:00:00,186.8134307861328,412.53466796875,72.0050277709961,147.69039916992188,464.0350036621094
2024-02-12 05:00:00,185.13174438476562,407.3454895019531,72.11980438232422,146.2333221435547,464.8181457519531
2024-02-13 05:00:00,183.0445098876953,398.5758972167969,72.00003814697266,143.86431884765625,456.11456298828125
2024-02-14 05:00:00,182.16409301757812,402.4282531738281,73.76888275146484,144.65725708007812,469.1600036621094
2024-02-15 05:00:00,181.87721252441406,399.54876708984375,72.52908325195312,141.51516723632812,479.81646728515625
2024-02-16 05:00:00,180.3439483642578,397.0919189453125,72.4841537475586,139.28494262695312,469.19970703125
2024-02-20 05:00:00,179.60203552246094,395.8437805175781,69.32878112792969,139.879638671875,467.6433410644531
2024-02-21 05:00:00,180.3538360595703,395.2442932128906,67.352294921875,141.29708862304688,464.4480285644531
2024-02-22 05:00:00,182.38174438476562,404.55096435546875,78.3986587524414,142.82354736328125,482.40948486328125
2024-02-23 05:00:00,180.55169677734375,403.26361083984375,78.67715454101562,142.69468688964844,480.3255310058594
2024-02-26 05:00:00,179.2063446044922,400.5118713378906,78.95166778564453,136.36085510253906,478.0530700683594
2024-02-27 05:00:00,180.6605224609375,400.45294189453125,78.56135559082031,137.65933227539062,483.3223876953125
2024-02-28 05:00:00,179.4635467529297,400.6887512207031,77.52519989013672,135.1813201904297,480.31561279296875
2024-02-29 05:00:00,178.80078125,406.5066833496094,78.97161865234375,137.2430419921875,486.3788757324219
2024-03-01 05:00:00,177.72254943847656,408.3346252441406,82.13300323486328,135.93463134765625,498.4557800292969
2024-03-04 05:00:00,173.21170043945312,407.7646789550781,85.08576202392578,132.177978515625,494.3772277832031
2024-03-05 05:00:00,168.285400390625,395.7062072753906,85.81550598144531,131.50390625,486.4681701660156
2024-03-06 05:00:00,167.29620361328125,395.1558532714844,88.5467758178711,130.24510192871094,492.293212890625
2024-03-07 05:00:00,167.17750549316406,402.08428955078125,92.50891876220703,133.19886779785156,508.2700500488281
2024-03-08 05:00:00,168.88880920410156,399.2146301269531,87.37679290771484,134.21983337402344,502.0777893066406
2024-03-11 04:00:00,170.88705444335938,397.5439453125,85.6258316040039,136.45999145507812,479.888916015625
2024-03-12 04:00:00,171.36187744140625,408.1183776855469,91.75422668457031,137.28268432617188,495.9252014160156
2024-03-13 04:00:00,169.28453063964844,407.9415283203125,90.73099517822266,138.56134033203125,491.77728271484375
2024-03-14 04:00:00,171.13433837890625,417.886962890625,87.79207611083984,141.84225463867188,488.0658264160156
2024-03-15 04:00:00,170.75843811035156,409.2387390136719,87.68526458740234,139.93911743164062,480.39501953125
2024-03-18 04:00:00,171.84658813476562,410.12322998046875,88.30220031738281,146.3820037841797,493.1764831542969
2024-03-19 04:00:00,174.18113708496094,414.1427307128906,89.24356842041016,145.7377166748047,492.4420471191406
2024-03-20 04:00:00,176.74319458007812,417.8968505859375,90.21588897705078,147.4326934814453,501.65106201171875
2024-03-21 04:00:00,169.5218963623047,421.9654541015625,91.27703094482422,146.302734375,503.8739318847656
2024-03-22 04:00:00,170.422119140625,421.3463134765625,94.12610626220703,149.44485473632812,505.67999267578125
2024-03-25 04:00:00,169.00755310058594,415.5676574707031,94.83787536621094,148.75099182128906,499.17022705078125
2024-03-26 04:00:00,167.87985229492188,414.3785095214844,92.4011001586914,149.34571838378906,492.09478759765625
2024-03-27 04:00:00,171.4409942626953,414.1623229980469,90.09410095214844,149.54397583007812,490.0802917480469
2024-03-28 04:00:00,169.63075256347656,413.4646301269531,90.19991302490234,149.60342407226562,481.86370849609375
2024-04-01 04:00:00,168.19639587402344,417.2481689453125,90.20689392089844,154.12335205078125,487.5895690917969
2024-04-02 04:00:00,167.01922607421875,414.17218017578125,89.29747009277344,153.2015380859375,493.56341552734375
2024-04-03 04:00:00,167.8204803466797,413.19927978515625,88.81031799316406,153.55838012695312,502.8616943359375
2024-04-04 04:00:00,166.99942016601562,410.6735534667969,85.756591796875,149.20693969726562,507.00982666015625
2024-04-05 04:00:00,167.75125122070312,418.1817932128906,87.85597229003906,151.1596221923828,523.3040771484375
2024-04-08 04:00:00,166.6334228515625,417.26788330078125,86.98248291015625,153.48898315429688,515.2759399414062
2024-04-09 04:00:00,167.8402557373047,418.9287109375,85.20653533935547,155.22361755371094,512.9439086914062
2024-04-10 04:00:00,165.9706268310547,415.9607849121094,86.8886489868164,154.76763916015625,515.8516235351562
2024-04-11 04:00:00,173.15234375,420.55023193359375,90.45946502685547,158.00888061523438,519.1561279296875
2024-04-12 04:00:00,174.6460723876953,414.624267578125,88.03366088867188,156.34365844726562,507.98223876953125
2024-04-15 04:00:00,170.8276824951172,406.5066833496094,85.8524169921875,153.49887084960938,496.4015808105469
2024-04-16 04:00:00,167.5533905029297,407.4305114746094,87.26399230957031,153.04293823242188,495.9351806640625
2024-04-17 04:00:00,166.1882781982422,404.73773193359375,83.88983154296875,154.10353088378906,490.387939453125
2024-04-18 04:00:00,165.2386016845703,397.2983093261719,84.52471923828125,154.63876342773438,497.9595642089844
2024-04-19 04:00:00,163.2206268310547,392.23712158203125,76.06836700439453,152.73565673828125,477.38824462890625
2024-04-22 04:00:00,164.05152893066406,394.0453796386719,79.38063049316406,154.9064178466797,478.04315185546875
2024-04-23 04:00:00,165.1001434326172,400.5413513183594,82.2806167602539,156.86900329589844,492.3031921386719
2024-04-24 04:00:00,167.19729614257812,402.00567626953125,79.53936004638672,157.73135375976562,489.7231140136719
2024-04-25 04:00:00,168.0579071044922,392.1584777832031,82.4892578125,154.6288604736328,438.0019836425781
2024-04-26 04:00:00,167.47427368164062,399.3129577636719,87.58345794677734,170.4386444091797,439.8973693847656
2024-04-29 04:00:00,171.62896728515625,395.3131103515625,87.60540771484375,164.68963623046875,429.3089904785156
2024-04-30 04:00:00,168.4931640625,382.61590576171875,86.25275421142578,161.3492889404297,426.8777770996094
2024-05-01 04:00:00,167.47427368164062,388.1291198730469,82.89753723144531,162.41976928710938,435.8287353515625
2024-05-02 04:00:00,171.1640167236328,390.9791259765625,85.66874694824219,165.15554809570312,438.2996520996094
2024-05-03 04:00:00,181.4024200439453,399.6470947265625,88.63561248779297,165.77011108398438,448.5009765625
2024-05-06 04:00:00,179.75042724609375,406.4084777832031,91.98082733154297,166.62252807617188,462.1159973144531
2024-05-07 04:00:00,180.43295288085938,402.2808837890625,90.39756774902344,169.7448272705078,464.65643310546875
2024-05-08 04:00:00,180.76931762695312,403.4601745605469,90.25581359863281,167.89129638671875,468.9830017089844
2024-05-09 04:00:00,182.57960510253906,405.20947265625,88.59368896484375,168.4661865234375,471.781494140625
2024-05-10 04:00:00,181.3215789794922,407.5876770019531,89.72273254394531,167.16766357421875,472.55548095703125
2024-05-13 04:00:00,184.5210723876953,406.58526611328125,90.24284362792969,167.6533966064453,464.4281311035156
2024-05-14 04:00:00,185.66021728515625,409.3763732910156,91.19818878173828,168.8428497314453,468.2388000488281
2024-05-15 04:00:00,187.92857360839844,416.5337829589844,94.46652221679688,170.9937744140625,477.8545837402344
2024-05-16 04:00:00,188.0474853515625,414.4761962890625,94.19600677490234,172.6490936279297,469.6082458496094
2024-05-17 04:00:00,188.07717895507812,413.70819091796875,92.31924438476562,174.5125732421875,468.2983093261719
2024-05-20 04:00:00,189.23611450195312,418.7588806152344,94.61627197265625,175.364990234375,465.2518005371094
2024-05-21 04:00:00,190.53375244140625,422.4016418457031,95.2212142944336,176.28683471679688,461.0740661621094
2024-05-22 04:00:00,189.09744262695312,423.8587341308594,94.78596496582031,174.82972717285156,464.1999206542969
2024-05-23 04:00:00,185.1154022216797,420.3931884765625,103.61969757080078,172.02462768554688,462.2152404785156
2024-05-24 04:00:00,188.18614196777344,423.5043029785156,106.28506469726562,173.45196533203125,474.55999755859375
2024-05-28 04:00:00,188.196044921875,423.6618347167969,113.70423126220703,174.84957885742188,476.24700927734375
2024-05-29 04:00:00,188.49319458007812,422.5296325683594,114.62664794921875,174.35397338867188,470.7295227050781
2024-05-30 04:00:00,189.48377990722656,408.25396728515625,110.30911254882812,170.59727478027344,463.4754943847656
2024-05-31 04:00:00,190.43470764160156,408.70684814453125,109.4436264038086,170.98385620117188,463.2571105957031
2024-06-03 04:00:00,192.19790649414062,407.1217346191406,114.80133819580078,171.64793395996094,473.83563232421875
2024-06-04 04:00:00,192.51487731933594,409.6322937011719,116.23585510253906,172.26251220703125,473.33941650390625
2024-06-05 04:00:00,194.02052307128906,417.4494934082031,122.22848510742188,173.86827087402344,491.2710876464844
2024-06-06 04:00:00,192.64364624023438,417.9515686035156,120.78897094726562,175.17666625976562,489.98114013671875
2024-06-07 04:00:00,195.03089904785156,417.2919616699219,120.67916870117188,172.9266357421875,489.18719482421875
2024-06-10 04:00:00,191.29649353027344,421.249755859375,121.57959747314453,173.67088317871094,498.75347900390625
2024-06-11 04:00:00,205.19398498535156,425.98529052734375,120.71105194091797,175.26852416992188,503.5862121582031
2024-06-12 04:00:00,211.05812072753906,434.2356872558594,124.99396514892578,176.42962646484375,504.94561767578125
2024-06-13 04:00:00,212.21707153320312,434.7475891113281,129.396728515625,173.81973266601562,500.241943359375
2024-06-14 04:00:00,210.4835968017578,435.7222595214844,131.66299438476562,175.43728637695312,500.7982177734375
2024-06-17 04:00:00,214.62413024902344,441.43255615234375,130.7644805908203,175.88381958007812,503.2517395019531
2024-06-18 04:00:00,212.26661682128906,439.4339904785156,135.35690307617188,173.750244140625,496.1593933105469
2024-06-20 04:00:00,207.7001190185547,438.8038635253906,130.56480407714844,174.95101928710938,498.3546142578125
2024-06-21 04:00:00,205.53082275390625,442.8207092285156,126.36172485351562,178.2555389404297,491.4808044433594
2024-06-24 04:00:00,206.1746826171875,440.743408203125,117.91564178466797,177.84864807128906,495.5832214355469
2024-06-25 04:00:00,207.0959014892578,443.9726257324219,125.88251495361328,182.62184143066406,507.19525146484375
2024-06-26 04:00:00,211.2364044189453,445.16387939453125,126.19200134277344,182.47299194335938,509.698486328125
2024-06-27 04:00:00,212.07839965820312,445.8432312011719,123.78597259521484,183.99131774902344,516.095458984375
2024-06-28 04:00:00,208.63124084472656,440.0345458984375,123.33671569824219,180.75624084472656,500.8577880859375
2024-07-01 04:00:00,214.703369140625,449.6632385253906,124.09546661376953,181.58981323242188,501.3147277832031
2024-07-02 04:00:00,218.19015502929688,452.1737365722656,122.4681396484375,183.8225860595703,506.10260009765625
2024-07-03 04:00:00,219.45803833007812,453.6406555175781,128.0689239501953,184.398193359375,506.5595397949219
2024-07-05 04:00:00,224.20281982421875,460.32562255859375,125.6229476928711,189.14158630371094,536.309814453125
2024-07-08 04:00:00,225.6688690185547,459.0260925292969,127.989013671875,187.58360290527344,525.7904663085938
2024-07-09 04:00:00,226.5207061767578,452.42974853515625,131.16383361816406,187.5339813232422,526.4659423828125
2024-07-10 04:00:00,230.78012084960938,459.035888671875,134.68801879882812,189.71713256835938,531.1245727539062
2024-07-11 04:00:00,225.4212188720703,447.66461181640625,127.19036102294922,184.1500701904297,509.2812805175781
2024-07-12 04:00:00,228.36312866210938,446.5323486328125,129.02734375,183.65391540527344,495.54351806640625
2024-07-15 04:00:00,232.18670654296875,446.9360656738281,128.2286376953125,185.10272216796875,492.8515625
2024-07-16 04:00:00,232.60275268554688,442.564697265625,126.1520767211914,182.5126953125,486.52410888671875
2024-07-17 04:00:00,226.71885681152344,436.6575622558594,117.79583740234375,179.63490295410156,458.909423828125
2024-07-18 04:00:00,222.06320190429688,433.55633544921875,120.8907241821289,176.3303680419922,472.6769714355469
2024-07-19 04:00:00,222.1919708251953,430.3467102050781,117.73595428466797,176.3006134033203,473.6107482910156
2024-07-22 04:00:00,221.84527587890625,436.0865173339844,123.33671569824219,180.2799072265625,484.14996337890625
2024-07-23 04:00:00,222.88536071777344,437.9670715332031,122.3882827758789,180.3989715576172,485.4313659667969
2024-07-24 04:00:00,216.47645568847656,422.2637634277344,114.06200408935547,171.30909729003906,458.1942443847656
2024-07-25 04:00:00,215.43638610839844,411.92626953125,112.09524536132812,166.00001525878906,450.3866271972656
2024-07-26 04:00:00,215.90194702148438,418.6899719238281,112.87394714355469,165.72218322753906,462.5946960449219
2024-07-29 04:00:00,216.17929077148438,420.1274108886719,111.40638732910156,168.23281860351562,462.6046142578125
2024-07-30 04:00:00,216.73402404785156,416.3763732910156,103.55931854248047,168.98699951171875,460.1014404296875
2024-07-31 04:00:00,219.98306274414062,411.8770446777344,116.82743835449219,170.2274169921875,471.663818359375
2024-08-01 04:00:00,216.29815673828125,410.65618896484375,109.03028869628906,169.45339965820312,494.4210205078125
2024-08-02 04:00:00,217.78399658203125,402.1695861816406,107.09347534179688,165.384765625,484.8850402832031
2024-08-05 04:00:00,207.2940216064453,389.03594970703125,100.28470611572266,158.03146362304688,472.5578308105469
2024-08-06 04:00:00,205.27325439453125,393.427001953125,104.07845306396484,157.07879638671875,490.79541015625
2024-08-07 04:00:00,207.83880615234375,392.2652893066406,98.74724578857422,157.72384643554688,485.6598815917969
2024-08-08 04:00:00,211.29586791992188,396.4593505859375,104.79727935791016,160.79019165039062,506.2317199707031
2024-08-09 04:00:00,214.19818115234375,399.73779296875,104.57762908935547,162.41763305664062,514.3174438476562
2024-08-12 04:00:00,215.72540283203125,400.5155944824219,108.84060668945312,161.04820251464844,512.5096435546875
2024-08-13 04:00:00,219.43438720703125,407.6041564941406,115.94889068603516,162.90390014648438,525.015625
2024-08-14 04:00:00,219.88067626953125,410.4100341796875,117.88571166992188,159.14288330078125,523.24755859375
2024-08-15 04:00:00,222.85577392578125,415.2626953125,122.65782928466797,160.0657958984375,533.7470092773438
2024-08-16 04:00:00,224.1747283935547,412.7377624511719,124.37500762939453,161.71310424804688,523.903076171875
2024-08-19 04:00:00,224.0160675048828,415.755859375,129.7860870361328,165.39471435546875,525.750732421875
2024-08-20 04:00:00,224.6309051513672,418.98101806640625,127.04061889648438,165.90078735351562,523.2175903320312
2024-08-21 04:00:00,224.52182006835938,418.3301086425781,128.28855895996094,164.58099365234375,531.5914916992188
2024-08-22 04:00:00,222.66734313964844,409.85772705078125,123.53638458251953,162.54666137695312,528.3831176757812
2024-08-23 04:00:00,224.9581756591797,411.0807800292969,129.15711975097656,164.35272216796875,524.479248046875
2024-08-26 04:00:00,225.2953643798828,407.82598876953125,126.25190734863281,164.88861083984375,517.6452026367188
2024-08-27 04:00:00,226.13832092285156,408.17120361328125,128.0889129638672,163.41989135742188,515.6385498046875
2024-08-28 04:00:00,224.611083984375,404.9755554199219,125.40331268310547,161.60391235351562,513.3341674804688
2024-08-29 04:00:00,227.88369750976562,407.4610900878906,117.39649963378906,160.54212951660156,514.764404296875
2024-08-30 04:00:00,227.1002655029297,411.4259948730469,119.173583984375,162.12986755371094,517.8338623046875
2024-09-03 04:00:00,220.9219512939453,403.8314514160156,107.82228088378906,156.15591430664062,508.3475646972656
2024-09-04 04:00:00,219.0178680419922,403.298828125,106.03523254394531,155.25289916992188,509.3209533691406
2024-09-05 04:00:00,220.53517150878906,402.79583740234375,107.03359985351562,156.03683471679688,513.4135131835938
2024-09-06 04:00:00,218.98814392089844,396.1974792480469,102.66079711914062,149.76522827148438,496.93414306640625
2024-09-09 04:00:00,219.07737731933594,400.16241455078125,106.2947998046875,147.76795959472656,501.4240417480469
2024-09-10 04:00:00,218.28402709960938,408.5262451171875,107.922119140625,147.71827697753906,501.4240417480469
2024-09-11 04:00:00,220.81283569335938,417.24517822265625,116.71762084960938,150.20242309570312,508.41705322265625
2024-09-12 04:00:00,220.9219512939453,421.1509704589844,118.95413208007812,153.71005249023438,522.0952758789062
2024-09-13 04:00:00,220.65419006347656,424.6917419433594,118.9141845703125,156.46250915527344,521.1217651367188
2024-09-16 04:00:00,214.5254669189453,425.4314880371094,116.59780883789062,157.05870056152344,530.2294311523438
2024-09-17 04:00:00,214.9915313720703,429.1893310546875,115.40966033935547,158.31072998046875,533.2520751953125
2024-09-18 04:00:00,218.8592071533203,424.90869140625,113.1931381225586,158.79762268066406,534.8726806640625
2024-09-19 04:00:00,226.97132873535156,432.6807556152344,117.68611145019531,161.11285400390625,555.9016723632812
2024-09-20 04:00:00,226.306884765625,429.3076477050781,115.81903076171875,162.5536651611328,558.1387939453125
2024-09-23 04:00:00,224.5912628173828,427.5717468261719,116.07862091064453,160.82470703125,561.1813354492188
2024-09-24 04:00:00,225.48377990722656,423.29119873046875,120.68142700195312,161.26190185546875,560.1075439453125
2024-09-25 04:00:00,224.4920654296875,426.1908874511719,123.31731414794922,160.46697998046875,565.0589599609375
2024-09-26 04:00:00,225.63253784179688,425.4018859863281,123.84648895263672,161.69911193847656,564.591796875
2024-09-27 04:00:00,225.90029907226562,422.15692138671875,121.21060943603516,162.91139221191406,564.114501953125
2024-09-30 04:00:00,231.06710815429688,424.40570068359375,121.25054168701172,164.79937744140625,569.1654052734375
2024-10-01 04:00:00,224.33340454101562,414.9273681640625,116.81746673583984,165.93214416503906,573.1723022460938
2024-10-02 04:00:00,224.89866638183594,411.4161376953125,118.66458129882812,164.80931091308594,569.5332641601562
2024-10-03 04:00:00,223.79788208007812,410.8341979980469,122.65834045410156,164.80931091308594,579.4362182617188
2024-10-04 04:00:00,224.9185028076172,410.3607482910156,124.72511291503906,166.001708984375,592.5308837890625
2024-10-07 04:00:00,219.85092163085938,403.9300842285156,127.52074432373047,161.94754028320312,581.434814453125
2024-10-08 04:00:00,223.89706420898438,409.0292663574219,132.68267822265625,163.3386688232422,589.4984741210938
2024-10-09 04:00:00,227.63577270507812,411.7416076660156,132.44305419921875,160.83462524414062,587.1320190429688
2024-10-10 04:00:00,227.1399383544922,410.143798828125,134.5996856689453,161.05323791503906,580.490234375
2024-10-11 04:00:00,225.6623077392578,410.61724853515625,134.58970642089844,162.20591735839844,586.5751953125
2024-10-14 04:00:00,229.38119506835938,413.39862060546875,137.85462951660156,163.9149932861328,587.0425415039062
2024-10-15 04:00:00,231.91004943847656,413.0040588378906,131.3946990966797,164.41184997558594,582.916259765625
2024-10-16 04:00:00,229.85719299316406,410.41998291015625,135.5082550048828,164.1137237548828,573.4904174804688
2024-10-17 04:00:00,230.22412109375,411.0117492675781,136.71636962890625,161.8978729248047,573.6298217773438
2024-10-18 04:00:00,233.05047607421875,412.4319763183594,137.7847137451172,162.38475036621094,573.1723022460938
2024-10-21 04:00:00,234.51820373535156,413.0434875488281,143.48580932617188,163.0306396484375,571.8698120117188
2024-10-22 04:00:00,233.90333557128906,421.6539001464844,143.365966796875,164.09385681152344,578.6806640625
2024-10-23 04:00:00,228.8456573486328,418.7837829589844,139.34228515625,161.74879455566406,560.4654541015625
2024-10-24 04:00:00,228.65725708007812,418.9120178222656,140.1909637451172,161.68919372558594,564.531982421875
2024-10-25 04:00:00,229.49026489257812,422.28515625,141.31919860839844,164.22305297851562,569.970703125
2024-10-28 04:00:00,231.4637451171875,420.7464904785156,140.30076599121094,165.66384887695312,574.8526000976562
2024-10-29 04:00:00,231.73153686523438,426.03314208984375,141.02964782714844,168.60508728027344,589.8862915039062
2024-10-30 04:00:00,228.19113159179688,426.605224609375,139.12261962890625,173.3548126220703,588.41455078125
2024-10-31 04:00:00,224.03587341308594,400.7838134765625,132.5529022216797,170.02603149414062,564.333251953125
2024-11-01 04:00:00,221.06076049804688,404.7486877441406,135.18875122070312,170.20489501953125,563.9155883789062
2024-11-04 05:00:00,220.16824340820312,402.8648681640625,135.8377685546875,168.1678924560547,557.47265625
2024-11-05 05:00:00,221.5963134765625,405.82373046875,139.6917266845703,168.6647186279297,569.1554565429688
2024-11-06 05:00:00,220.8723602294922,414.4243469238281,145.3828125,175.39181518554688,568.777587890625
2024-11-07 05:00:00,225.59286499023438,419.6023864746094,148.6477508544922,179.60494995117188,588.3153076171875
2024-11-08 05:00:00,225.32479858398438,416.7520751953125,147.399658203125,177.2201690673828,585.96875
2024-11-11 05:00:00,222.61448669433594,412.2840881347656,145.03338623046875,179.20750427246094,579.833984375
2024-11-12 05:00:00,222.61448669433594,417.23529052734375,148.0586395263672,180.46945190429688,581.474609375
2024-11-13 05:00:00,223.49806213378906,419.3755798339844,146.04177856445312,177.74681091308594,576.6821899414062
2024-11-14 05:00:00,226.57574462890625,421.04241943359375,146.53103637695312,174.46771240234375,573.8584594726562
2024-11-15 05:00:00,223.37893676757812,409.3153076171875,141.75848388671875,171.39730834960938,550.9104614257812
2024-11-18 05:00:00,226.37718200683594,410.06494140625,139.9313507080078,174.18948364257812,551.2286376953125
2024-11-19 05:00:00,226.63531494140625,412.06707763671875,146.78065490722656,176.9916229248047,557.88037109375
2024-11-20 05:00:00,227.35011291503906,409.798583984375,145.6623992919922,174.8651885986328,562.2849731445312
2024-11-21 05:00:00,226.8735809326172,408.0295715332031,146.44119262695312,166.56809997558594,559.8688354492188
2024-11-22 05:00:00,228.21385192871094,412.1111755371094,141.72854614257812,163.71624755859375,555.9415893554688
2024-11-25 05:00:00,231.1922149658203,413.88018798828125,135.80780029296875,166.5879364013672,561.8773803710938
2024-11-26 05:00:00,233.36647033691406,422.9722900390625,136.70639038085938,168.0486602783203,570.259033203125
2024-11-27 05:00:00,233.23736572265625,418.03094482421875,135.1288604736328,168.15794372558594,565.9439697265625
2024-11-29 05:00:00,235.62010192871094,418.4954528808594,138.03433227539062,167.8797149658203,571.0345458984375
2024-12-02 05:00:00,237.8638153076172,425.92724609375,138.41372680664062,170.40365600585938,589.438720703125
2024-12-03 05:00:00,240.90179443359375,426.14471435546875,140.04116821289062,170.25457763671875,610.1396484375
2024-12-04 05:00:00,241.25917053222656,432.291748046875,144.91355895996094,173.26539611816406,610.2689819335938
2024-12-05 05:00:00,241.28895568847656,437.4308166503906,144.84368896484375,171.54635620117188,605.4465942382812
2024-12-06 05:00:00,241.0904083251953,438.3696594238281,142.22756958007812,173.6032257080078,620.2018432617188
2024-12-09 05:00:00,244.97222900390625,440.79095458984375,138.6029815673828,174.45877075195312,610.0601196289062
2024-12-10 05:00:00,245.98489379882812,438.1324462890625,134.86859130859375,184.20785522460938,615.7772216796875
2024-12-11 05:00:00,244.71412658691406,443.7261047363281,139.1022491455078,194.3846893310547,629.0606689453125
2024-12-12 05:00:00,246.17352294921875,444.2893981933594,137.1351776123047,190.96258544921875,627.1815795898438
2024-12-13 05:00:00,246.34228515625,442.0262451171875,134.04978942871094,188.83367919921875,616.8012084960938
2024-12-16 05:00:00,249.23130798339844,446.295654296875,131.80313110351562,195.6381378173828,621.1697387695312
2024-12-17 05:00:00,251.65374755859375,449.1319580078125,130.19554138183594,194.40457153320312,616.3933715820312
2024-12-18 05:00:00,246.26287841796875,432.2621154785156,128.71775817871094,187.4210662841797,594.2527465820312
2024-12-19 05:00:00,247.99034118652344,431.90631103515625,130.485107421875,187.5304718017578,592.6408081054688
2024-12-20 05:00:00,252.65646362304688,431.4813537597656,134.49913024902344,190.4154052734375,582.3714599609375
2024-12-23 05:00:00,253.4308319091797,430.147216796875,139.46170043945312,193.6186981201172,596.899658203125
2024-12-24 05:00:00,256.3397521972656,434.1793518066406,140.01089477539062,195.09100341796875,604.7608642578125
2024-12-26 05:00:00,257.15380859375,432.9736633300781,139.7213134765625,194.58364868164062,600.3824462890625
2024-12-27 05:00:00,253.74851989746094,425.4825134277344,136.8056640625,191.75839233398438,596.85986328125
2024-12-30 05:00:00,250.38296508789062,419.849365234375,137.2849578857422,190.24632263183594,588.3319702148438
2024-12-31 05:00:00,248.61578369140625,416.55841064453125,134.0897216796875,188.31637573242188,582.6302490234375
2025-01-02 05:00:00,242.0931396484375,413.6725769042969,138.1037139892578,188.44570922851562,596.2926635742188
2025-01-03 05:00:00,241.60667419433594,418.3866882324219,144.25454711914062,190.79342651367188,601.6561279296875
2025-01-06 05:00:00,243.23484802246094,422.83392333984375,149.2071533203125,195.8470458984375,627.1004028320312
2025-01-07 05:00:00,240.46493530273438,417.418212890625,139.93101501464844,194.47422790527344,614.8509521484375
2025-01-08 05:00:00,240.951416015625,419.58251953125,139.90106201171875,192.9422149658203,607.7161865234375
2025-01-10 05:00:00,235.1435546875,414.0382995605469,135.7073211669922,191.04214477539062,612.8308715820312
2025-01-13 05:00:00,232.71121215820312,412.2989196777344,133.0312957763672,190.01748657226562,605.3380126953125
2025-01-14 05:00:00,231.5992889404297,410.7967529296875,131.56349182128906,188.6745147705078,591.3272705078125
2025-01-15 05:00:00,236.15621948242188,421.31201171875,136.0368194580078,194.53392028808594,614.0848388671875
2025-01-16 05:00:00,226.61544799804688,419.6022644042969,133.37081909179688,191.90760803222656,608.2933349609375
2025-01-17 05:00:00,228.32305908203125,424.0001220703125,137.504638671875,194.98159790039062,609.7561645507812
2025-01-21 05:00:00,221.0359344482422,423.476318359375,140.61996459960938,197.02093505859375,613.4280395507812
2025-01-22 05:00:00,222.21734619140625,440.96881103515625,146.85067749023438,197.33924865722656,620.433349609375
2025-01-23 05:00:00,222.04861450195312,441.47283935546875,147.00047302246094,196.95127868652344,633.319580078125
2025-01-24 05:00:00,221.17491149902344,438.8539123535156,142.40731811523438,199.16970825195312,644.3053588867188
2025-01-27 05:00:00,228.2039337158203,429.4653015136719,118.24340057373047,190.8133544921875,656.6344604492188
2025-01-28 05:00:00,236.5433807373047,441.95709228515625,128.79763793945312,194.2852020263672,671.0133666992188
2025-01-29 05:00:00,237.6354522705078,437.1441650390625,123.5155258178711,194.39463806152344,673.1626586914062
2025-01-30 05:00:00,235.87823486328125,410.1247253417969,124.46410369873047,199.82627868652344,683.62109375
2025-01-31 05:00:00,234.29966735839844,410.19390869140625,119.89094543457031,202.95989990234375,685.7903442382812
2025-02-03 05:00:00,226.3672332763672,406.10247802734375,116.48603820800781,200.18438720703125,694.0296630859375
2025-02-04 05:00:00,231.1227264404297,407.5354309082031,118.47305297851562,205.30764770507812,700.7264404296875
2025-02-05 05:00:00,230.79510498046875,408.4446716308594,124.64384460449219,190.33584594726562,701.4031372070312
2025-02-06 05:00:00,231.5397186279297,410.94500732421875,128.4880828857422,190.6044464111328,708.4880981445312
2025-02-07 05:00:00,225.98997497558594,404.9461364746094,129.6463623046875,184.376953125,711.0056762695312
2025-02-10 05:00:00,226.25833129882812,407.3872375488281,133.37081909179688,185.5010986328125,713.8715209960938
2025-02-11 05:00:00,231.19796752929688,406.6163635253906,132.60195922851562,184.35707092285156,716.2597045898438
2025-02-12 05:00:00,235.4219512939453,404.24444580078125,130.94444274902344,182.65594482421875,721.812255859375
2025-02-13 05:00:00,240.05349731445312,405.72686767578125,135.08824157714844,185.1728057861328,724.9765625
2025-02-14 05:00:00,243.10472106933594,403.64166259765625,138.64292907714844,184.2675323486328,733.0467529296875
2025-02-18 05:00:00,242.9755096435547,404.8374328613281,139.1920928955078,182.81512451171875,712.8466186523438
2025-02-19 05:00:00,243.37306213378906,409.9072570800781,139.02235412597656,184.3073272705078,700.30859375
2025-02-20 05:00:00,244.32717895507812,412.075927734375,139.90106201171875,183.60101318359375,691.422607421875
2025-02-21 05:00:00,244.0489044189453,404.2331237792969,134.22952270507812,178.72647094726562,680.18798828125
2025-02-24 05:00:00,245.58944702148438,400.06414794921875,130.08572387695312,178.318603515625,664.8438110351562
2025-02-25 05:00:00,245.52980041503906,394.0235595703125,126.44115447998047,174.50851440429688,654.26611328125
2025-02-26 05:00:00,238.89064025878906,395.83575439453125,131.084228515625,171.83248901367188,670.3864135742188
2025-02-27 05:00:00,235.84933471679688,388.70587158203125,119.9708251953125,167.62445068359375,655.0025634765625
2025-02-28 05:00:00,240.361572265625,393.1224060058594,124.73370361328125,169.39520263671875,664.9135131835938
2025-03-03 05:00:00,236.5749053955078,384.7052001953125,113.88990020751953,166.14219665527344,651.828125
2025-03-04 05:00:00,234.4877166748047,384.82403564453125,115.81702423095703,170.03189086914062,636.852294921875
2025-03-05 05:00:00,234.2988739013672,397.1131286621094,117.12506866455078,172.1209716796875,653.2411499023438
2025-03-06 05:00:00,233.89138793945312,393.0234375,110.40510559082031,171.45448303222656,624.841552734375
2025-03-07 05:00:00,237.60853576660156,389.4783020019531,112.52195739746094,172.95660400390625,622.5826416015625
2025-03-10 04:00:00,226.08937072753906,376.4563903808594,106.8204574584961,165.19815063476562,595.0488891601562
2025-03-11 04:00:00,219.48995971679688,376.74359130859375,108.5978012084961,163.37557983398438,602.73095703125
2025-03-12 04:00:00,215.653564453125,379.53607177734375,115.5780258178711,166.43313598632812,616.5127563476562
2025-03-13 04:00:00,208.398193359375,375.0799255371094,115.41825103759766,162.1007843017578,587.7349853515625
2025-03-14 04:00:00,212.18490600585938,384.7745361328125,121.49972534179688,164.8197021484375,605.1494750976562
2025-03-17 04:00:00,212.6917724609375,384.9132385253906,119.36271667480469,163.6245574951172,602.4603881835938
2025-03-18 04:00:00,211.38980102539062,379.7836608886719,115.26846313476562,160.01922607421875,580.01123046875
2025-03-19 04:00:00,213.92417907714844,384.0417785644531,117.35552978515625,163.22621154785156,581.7044067382812
2025-03-20 04:00:00,212.79119873046875,383.0713195800781,118.36412048339844,162.14059448242188,583.6365966796875
2025-03-21 04:00:00,216.9356689453125,387.4482727050781,117.5352783203125,163.32579040527344,593.84521484375
2025-03-24 04:00:00,219.380615234375,389.25048828125,121.24009704589844,167.00083923339844,616.3540649414062
2025-03-25 04:00:00,222.38217163085938,391.3102722167969,120.5210952758789,169.86917114257812,623.783935546875
2025-03-26 04:00:00,220.17575073242188,386.1708068847656,113.60079956054688,164.39144897460938,608.5158081054688
2025-03-27 04:00:00,222.48158264160156,386.77484130859375,111.27406311035156,161.5828857421875,600.149658203125
2025-03-28 04:00:00,216.56793212890625,375.1096496582031,109.51652526855469,153.7049102783203,574.4138793945312
2025-03-31 04:00:00,220.7720947265625,371.7328796386719,108.22832489013672,154.01364135742188,574.035400390625
2025-04-01 04:00:00,221.82559204101562,378.4666442871094,109.99585723876953,156.43380737304688,583.6365966796875
2025-04-02 04:00:00,222.5213165283203,378.4171142578125,110.26546478271484,156.4039306640625,581.5748901367188
2025-04-03 04:00:00,201.94784545898438,369.47503662109375,101.65754699707031,150.10952758789062,529.4758911132812
2025-04-04 04:00:00,187.22840881347656,356.3343505859375,94.17801666259766,145.01028442382812,502.69439697265625
2025-04-07 04:00:00,180.35072326660156,354.3736572265625,97.50334930419922,146.15560913085938,514.1678466796875
2025-04-08 04:00:00,171.365966796875,351.10577392578125,96.16523742675781,144.11390686035156,508.39129638671875
2025-04-09 04:00:00,197.63441467285156,386.68572998046875,114.17000579833984,158.06716918945312,583.4075317382812
2025-04-10 04:00:00,189.25592041015625,377.63482666015625,107.4194564819336,152.20103454589844,544.0867309570312
2025-04-11 04:00:00,196.93865966796875,384.6656188964844,110.77476501464844,156.50352478027344,541.3777465820312
2025-04-14 04:00:00,201.28196716308594,384.0318298339844,110.55506896972656,158.42572021484375,529.33642578125
2025-04-15 04:00:00,200.90428161621094,381.97210693359375,112.04297637939453,155.67689514160156,519.4166259765625
2025-04-16 04:00:00,193.0823974609375,367.9896545410156,104.3437728881836,152.70896911621094,500.2840881347656
2025-04-17 04:00:00,195.7758331298828,364.197021484375,101.34796142578125,150.54776000976562,499.45745849609375
2025-04-21 04:00:00,191.97918701171875,355.6213684082031,96.77438354492188,147.07188415527344,482.705322265625
2025-04-22 04:00:00,198.5189666748047,363.2463684082031,98.75160217285156,150.85647583007812,498.26226806640625
2025-04-23 04:00:00,203.34925842285156,370.7426452636719,102.5662612915039,154.72079467773438,518.1717529296875
2025-04-24 04:00:00,207.09620666503906,383.5268249511719,106.28105163574219,158.63485717773438,530.9998168945312
2025-04-25 04:00:00,208.00062561035156,388.03253173828125,110.85465240478516,161.3040008544922,545.0628051757812
2025-04-28 04:00:00,208.8553924560547,387.3492126464844,108.57784271240234,159.95947265625,547.5228881835938
2025-04-29 04:00:00,209.91883850097656,390.201171875,108.86742401123047,159.5113067626953,552.2039184570312
2025-04-30 04:00:00,211.20095825195312,391.4093017578125,108.76756286621094,158.15679931640625,546.7858276367188
2025-05-01 04:00:00,212.01596069335938,421.255615234375,111.45380401611328,160.6466827392578,569.9021606445312
2025-05-02 04:00:00,204.09466552734375,431.0393981933594,114.33976745605469,163.36561584472656,594.6122436523438
2025-05-05 04:00:00,197.67416381835938,431.92071533203125,113.66071319580078,163.54490661621094,596.8531494140625
2025-05-06 04:00:00,197.29644775390625,429.0885925292969,113.38111114501953,162.56884765625,584.9412841796875
2025-05-07 04:00:00,195.05027770996094,429.12823486328125,116.89617919921875,150.76686096191406,594.4030151367188
2025-05-08 04:00:00,196.28273010253906,433.9012451171875,117.20574951171875,153.6551055908203,595.5982055664062
2025-05-09 04:00:00,197.31634521484375,434.4557800292969,116.48676300048828,152.13133239746094,590.1004028320312
2025-05-12 04:00:00,209.77613830566406,444.88323974609375,122.82786560058594,157.8181915283203,636.85107421875
2025-05-13 04:00:00,211.9058380126953,444.764404296875,129.7481689453125,158.8838348388672,653.3841552734375
2025-05-14 04:00:00,211.3087158203125,448.5273742675781,135.15060424804688,164.70018005371094,656.70068359375
2025-05-15 04:00:00,210.43296813964844,449.5392761230469,134.64129638671875,163.2958984375,641.2831420898438
2025-05-16 04:00:00,210.24388122558594,450.67022705078125,135.21051025390625,165.51687622070312,637.7573852539062
2025-05-19 04:00:00,207.7758026123047,455.23382568359375,135.3802947998047,165.86544799804688,637.8470458984375
2025-05-20 04:00:00,205.86505126953125,454.53936767578125,134.1919403076172,163.31581115722656,634.5304565429688
2025-05-21 04:00:00,201.1179656982422,448.9837341308594,131.6155548095703,167.87728881835938,632.93701171875
2025-05-22 04:00:00,200.3914794921875,451.25555419921875,132.64410400390625,170.1779022216797,634.002685546875
2025-05-23 04:00:00,194.33079528808594,446.6126403808594,131.1062469482422,167.7876434326172,624.531005859375
2025-05-27 04:00:00,199.2470245361328,457.03936767578125,135.3103790283203,172.19969177246094,639.7293701171875
2025-05-28 04:00:00,199.45602416992188,453.7357177734375,134.621337890625,171.66188049316406,640.9844360351562
2025-05-29 04:00:00,198.98826599121094,455.0452880859375,138.9951934814453,171.16390991210938,642.4483642578125
2025-05-30 04:00:00,199.8839569091797,456.7119445800781,134.94088745117188,171.04440307617188,644.8785400390625
2025-06-02 04:00:00,200.7298583984375,458.3092346191406,137.187744140625,168.34536743164062,668.1942138671875
2025-06-03 04:00:00,202.29229736328125,459.3013000488281,141.0223846435547,165.5069122314453,664.1604614257812
2025-06-04 04:00:00,201.84446716308594,460.19415283203125,141.72137451171875,167.36932373046875,685.1753540039062
2025-06-05 04:00:00,199.66502380371094,463.9739685058594,139.79408264160156,167.52870178222656,681.8588256835938
2025-06-06 04:00:00,202.9391632080078,466.6525573730469,141.52166748046875,172.9765167236328,694.8960571289062
2025-06-09 04:00:00,200.48106384277344,469.0038146972656,142.430419921875,175.58908081054688,691.2607421875
2025-06-10 04:00:00,201.69517517089844,467.1883239746094,143.758544921875,178.09194946289062,699.567138671875
2025-06-11 04:00:00,197.8238983154297,468.8748474121094,142.64002990722656,176.84548950195312,691.3404541015625
2025-06-12 04:00:00,198.2418670654297,475.0752868652344,144.80712890625,175.2001953125,690.5635375976562
2025-06-13 04:00:00,195.50509643554688,471.1962890625,141.78115844726562,174.17311096191406,680.1158447265625
2025-06-16 04:00:00,197.46563720703125,475.3431701660156,144.49754333496094,176.26715087890625,699.8262939453125
2025-06-17 04:00:00,194.69898986816406,474.25189208984375,143.92828369140625,175.449462890625,694.9522094726562
2025-06-18 04:00:00,195.6344757080078,476.4344787597656,145.2864990234375,172.8269805908203,693.4970703125
2025-06-20 04:00:00,200.03321838378906,473.616943359375,143.65866088867188,166.16598510742188,680.120849609375
2025-06-23 04:00:00,200.5308380126953,482.1488037109375,143.9782257080078,164.7200927734375,696.248046875
2025-06-24 04:00:00,199.3365936279297,486.2261962890625,147.70326232910156,166.29559326171875,709.8733520507812
2025-06-25 04:00:00,200.5905303955078,488.3691101074219,154.10475158691406,170.19447326660156,706.3648681640625
2025-06-26 04:00:00,200.03321838378906,493.50811767578125,154.81381225585938,173.04632568359375,723.7180786132812
2025-06-27 04:00:00,200.11282348632812,492.0100402832031,157.5401611328125,178.02212524414062,731.2333984375
2025-06-30 04:00:00,204.18316650390625,493.4683837890625,157.7798614501953,175.7286834716797,735.6788330078125
2025-07-01 04:00:00,206.8204345703125,488.1508483886719,153.09609985351562,175.3397979736328,716.8704223632812
2025-07-02 04:00:00,211.41819763183594,487.1984558105469,157.0408477783203,178.13182067871094,711.2389526367188
2025-07-03 04:00:00,212.5228729248047,494.8870544433594,159.12806701660156,179.019287109375,716.6611328125
2025-07-07 04:00:00,208.94015502929688,493.77593994140625,158.02952575683594,176.28707885742188,716.0032348632812
2025-07-08 04:00:00,208.99989318847656,492.68463134765625,159.7871856689453,173.86399841308594,718.315673828125
2025-07-09 04:00:00,210.12445068359375,499.5200500488281,162.66336059570312,176.11758422851562,730.3861694335938
2025-07-10 04:00:00,211.38833618164062,497.5061340332031,163.88172912597656,177.11471557617188,724.8642578125
2025-07-11 04:00:00,210.14434814453125,499.3315734863281,164.70062255859375,179.67742919921875,715.166015625
2025-07-14 04:00:00,207.61654663085938,499.0339050292969,163.8517608642578,181.04351806640625,718.5648803710938
2025-07-15 04:00:00,208.10421752929688,501.811767578125,170.4729461669922,181.48228454589844,708.0692749023438
2025-07-16 04:00:00,209.14918518066406,501.6133117675781,171.14205932617188,182.4495086669922,700.6136474609375
2025-07-17 04:00:00,209.0098419189453,507.6451416015625,172.7698974609375,183.0577850341797,699.1185913085938
2025-07-18 04:00:00,210.16424560546875,506.0082092285156,172.18067932128906,184.5335693359375,701.979248046875
2025-07-21 04:00:00,211.45799255371094,506.0181579589844,171.15206909179688,189.55923461914062,710.6408081054688
2025-07-22 04:00:00,213.36878967285156,501.2660827636719,166.80783081054688,190.7957000732422,702.5075073242188
2025-07-23 04:00:00,213.11997985839844,501.8613586425781,170.55284118652344,189.68885803222656,711.2489013671875
2025-07-24 04:00:00,212.73184204101562,506.8316650390625,173.50892639160156,191.62335205078125,712.4649047851562
2025-07-25 04:00:00,212.8512725830078,509.6392517089844,173.26922607421875,192.63046264648438,710.351806640625
2025-07-28 04:00:00,213.0204620361328,508.4388122558594,176.51490783691406,192.0321807861328,715.28564453125
2025-07-29 04:00:00,210.2538299560547,508.50823974609375,175.27655029296875,195.19314575195312,697.7132568359375
2025-07-30 04:00:00,208.0445098876953,509.1729431152344,179.03155517578125,195.970947265625,692.9389038085938
2025-07-31 04:00:00,206.57164001464844,529.2723999023438,177.6334228515625,191.35411071777344,770.913330078125
2025-08-01 04:00:00,201.40660095214844,519.956787109375,173.4889373779297,188.59201049804688,747.5598754882812
2025-08-04 04:00:00,202.37191772460938,531.3954467773438,179.7605743408203,194.48516845703125,773.833740234375
2025-08-05 04:00:00,201.94398498535156,523.5679321289062,178.0229034423828,194.11622619628906,760.9659423828125
2025-08-06 04:00:00,212.2243194580078,520.7802124023438,179.18133544921875,195.53219604492188,769.468017578125
2025-08-07 04:00:00,218.9716796875,516.7127075195312,180.52955627441406,195.96096801757812,759.3412475585938
2025-08-08 04:00:00,228.2468719482422,517.9031982421875,182.4569854736328,200.84703063964844,766.786865234375
2025-08-11 04:00:00,226.34388732910156,517.6353759765625,181.81784057617188,200.42822265625,763.3680419921875
2025-08-12 04:00:00,228.80479431152344,525.046142578125,182.9163818359375,202.76156616210938,787.419189453125
2025-08-13 04:00:00,232.47125244140625,516.454833984375,181.3484649658203,201.385498046875,777.5315551757812
2025-08-14 04:00:00,231.92327880859375,518.3397216796875,181.77789306640625,202.3627166748047,779.5748901367188
2025-08-15 04:00:00,230.73764038085938,516.0480346679688,180.20999145507812,203.31997680664062,782.664794921875
2025-08-18 04:00:00,230.0402374267578,513.0023803710938,181.7678985595703,202.92111206054688,764.8631591796875
2025-08-19 04:00:00,229.71144104003906,505.73040771484375,175.40638732910156,200.99661254882812,749.0250244140625
2025-08-20 04:00:00,225.1781768798828,501.7125549316406,175.1667022705078,198.75302124023438,745.27734375
2025-08-21 04:00:00,224.07228088378906,501.0666198730469,174.74725341796875,199.1817626953125,736.6854858398438
2025-08-22 04:00:00,226.92173767089844,504.037841796875,177.7532501220703,205.5037384033203,752.32421875
2025-08-25 04:00:00,226.32395935058594,501.0865173339844,179.57083129882812,207.8969268798828,750.839111328125
2025-08-26 04:00:00,228.46604919433594,498.8804626464844,181.52822875976562,206.55076599121094,751.636474609375
2025-08-27 04:00:00,229.64170837402344,503.5509033203125,181.35845947265625,206.88978576660156,744.9384765625
2025-08-28 04:00:00,231.70408630371094,506.4326477050781,179.93035888671875,211.0379638671875,748.65625
2025-08-29 04:00:00,231.28562927246094,503.501220703125,173.9483184814453,212.30435180664062,736.2868041992188
2025-09-02 04:00:00,228.8745574951172,501.9410705566406,170.55284118652344,210.748779296875,732.7085571289062
2025-09-03 04:00:00,237.59234619140625,502.16961669921875,170.39306640625,230.00384521484375,734.6422119140625
2025-09-04 04:00:00,238.8975067138672,504.7731628417969,171.43167114257812,231.6392059326172,746.2042846679688
2025-09-05 04:00:00,238.80784606933594,491.8847961425781,166.7978515625,234.3314971923828,749.991943359375
2025-09-08 04:00:00,237.00450134277344,495.0646667480469,168.0861358642578,233.5829620361328,749.8423461914062
2025-09-09 04:00:00,233.4875030517578,495.2733154296875,170.53286743164062,239.1620635986328,763.1986083984375
2025-09-10 04:00:00,225.955322265625,497.2209777832031,177.09414672851562,238.70294189453125,749.5234375
2025-09-11 04:00:00,229.1833953857422,497.8569641113281,176.94432067871094,239.90060424804688,748.4469604492188
2025-09-12 04:00:00,233.2085418701172,506.6910095214844,177.59349060058594,240.3297576904297,753.1216430664062
2025-09-15 04:00:00,235.82884216308594,512.1166381835938,177.52357482910156,251.11865234375,762.2018432617188
2025-09-16 04:00:00,237.2735137939453,505.83642578125,174.65724182128906,250.66954040527344,776.4551391601562
2025-09-17 04:00:00,238.1104278564453,506.81024169921875,170.07308959960938,249.04270935058594,773.1858520507812
2025-09-18 04:00:00,237.00450134277344,505.2501220703125,176.01551818847656,251.537841796875,777.7011108398438
2025-09-19 04:00:00,244.59645080566406,514.6704711914062,176.4449462890625,254.22259521484375,775.837158203125
2025-09-22 04:00:00,255.1374969482422,511.21240234375,183.37612915039062,252.03684997558594,763.175048828125
2025-09-23 04:00:00,253.4936065673828,506.0252380371094,178.2027130126953,251.16856384277344,753.4404907226562
2025-09-24 04:00:00,251.3813934326172,506.9394226074219,176.74456787109375,246.65737915039062,758.6867065429688
2025-09-25 04:00:00,255.92459106445312,503.8390808105469,177.4636688232422,245.3100128173828,746.9672241210938
2025-09-26 04:00:00,254.51980590820312,508.2411804199219,177.96302795410156,246.0585479736328,741.8206787109375
2025-09-29 04:00:00,253.4936065673828,511.3614196777344,181.61837768554688,243.5734100341797,741.4716186523438
2025-09-30 04:00:00,253.69287109375,514.6903686523438,186.3423309326172,242.6252899169922,732.4749755859375
2025-10-01 04:00:00,254.5098419189453,516.4392700195312,187.0015106201172,244.4217529296875,715.4791870117188
2025-10-02 04:00:00,256.1836853027344,512.4942626953125,188.64939880371094,245.210205078125,725.1640014648438
2025-10-03 04:00:00,257.0704040527344,514.0940551757812,187.38099670410156,244.8708953857422,708.7167358398438
2025-10-06 04:00:00,255.7452850341797,525.2435302734375,185.30364990234375,249.94094848632812,713.8035278320312
2025-10-07 04:00:00,255.53607177734375,520.682373046875,184.80429077148438,245.2800750732422,711.230224609375
2025-10-08 04:00:00,257.1102600097656,521.5469360351562,188.86911010742188,244.14230346679688,715.9779663085938
2025-10-09 04:00:00,253.1050262451172,519.1123657226562,192.32470703125,241.05833435058594,731.6072387695312
2025-10-10 04:00:00,244.3673095703125,507.74432373046875,182.92669677734375,236.10804748535156,703.4703979492188
2025-10-13 04:00:00,246.74851989746094,510.8149108886719,188.0801239013672,243.6732177734375,713.8433837890625
2025-10-14 04:00:00,246.8581085205078,510.337890625,179.80067443847656,244.97067260742188,706.8117065429688
2025-10-15 04:00:00,248.42233276367188,510.1988220214844,179.60093688964844,250.53977966308594,715.6885986328125
2025-10-16 04:00:00,246.53927612304688,508.3902282714844,181.5784149169922,250.9689483642578,710.2228393554688
2025-10-17 04:00:00,251.36146545410156,510.3478698730469,182.9866180419922,252.8053436279297,715.0602416992188
2025-10-20 04:00:00,261.27484130859375,513.5376586914062,182.40736389160156,256.04901123046875,730.2706298828125
2025-10-21 04:00:00,261.80291748046875,514.4021606445312,180.9292449951172,249.9709014892578,731.367919921875
2025-10-22 04:00:00,257.4988098144531,517.2639770507812,180.05035400390625,251.19850158691406,731.5075073242188
2025-10-23 04:00:00,258.6246337890625,517.283935546875,181.92796325683594,252.58580017089844,732.095947265625
2025-10-24 04:00:00,261.85272216796875,520.3147583007812,186.02272033691406,259.4124450683594,736.444580078125
2025-10-27 04:00:00,267.8206481933594,528.1749877929688,191.24607849121094,268.744140625,748.872314453125
2025-10-28 04:00:00,268.00994873046875,538.6585083007812,200.77394104003906,266.94769287109375,749.4906616210938
2025-10-29 04:00:00,268.7073974609375,538.1417846679688,206.77627563476562,274.0338439941406,749.7200317382812
2025-10-30 04:00:00,270.401123046875,522.4512329101562,202.63156127929688,280.93035888671875,664.7410888671875
2025-10-31 04:00:00,269.37493896484375,514.5512084960938,202.23207092285156,280.640869140625,646.6681518554688
2025-11-03 05:00:00,268.0597839355469,513.776123046875,206.61647033691406,283.16595458984375,636.0557250976562
2025-11-04 05:00:00,269.046142578125,511.0931091308594,198.43690490722656,276.9980163574219,625.6926879882812
2025-11-05 05:00:00,269.14581298828125,503.96826171875,194.9613494873047,283.7547607421875,634.30029296875
2025-11-06 05:00:00,268.7771301269531,493.9715576171875,187.84043884277344,284.1939392089844,617.3344116210938
2025-11-07 05:00:00,267.48193359375,493.6933288574219,187.9103240966797,278.2854919433594,620.0972900390625
2025-11-10 05:00:00,268.6985778808594,502.8155822753906,198.7964630126953,289.5334777832031,630.1212158203125
2025-11-11 05:00:00,274.5028076171875,505.4786682128906,192.91395568847656,290.74114990234375,625.4533081054688
2025-11-12 05:00:00,272.7276611328125,507.9231872558594,193.55313110351562,286.15008544921875,607.43017578125
2025-11-13 05:00:00,272.2090759277344,500.12261962890625,186.62197875976562,278.0260009765625,608.3079223632812
2025-11-14 05:00:00,271.6705322265625,506.96923828125,189.92774963378906,275.8702392578125,607.8790283203125
2025-11-17 05:00:00,266.7339782714844,504.2961730957031,186.36231994628906,284.46337890625,600.4483642578125
2025-11-18 05:00:00,266.7139892578125,490.6824035644531,181.1289825439453,283.724853515625,596.1395874023438
2025-11-19 05:00:00,267.83099365234375,484.05438232421875,186.28240966796875,292.2381896972656,588.7886962890625
2025-11-20 05:00:00,265.5272521972656,476.3088684082031,180.40989685058594,288.884765625,587.6217041015625
2025-11-21 05:00:00,270.75299072265625,470.0268249511719,178.65213012695312,299.0748291015625,592.70849609375
2025-11-24 05:00:00,275.1710205078125,471.8985290527344,182.3174591064453,317.9578552246094,611.4596557617188
2025-11-25 05:00:00,276.2181396484375,474.8752136230469,177.59349060058594,322.8083801269531,634.5695190429688
2025-11-26 05:00:00,276.79656982421875,483.3475036621094,180.03036499023438,319.3252258300781,631.9663696289062
2025-11-28 05:00:00,278.0930480957031,489.82867431640625,176.7745361328125,319.5547790527344,646.2691650390625
2025-12-01 05:00:00,282.33148193359375,484.5820007324219,179.69082641601562,314.2751159667969,639.2074584960938
2025-12-02 05:00:00,285.4131164550781,487.82757568359375,181.22886657714844,315.1932678222656,645.4213256835938
2025-12-03 05:00:00,283.378662109375,475.6119689941406,179.36123657226562,319.00579833984375,637.9407958984375
2025-12-04 05:00:00,279.93804931640625,478.7081604003906,183.15660095214844,316.999755859375,659.81396484375
2025-12-05 05:00:00,278.0232238769531,481.01788330078125,182.1877899169922,320.642578125,671.673095703125
2025-12-08 05:00:00,277.1356506347656,488.8430480957031,185.323974609375,313.31219482421875,665.0702514648438
2025-12-09 05:00:00,276.42755126953125,489.8385925292969,184.7446746826172,316.66778564453125,655.2557983398438
2025-12-10 05:00:00,278.0232238769531,476.4382629394531,183.55612182617188,319.7937316894531,648.4435424804688
2025-12-11 05:00:00,277.2752380371094,481.3265075683594,180.70957946777344,312.0238342285156,651.016845703125
2025-12-12 05:00:00,277.52459716796875,476.4084167480469,174.80679321289062,308.887939453125,642.5587158203125
2025-12-15 05:00:00,273.3658752441406,472.7148742675781,176.07522583007812,307.8193054199219,646.3570556640625
2025-12-16 05:00:00,273.8645324707031,474.2779235839844,177.5034942626953,306.1714782714844,655.9798583984375
2025-12-17 05:00:00,271.1020812988281,474.00909423828125,170.73175048828125,296.3342590332031,648.343505859375
2025-12-18 05:00:00,271.45111083984375,481.8342590332031,173.9278564453125,302.0668029785156,663.2669067382812
2025-12-19 05:00:00,272.9271545410156,483.7656555175781,180.76953125,306.7607116699219,657.5969848632812
2025-12-22 05:00:00,270.23443603515625,482.7701110839844,183.4662322998047,309.3772888183594,660.3220825195312
2025-12-23 05:00:00,271.62066650390625,484.6915588378906,188.97952270507812,313.94134521484375,663.7559814453125
2025-12-24 05:00:00,273.06671142578125,485.8563232421875,188.38023376464844,313.68170166015625,666.3613891601562
2025-12-26 05:00:00,272.6578369140625,485.5477294921875,190.2978973388672,313.1024475097656,662.10888671875
2025-12-29 05:00:00,273.0168762207031,484.9404296875,187.99070739746094,313.1523742675781,657.5171508789062
2025-12-30 05:00:00,272.33868408203125,485.3187561035156,187.31153869628906,313.4420166015625,664.7642211914062
2025-12-31 05:00:00,271.12200927734375,481.4758605957031,186.27279663085938,312.5931091308594,658.9146728515625
2026-01-02 05:00:00,270.27435302734375,470.84320068359375,188.6199493408203,314.7403259277344,649.2518920898438
2026-01-05 05:00:00,266.5345458984375,470.75360107421875,187.89083862304688,316.1285400390625,657.616943359375
2026-01-06 05:00:00,261.64776611328125,476.3885192871094,187.0119171142578,313.9313659667969,659.4437255859375
2026-01-07 05:00:00,259.6233215332031,481.3265075683594,188.87962341308594,321.5614318847656,647.5349731445312
2026-01-08 05:00:00,258.33685302734375,475.9902648925781,184.8145751953125,325.0169372558594,644.9096069335938
2026-01-09 05:00:00,258.6659240722656,477.15509033203125,184.63479614257812,328.14288330078125,651.8970947265625
2026-01-12 05:00:00,259.54351806640625,475.06439208984375,184.71470642089844,331.4285583496094,640.826904296875
2026-01-13 05:00:00,260.34136962890625,468.5832824707031,185.58364868164062,335.53326416015625,629.96630859375
2026-01-14 05:00:00,259.25433349609375,457.3433532714844,182.91690063476562,335.4034118652344,614.4240112304688
2026-01-15 05:00:00,257.5090637207031,454.6354064941406,186.82212829589844,332.3473815917969,619.694580078125
2026-01-16 05:00:00,254.83636474609375,457.8211975097656,186.0031280517578,329.5710144042969,619.1455688476562
2026-01-20 05:00:00,246.0303192138672,452.5048522949219,177.85308837890625,321.5814208984375,603.0443115234375
2026-01-21 05:00:00,246.97775268554688,442.1409912109375,183.09669494628906,327.953125,611.8685913085938
2026-01-22 05:00:00,247.67584228515625,449.1398620605469,184.6148223876953,330.1103210449219,646.476806640625
2026-01-23 05:00:00,247.36668395996094,463.8841857910156,187.44137573242188,327.5036926269531,657.5870361328125
2026-01-26 05:00:00,254.7166748046875,468.1949768066406,186.2428436279297,332.8267822265625,671.1627807617188
2026-01-27 05:00:00,257.56890869140625,478.4493408203125,188.29034423828125,334.1150817871094,671.7716674804688
2026-01-28 05:00:00,255.74388122558594,479.4946594238281,191.28668212890625,335.5732116699219,667.5392456054688
2026-01-29 05:00:00,257.578857421875,431.57806396484375,192.27548217773438,337.8102722167969,736.995361328125
2026-01-30 05:00:00,258.775634765625,428.3822937011719,190.8971710205078,337.56060791015625,715.2241821289062
2026-02-02 05:00:00,269.2770690917969,421.49298095703125,185.38388061523438,343.24322509765625,705.152099609375
2026-02-03 05:00:00,268.7485046386719,409.3868713378906,180.12030029296875,339.26837158203125,690.4683227539062
2026-02-04 05:00:00,275.73944091796875,412.35369873046875,173.97781372070312,332.6070556640625,667.7987670898438
2026-02-05 05:00:00,275.1610107421875,391.9246520996094,171.67062377929688,330.8193664550781,669.0166015625
2026-02-06 05:00:00,277.36505126953125,399.3615417480469,185.18414306640625,322.4402770996094,660.2822265625
2026-02-09 05:00:00,274.13079833984375,411.76629638671875,189.80848693847656,323.8984069824219,676.0140991210938
2026-02-10 05:00:00,273.19244384765625,411.437744140625,188.31031799316406,318.16583251953125,669.5256958007812
2026-02-11 05:00:00,275.00921630859375,402.5771789550781,189.81849670410156,310.5557556152344,667.4993286132812
2026-02-12 05:00:00,261.2637634277344,400.05841064453125,186.7122802734375,308.5982971191406,648.6529541015625
2026-02-13 05:00:00,255.32435607910156,399.5407409667969,182.58729553222656,305.32257080078125,638.630859375
2026-02-17 05:00:00,263.4099426269531,395.1004943847656,184.7446746826172,301.6273498535156,638.151611328125
2026-02-18 05:00:00,263.8791198730469,397.8283386230469,187.75099182128906,302.9356689453125,642.0746459960938
2026-02-19 05:00:00,260.11578369140625,397.5988464355469,187.6710968017578,302.456298828125,643.6318969726562
2026-02-20 05:00:00,264.1086730957031,396.37152099609375,189.58877563476562,314.5705261230469,654.4924926757812
2026-02-23 05:00:00,265.705810546875,383.6390686035156,191.316650390625,311.0850524902344,636.1152954101562
2026-02-24 05:00:00,271.6552429199219,388.1593017578125,192.61508178710938,310.495849609375,638.16162109375
2026-02-25 05:00:00,273.74151611328125,399.7342224121094,195.32176208496094,312.49322509765625,652.5260620117188
2026-02-26 05:00:00,272.4637756347656,400.851806640625,184.66476440429688,306.9804382324219,655.8401489257812
2026-02-27 05:00:00,263.70941162109375,391.8912048339844,176.97415161132812,311.354736328125,647.02587890625
2026-03-02 05:00:00,264.2484130859375,397.6886291503906,182.25770568847656,306.12152099609375,652.396240234375
2026-03-03 05:00:00,263.2801818847656,403.0570068359375,179.83065795898438,303.1853332519531,653.91357421875
2026-03-04 05:00:00,262.0523376464844,404.32427978515625,182.8170166015625,302.7359619140625,666.541015625
2026-03-05 05:00:00,259.8263244628906,409.79241943359375,183.11663818359375,300.4888610839844,659.393798828125
2026-03-06 05:00:00,257.0013427734375,408.0761413574219,177.6033935546875,298.1319274902344,643.7117309570312
2026-03-09 04:00:00,259.41705322265625,408.5251770019531,182.427490234375,306.1770935058594,646.2373046875
2026-03-10 04:00:00,260.3653564453125,404.8830871582031,184.54490661621094,306.8567199707031,652.9053344726562
2026-03-11 04:00:00,260.34539794921875,404.0049743652344,185.8134307861328,308.5157470703125,653.6939086914062
2026-03-12 04:00:00,255.3043975830078,400.9914855957031,182.9268035888672,303.3687744140625,637.0436401367188
2026-03-13 04:00:00,249.6744384765625,394.69512939453125,180.0401611328125,302.09954833984375,612.6171875
2026-03-16 04:00:00,252.36964416503906,399.08563232421875,183.0067138671875,305.3775939941406,626.8690185546875
2026-03-17 04:00:00,253.77711486816406,398.5467834472656,181.71820068359375,310.7344055175781,622.0834350585938
2026-03-18 04:00:00,249.49476623535156,390.9432678222656,180.1899871826172,307.5063171386719,615.1099243164062
2026-03-19 04:00:00,248.5165252685547,388.1792297363281,178.3521270751953,306.9466552734375,606.1382446289062
2026-03-20 04:00:00,247.54823303222656,381.0447082519531,172.4989471435547,300.8203125,593.1102905273438
2026-03-23 04:00:00,251.04200744628906,382.1722717285156,175.43553161621094,301.87969970703125,603.5006713867188
2026-03-24 04:00:00,251.1917266845703,371.9344177246094,174.99603271484375,290.2666320800781,592.3709716796875
2026-03-25 04:00:00,252.16998291015625,370.2381286621094,178.47198486328125,290.7563171386719,594.3391723632812
2026-03-26 04:00:00,252.43951416015625,365.1790771484375,171.04066467285156,280.7523193359375,547.032958984375
2026-03-27 04:00:00,248.35679626464844,355.9989318847656,167.32498168945312,274.1762390136719,525.233154296875
2026-03-30 04:00:00,246.19065856933594,358.1842041015625,164.97772216796875,273.33673095703125,535.8833618164062
2026-03-31 04:00:00,253.33790588378906,369.3699951171875,174.1969757080078,287.3883361816406,571.6002197265625
2026-04-01 04:00:00,255.1746368408203,368.57171630859375,175.54541015625,297.2124938964844,578.6936645507812
2026-04-02 04:00:00,255.464111328125,372.6528625488281,177.18348693847656,295.59344482421875,573.9281005859375
2026-04-06 04:00:00,258.39886474609375,372.0741271972656,177.43319702148438,299.8109130859375,572.4894409179688
2026-04-07 04:00:00,253.0484161376953,371.48541259765625,177.89266967773438,305.27764892578125,574.5175170898438
2026-04-08 04:00:00,258.4388122558594,373.52099609375,181.8680419921875,317.1305847167969,611.8529052734375
2026-04-09 04:00:00,260.0259704589844,372.26373291015625,183.69590759277344,318.29986572265625,627.8081665039062
2026-04-10 04:00:00,260.0159912109375,370.0684814453125,188.41041564941406,317.0506286621094,629.2767333984375
2026-04-13 04:00:00,258.73828125,383.539306640625,189.08961486816406,321.1181945800781,633.9425048828125
2026-04-14 04:00:00,258.3689270019531,392.2604064941406,196.28123474121094,332.7112731933594,661.8765258789062
2026-04-15 04:00:00,265.95538330078125,410.3312683105469,198.63848876953125,336.91876220703125,670.9581909179688
2026-04-16 04:00:00,262.9307861328125,419.35174560546875,198.1190948486328,335.81939697265625,676.2432250976562
2026-04-17 04:00:00,269.7486267089844,421.87628173828125,201.44520568847656,341.4760437011719,687.9124145507812
2026-04-20 04:00:00,272.5635681152344,417.1664733886719,201.82476806640625,337.2185974121094,670.2887573242188
2026-04-21 04:00:00,265.69586181640625,423.2433166503906,199.64732360839844,332.0916442871094,668.220703125
2026-04-22 04:00:00,272.68341064453125,431.984375,202.26426696777344,339.1174621582031,674.09521484375
2026-04-23 04:00:00,272.9429016113281,414.8514709472656,199.4075927734375,338.6877136230469,658.5396728515625
2026-04-24 04:00:00,270.5771179199219,423.7023010253906,208.0275421142578,344.19439697265625,674.4049682617188
2026-04-27 04:00:00,267.1332702636719,423.9018859863281,216.3578338623047,350.130859375,677.9916381835938
2026-04-28 04:00:00,270.2277526855469,428.3222961425781,212.92184448242188,349.5711975097656,670.7183837890625
2026-04-29 04:00:00,269.688720703125,423.5426330566406,209.00640869140625,349.7311096191406,668.5004272460938
2026-04-30 04:00:00,270.86663818359375,406.8987121582031,199.33767700195312,384.5702819824219,611.3433837890625
2026-05-01 04:00:00,279.6409912109375,413.5443115234375,198.21897888183594,385.45977783203125,608.1863403320312
2026-05-04 04:00:00,276.3368225097656,412.72607421875,198.24893188476562,383.0212097167969,609.8447875976562
2026-05-05 04:00:00,283.67376708984375,410.4909362792969,196.271240234375,388.1981201171875,604.3998413085938
2026-05-06 04:00:00,286.99786376953125,413.0653381347656,207.5880584716797,397.8023986816406,612.3125
2026-05-07 04:00:00,286.927978515625,419.8606262207031,211.2537841796875,397.7524108886719,616.2388305664062
2026-05-08 04:00:00,292.7974853515625,414.22283935546875,214.94947814941406,400.56072998046875,609.0654907226562
2026-05-11 04:00:00,292.42779541015625,411.7681579589844,219.18453979492188,388.40802001953125,598.3054809570312
2026-05-12 04:00:00,294.54595947265625,406.8887023925781,220.52297973632812,387.1187744140625,602.441650390625
2026-05-13 04:00:00,298.6124572753906,404.3342590332031,225.56710815429688,402.3796691894531,616.0590209960938
2026-05-14 04:00:00,297.9530334472656,408.5451354980469,235.465576171875,400.8305969238281,617.8573608398438
2026-05-15 04:00:00,299.9713134765625,421.0081481933594,225.05770874023438,396.54315185546875,613.6612548828125
2026-05-18 04:00:00,297.5833435058594,422.6246643066406,222.0612030029297,396.70306396484375,610.64404296875
2026-05-19 04:00:00,298.7123718261719,416.51788330078125,220.35317993164062,387.4285888671875,602.052001953125
2026-05-20 04:00:00,301.98956298828125,420.1499938964844,223.20985412597656,388.6778564453125,604.499755859375
2026-05-21 04:00:00,304.7271728515625,419.0899963378906,219.25445556640625,387.4285888671875,606.8175659179688
2026-05-22 04:00:00,308.55389404296875,418.57000732421875,215.07933044433594,382.74139404296875,609.6949462890625
2026-05-26 04:00:00,308.0643005371094,416.0299987792969,214.60987854003906,388.6478576660156,611.7730102539062
2026-05-27 04:00:00,310.5821533203125,412.6700134277344,212.35250854492188,388.5978698730469,634.6718139648438
2026-05-28 04:00:00,312.24072265625,426.989990234375,214.00057983398438,389.8971252441406,634.7017211914062
2026-05-29 04:00:00,311.7911071777344,450.239990234375,210.8942108154297,380.1129455566406,631.92431640625
2026-06-01 04:00:00,306.0460510253906,460.5199890136719,224.09881591796875,376.14532470703125,599.9139404296875
2026-06-02 04:00:00,314.92840576171875,441.30999755859375,222.56060791015625,361.6340026855469,597.0765991210938
2026-06-03 04:00:00,309.9926452636719,427.3399963378906,214.5,358.77569580078125,622.4031372070312
2026-06-04 04:00:00,310.9618225097656,428.04998779296875,218.66000366210938,371.96783447265625,626.9888916015625
2026-06-05 04:00:00,307.0751647949219,416.6700134277344,205.10000610351562,368.30999755859375,592.450927734375
2026-06-08 04:00:00,301.2801818847656,411.739990234375,208.63999938964844,363.30999755859375,584.8479614257812
2026-06-09 04:00:00,290.29962158203125,403.4100036621094,208.19000244140625,364.260009765625,584.0487060546875
2026-06-10 04:00:00,291.3287353515625,397.3599853515625,200.4199981689453,356.3800048828125,570.4512939453125
2026-06-11 04:00:00,295.375244140625,390.3399963378906,204.8699951171875,357.7699890136719,567.9036254882812
2026-06-12 04:00:00,290.879150390625,390.739990234375,205.19000244140625,359.67999267578125,566.4549560546875
2026-06-15 04:00:00,296.1645812988281,399.760009765625,212.4499969482422,369.3500061035156,593.47998046875
2026-06-16 04:00:00,298.9821472167969,393.8299865722656,207.41000366210938,373.25,600.2100219726562
2026-06-17 04:00:00,295.6949768066406,378.9100036621094,204.64999389648438,363.7900085449219,567.5800170898438
2026-06-18 04:00:00,297.7532043457031,379.3999938964844,210.69000244140625,368.0299987792969,577.219970703125
2026-06-22 04:00:00,296.75408935546875,367.3399963378906,208.64999389648438,349.67999267578125,563.8499755859375
2026-06-23 04:00:00,294.04638671875,373.94000244140625,200.0399932861328,346.1300048828125,562.2000122070312
2026-06-24 04:00:00,292.8274230957031,365.4599914550781,199.0,345.2900085449219,557.6699829101562
2026-06-25 04:00:00,274.91290283203125,352.8299865722656,195.74000549316406,343.7099914550781,542.8699951171875
2026-06-26 04:00:00,283.53546142578125,372.9700012207031,192.52999877929688,337.3900146484375,550.25
2026-06-29 04:00:00,281.4972229003906,368.57000732421875,194.97000122070312,353.6499938964844,562.5999755859375
2026-06-30 04:00:00,289.11065673828125,373.0199890136719,200.08999633789062,357.3699951171875,563.2899780273438
2026-07-01 04:00:00,294.1263427734375,384.2799987792969,197.5800018310547,361.2099914550781,612.9099731445312
2026-07-02 04:00:00,308.3640441894531,390.489990234375,194.8300018310547,359.9100036621094,582.9000244140625
2026-07-06 04:00:00,312.3905944824219,386.739990234375,195.5500030517578,366.4599914550781,600.2899780273438
2026-07-07 04:00:00,310.3923034667969,388.8399963378906,196.92999267578125,367.0299987792969,615.5800170898438
2026-07-08 04:00:00,313.1199645996094,383.3399963378906,204.1199951171875,361.9200134277344,603.1199951171875
2026-07-09 04:00:00,315.947509765625,384.3599853515625,202.77999877929688,358.8900146484375,631.47998046875
2026-07-10 04:00:00,315.0483093261719,385.1000061035156,210.9600067138672,357.17999267578125,669.2100219726562
2026-07-13 04:00:00,317.03656005859375,390.989990234375,203.52999877929688,352.510009765625,656.72998046875
2026-07-14 04:00:00,314.58868408203125,384.92999267578125,211.8000030517578,359.510009765625,661.0399780273438
2026-07-15 04:00:00,327.2178039550781,395.6300048828125,212.5,370.9200134277344,681.3099975585938
2026-07-16 04:00:00,332.97283935546875,401.1000061035156,207.39999389648438,354.4599914550781,664.5399780273438
2026-07-17 04:00:00,333.452392578125,393.82000732421875,202.80999755859375,346.7699890136719,646.010009765625
2026-07-20 04:00:00,326.3085632324219,402.2900085449219,203.27999877929688,351.989990234375,645.8499755859375
2026-07-21 04:00:00,327.45758056640625,397.75,207.2899932861328,347.1499938964844,643.8099975585938
2026-07-22 04:00:00,325.60919189453125,390.3399963378906,212.05999755859375,342.0899963378906,627.1699829101562
2026-07-23 04:00:00,321.3828430175781,381.5799865722656,208.75999450683594,317.69000244140625,606.0999755859375
2026-07-24 04:00:00,332.7330322265625,381.70001220703125,206.83999633789062,319.739990234375,595.1900024414062
2026-07-27 04:00:00,336.61968994140625,389.1000061035156,196.50999450683594,326.55999755859375,593.8699951171875
2026-07-28 04:00:00,339.78692626953125,393.3500061035156,197.00999450683594,333.7099914550781,593.4099731445312
2026-07-29 04:00:00,337.8985900878906,390.5400085449219,190.00999450683594,336.7099914550781,585.6099853515625
2026-07-30 04:00:00,333.1426696777344,451.1000061035156,195.0399932861328,333.6600036621094,539.030029296875
2026-07-31 04:00:00,308.6438293457031,464.7200012207031,200.75,356.1300048828125,556.7100219726562
2026-08-03 04:00:00,303.1585693359375,487.6499938964844,206.63999938964844,373.510009765625,590.239990234375
2026-08-04 04:00:00,309.1134033203125,492.80999755859375,211.94000244140625,377.6499938964844,587.9400024414062
2026-08-05 04:00:00,310.7320251464844,487.4599914550781,219.22000122070312,362.42999267578125,588.77001953125
2026-08-06 04:00:00,312.14080810546875,499.8599853515625,218.99000549316406,357.75,589.9000244140625
2026-08-07 04:00:00,313.05999755859375,499.989990234375,223.9600067138672,354.29998779296875,592.0999755859375
2026-08-10 04:00:00,308.260009765625,506.05999755859375,217.5500030517578,357.5199890136719,594.9199829101562
2026-08-11 04:00:00,304.9100036621094,503.80999755859375,217.5,343.79998779296875,599.1199951171875
2026-08-12 04:00:00,302.25,492.42999267578125,224.08999633789062,343.5400085449219,578.8499755859375
2026-08-13 04:00:00,305.260009765625,496.8800048828125,225.3000030517578,346.3599853515625,594.969970703125
